CHANGE_DATE,CHART,CLASS_CODE,CLASS_NAME,ENTP_NAME,ETC_OTC_NAME,FORM_NAME,INGR_CODE,INGR_ENG_NAME,INGR_ENG_NAME_FULL,INGR_NAME,ITEM_NAME,ITEM_PERMIT_DATE,ITEM_SEQ,MAIN_INGR,MIX_INGR,MIX_TYPE,NOTIFICATION_DATE,PROHBT_CONTENT,REMARK,TYPE_NAME
20131127,백색의 원형정제,01190,기타의 중추신경용약,환인제약(주),전문의약품,나정,D000440,Benztropine Mesylate,Benztropine Mesylate(벤즈트로핀메실산염),벤즈트로핀메실산염,환인벤즈트로핀정(벤즈트로핀메실산염),19710202,197100097,[M247864]벤즈트로핀메실산염,,단일,20140109,생명을 위협하는 경우를 제외하고는 3세 미만 소아에 사용하지 말 것,,특정연령대금기
20180620,흰색의 원형 정제,01410,항히스타민제,영일제약(주),전문의약품,나정,D000026,Cyproheptadine Hydrochloride Hydrate,Cyproheptadine Hydrochloride Hydrate(시프로헵타딘염산염수화물),시프로헵타딘염산염수화물,"영일페리악틴정(시프로헵타딘염산염수화물)(수출명:메디페리악틴정, 메디타딘정)(수출용)",19750205,197500386,[M223093]시프로헵타딘염산염수화물/[M223093]시프로헵타딘염산염수화물,,단일,20140109,안전성 및 유효성 미확립,,특정연령대금기
20130525,황색 당의정,01170,정신신경용제,(주)유영제약,전문의약품,당의정,D000276,Chlorprothixene,Chlorprothixene(클로르프로칙센),클로르프로칙센,트룩살정10밀리그램(클로르프로칙센)(수출용),19760730,197600629,[M051534]클로르프로칙센,,단일,20140109,- 안전성 및 유효성 미확립- 페노치아진계 약물을 소아에 투여한 경우 추체외로증상 특히 운동장애가 나타나기 쉬움,,특정연령대금기
20190911,연한 노란색의 정제,01410,항히스타민제,태극제약(주),일반의약품,나정,D000374,Clemastine Fumarate,Clemastine Fumarate(클레마스틴푸마르산염),클레마스틴푸마르산염,마스질정(클레마스틴푸마르산염),19791210,197900219,[M223199]클레마스틴푸마르산염,,단일,20140109,"진정 또는 수면 무호흡증, 경련, 흥분 등 중추신경증상을 일으킬 수 있음",,특정연령대금기
20220129,흰색 거의 흰색의 유연한 크림으로 이물질이 없이 전질 균등한 외용 크림제이다.,02640,진통.진양.수렴.소염제,(주)동구바이오제약,전문의약품,피부크림제,D000479,Clobetasol Propionate,Clobetasol Propionate(클로베타솔프로피오네이트),클로베타솔프로피오네이트,도모호론크림(클로베타솔프로피오네이트),19810224,198100280,[M223224]클로베타솔프로피오네이트,,단일,20140109,"소아는 체중당 체표면적의 비율이 성인보다 커서 코르티코이드로 인해 HPA축(시상하부-뇌하수체-부신 축) 억제, 쿠싱증후군, 발육장애, 두개내압항진 등이 나타나기 쉬움",,특정연령대금기
20220129,무색 내지 백색의 전질균등한 외용연고제이다,02640,진통.진양.수렴.소염제,고려제약(주),전문의약품,피부연고제,D000479,Clobetasol Propionate,Clobetasol Propionate(클로베타솔프로피오네이트),클로베타솔프로피오네이트,베타베이트연고(클로베타솔프로피오네이트)(수출명:클로베덤0.05%연고)(CLOBEDERM0.05%Ointment),19830317,198300730,[M223224]클로베타솔프로피오네이트,,단일,20140109,"소아는 체중당 체표면적의 비율이 성인보다 커서 코르티코이드로 인해 HPA축(시상하부-뇌하수체-부신 축) 억제, 쿠싱증후군, 발육장애, 두개내압항진 등이 나타나기 쉬움",,특정연령대금기
20201207,주황색의 원형 당의정,01170,정신신경용제,명인제약(주),전문의약품,당의정,D000584,Chlorpromazine Hydrochloride,Chlorpromazine Hydrochloride(클로르프로마진염산염),클로르프로마진염산염,명인클로르프로마진염산염정100mg,19850417,198500616,[M223216]클로르프로마진염산염,,단일,20140109,추체외로증상 특히 운동장애가 나타나기 쉬움,,특정연령대금기
20171122,흰색의 원형정제,01190,기타의 중추신경용약,명인제약(주),전문의약품,나정,D000440,Benztropine Mesylate,Benztropine Mesylate(벤즈트로핀메실산염),벤즈트로핀메실산염,명인벤즈트로핀메실산염정2밀리그램,19850417,198500629,[M247864]벤즈트로핀메실산염,,단일,20140109,생명을 위협하는 경우를 제외하고는 3세 미만 소아에 사용하지 말 것,,특정연령대금기
20210104,주황색의 원형 당의정,01170,정신신경용제,명인제약(주),전문의약품,당의정,D000584,Chlorpromazine Hydrochloride,Chlorpromazine Hydrochloride(클로르프로마진염산염),클로르프로마진염산염,명인클로르프로마진염산염정50mg,19850417,198500636,[M223216]클로르프로마진염산염,,단일,20140109,추체외로증상 특히 운동장애가 나타나기 쉬움,,특정연령대금기
20250415,무색 또는 미황색의 액체가 충진된 갈색 앰플제임.,01140,해열.진통.소염제,아주약품(주),전문의약품,용액주사제,D000506,Diclofenac Sodium,Diclofenac Sodium(디클로페낙나트륨),디클로페낙나트륨,소페낙주사(디클로페낙나트륨),19860628,198600424,[M050288]디클로페낙나트륨,,단일,20140109,벤질알코올은 조숙아에서 치명적인 가쁜 호흡증상과 연관이 있는 것으로 보고됨,,특정연령대금기
20100107,흰색 원형의 정제,01190,기타의 중추신경용약,명인제약(주),전문의약품,나정,D000440,Benztropine Mesylate,Benztropine Mesylate(벤즈트로핀메실산염),벤즈트로핀메실산염,명인벤즈트로핀메실산염정1밀리그램,19860217,198600614,[M247864]벤즈트로핀메실산염,,단일,20140109,생명을 위협하는 경우를 제외하고는 3세 미만 소아에 사용하지 말 것,,특정연령대금기
20160818,황색의 원형정제,01190,기타의 중추신경용약,환인제약(주),전문의약품,나정,D000440,Benztropine Mesylate,Benztropine Mesylate(벤즈트로핀메실산염),벤즈트로핀메실산염,환인벤즈트로핀정1밀리그램(벤즈트로핀메실산염),19870418,198700736,[M247864]벤즈트로핀메실산염,,단일,20140109,생명을 위협하는 경우를 제외하고는 3세 미만 소아에 사용하지 말 것,,특정연령대금기
20220129,반투명한 흰색-미황색의 전질균등한 연고제,02640,진통.진양.수렴.소염제,(주)동구바이오제약,전문의약품,피부연고제,D000479,Clobetasol Propionate,Clobetasol Propionate(클로베타솔프로피오네이트),클로베타솔프로피오네이트,도모호론연고(클로베타솔프로피오네이트),19870513,198700788,[M223224]클로베타솔프로피오네이트,,단일,20140109,"소아는 체중당 체표면적의 비율이 성인보다 커서 코르티코이드로 인해 HPA축(시상하부-뇌하수체-부신 축) 억제, 쿠싱증후군, 발육장애, 두개내압항진 등이 나타나기 쉬움",,특정연령대금기
20260323,흰색의 원형 필름코팅정제,06290,기타의 화학요법제,에이치케이이노엔(주),전문의약품,필름코팅정,D000142,Ciprofloxacin Hydrochloride,Ciprofloxacin Hydrochloride(시프로플록사신염산염),시프로플록사신염산염,사이톱신정(시프로플록사신염산염),19880628,198801052,[M242850]시프로플록사신염산염,,단일,20140109,"- 안전성 및 유효성 미확립- 퀴놀론계 항균제는 몇몇 어린 동물종에서 특히 체중부하부위의 관절병증, 뼈연골증을 유발함",,특정연령대금기
20260323,백색또는 미황색의 장방형 제피정,06290,기타의 화학요법제,(주)휴온스,전문의약품,필름코팅정,D000142,Ciprofloxacin Hydrochloride Hydrate,Ciprofloxacin Hydrochloride Hydrate(시프로플록사신염산염수화물),시프로플록사신염산염수화물,후록신정(시프로플록사신염산염수화물)(수출용),19890128,198902238,[M223091]시프로플록사신염산염수화물,,단일,20140109,"- 안전성 및 유효성 미확립- 퀴놀론계 항균제는 몇몇 어린 동물종에서 특히 체중부하부위의 관절병증, 뼈연골증을 유발함",,특정연령대금기
20250415,이약은 무색-미황색의 투명한 용액이 든 무색투명한 앰플제이다,01140,해열.진통.소염제,명문제약(주),전문의약품,용액주사제,D000506,Diclofenac Beta-Dimethylaminoethanol,Diclofenac Beta-Dimethylaminoethanol(디클로페낙β-디메틸아미노에탄올),디클로페낙β-디메틸아미노에탄올,디크놀주사(디클로페낙β-디메틸아미노에탄올),19890918,198902280,[M252249]디클로페낙β-디메틸아미노에탄올,,단일,20140109,벤질알코올은 조숙아에서 치명적인 가쁜 호흡증상과 연관이 있는 것으로 보고됨,,특정연령대금기
20260323,"(수출용)[유리용기]무색의 액체가 든 무색 바이알의 주사제, (내수용)[기타용기]폴리프로필렌, 폴리염화비닐, 다층필름플라스틱용기에 든 무색 내지 미황색의 투명한 액,            [유리용기]무색 내지 미황색의 투명한 액이 든 무색 바이알의 주사제",06290,기타의 화학요법제,일동제약(주),전문의약품,용액주사제,D000142,Ciprofloxacin,Ciprofloxacin(시프로플록사신),시프로플록사신,"싸이신주사100밀리그램,200밀리그램,400밀리그램(시프로플록사신)",19900531,199000351,[M091139]시프로플록사신/[M091139]시프로플록사신,,단일,20140109,"- 안전성 및 유효성 미확립- 퀴놀론계 항균제는 몇몇 어린 동물종에서 특히 체중부하부위의 관절병증, 뼈연골증을 유발함",,특정연령대금기
20260323,백색의 원형필름 제피정 ,06290,기타의 화학요법제,일동제약(주),전문의약품,필름코팅정,D000142,Ciprofloxacin Hydrochloride,Ciprofloxacin Hydrochloride(시프로플록사신염산염),시프로플록사신염산염,싸이신정250밀리그램(시프로플록사신염산염),19900512,199000362,[M242850]시프로플록사신염산염,,단일,20140109,"- 안전성 및 유효성 미확립- 퀴놀론계 항균제는 몇몇 어린 동물종에서 특히 체중부하부위의 관절병증, 뼈연골증을 유발함",,특정연령대금기
20260323,백색의 타원형 필름제피정,06290,기타의 화학요법제,일동제약(주),전문의약품,필름코팅정,D000142,Ciprofloxacin Hydrochloride,Ciprofloxacin Hydrochloride(시프로플록사신염산염),시프로플록사신염산염,싸이신정500밀리그램(시프로플록사신염산염),19900512,199000363,[M242850]시프로플록사신염산염,,단일,20140109,"- 안전성 및 유효성 미확립- 퀴놀론계 항균제는 몇몇 어린 동물종에서 특히 체중부하부위의 관절병증, 뼈연골증을 유발함",,특정연령대금기
20210325,흰색의 장방형 당의정,01170,정신신경용제,명인제약(주),전문의약품,당의정,D000584,Chlorpromazine Hydrochloride,Chlorpromazine Hydrochloride(클로르프로마진염산염),클로르프로마진염산염,명인클로르프로마진염산염정200mg,19900320,199000979,[M223216]클로르프로마진염산염,,단일,20140109,추체외로증상 특히 운동장애가 나타나기 쉬움,,특정연령대금기
20260323,백색의 원형 필름코팅정제,06290,기타의 화학요법제,한국유나이티드제약(주),전문의약품,필름코팅정,D000142,Ciprofloxacin Hydrochloride Hydrate,Ciprofloxacin Hydrochloride Hydrate(시프로플록사신염산염수화물),시프로플록사신염산염수화물,씨록정250밀리그램(시프로플록사신염산염수화물),19900813,199001346,[M223091]시프로플록사신염산염수화물,,단일,20140109,"- 안전성 및 유효성 미확립- 퀴놀론계 항균제는 몇몇 어린 동물종에서 특히 체중부하부위의 관절병증, 뼈연골증을 유발함",,특정연령대금기
20190104,밝은 베이지색의 원형필름 코팅정,01490,기타의 알레르기용약,부광약품(주),전문의약품,필름코팅정,D000551,Azelastine Hydrochloride,Azelastine Hydrochloride(아젤라스틴염산염),아젤라스틴염산염,부광아젭틴정(아젤라스틴염산염),19900315,199001353,[M222870]아젤라스틴염산염,,단일,20140109,안전성 및 유효성 미확립,,특정연령대금기
20260323,백색 또는 미황색의 원형 필름코팅정,06290,기타의 화학요법제,동화약품(주),전문의약품,필름코팅정,D000142,Ciprofloxacin Hydrochloride Hydrate,Ciprofloxacin Hydrochloride Hydrate(시프로플록사신염산염수화물),시프로플록사신염산염수화물,시폭사신정250밀리그람(시프로플록사신염산염수화물),19910327,199100750,[M223091]시프로플록사신염산염수화물,,단일,20140109,"- 안전성 및 유효성 미확립- 퀴놀론계 항균제는 몇몇 어린 동물종에서 특히 체중부하부위의 관절병증, 뼈연골증을 유발함",,특정연령대금기
20260323,흰색의 원형 필름코팅정제,06290,기타의 화학요법제,에스에스팜(주),전문의약품,필름코팅정,D000142,Ciprofloxacin Hydrochloride Hydrate,Ciprofloxacin Hydrochloride Hydrate(시프로플록사신염산염수화물),시프로플록사신염산염수화물,케이사신정250밀리그램(시프로플록사신염산염수화물),19910110,199100923,[M223091]시프로플록사신염산염수화물,,단일,20140109,"- 안전성 및 유효성 미확립- 퀴놀론계 항균제는 몇몇 어린 동물종에서 특히 체중부하부위의 관절병증, 뼈연골증을 유발함",,특정연령대금기
20260323,흰색의 원형 필름코팅정제,06290,기타의 화학요법제,영풍제약(주),전문의약품,필름코팅정,D000142,Ciprofloxacin Hydrochloride Hydrate,Ciprofloxacin Hydrochloride Hydrate(시프로플록사신염산염수화물),시프로플록사신염산염수화물,푸로포신정250밀리그램(시프로플록사신염산염수화물),19910826,199102393,[M223091]시프로플록사신염산염수화물,,단일,20140109,"- 안전성 및 유효성 미확립- 퀴놀론계 항균제는 몇몇 어린 동물종에서 특히 체중부하부위의 관절병증, 뼈연골증을 유발함",,특정연령대금기
20260323,백색의 원형필름 제피정                                                                               ,06290,기타의 화학요법제,국제약품(주),전문의약품,필름코팅정,D000142,Ciprofloxacin Hydrochloride Hydrate,Ciprofloxacin Hydrochloride Hydrate(시프로플록사신염산염수화물),시프로플록사신염산염수화물,키포신정(시프로플록사신염산염수화물),19921027,199200423,[M223091]시프로플록사신염산염수화물,,단일,20140109,"- 안전성 및 유효성 미확립- 퀴놀론계 항균제는 몇몇 어린 동물종에서 특히 체중부하부위의 관절병증, 뼈연골증을 유발함",,특정연령대금기
20260323,흰색의 원형 필름코팅정제,06290,기타의 화학요법제,진양제약(주),전문의약품,필름코팅정,D000142,Ciprofloxacin Hydrochloride Hydrate,Ciprofloxacin Hydrochloride Hydrate(시프로플록사신염산염수화물),시프로플록사신염산염수화물,씨록신정250밀리그램(시프로플록사신염산염수화물),19921030,199201214,[M223091]시프로플록사신염산염수화물,,단일,20140109,"- 안전성 및 유효성 미확립- 퀴놀론계 항균제는 몇몇 어린 동물종에서 특히 체중부하부위의 관절병증, 뼈연골증을 유발함",,특정연령대금기
20260323,무색-미황색의 투명한 액이 든 무색 바이알,06290,기타의 화학요법제,한국유나이티드제약(주),전문의약품,용액주사제,D000142,Ciprofloxacin,Ciprofloxacin(시프로플록사신),시프로플록사신,"씨록주사2mg/ml(시프로플록사신)(수출명:CyrocinInj.2mg/ml,CipicinInj.2mg/ml)",19920408,199201561,[M091139]시프로플록사신,,단일,20140109,"- 안전성 및 유효성 미확립- 퀴놀론계 항균제는 몇몇 어린 동물종에서 특히 체중부하부위의 관절병증, 뼈연골증을 유발함",,특정연령대금기
20150608,황색-밝은 홍색의 동결건조 가루가 든 바이알,06170,주로 악성종양에 작용하는 것,한국유나이티드제약(주),전문의약품,용액용분말주사제,D000293,Dactinomycin,Dactinomycin(닥티노마이신),닥티노마이신,한국유나이티드닥티노마이신주(수출용),19921228,199201598,[M085416]닥티노마이신,,단일,20140109,영아에 대해 독성이 빈번하게 발생,,특정연령대금기
20260323,백색의 원형 필름코팅정제,06290,기타의 화학요법제,신일제약(주),전문의약품,필름코팅정,D000142,Ciprofloxacin Hydrochloride Hydrate,Ciprofloxacin Hydrochloride Hydrate(시프로플록사신염산염수화물),시프로플록사신염산염수화물,신일시프로플록사신염산염수화물정,19920211,199202036,[M223091]시프로플록사신염산염수화물,,단일,20140109,"- 안전성 및 유효성 미확립- 퀴놀론계 항균제는 몇몇 어린 동물종에서 특히 체중부하부위의 관절병증, 뼈연골증을 유발함",,특정연령대금기
20260323,흰색의 원형 필름코팅정제,06290,기타의 화학요법제,(주)씨엠지제약,전문의약품,필름코팅정,D000142,Ciprofloxacin Hydrochloride Hydrate,Ciprofloxacin Hydrochloride Hydrate(시프로플록사신염산염수화물),시프로플록사신염산염수화물,프로딘정250mg(시프로플록사신염산염수화물),19920518,199202222,[M223091]시프로플록사신염산염수화물,,단일,20140109,"- 안전성 및 유효성 미확립- 퀴놀론계 항균제는 몇몇 어린 동물종에서 특히 체중부하부위의 관절병증, 뼈연골증을 유발함",,특정연령대금기
20260323,내수용:미황백색의 원형정제수출용:백색의 장방형 필름코팅정제,06290,기타의 화학요법제,(주)씨엠지제약,전문의약품,나정,D000142,Ciprofloxacin Hydrochloride,Ciprofloxacin Hydrochloride(염산시프로플록사신),염산시프로플록사신,"프로딘정500밀리그람(염산시프로플록사신)(수출용)(수출명:프로플록스정,씨피케이시프로플록사신500,유플록스정)",19920518,199202254,[M095543]염산시프로플록사신,,단일,20140109,"- 안전성 및 유효성 미확립- 퀴놀론계 항균제는 몇몇 어린 동물종에서 특히 체중부하부위의 관절병증, 뼈연골증을 유발함",,특정연령대금기
20260323,백색 또는 미황색의 장방형 제피제,06290,기타의 화학요법제,케이엠에스제약(주),전문의약품,필름코팅정,D000142,Ciprofloxacin Hydrochloride Hydrate,Ciprofloxacin Hydrochloride Hydrate(시프로플록사신염산염수화물),시프로플록사신염산염수화물,싸이스펙정500밀리그람(시프로플록사신염산염수화물)(수출용),19920404,199202496,[M223091]시프로플록사신염산염수화물,,단일,20140109,"- 안전성 및 유효성 미확립- 퀴놀론계 항균제는 몇몇 어린 동물종에서 특히 체중부하부위의 관절병증, 뼈연골증을 유발함",,특정연령대금기
20260323,백색-미황색의 원형 필름코팅정,06290,기타의 화학요법제,케이엠에스제약(주),전문의약품,필름코팅정,D000142,Ciprofloxacin Hydrochloride,Ciprofloxacin Hydrochloride(시프로플록사신염산염),시프로플록사신염산염,싸이스펙정250밀리그램(시프로플록사신염산염),19920404,199202497,[M242850]시프로플록사신염산염,,단일,20140109,"- 안전성 및 유효성 미확립- 퀴놀론계 항균제는 몇몇 어린 동물종에서 특히 체중부하부위의 관절병증, 뼈연골증을 유발함",,특정연령대금기
20260323,백색 원형의 필름코팅정제,06290,기타의 화학요법제,유니메드제약(주),전문의약품,필름코팅정,D000142,Ciprofloxacin Hydrochloride Hydrate,Ciprofloxacin Hydrochloride Hydrate(시프로플록사신염산염수화물),시프로플록사신염산염수화물,참염산시프로플록사신정,19921117,199202944,[M223091]시프로플록사신염산염수화물,,단일,20140109,"- 안전성 및 유효성 미확립- 퀴놀론계 항균제는 몇몇 어린 동물종에서 특히 체중부하부위의 관절병증, 뼈연골증을 유발함",,특정연령대금기
20181228,주홍색의 원형당의정 ,01170,정신신경용제,환인제약(주),전문의약품,당의정,D000584,Chlorpromazine Hydrochloride,Chlorpromazine Hydrochloride(클로르프로마진염산염),클로르프로마진염산염,네오마찐정100밀리그램(클로르프로마진염산염),19600321,199203520,[M223216]클로르프로마진염산염,,단일,20140109,추체외로증상 특히 운동장애가 나타나기 쉬움,,특정연령대금기
20260323,백색-미황색의 원형 필름코팅정,06290,기타의 화학요법제,동성제약(주),전문의약품,필름코팅정,D000142,Ciprofloxacin Hydrochloride,Ciprofloxacin Hydrochloride(시프로플록사신염산염),시프로플록사신염산염,싸이프로정(시프로플록사신염산염),19930520,199300927,[M242850]시프로플록사신염산염,,단일,20140109,"- 안전성 및 유효성 미확립- 퀴놀론계 항균제는 몇몇 어린 동물종에서 특히 체중부하부위의 관절병증, 뼈연골증을 유발함",,특정연령대금기
20260323,무색 투명한 수액용 플라스틱용기에 충전된 무색 또는 미황색의 투명한 수액용 주사제,06290,기타의 화학요법제,에이치케이이노엔(주),전문의약품,용액주사제,D000142,Ciprofloxacin,Ciprofloxacin(시프로플록사신),시프로플록사신,사이톱신주(시프로플록사신),19930803,199301538,[M091139]시프로플록사신,,단일,20140109,"- 안전성 및 유효성 미확립- 퀴놀론계 항균제는 몇몇 어린 동물종에서 특히 체중부하부위의 관절병증, 뼈연골증을 유발함",,특정연령대금기
20260323,백색-미황색의 원형 필름코팅정,06290,기타의 화학요법제,신풍제약(주),전문의약품,필름코팅정,D000142,Ciprofloxacin Hydrochloride Hydrate,Ciprofloxacin Hydrochloride Hydrate(시프로플록사신염산염수화물),시프로플록사신염산염수화물,큐프론정(시프로플록사신염산염수화물),19940208,199400029,[M223091]시프로플록사신염산염수화물,,단일,20140109,"- 안전성 및 유효성 미확립- 퀴놀론계 항균제는 몇몇 어린 동물종에서 특히 체중부하부위의 관절병증, 뼈연골증을 유발함",,특정연령대금기
20260323,"폴리프로필렌, 다층필름플라스틱용기 또는 유리용기에 든 미황색의 투명한 액",06290,기타의 화학요법제,(주)대웅제약,전문의약품,용액주사제,D000142,Ciprofloxacin,Ciprofloxacin(시프로플록사신),시프로플록사신,씨프러스주(시프로플록사신),19941005,199400470,[M091139]시프로플록사신,,단일,20140109,"- 안전성 및 유효성 미확립- 퀴놀론계 항균제는 몇몇 어린 동물종에서 특히 체중부하부위의 관절병증, 뼈연골증을 유발함",,특정연령대금기
20260323,백색의 원형 필름코팅정제,06290,기타의 화학요법제,(주)바이넥스,전문의약품,필름코팅정,D000142,Ciprofloxacin Hydrochloride Hydrate,Ciprofloxacin Hydrochloride Hydrate(시프로플록사신염산염수화물),시프로플록사신염산염수화물,로프신정250mg(시프로플록사신염산염수화물),19940926,199400540,[M223091]시프로플록사신염산염수화물,,단일,20140109,"- 안전성 및 유효성 미확립- 퀴놀론계 항균제는 몇몇 어린 동물종에서 특히 체중부하부위의 관절병증, 뼈연골증을 유발함",,특정연령대금기
20260323,1. 유리용기에 충전된 무색-미황색의 투명한 액2. 플라스틱용기(폴리프로필렌)에 충전된 무색-미황색의 투명한 액,06290,기타의 화학요법제,(주)한국파마,전문의약품,용액주사제,D000142,Ciprofloxacin,Ciprofloxacin(시프로플록사신),시프로플록사신,"로푸신주(시프로플록사신)(수출명:시프로플록스주,파마시프로플록사신주)",19940801,199401084,[M091139]시프로플록사신,,단일,20140109,"- 안전성 및 유효성 미확립- 퀴놀론계 항균제는 몇몇 어린 동물종에서 특히 체중부하부위의 관절병증, 뼈연골증을 유발함",,특정연령대금기
20260323,흰색의 원형 필름코팅 정제이다.(수출용:노란색의 장방형 플름코팅 정제이다.),06290,기타의 화학요법제,(주)한국파마,전문의약품,필름코팅정,D000142,Ciprofloxacin Hydrochloride Hydrate,Ciprofloxacin Hydrochloride Hydrate(시프로플록사신염산염수화물),시프로플록사신염산염수화물,파마시프로플록사신정250mg(시프로플록사신염산염수화물),19940620,199401094,[M223091]시프로플록사신염산염수화물/[M223091]시프로플록사신염산염수화물,,단일,20140109,"- 안전성 및 유효성 미확립- 퀴놀론계 항균제는 몇몇 어린 동물종에서 특히 체중부하부위의 관절병증, 뼈연골증을 유발함",,특정연령대금기
20260323,흰색의 원형 필름코팅정제,06290,기타의 화학요법제,한국유나이티드제약(주),전문의약품,필름코팅정,D000142,Ciprofloxacin Hydrochloride Hydrate,Ciprofloxacin Hydrochloride Hydrate(시프로플록사신염산염수화물),시프로플록사신염산염수화물,"씨록정500밀리그램(시프로플록사신염산염수화물)(수출명:씨프로메디코,Ciraxintab.500mg,KUPCiprofloxacintab.500mg,CipicinTabs.500mg)",19941104,199401184,[M223091]시프로플록사신염산염수화물,,단일,20140109,"- 안전성 및 유효성 미확립- 퀴놀론계 항균제는 몇몇 어린 동물종에서 특히 체중부하부위의 관절병증, 뼈연골증을 유발함",,특정연령대금기
20220129,백색의 크림제.,02640,진통.진양.수렴.소염제,알파제약(주),전문의약품,피부크림제,D000479,Clobetasol Propionate,Clobetasol Propionate(클로베타솔프로피오네이트),클로베타솔프로피오네이트,베르단트크림(클로베타솔프로피오네이트),19940114,199401724,[M223224]클로베타솔프로피오네이트,,단일,20140109,"소아는 체중당 체표면적의 비율이 성인보다 커서 코르티코이드로 인해 HPA축(시상하부-뇌하수체-부신 축) 억제, 쿠싱증후군, 발육장애, 두개내압항진 등이 나타나기 쉬움",,특정연령대금기
20260323,흰색의 원형 필름코팅정,06290,기타의 화학요법제,(주)하원제약,전문의약품,필름코팅정,D000142,Ciprofloxacin Hydrochloride Hydrate,Ciprofloxacin Hydrochloride Hydrate(시프로플록사신염산염수화물),시프로플록사신염산염수화물,싸이로칸정250밀리그램(시프로플록사신염산염수화물),19940922,199401754,[M223091]시프로플록사신염산염수화물,,단일,20140109,"- 안전성 및 유효성 미확립- 퀴놀론계 항균제는 몇몇 어린 동물종에서 특히 체중부하부위의 관절병증, 뼈연골증을 유발함",,특정연령대금기
20260323,백색의 원형 필름코팅정제,06290,기타의 화학요법제,한국코러스(주),전문의약품,필름코팅정,D000142,Ciprofloxacin Hydrochloride Hydrate,Ciprofloxacin Hydrochloride Hydrate(시프로플록사신염산염수화물),시프로플록사신염산염수화물,코러스시프로플록사신정(수출명 : TROXACINE TAB),19940628,199402352,[M223091]시프로플록사신염산염수화물/[M223091]시프로플록사신염산염수화물,,단일,20140109,"- 안전성 및 유효성 미확립- 퀴놀론계 항균제는 몇몇 어린 동물종에서 특히 체중부하부위의 관절병증, 뼈연골증을 유발함",,특정연령대금기
20200323,무색의 용액이 무색투명한 플라스틱 용기에 든 점안제,01310,안과용제,한국알콘(주),전문의약품,점안용액제,D000656,Atropine Sulfate Hydrate,Atropine Sulfate Hydrate(아트로핀황산염수화물),아트로핀황산염수화물,알콘아트로핀황산염1%점안제(아트로핀황산염수화물),19950224,199403253,[M223111]아트로핀황산염수화물,,단일,20230705,"- 심각한 전신 부작용 위험이 있음 - 조산아, 영아, 다운증후군, 강직마비 또는 뇌손상 어린이는 이 약의 전신흡수에 따른 중추신경계 장애, 심폐 및 위장관 독성에 감수성이 있음",점안제(1%),특정연령대금기
20210518,무색 투명한 플라스틱 용기에 든 무색 또는 연노랑색의 투명한 액,01310,안과용제,한국알콘(주),전문의약품,점안용액제,D000025,Cyclopentolate Hydrochloride,Cyclopentolate Hydrochloride(시클로펜톨레이트염산염),시클로펜톨레이트염산염,싸이크로질1%점안액(시클로펜톨레이트염산염),19940610,199403261,[M223084]시클로펜톨레이트염산염,,단일,20140109,"- 영아, 유아, 경련성 마비 또는 뇌손상이 있는 소아에서 이 약의 감수성 증가가 보고됨- 신생아에 투여 시 음식섭취 과민증(feeding intolerance)이 뒤따를 수 있으므로 투여 후 4시간 동안 음식섭취 억제 필요",,특정연령대금기
20260323,백색-미황색의 원형의 제피정,06290,기타의 화학요법제,(주)대웅제약,전문의약품,필름코팅정,D000142,Ciprofloxacin Hydrochloride,Ciprofloxacin Hydrochloride(시프로플록사신염산염),시프로플록사신염산염,씨프러스정250밀리그램(시프로플록사신염산염),19950905,199500439,[M242850]시프로플록사신염산염,,단일,20140109,"- 안전성 및 유효성 미확립- 퀴놀론계 항균제는 몇몇 어린 동물종에서 특히 체중부하부위의 관절병증, 뼈연골증을 유발함",,특정연령대금기
20260323,백색의 장방형 필름코팅정제,06290,기타의 화학요법제,(주)팜젠사이언스,전문의약품,필름코팅정,D000142,Ciprofloxacin Hydrochloride,Ciprofloxacin Hydrochloride(염산시프로플록사신),염산시프로플록사신,비소정(염산시프로플록사신)(수출용),19950925,199501793,[M095543]염산시프로플록사신,,단일,20140109,"- 안전성 및 유효성 미확립- 퀴놀론계 항균제는 몇몇 어린 동물종에서 특히 체중부하부위의 관절병증, 뼈연골증을 유발함",,특정연령대금기
20260323,흰색의 원형 필름코팅정,06290,기타의 화학요법제,(주)셀릭스,전문의약품,필름코팅정,D000142,Ciprofloxacin Hydrochloride Hydrate,Ciprofloxacin Hydrochloride Hydrate(시프로플록사신염산염수화물),시프로플록사신염산염수화물,싸이플록신정250밀리그램(시프로플록사신염산염수화물),19960306,199601533,[M223091]시프로플록사신염산염수화물,,단일,20140109,"- 안전성 및 유효성 미확립- 퀴놀론계 항균제는 몇몇 어린 동물종에서 특히 체중부하부위의 관절병증, 뼈연골증을 유발함",,특정연령대금기
20260323,백색의 타원형 필름제피정,06290,기타의 화학요법제,(주)셀릭스,전문의약품,필름코팅정,D000142,Ciprofloxacin Hydrochloride Hydrate,Ciprofloxacin Hydrochloride Hydrate(시프로플록사신염산염수화물),시프로플록사신염산염수화물,싸이플록신정500밀리그램(시프로플록사신염산염수화물)(수출용),19960306,199601534,[M223091]시프로플록사신염산염수화물,,단일,20140109,"- 안전성 및 유효성 미확립- 퀴놀론계 항균제는 몇몇 어린 동물종에서 특히 체중부하부위의 관절병증, 뼈연골증을 유발함",,특정연령대금기
20220129,전질균등한 백색의 크림제,02640,진통.진양.수렴.소염제,고려제약(주),전문의약품,피부크림제,D000479,Clobetasol Propionate,Clobetasol Propionate(클로베타솔프로피오네이트),클로베타솔프로피오네이트,베타베이트크림(클로베타솔프로피오네이트),19960917,199601855,[M223224]클로베타솔프로피오네이트,,단일,20140109,"소아는 체중당 체표면적의 비율이 성인보다 커서 코르티코이드로 인해 HPA축(시상하부-뇌하수체-부신 축) 억제, 쿠싱증후군, 발육장애, 두개내압항진 등이 나타나기 쉬움",,특정연령대금기
20260323,흰색의 원형 필름코팅정제,06290,기타의 화학요법제,한국넬슨제약(주),전문의약품,필름코팅정,D000142,Ciprofloxacin Hydrochloride Hydrate,Ciprofloxacin Hydrochloride Hydrate(시프로플록사신염산염수화물),시프로플록사신염산염수화물,씨프록탄정250밀리그램(시프로플록사신염산염수화물),19961004,199602021,[M223091]시프로플록사신염산염수화물,,단일,20140109,"- 안전성 및 유효성 미확립- 퀴놀론계 항균제는 몇몇 어린 동물종에서 특히 체중부하부위의 관절병증, 뼈연골증을 유발함",,특정연령대금기
20260323,흰색의 장방형 필림코팅정,06290,기타의 화학요법제,한국넬슨제약(주),전문의약품,필름코팅정,D000142,Ciprofloxacin Hydrochloride Hydrate,Ciprofloxacin Hydrochloride Hydrate(시프로플록사신염산염수화물),시프로플록사신염산염수화물,씨프록탄정500mg(시프로플록사신염산염수화물),19961004,199602022,[M223091]시프로플록사신염산염수화물,,단일,20140109,"- 안전성 및 유효성 미확립- 퀴놀론계 항균제는 몇몇 어린 동물종에서 특히 체중부하부위의 관절병증, 뼈연골증을 유발함",,특정연령대금기
20260323,백색의 원형 필름 제피정,06290,기타의 화학요법제,미래바이오제약(주),전문의약품,필름코팅정,D000142,Ciprofloxacin Hydrochloride Hydrate,Ciprofloxacin Hydrochloride Hydrate(시프로플록사신염산염수화물),시프로플록사신염산염수화물,미래시프로플록사신정,19960229,199602137,[M223091]시프로플록사신염산염수화물,,단일,20140109,"- 안전성 및 유효성 미확립- 퀴놀론계 항균제는 몇몇 어린 동물종에서 특히 체중부하부위의 관절병증, 뼈연골증을 유발함",,특정연령대금기
20260323,흰색의 원형 필름코팅정,06290,기타의 화학요법제,한국프라임제약(주),전문의약품,필름코팅정,D000142,Ciprofloxacin Hydrochloride Hydrate,Ciprofloxacin Hydrochloride Hydrate(시프로플록사신염산염수화물),시프로플록사신염산염수화물,록신정250밀리그램(시프로플록사신염산염수화물),19960919,199603455,[M223091]시프로플록사신염산염수화물,,단일,20140109,"- 안전성 및 유효성 미확립- 퀴놀론계 항균제는 몇몇 어린 동물종에서 특히 체중부하부위의 관절병증, 뼈연골증을 유발함",,특정연령대금기
20210212,흰색의 장방형 필름코팅정제,01410,항히스타민제,한국휴텍스제약(주),일반의약품,필름코팅정,D000647,Cetirizine Hydrochloride,Cetirizine Hydrochloride(세티리진염산염),세티리진염산염,세트린정(세티리진염산염)(수출명:ANTIRIZINtab),19970711,199700120,[M222857]세티리진염산염/[M222857]세티리진염산염/[M222857]세티리진염산염,,단일,20140109,안전성 및 유효성 미확립,,특정연령대금기
20210212,흰색의 장방형 필름코팅정제,01410,항히스타민제,이연제약(주),일반의약품,필름코팅정,D000647,Cetirizine Hydrochloride,Cetirizine Hydrochloride(세티리진염산염),세티리진염산염,알레리진정(세티리진염산염),19970929,199700265,[M222857]세티리진염산염,,단일,20140109,안전성 및 유효성 미확립,,특정연령대금기
20150410,밝은 황색의 원형필름코팅정제,01490,기타의 알레르기용약,(주)일화,전문의약품,필름코팅정,D000551,Azelastine Hydrochloride,Azelastine Hydrochloride(아젤라스틴염산염),아젤라스틴염산염,아라스틴정(아젤라스틴염산염),19970626,199701010,[M222870]아젤라스틴염산염,,단일,20140109,안전성 및 유효성 미확립,,특정연령대금기
20210212,"흰색의 장방형 필름코팅정제. 단, 수출용 성상은 흰색의 원형 또는 장방형 필름코팅정제",01410,항히스타민제,알리코제약(주),일반의약품,필름코팅정,D000647,Cetirizine Hydrochloride,Cetirizine Hydrochloride(세티리진염산염),세티리진염산염,"코나진정(세티리진염산염)(수출명:알리코염산세티리진정,보파세티리진나정,자이조세트정)",19971208,199701033,[M222857]세티리진염산염,,단일,20140109,안전성 및 유효성 미확립,,특정연령대금기
20200212,미황색 유상액이 들어 있는 미황색의 투명한 타원형 연질캅셀  ,02220,진해거담제,동성제약(주),전문의약품,"연질캡슐제, 액상",D000438,Benzonatate,Benzonatate(벤조나테이트),벤조나테이트,지콜연질캡슐(벤조나테이트),19971208,199701054,[M086520]벤조나테이트,,단일,20140109,안전성 및 유효성 미확립,,특정연령대금기
20210212,(내수용) 흰색의 장방형 필름코팅정(수출용-1) 흰색의 장방형 필름제피정(수출용-2) 흰색의 장방형 필름코팅정제,01410,항히스타민제,(주)에이프로젠바이오로직스,일반의약품,필름코팅정,D000647,Cetirizine Hydrochloride,Cetirizine Hydrochloride(세티리진염산염),세티리진염산염,알메텍정(세티리진염산염),19970922,199701099,[M222857]세티리진염산염/[M222857]세티리진염산염/[M222857]세티리진염산염,,단일,20140109,안전성 및 유효성 미확립,,특정연령대금기
20210212,백색의 장방형 필름코팅정,01410,항히스타민제,(주)메디카코리아,일반의약품,필름코팅정,D000647,Cetirizine Hydrochloride,Cetirizine Hydrochloride(세티리진염산염),세티리진염산염,아루텍정(세티리진염산염),19970711,199701398,[M222857]세티리진염산염/[M222857]세티리진염산염,,단일,20140109,안전성 및 유효성 미확립,,특정연령대금기
20210212,백색의 장방형 필름코팅정(수출용:백색의 타원형 필름코팅정)   ,01410,항히스타민제,대원제약(주),일반의약품,필름코팅정,D000647,Cetirizine Hydrochloride,Cetirizine Hydrochloride(세티리진염산염),세티리진염산염,리진정(세티리진염산염)(수출용),19970829,199701674,[M222857]세티리진염산염/[M222857]세티리진염산염/[M222857]세티리진염산염/[M222857]세티리진염산염/[M222857]세티리진염산염,,단일,20140109,안전성 및 유효성 미확립,,특정연령대금기
20260323,흰색의 원형 필름코팅정,06290,기타의 화학요법제,대화제약(주),전문의약품,필름코팅정,D000142,Ciprofloxacin Hydrochloride,Ciprofloxacin Hydrochloride(시프로플록사신염산염),시프로플록사신염산염,프록스코정(시프로플록사신염산염),19970226,199701894,[M242850]시프로플록사신염산염,,단일,20140109,"- 안전성 및 유효성 미확립- 퀴놀론계 항균제는 몇몇 어린 동물종에서 특히 체중부하부위의 관절병증, 뼈연골증을 유발함",,특정연령대금기
20210212,흰색의 타원형 필름코팅정,01410,항히스타민제,대화제약(주),일반의약품,필름코팅정,D000647,Cetirizine Hydrochloride,Cetirizine Hydrochloride(세티리진염산염),세티리진염산염,"알티린정(세티리진염산염)(수출명:Vilex, Cetirin)",19970901,199701900,[M222857]세티리진염산염,,단일,20140109,안전성 및 유효성 미확립,,특정연령대금기
20210212,백색의 장방형 필름코팅 정제,01410,항히스타민제,고려제약(주),일반의약품,필름코팅정,D000647,Cetirizine Hydrochloride,Cetirizine Hydrochloride(세티리진염산염),세티리진염산염,알러텍정(세티리진염산염),19970711,199701908,[M222857]세티리진염산염/[M222857]세티리진염산염/[M222857]세티리진염산염,,단일,20140109,안전성 및 유효성 미확립,,특정연령대금기
20210212,흰색의 장방형 필름코팅정,01410,항히스타민제,영일제약(주),일반의약품,필름코팅정,D000647,Cetirizine Hydrochloride,Cetirizine Hydrochloride(세티리진염산염),세티리진염산염,로텍정(세티리진염산염)(수출용)(수출명:ZINRYTECTabs),19971014,199701967,[M222857]세티리진염산염/[M222857]세티리진염산염/[M222857]세티리진염산염/[M222857]세티리진염산염/[M222857]세티리진염산염/[M222857]세티리진염산염,,단일,20140109,안전성 및 유효성 미확립,,특정연령대금기
20210212,흰색의 장방형 필름코팅정,01410,항히스타민제,경동제약(주),일반의약품,필름코팅정,D000647,Cetirizine Hydrochloride,Cetirizine Hydrochloride(세티리진염산염),세티리진염산염,코졸텍정(세티리진염산염),19971121,199702105,[M222857]세티리진염산염/[M222857]세티리진염산염/[M222857]세티리진염산염,,단일,20140109,안전성 및 유효성 미확립,,특정연령대금기
20210202,흰색의 장방형 필름코팅정제,01410,항히스타민제,신일제약(주),일반의약품,필름코팅정,D000647,Cetirizine Hydrochloride,Cetirizine Hydrochloride(세티리진염산염),세티리진염산염,신일세티리진정(세티리진염산염),19970711,199702520,[M222857]세티리진염산염/[M222857]세티리진염산염,,단일,20140109,안전성 및 유효성 미확립,,특정연령대금기
20210212,흰색 장방형의 필름코팅정,01410,항히스타민제,영풍제약(주),일반의약품,필름코팅정,D000647,Cetirizine Hydrochloride,Cetirizine Hydrochloride(세티리진염산염),세티리진염산염,세리텍정(세티리진염산염),19971219,199702829,[M222857]세티리진염산염,,단일,20140109,안전성 및 유효성 미확립,,특정연령대금기
20210212,흰색의 타원형 필름코팅정,01410,항히스타민제,(주)하원제약,일반의약품,필름코팅정,D000647,Cetirizine Hydrochloride,Cetirizine Hydrochloride(세티리진염산염),세티리진염산염,하원세티리진정(세티리진염산염),19971222,199702846,[M222857]세티리진염산염,,단일,20140109,안전성 및 유효성 미확립,,특정연령대금기
20201013,등황색의원형 필름코팅정,01410,항히스타민제,명문제약(주),일반의약품,필름코팅정,D000647,Cetirizine Hydrochloride,Cetirizine Hydrochloride(세티리진염산염),세티리진염산염,세틸정(세티리진염산염)(수출용),19970722,199702993,[M222857]세티리진염산염,,단일,20140109,안전성 및 유효성 미확립,,특정연령대금기
20210212,흰색의 타원형 필름코팅정,01410,항히스타민제,(주)녹십자,일반의약품,필름코팅정,D000647,Cetirizine Hydrochloride,Cetirizine Hydrochloride(세티리진염산염),세티리진염산염,씨즈날정(세티리진염산염),19971118,199703153,[M222857]세티리진염산염,,단일,20140109,안전성 및 유효성 미확립,,특정연령대금기
20170901,2. 성상(형상 및 구조)(수출용) 흰색의 타원형 필름코팅정,01410,항히스타민제,(주)서울제약,일반의약품,필름코팅정,D000647,Cetirizine Hydrochloride,Cetirizine Hydrochloride(세티리진염산염),세티리진염산염,테리진정(세티리진염산염)(수출용),19970722,199703200,[M222857]세티리진염산염,,단일,20140109,안전성 및 유효성 미확립,,특정연령대금기
20260323,흰색의 장방형 필름코팅정제,06290,기타의 화학요법제,한국코러스(주),전문의약품,필름코팅정,D000142,Ciprofloxacin Hydrochloride Hydrate,Ciprofloxacin Hydrochloride Hydrate(시프로플록사신염산염수화물),시프로플록사신염산염수화물,코러스시프로플록사신정500밀리그람(수출명①시프로플록사신정500mg②Super-cipro)(수출용),19970418,199703355,[M223091]시프로플록사신염산염수화물,,단일,20140109,"- 안전성 및 유효성 미확립- 퀴놀론계 항균제는 몇몇 어린 동물종에서 특히 체중부하부위의 관절병증, 뼈연골증을 유발함",,특정연령대금기
20120213,백색의 원형정제이다.,01170,정신신경용제,한국코러스(주),전문의약품,나정,D000584,Chlorpromazine Hydrochloride,Chlorpromazine Hydrochloride(염산클로르프로마진),염산클로르프로마진,코러스염산클로르프로마진정(수출용),19970804,199703373,[M040618]염산클로르프로마진,,단일,20140109,추체외로증상 특히 운동장애가 나타나기 쉬움,,특정연령대금기
20260323,[수출용1 : 흰색 내지 미황색의 장방형 필름코팅정제][수출용2 : 흰색의 장방형 정제][수출용3 : 흰색의 장방형필름코팅정제],06290,기타의 화학요법제,대한뉴팜(주),전문의약품,필름코팅정,D000142,Ciprofloxacin Hydrochloride Hydrate,Ciprofloxacin Hydrochloride Hydrate(시프로플록사신염산염수화물),시프로플록사신염산염수화물,에프로신정500밀리그램(시프로플록사신염산염수화물)(수출용),19970317,199703530,[M223091]시프로플록사신염산염수화물/[M223091]시프로플록사신염산염수화물/[M223091]시프로플록사신염산염수화물,,단일,20140109,"- 안전성 및 유효성 미확립- 퀴놀론계 항균제는 몇몇 어린 동물종에서 특히 체중부하부위의 관절병증, 뼈연골증을 유발함",,특정연령대금기
20260323,흰색의 원형 필름코팅정제,06290,기타의 화학요법제,대한뉴팜(주),전문의약품,필름코팅정,D000142,Ciprofloxacin Hydrochloride Hydrate,Ciprofloxacin Hydrochloride Hydrate(시프로플록사신염산염수화물),시프로플록사신염산염수화물,에프로신정(시프로플록사신염산염수화물),19970317,199703531,[M223091]시프로플록사신염산염수화물/[M223091]시프로플록사신염산염수화물,,단일,20140109,"- 안전성 및 유효성 미확립- 퀴놀론계 항균제는 몇몇 어린 동물종에서 특히 체중부하부위의 관절병증, 뼈연골증을 유발함",,특정연령대금기
20210212,"내수용:흰색의 장방형 필름코팅 정제, 수출용:흰색의 타원형 필름제피정",01410,항히스타민제,정우신약(주),일반의약품,필름코팅정,D000647,Cetirizine Hydrochloride,Cetirizine Hydrochloride(세티리진염산염),세티리진염산염,알지텍정(세티리진염산염),19980204,199800303,[M222857]세티리진염산염/[M222857]세티리진염산염,,단일,20140109,안전성 및 유효성 미확립,,특정연령대금기
20210212,백색의 타원형 필름제피정 ,01410,항히스타민제,일동제약(주),일반의약품,필름코팅정,D000647,Cetirizine Hydrochloride,Cetirizine Hydrochloride(세티리진염산염),세티리진염산염,세노바정(세티리진염산염),19980625,199800468,[M222857]세티리진염산염,,단일,20140109,안전성 및 유효성 미확립,,특정연령대금기
20210221,갈색병 또는 불투명한 흰색의 플라스틱용기에 든 감미와 딸기향이 있는 무색투명한 액제,01410,항히스타민제,일동제약(주),일반의약품,경구용액제,D000647,Cetirizine Hydrochloride,Cetirizine Hydrochloride(세티리진염산염),세티리진염산염,세노바액(세티리진염산염),19980723,199800470,[M222857]세티리진염산염,,단일,20140109,_,,특정연령대금기
20251110,백색의 장방형 필름코팅정제,01140,해열.진통.소염제,코오롱제약(주),일반의약품,서방성필름코팅정,D000147,Acetaminophen,Acetaminophen(아세트아미노펜),아세트아미노펜,트라몰8시간서방정650밀리그람(아세트아미노펜),19980226,199800767,[M040353]아세트아미노펜,,단일,20140109,"-소아 및 고령자(노인)는 최소 필요량을 복용하고 이상반응에 유의- 과도한 체온강하, 허탈, 사지냉각 등이 나타날 수 있음",,특정연령대금기
20260323,흰색의 원형 필름코팅정,06290,기타의 화학요법제,알리코제약(주),전문의약품,필름코팅정,D000142,Ciprofloxacin Hydrochloride Hydrate,Ciprofloxacin Hydrochloride Hydrate(시프로플록사신염산염수화물),시프로플록사신염산염수화물,알리코염산시프로플록사신정250밀리그람,19980116,199800906,[M223091]시프로플록사신염산염수화물,,단일,20140109,"- 안전성 및 유효성 미확립- 퀴놀론계 항균제는 몇몇 어린 동물종에서 특히 체중부하부위의 관절병증, 뼈연골증을 유발함",,특정연령대금기
20200218,수촐용1: 백색의 사각형 필름코팅정제 수출용2: 연녹색의 사각형 필름코팅정제,01410,항히스타민제,(주)한국파마,일반의약품,필름코팅정,D000647,Cetirizine Hydrochloride,Cetirizine Hydrochloride(세티리진염산염),세티리진염산염,"파마염산세티리진정(수출용)(수출명:세르텍정,와이케이피세르텍정)",19980725,199801447,[M222857]세티리진염산염/[M222857]세티리진염산염,,단일,20140109,안전성 및 유효성 미확립,,특정연령대금기
20210212,백색의 타원형 필름제피정,01410,항히스타민제,삼진제약(주),일반의약품,필름코팅정,D000647,Cetirizine Hydrochloride,Cetirizine Hydrochloride(세티리진염산염),세티리진염산염,"세라진정(세티리진염산염)[수출명: Cera tablet, Allergen tablet, Unizef tablet, Highcera tablet]",19980506,199801495,[M222857]세티리진염산염,,단일,20140109,안전성 및 유효성 미확립,,특정연령대금기
20230819,무색내지 미황색의 투명한 액이 든 갈색앰플제,01140,해열.진통.소염제,삼진제약(주),전문의약품,용액주사제,D000506,Diclofenac Sodium,Diclofenac Sodium(디클로페낙나트륨),디클로페낙나트륨,삼진디클로페낙나트륨주사(수출용),19981120,199801499,[M050288]디클로페낙나트륨,,단일,20140109,벤질알코올은 조숙아에서 치명적인 가쁜 호흡증상과 연관이 있는 것으로 보고됨,,특정연령대금기
20210212,흰색의 장방형 필름코팅정,01410,항히스타민제,오스틴제약(주),일반의약품,필름코팅정,D000647,Cetirizine Hydrochloride,Cetirizine Hydrochloride(세티리진염산염),세티리진염산염,알지렉스정(세티리진염산염),19980126,199801849,[M222857]세티리진염산염,,단일,20140109,안전성 및 유효성 미확립,,특정연령대금기
20210212,흰색의 장방형 필름코팅정,01410,항히스타민제,하이플생명과학(주),일반의약품,필름코팅정,D000647,Cetirizine Hydrochloride,Cetirizine Hydrochloride(세티리진염산염),세티리진염산염,러지텍정(세티리진염산염),19980525,199802009,[M222857]세티리진염산염,,단일,20140109,안전성 및 유효성 미확립,,특정연령대금기
20200526,흰색의 장방형 필름코팅정제,01410,항히스타민제,(주)팜젠사이언스,일반의약품,필름코팅정,D000647,Cetirizine Hydrochloride,Cetirizine Hydrochloride(세티리진염산염),세티리진염산염,라리세틴정10밀리그람(세티리진염산염)(수출용),19981103,199802228,[M222857]세티리진염산염,,단일,20140109,안전성 및 유효성 미확립,,특정연령대금기
20210221,흰색의 장방형 필름코팅정제,01410,항히스타민제,(주)바스칸바이오제약,일반의약품,필름코팅정,D000647,Cetirizine Hydrochloride,Cetirizine Hydrochloride(세티리진염산염),세티리진염산염,쎄르텍정(세티리진염산염),19980107,199802497,[M222857]세티리진염산염,,단일,20140109,안전성 및 유효성 미확립,,특정연령대금기
20210212,흰색의 원형 필름코팅정제,01410,항히스타민제,(주)씨엠지제약,일반의약품,필름코팅정,D000647,Cetirizine Hydrochloride,Cetirizine Hydrochloride(세티리진염산염),세티리진염산염,쎄로테정(세티리진염산염),19980704,199802620,[M222857]세티리진염산염,,단일,20140109,안전성 및 유효성 미확립,,특정연령대금기
20210212,흰색의 장방형 필름코팅정제,01410,항히스타민제,지엘파마(주),일반의약품,필름코팅정,D000647,Cetirizine Hydrochloride,Cetirizine Hydrochloride(세티리진염산염),세티리진염산염,지엘세티리진염산염정,19981127,199803095,[M222857]세티리진염산염,,단일,20140109,안전성 및 유효성 미확립,,특정연령대금기
20210212,흰색 내지 거의 흰색의 원형 필름코팅정제,01410,항히스타민제,초당약품공업(주),일반의약품,필름코팅정,D000647,Cetirizine Hydrochloride,Cetirizine Hydrochloride(세티리진염산염),세티리진염산염,나노텍정(세티리진염산염),19980513,199803133,[M222857]세티리진염산염,,단일,20140109,안전성 및 유효성 미확립,,특정연령대금기
20160609,흰색 또는 연한 노란색의 원형정제,03960,당뇨병용제,(주)한독,전문의약품,나정,D000149,Acarbose,Acarbose(아카보즈),아카보즈,글루코바이정100밀리그람(아카보즈),19991223,199900924,[M085039]아카보즈,,단일,20140109,안전성 및 유효성 미확립,,특정연령대금기
20160609,흰색 또는 연한 노란색의 원형정제,03960,당뇨병용제,(주)한독,전문의약품,나정,D000149,Acarbose,Acarbose(아카보즈),아카보즈,글루코바이정50밀리그람(아카보즈),19991223,199900925,[M085039]아카보즈,,단일,20140109,안전성 및 유효성 미확립,,특정연령대금기
20260323,백색 내지 미황색의 원형 제피정,06290,기타의 화학요법제,삼천당제약(주),전문의약품,필름코팅정,D000142,Ciprofloxacin Hydrochloride Hydrate,Ciprofloxacin Hydrochloride Hydrate(시프로플록사신염산염수화물),시프로플록사신염산염수화물,씨에프정250mg(시프로플록사신염산염),19990315,199900995,[M223091]시프로플록사신염산염수화물,,단일,20140109,"- 안전성 및 유효성 미확립- 퀴놀론계 항균제는 몇몇 어린 동물종에서 특히 체중부하부위의 관절병증, 뼈연골증을 유발함",,특정연령대금기
20230819,무색 투명한 액이 든 갈색의 앰플제,01140,해열.진통.소염제,(주)동구바이오제약,전문의약품,용액주사제,D000506,Diclofenac Sodium,Diclofenac Sodium(디클로페낙나트륨),디클로페낙나트륨,동구디클로페낙나트륨주75mg(수출용),19990507,199901324,[M050288]디클로페낙나트륨,,단일,20140109,벤질알코올은 조숙아에서 치명적인 가쁜 호흡증상과 연관이 있는 것으로 보고됨,,특정연령대금기
20260323,흰색의 원형 필름코팅정,06290,기타의 화학요법제,삼성제약(주),전문의약품,필름코팅정,D000142,Ciprofloxacin Hydrochloride Hydrate,Ciprofloxacin Hydrochloride Hydrate(시프로플록사신염산염수화물),시프로플록사신염산염수화물,삼성시플로프록사신정(시프로플록사신염산염수화물),20000302,200000453,[M223091]시프로플록사신염산염수화물,,단일,20140109,"- 안전성 및 유효성 미확립- 퀴놀론계 항균제는 몇몇 어린 동물종에서 특히 체중부하부위의 관절병증, 뼈연골증을 유발함",,특정연령대금기
20100815,백색의 장방형 제피정.,01410,항히스타민제,(주)바이넥스,일반의약품,필름코팅정,D000647,Cetirizine Hydrochloride,Cetirizine Hydrochloride(염산세티리진),염산세티리진,바이넥스비로텍정(염산세티리진)(수출용),20001122,200000927,[M051285]염산세티리진,,단일,20140109,안전성 및 유효성 미확립,,특정연령대금기
20251110,흰색의 장방형 필름코팅정,01140,해열.진통.소염제,대우제약(주),일반의약품,서방성필름코팅정,D000147,Acetaminophen,Acetaminophen(아세트아미노펜),아세트아미노펜,타스펜8시간이알서방정650밀리그람(아세트아미노펜)(수출명:도로돈이알정),20000428,200000999,[M040353]아세트아미노펜/[M040353]아세트아미노펜,,단일,20140109,"-소아 및 고령자(노인)는 최소 필요량을 복용하고 이상반응에 유의- 과도한 체온강하, 허탈, 사지냉각 등이 나타날 수 있음",,특정연령대금기
20250415,미황색의 투명한 용액이 든 갈색앰플주사제 ,01140,해열.진통.소염제,아주약품(주),전문의약품,용액주사제,D000506,Diclofenac Beta-Dimethylaminoethanol,Diclofenac Beta-Dimethylaminoethanol(디클로페낙β-디메틸아미노에탄올),디클로페낙β-디메틸아미노에탄올,뉴페낙주사2밀리리터(디클로페낙β-디메틸아미노에탄올),20001123,200001074,[M252249]디클로페낙β-디메틸아미노에탄올,,단일,20140109,벤질알코올은 조숙아에서 치명적인 가쁜 호흡증상과 연관이 있는 것으로 보고됨,,특정연령대금기
20210212,흰색의 원형 필름코팅정,01410,항히스타민제,일양약품(주),일반의약품,필름코팅정,D000647,Cetirizine Hydrochloride,Cetirizine Hydrochloride(세티리진염산염),세티리진염산염,알레드정(세티리진염산염),20000706,200001515,[M222857]세티리진염산염,,단일,20140109,안전성 및 유효성 미확립,,특정연령대금기
20210212,흰색의 장방형 필름코팅정제,01410,항히스타민제,(주)동구바이오제약,일반의약품,필름코팅정,D000647,Cetirizine Hydrochloride,Cetirizine Hydrochloride(세티리진염산염),세티리진염산염,세진정(세티리진염산염),20001229,200001634,[M222857]세티리진염산염,,단일,20140109,안전성 및 유효성 미확립,,특정연령대금기
20210212,흰색의 장방형 필름코팅정제,01410,항히스타민제,삼남제약(주),일반의약품,필름코팅정,D000647,Cetirizine Hydrochloride,Cetirizine Hydrochloride(세티리진염산염),세티리진염산염,세티진정(세티리진염산염),20001123,200001713,[M222857]세티리진염산염,,단일,20140109,안전성 및 유효성 미확립,,특정연령대금기
20250415,무색 내지 미황색의 투명한 용액이 든 갈색 앰플,01140,해열.진통.소염제,대화제약(주),전문의약품,용액주사제,D000506,Diclofenac Beta-Dimethylaminoethanol,Diclofenac Beta-Dimethylaminoethanol(디클로페낙β-디메틸아미노에탄올),디클로페낙β-디메틸아미노에탄올,디베타씨주(디클로페낙β-디메틸아미노에탄올),20001115,200002445,[M252249]디클로페낙β-디메틸아미노에탄올,,단일,20140109,벤질알코올은 조숙아에서 치명적인 가쁜 호흡증상과 연관이 있는 것으로 보고됨,,특정연령대금기
20131113,밝은 베이지색의 원형 필름코팅정,01490,기타의 알레르기용약,경동제약(주),전문의약품,필름코팅정,D000551,Azelastine Hydrochloride,Azelastine Hydrochloride(아젤라스틴염산염),아젤라스틴염산염,아젤라정(아젤라스틴염산염),20000831,200002738,[M222870]아젤라스틴염산염,,단일,20140109,안전성 및 유효성 미확립,,특정연령대금기
20260323,무색 투명한 폴리프로필렌용기에 충진된 무색-미황색의 투명한 액,06290,기타의 화학요법제,대한약품공업(주),전문의약품,용액주사제,D000142,Ciprofloxacin,Ciprofloxacin(시프로플록사신),시프로플록사신,대한시프로플록사신주,20011101,200100346,[M091139]시프로플록사신,,단일,20140109,"- 안전성 및 유효성 미확립- 퀴놀론계 항균제는 몇몇 어린 동물종에서 특히 체중부하부위의 관절병증, 뼈연골증을 유발함",,특정연령대금기
20260323,무색∼미황색의 투명한 액이 들어있는 무색 투명한 바이알,06290,기타의 화학요법제,한국유니온제약(주),전문의약품,용액주사제,D000142,Ciprofloxacin,Ciprofloxacin(시프로플록사신),시프로플록사신,유니시프로사신주사(시프로플록사신),20010419,200101474,[M091139]시프로플록사신,,단일,20140109,"- 안전성 및 유효성 미확립- 퀴놀론계 항균제는 몇몇 어린 동물종에서 특히 체중부하부위의 관절병증, 뼈연골증을 유발함",,특정연령대금기
20260323,백색 또는 미황색의 원형필름코팅정제,06290,기타의 화학요법제,한국유니온제약(주),전문의약품,필름코팅정,D000142,Ciprofloxacin Hydrochloride Hydrate,Ciprofloxacin Hydrochloride Hydrate(시프로플록사신염산염수화물),시프로플록사신염산염수화물,유니시프로사신정250밀리그람(염산시프로플록사신)(수출용),20010419,200101475,[M223091]시프로플록사신염산염수화물,,단일,20140109,"- 안전성 및 유효성 미확립- 퀴놀론계 항균제는 몇몇 어린 동물종에서 특히 체중부하부위의 관절병증, 뼈연골증을 유발함",,특정연령대금기
20140423,밝은 베이지색의 원형 필름코팅정제,01490,기타의 알레르기용약,한국유나이티드제약(주),전문의약품,필름코팅정,D000551,Azelastine Hydrochloride,Azelastine Hydrochloride(아젤라스틴염산염),아젤라스틴염산염,아젤론정(아젤라스틴염산염),20011130,200101679,[M222870]아젤라스틴염산염,,단일,20140109,안전성 및 유효성 미확립,,특정연령대금기
20210212,흰색의 장방형 필름코팅정,01410,항히스타민제,에이치엘비제약(주),일반의약품,필름코팅정,D000647,Cetirizine Hydrochloride,Cetirizine Hydrochloride(세티리진염산염),세티리진염산염,세리노즈정(세티리진염산염),20011229,200101870,[M222857]세티리진염산염,,단일,20140109,안전성 및 유효성 미확립,,특정연령대금기
20210212,흰색의 장방형 필름코팅정,01410,항히스타민제,미래바이오제약(주),일반의약품,필름코팅정,D000647,Cetirizine Hydrochloride,Cetirizine Hydrochloride(세티리진염산염),세티리진염산염,노텍정(세티리진염산염),20011108,200102527,[M222857]세티리진염산염,,단일,20140109,안전성 및 유효성 미확립,,특정연령대금기
20201201,무색 또는 미황색의 특이한 향의 감미가 있는 액이 앰플에 든 액제,01410,항히스타민제,조아제약(주),일반의약품,경구용액제,D000647,Cetirizine Hydrochloride,Cetirizine Hydrochloride(세티리진염산염),세티리진염산염,쥬르택액(세티리진염산염),20010914,200102787,[M222857]세티리진염산염,,단일,20140109,_,,특정연령대금기
20260323,"1법 : 무색-미황색의 투명한 액이 들어있는 무색 투명한 바이알2법 : 폴리프로필렌, 폴리염화비닐, 다층필름플라스틱용기에 든 미황색의 투명한 액",06290,기타의 화학요법제,명문제약(주),전문의약품,용액주사제,D000142,Ciprofloxacin,Ciprofloxacin(시프로플록사신),시프로플록사신,명문시프로플록사신주사,20011008,200103045,[M091139]시프로플록사신/[M091139]시프로플록사신,,단일,20140109,"- 안전성 및 유효성 미확립- 퀴놀론계 항균제는 몇몇 어린 동물종에서 특히 체중부하부위의 관절병증, 뼈연골증을 유발함",,특정연령대금기
20260323,무색-미황색의 투명한 액이 든 무색투명한 병,06290,기타의 화학요법제,바이엘코리아(주),전문의약품,용액주사제,D000142,Ciprofloxacin,Ciprofloxacin(시프로플록사신),시프로플록사신,씨프로바이주사(시프로플록사신),20011106,200108427,[M091139]시프로플록사신,,단일,20140109,"- 안전성 및 유효성 미확립- 퀴놀론계 항균제는 몇몇 어린 동물종에서 특히 체중부하부위의 관절병증, 뼈연골증을 유발함",,특정연령대금기
20181031,백색의 원형필름 코팅정,04210,항악성종양제,한국아스트라제네카(주),전문의약품,필름코팅정,D000724,Bicalutamide,Bicalutamide(비칼루타미드),비칼루타미드,카소덱스정(비칼루타미드),20010926,200109103,[M259016]비칼루타미드,,단일,20140109,_,,특정연령대금기
20260323,무색~미황색의 투명한 액이 들어있는 무색 투명한 바이알,06290,기타의 화학요법제,아주약품(주),전문의약품,용액주사제,D000142,Ciprofloxacin,Ciprofloxacin(시프로플록사신),시프로플록사신,아주시프로플록사신주200밀리그램,20020103,200200590,[M091139]시프로플록사신,,단일,20140109,"- 안전성 및 유효성 미확립- 퀴놀론계 항균제는 몇몇 어린 동물종에서 특히 체중부하부위의 관절병증, 뼈연골증을 유발함",,특정연령대금기
20251110,흰색의 장방형 필름코팅 정제 ,01140,해열.진통.소염제,삼아제약(주),일반의약품,서방성필름코팅정,D000147,Acetaminophen,Acetaminophen(아세트아미노펜),아세트아미노펜,세토펜8시간이알서방정(아세트아미노펜),20020531,200200662,[M040353]아세트아미노펜,,단일,20140109,"-소아 및 고령자(노인)는 최소 필요량을 복용하고 이상반응에 유의- 과도한 체온강하, 허탈, 사지냉각 등이 나타날 수 있음",,특정연령대금기
20251110,흰색의 장방형 필름코팅정제이다.,01140,해열.진통.소염제,부광약품(주),일반의약품,서방성필름코팅정,D000147,Acetaminophen,Acetaminophen(아세트아미노펜),아세트아미노펜,타세놀8시간이알서방정(아세트아미노펜),20020816,200201482,[M040353]아세트아미노펜/[M040353]아세트아미노펜,,단일,20140109,"-소아 및 고령자(노인)는 최소 필요량을 복용하고 이상반응에 유의- 과도한 체온강하, 허탈, 사지냉각 등이 나타날 수 있음",,특정연령대금기
20260323,백색의 원형 제피정,06290,기타의 화학요법제,(주)셀릭스,전문의약품,필름코팅정,D000142,Ciprofloxacin Hydrochloride,Ciprofloxacin Hydrochloride(염산시프로플록사신),염산시프로플록사신,싸이플록신정100밀리그람(염산시프로플록사신),20020328,200201509,[M095543]염산시프로플록사신,,단일,20140109,"- 안전성 및 유효성 미확립- 퀴놀론계 항균제는 몇몇 어린 동물종에서 특히 체중부하부위의 관절병증, 뼈연골증을 유발함",,특정연령대금기
20260323,흰색의 원형 필름코팅정제,06290,기타의 화학요법제,오스틴제약(주),전문의약품,필름코팅정,D000142,Ciprofloxacin Hydrochloride Hydrate,Ciprofloxacin Hydrochloride Hydrate(시프로플록사신염산염수화물),시프로플록사신염산염수화물,메가록신정250밀리그램(시프로플록사신염산염수화물),20020924,200201724,[M223091]시프로플록사신염산염수화물,,단일,20140109,"- 안전성 및 유효성 미확립- 퀴놀론계 항균제는 몇몇 어린 동물종에서 특히 체중부하부위의 관절병증, 뼈연골증을 유발함",,특정연령대금기
20260323,백색의 장방형 필름코팅정,06290,기타의 화학요법제,대화제약(주),전문의약품,필름코팅정,D000142,Ciprofloxacin Hydrochloride,Ciprofloxacin Hydrochloride(시프로플록사신염산염),시프로플록사신염산염,프록스코정500mg(시프로플록사신염산염)(수출용),20020219,200201770,[M242850]시프로플록사신염산염,,단일,20140109,"- 안전성 및 유효성 미확립- 퀴놀론계 항균제는 몇몇 어린 동물종에서 특히 체중부하부위의 관절병증, 뼈연골증을 유발함",,특정연령대금기
20251110,흰색의 장방형 필름코팅정제,01140,해열.진통.소염제,(주)서울제약,일반의약품,서방성필름코팅정,D000147,Acetaminophen,Acetaminophen(아세트아미노펜),아세트아미노펜,티메롤8시간이알서방정(아세트아미노펜),20021114,200202847,[M040353]아세트아미노펜/[M040353]아세트아미노펜,,단일,20140109,"-소아 및 고령자(노인)는 최소 필요량을 복용하고 이상반응에 유의- 과도한 체온강하, 허탈, 사지냉각 등이 나타날 수 있음",,특정연령대금기
20251110,흰색의 장방형 필름코팅정,01140,해열.진통.소염제,한림제약(주),일반의약품,서방성필름코팅정,D000147,Acetaminophen,Acetaminophen(아세트아미노펜),아세트아미노펜,엔시드8시간이알서방정650mg(아세트아미노펜),20021204,200202873,[M040353]아세트아미노펜/[M040353]아세트아미노펜,,단일,20140109,"-소아 및 고령자(노인)는 최소 필요량을 복용하고 이상반응에 유의- 과도한 체온강하, 허탈, 사지냉각 등이 나타날 수 있음",,특정연령대금기
20260323,흰색의 장방형 필름코팅정제,06290,기타의 화학요법제,(주)한국파마,전문의약품,필름코팅정,D000142,Ciprofloxacin Hydrochloride Hydrate,Ciprofloxacin Hydrochloride Hydrate(시프로플록사신염산염수화물),시프로플록사신염산염수화물,"파마염산시프로플록사신정500밀리그람(수출용)(수출명:프록스정,시프로플록스정500밀리그람,라이툰정)",20030805,200301209,[M223091]시프로플록사신염산염수화물/[M223091]시프로플록사신염산염수화물,,단일,20140109,"- 안전성 및 유효성 미확립- 퀴놀론계 항균제는 몇몇 어린 동물종에서 특히 체중부하부위의 관절병증, 뼈연골증을 유발함",,특정연령대금기
20251110,흰색의 장방형 필름코팅정,01140,해열.진통.소염제,한미약품(주),일반의약품,서방성필름코팅정,D000147,Acetaminophen,Acetaminophen(아세트아미노펜),아세트아미노펜,써스펜8시간이알서방정650밀리그램(아세트아미노펜),20030725,200301818,[M040353]아세트아미노펜/[M040353]아세트아미노펜,,단일,20140109,"-소아 및 고령자(노인)는 최소 필요량을 복용하고 이상반응에 유의- 과도한 체온강하, 허탈, 사지냉각 등이 나타날 수 있음",,특정연령대금기
20260323,제1법 수출용 : 백색의 장방형 필름코팅정제제2법 수출용 : 백색 또는 미황색의 장방형 제피정,06290,기타의 화학요법제,한국프라임제약(주),전문의약품,필름코팅정,D000142,Ciprofloxacin Hydrochloride Hydrate,Ciprofloxacin Hydrochloride Hydrate(시프로플록사신염산염수화물),시프로플록사신염산염수화물,록신정500밀리그램(시프로플록사신염산염수화물)(수출용),20031126,200302632,[M223091]시프로플록사신염산염수화물/[M223091]시프로플록사신염산염수화물,,단일,20140109,"- 안전성 및 유효성 미확립- 퀴놀론계 항균제는 몇몇 어린 동물종에서 특히 체중부하부위의 관절병증, 뼈연골증을 유발함",,특정연령대금기
20150910,불투명한 플라스틱용기에 든 녹색을 띄는 황색의 맑은 점안액,01310,안과용제,한국애브비(주),전문의약품,점안용액제,D000641,Brimonidine Tartrate,Brimonidine Tartrate(브리모니딘타르타르산염),브리모니딘타르타르산염,알파간피점안액0.15%(브리모니딘타르타르산염),20030107,200307641,[M251494]브리모니딘타르타르산염,,단일,20140109,"- 안전성 및 유효성 미확립- 시판 후 조사에서 이 약을 투여 받은 영아에서 무호흡, 서맥, 혼수, 저혈압, 저체온, 근육긴장저하, 기면, 창백, 호흡억제, 졸음이 보고됨",,특정연령대금기
20260323,[수출용1] 미백색의 타원형 필름코팅정제[수출용2] 백색 또는 미황색의 장방형 제피제,06290,기타의 화학요법제,(주)바이넥스,전문의약품,필름코팅정,D000142,Ciprofloxacin Hydrochloride Hydrate,Ciprofloxacin Hydrochloride Hydrate(시프로플록사신염산염수화물),시프로플록사신염산염수화물,로프신500밀리그람정(시프로플록사신염산염수화물)(수출용),20040127,200400546,[M223091]시프로플록사신염산염수화물/[M223091]시프로플록사신염산염수화물,,단일,20140109,"- 안전성 및 유효성 미확립- 퀴놀론계 항균제는 몇몇 어린 동물종에서 특히 체중부하부위의 관절병증, 뼈연골증을 유발함",,특정연령대금기
20180705,밝은 황색의 원형필름코팅정제,01490,기타의 알레르기용약,알리코제약(주),전문의약품,필름코팅정,D000551,Azelastine Hydrochloride,Azelastine Hydrochloride(아젤라스틴염산염),아젤라스틴염산염,아젤란정(아젤라스틴염산염),20040923,200400838,[M222870]아젤라스틴염산염,,단일,20140109,안전성 및 유효성 미확립,,특정연령대금기
20260323,흰색-연한 노란색의 원형 필름코팅정,06290,기타의 화학요법제,태극제약(주),전문의약품,필름코팅정,D000142,Ciprofloxacin Hydrochloride Hydrate,Ciprofloxacin Hydrochloride Hydrate(시프로플록사신염산염수화물),시프로플록사신염산염수화물,태극염산시프로플록사신정(수출명 : STACIPRO TABLET),20040414,200401117,[M223091]시프로플록사신염산염수화물/[M223091]시프로플록사신염산염수화물,,단일,20140109,"- 안전성 및 유효성 미확립- 퀴놀론계 항균제는 몇몇 어린 동물종에서 특히 체중부하부위의 관절병증, 뼈연골증을 유발함",,특정연령대금기
20260323,백색～미황색의 원형 필름코팅정,06290,기타의 화학요법제,(주)비보존제약,전문의약품,필름코팅정,D000142,Ciprofloxacin Hydrochloride,Ciprofloxacin Hydrochloride(시프로플록사신염산염),시프로플록사신염산염,시록신정250mg(시프로플록사신염산염),20040708,200401235,[M242850]시프로플록사신염산염,,단일,20140109,"- 안전성 및 유효성 미확립- 퀴놀론계 항균제는 몇몇 어린 동물종에서 특히 체중부하부위의 관절병증, 뼈연골증을 유발함",,특정연령대금기
20210222,밝은 황색의 원형필름코팅정제,01490,기타의 알레르기용약,(주)동구바이오제약,전문의약품,필름코팅정,D000551,Azelastine Hydrochloride,Azelastine Hydrochloride(아젤라스틴염산염),아젤라스틴염산염,알제틴정(아젤라스틴염산염),20040930,200401458,[M222870]아젤라스틴염산염,,단일,20140109,안전성 및 유효성 미확립,,특정연령대금기
20090714,밝은 황색의 원형 필름코팅정제,01490,기타의 알레르기용약,한국유니온제약(주),전문의약품,필름코팅정,D000551,Azelastine Hydrochloride,Azelastine Hydrochloride(아젤라스틴염산염),아젤라스틴염산염,에젤란정(아젤라스틴염산염),20041004,200401586,[M222870]아젤라스틴염산염,,단일,20140109,안전성 및 유효성 미확립,,특정연령대금기
20260323,흰색 또는 미황색의 장방형 제피정,06290,기타의 화학요법제,한국유니온제약(주),전문의약품,필름코팅정,D000142,Ciprofloxacin Hydrochloride Hydrate,Ciprofloxacin Hydrochloride Hydrate(시프로플록사신염산염수화물),시프로플록사신염산염수화물,유니시프로사신정500밀리그람(시프로플록사신염산염)(수출용),20040519,200401618,[M242850]시프로플록사신염산염/[M223091]시프로플록사신염산염수화물,,단일,20140109,"- 안전성 및 유효성 미확립- 퀴놀론계 항균제는 몇몇 어린 동물종에서 특히 체중부하부위의 관절병증, 뼈연골증을 유발함",,특정연령대금기
20200903,밝은 황색의 원형 필름코팅정,01490,기타의 알레르기용약,(주)셀릭스,전문의약품,필름코팅정,D000551,Azelastine Hydrochloride,Azelastine Hydrochloride(아젤라스틴염산염),아젤라스틴염산염,아젤라젠정(아젤라스틴염산염),20040923,200401878,[M222870]아젤라스틴염산염,,단일,20140109,안전성 및 유효성 미확립,,특정연령대금기
20190312,밝은 황색의 원형 필름코팅정,01490,기타의 알레르기용약,오스틴제약(주),전문의약품,필름코팅정,D000551,Azelastine Hydrochloride,Azelastine Hydrochloride(아젤라스틴염산염),아젤라스틴염산염,아제틴정(아젤라스틴염산염),20040923,200402098,[M222870]아젤라스틴염산염,,단일,20140109,안전성 및 유효성 미확립,,특정연령대금기
20201116,밝은 황색의 원형 필름코팅정,01490,기타의 알레르기용약,영일제약(주),전문의약품,필름코팅정,D000551,Azelastine Hydrochloride,Azelastine Hydrochloride(아젤라스틴염산염),아젤라스틴염산염,아제스정(아젤라스틴염산염),20041217,200402287,[M222870]아젤라스틴염산염,,단일,20140109,안전성 및 유효성 미확립,,특정연령대금기
20260323,"백색의 장방형 필름코팅정, 백색의 원형 필름코팅정",06290,기타의 화학요법제,(주)바스칸바이오제약,전문의약품,필름코팅정,D000142,Ciprofloxacin Hydrochloride Hydrate,Ciprofloxacin Hydrochloride Hydrate(시프로플록사신염산염수화물),시프로플록사신염산염수화물,시록사정(시프로플록사신염산염수화물)(수출용),20040216,200402746,[M223091]시프로플록사신염산염수화물/[M223091]시프로플록사신염산염수화물,,단일,20140109,"- 안전성 및 유효성 미확립- 퀴놀론계 항균제는 몇몇 어린 동물종에서 특히 체중부하부위의 관절병증, 뼈연골증을 유발함",,특정연령대금기
20210304,위탁제조용 : 밝은 황색의 원형필름코팅정제수출용 : 적갈색의 원형필름코팅정,01490,기타의 알레르기용약,위더스제약(주),전문의약품,필름코팅정,D000551,Azelastine Hydrochloride,Azelastine Hydrochloride(아젤라스틴염산염),아젤라스틴염산염,아스틴정(아젤라스틴염산염),20040930,200402847,[M222870]아젤라스틴염산염/[M222870]아젤라스틴염산염,,단일,20140109,안전성 및 유효성 미확립,,특정연령대금기
20140904,밝은 노란색의 원형 필름코팅정제,01490,기타의 알레르기용약,(주)씨엠지제약,전문의약품,필름코팅정,D000551,Azelastine Hydrochloride,Azelastine Hydrochloride(아젤라스틴염산염),아젤라스틴염산염,아제탄정(아젤라스틴염산염),20041001,200402853,[M222870]아젤라스틴염산염,,단일,20140109,안전성 및 유효성 미확립,,특정연령대금기
20251110,흰색 장방형의 필름코팅정이다.  ,01140,해열.진통.소염제,영풍제약(주),일반의약품,서방성필름코팅정,D000147,Acetaminophen,Acetaminophen(아세트아미노펜),아세트아미노펜,타이펜8시간이알서방정,20040917,200402947,[M040353]아세트아미노펜/[M040353]아세트아미노펜,,단일,20140109,"-소아 및 고령자(노인)는 최소 필요량을 복용하고 이상반응에 유의- 과도한 체온강하, 허탈, 사지냉각 등이 나타날 수 있음",,특정연령대금기
20260323,무색～미황색의 투명한 액이든 무색 바이알,06290,기타의 화학요법제,(주)하원제약,전문의약품,용액주사제,D000142,Ciprofloxacin,Ciprofloxacin(시프로플록사신),시프로플록사신,시프록사신주(시프로플록사신),20040624,200402964,[M091139]시프로플록사신,,단일,20140109,"- 안전성 및 유효성 미확립- 퀴놀론계 항균제는 몇몇 어린 동물종에서 특히 체중부하부위의 관절병증, 뼈연골증을 유발함",,특정연령대금기
20260323,미백색의 원형 필름코팅정제,06290,기타의 화학요법제,구주제약(주),전문의약품,필름코팅정,D000142,Ciprofloxacin Hydrochloride Hydrate,Ciprofloxacin Hydrochloride Hydrate(시프로플록사신염산염수화물),시프로플록사신염산염수화물,뉴록사신정(시프로플록사신염산염수화물),20040609,200403053,[M223091]시프로플록사신염산염수화물,,단일,20140109,"- 안전성 및 유효성 미확립- 퀴놀론계 항균제는 몇몇 어린 동물종에서 특히 체중부하부위의 관절병증, 뼈연골증을 유발함",,특정연령대금기
20120201,밝은 황색의 원형필름코팅정제,01490,기타의 알레르기용약,구주제약(주),전문의약품,필름코팅정,D000551,Azelastine Hydrochloride,Azelastine Hydrochloride(아젤라스틴염산염),아젤라스틴염산염,젤라스틴정(아젤라스틴염산염),20040922,200403081,[M222870]아젤라스틴염산염,,단일,20140109,안전성 및 유효성 미확립,,특정연령대금기
20201110,밝은 황색의 원형필름코팅정제,01490,기타의 알레르기용약,대웅바이오(주),전문의약품,필름코팅정,D000551,Azelastine Hydrochloride,Azelastine Hydrochloride(아젤라스틴염산염),아젤라스틴염산염,아제타민정(아젤라스틴염산염),20041105,200403411,[M222870]아젤라스틴염산염,,단일,20140109,안전성 및 유효성 미확립,,특정연령대금기
20191118,밝은 황색의 원형 필름코팅정제,01490,기타의 알레르기용약,한국프라임제약(주),전문의약품,필름코팅정,D000551,Azelastine Hydrochloride,Azelastine Hydrochloride(아젤라스틴염산염),아젤라스틴염산염,아틴정(아젤라스틴염산염),20041007,200404059,[M222870]아젤라스틴염산염,,단일,20140109,안전성 및 유효성 미확립,,특정연령대금기
20121227,밝은 황색의 원형필름코팅정제,01490,기타의 알레르기용약,주식회사제뉴원사이언스,전문의약품,필름코팅정,D000551,Azelastine Hydrochloride,Azelastine Hydrochloride(아젤라스틴염산염),아젤라스틴염산염,케이스틴정(아젤라스틴염산염),20040923,200404654,[M222870]아젤라스틴염산염,,단일,20140109,안전성 및 유효성 미확립,,특정연령대금기
20260323,흰색-미황색의 원형 필름코팅정,06290,기타의 화학요법제,주식회사제뉴원사이언스,전문의약품,필름코팅정,D000142,Ciprofloxacin Hydrochloride Hydrate,Ciprofloxacin Hydrochloride Hydrate(시프로플록사신염산염수화물),시프로플록사신염산염수화물,시플록신정250밀리그램(시프로플록사신염산염수화물),20040709,200404700,[M223091]시프로플록사신염산염수화물,,단일,20140109,"- 안전성 및 유효성 미확립- 퀴놀론계 항균제는 몇몇 어린 동물종에서 특히 체중부하부위의 관절병증, 뼈연골증을 유발함",,특정연령대금기
20120823,밝은 황색의 원형 필름코팅정제,01490,기타의 알레르기용약,아주약품(주),전문의약품,필름코팅정,D000551,Azelastine Hydrochloride,Azelastine Hydrochloride(아젤라스틴염산염),아젤라스틴염산염,알스틴정(아젤라스틴염산염),20040914,200411002,[M222870]아젤라스틴염산염,,단일,20140109,안전성 및 유효성 미확립,,특정연령대금기
20160407,밝은 노란색의 원형 필름코팅정제,01490,기타의 알레르기용약,(주)테라젠이텍스,전문의약품,필름코팅정,D000551,Azelastine Hydrochloride,Azelastine Hydrochloride(아젤라스틴염산염),아젤라스틴염산염,자스민정(아젤라스틴염산염),20040930,200411068,[M222870]아젤라스틴염산염,,단일,20140109,안전성 및 유효성 미확립,,특정연령대금기
20260323,백색 또는 미황색의 장방형 필름코팅정,06290,기타의 화학요법제,천우신약(주),전문의약품,필름코팅정,D000142,Ciprofloxacin Hydrochloride,Ciprofloxacin Hydrochloride(염산시프로플록사신),염산시프로플록사신,시프록정(염산시프로플록사신)(수출용)(수출명:IntermedicCiprofloxacin500mgtablet),20050920,200501316,[M095543]염산시프로플록사신,,단일,20140109,"- 안전성 및 유효성 미확립- 퀴놀론계 항균제는 몇몇 어린 동물종에서 특히 체중부하부위의 관절병증, 뼈연골증을 유발함",,특정연령대금기
20100815,흰색의 원형 필름코팅정,01410,항히스타민제,한국유니온제약(주),일반의약품,필름코팅정,D000647,Cetirizine Hydrochloride,Cetirizine Hydrochloride(염산세티리진),염산세티리진,유니온염산세티리진정(수출용),20050314,200501459,[M051285]염산세티리진,,단일,20140109,안전성 및 유효성 미확립,,특정연령대금기
20140130,미황색의 타원형 필름코팅정제,06180,"주로 그람양성, 음성균에 작용하는 것",초당약품공업(주),전문의약품,필름코팅정,D000648,Cefetamet Pivoxil Hydrochloride,Cefetamet Pivoxil Hydrochloride(세페타메트피복실염산염),세페타메트피복실염산염,세페타트정250밀리그람(세페타메트피복실염산염)(수출용),20050119,200502691,[M243849]세페타메트피복실염산염,,단일,20140109,_,,특정연령대금기
20141203,흰색 - 옅은 미황색의 결정성 가루로 특이한 향과 맛이 있는 산제                                                ,06180,"주로 그람양성, 음성균에 작용하는 것",초당약품공업(주),전문의약품,산제,D000648,Cefetamet Pivoxil Hydrochloride,Cefetamet Pivoxil Hydrochloride(염산세페타메트피복실),염산세페타메트피복실,세페타트산(세페타메트피복실염산염)(수출용),20051212,200502694,[M093786]염산세페타메트피복실,,단일,20140109,_,,특정연령대금기
20260323,흰색 또는 미황색의 원형 필름코팅정,06290,기타의 화학요법제,일양바이오팜(주),전문의약품,필름코팅정,D000142,Ciprofloxacin Hydrochloride Hydrate,Ciprofloxacin Hydrochloride Hydrate(시프로플록사신염산염수화물),시프로플록사신염산염수화물,일양바이오염산시프로플록사신정,20051230,200503799,[M223091]시프로플록사신염산염수화물,,단일,20140109,"- 안전성 및 유효성 미확립- 퀴놀론계 항균제는 몇몇 어린 동물종에서 특히 체중부하부위의 관절병증, 뼈연골증을 유발함",,특정연령대금기
20220129,무색 또는 미황색의 반투명한 액제,02640,진통.진양.수렴.소염제,갈더마코리아(주),전문의약품,샴푸,D000479,Clobetasol Propionate,Clobetasol Propionate(클로베타솔프로피오네이트),클로베타솔프로피오네이트,클로벡스액0.05%(클로베타솔프로피오네이트),20050610,200511301,[M223224]클로베타솔프로피오네이트,,단일,20140109,"소아는 체중당 체표면적의 비율이 성인보다 커서 코르티코이드로 인해 HPA축(시상하부-뇌하수체-부신 축) 억제, 쿠싱증후군, 발육장애, 두개내압항진 등이 나타나기 쉬움",,특정연령대금기
20220129,"백색의 부드럽고 반투명, 전질 균등한 연고제",02690,기타의 외피용약,주식회사제뉴원사이언스,전문의약품,피부연고제,D000479,Clobetasol Propionate,Clobetasol Propionate(클로베타솔프로피오네이트),클로베타솔프로피오네이트,프로솔연고(클로베타솔프로피오네이트),20061109,200606622,[M223224]클로베타솔프로피오네이트/[M223224]클로베타솔프로피오네이트,,단일,20140109,"소아는 체중당 체표면적의 비율이 성인보다 커서 코르티코이드로 인해 HPA축(시상하부-뇌하수체-부신 축) 억제, 쿠싱증후군, 발육장애, 두개내압항진 등이 나타나기 쉬움",,특정연령대금기
20210104,흰색의 장방형 필름코팅정 ,01410,항히스타민제,한국유씨비제약(주),일반의약품,필름코팅정,D000647,Cetirizine Hydrochloride,Cetirizine Hydrochloride(세티리진염산염),세티리진염산염,지르텍정(세티리진염산염),20060626,200610765,[M222857]세티리진염산염,,단일,20140109,안전성 및 유효성 미확립,,특정연령대금기
20210104,흰색 또는 거의 흰색의 원형 정제,01170,정신신경용제,(주)한독,전문의약품,나정,D000030,Amisulpride,Amisulpride(아미설프리드),아미설프리드,솔리안정200밀리그램(아미설프리드),20070122,200700906,[M089148]아미설프리드,,단일,20140109,안전성 및 유효성 미확립,,특정연령대금기
20140803,불투명한 플라스틱 용기에 든 녹색을 띄는 황색의 맑은  수용성 점안제,01310,안과용제,한국애브비(주),전문의약품,점안용액제,D000641,Brimonidine Tartrate,Brimonidine Tartrate(브리모니딘타르타르산염),브리모니딘타르타르산염,콤비간점안액,20070123,200700952,[M251494]브리모니딘타르타르산염/[M222894]티몰롤말레산염,[D000684]Timolol(티몰롤),복합,20140109,"- 안전성 및 유효성 미확립- 시판 후 조사에서 이 약을 투여 받은 신생아에서 무호흡, 서맥, 저혈압, 체온저하, 혼수상태, 졸음, 근긴장저하, 무기력, 창백, 호흡저하가 보고됨",,특정연령대금기
20201222,흰색의 장방형 필름코팅정,01170,정신신경용제,(주)한독,전문의약품,필름코팅정,D000030,Amisulpride,Amisulpride(아미설프리드),아미설프리드,솔리안정400밀리그램(아미설프리드),20070124,200701022,[M089148]아미설프리드,,단일,20140109,안전성 및 유효성 미확립,,특정연령대금기
20201222,흰색 또는 거의 흰색의 원형정제,01170,정신신경용제,(주)한독,전문의약품,나정,D000030,Amisulpride,Amisulpride(아미설프리드),아미설프리드,솔리안정100밀리그램(아미설프리드),20070124,200701030,[M089148]아미설프리드,,단일,20140109,안전성 및 유효성 미확립,,특정연령대금기
20260323,흰색의 타원형 필름코팅정제,06290,기타의 화학요법제,삼진제약(주),전문의약품,필름코팅정,D000142,Ciprofloxacin Hydrochloride,Ciprofloxacin Hydrochloride(시프로플록사신염산염),시프로플록사신염산염,키노베스정500밀리그램(시프로플록사신염산염)(수출용),20070209,200701814,[M242850]시프로플록사신염산염,,단일,20140109,"- 안전성 및 유효성 미확립- 퀴놀론계 항균제는 몇몇 어린 동물종에서 특히 체중부하부위의 관절병증, 뼈연골증을 유발함",,특정연령대금기
20190703,흰색의 장방형 필름코팅정제,01170,정신신경용제,유니메드제약(주),전문의약품,필름코팅정,D000030,Amisulpride,Amisulpride(아미설프리드),아미설프리드,폴라리스정400밀리그램(아미설프리드),20070209,200702164,[M089148]아미설프리드,,단일,20140109,안전성 및 유효성 미확립,,특정연령대금기
20181003,흰색의 원형 필름코팅정,04210,항악성종양제,이연제약(주),전문의약품,필름코팅정,D000724,Bicalutamide,Bicalutamide(비칼루타미드),비칼루타미드,비카소정(비칼루타미드),20070228,200702738,[M259016]비칼루타미드,,단일,20140109,_,,특정연령대금기
20181003,흰색의 원형 필름코팅정,04210,항악성종양제,신풍제약(주),전문의약품,필름코팅정,D000724,Bicalutamide,Bicalutamide(비칼루타미드),비칼루타미드,카소비트정(비칼루타미드),20070228,200702739,[M259016]비칼루타미드,,단일,20140109,_,,특정연령대금기
20181003,흰색의 원형 필름코팅정,04210,항악성종양제,알보젠코리아(주),전문의약품,필름코팅정,D000724,Bicalutamide,Bicalutamide(비칼루타미드),비칼루타미드,프로카덱스정(비칼루타미드),20070228,200702749,[M259016]비칼루타미드,,단일,20140109,_,,특정연령대금기
20260323,무색-미황색의 투명한 액이 들어있는 무색 투명한 바이알,06290,기타의 화학요법제,천우신약(주),전문의약품,용액주사제,D000142,Ciprofloxacin,Ciprofloxacin(시프로플록사신),시프로플록사신,시프록주사(시프로플록사신)(수출용),20070319,200703218,[M091139]시프로플록사신,,단일,20140109,"- 안전성 및 유효성 미확립- 퀴놀론계 항균제는 몇몇 어린 동물종에서 특히 체중부하부위의 관절병증, 뼈연골증을 유발함",,특정연령대금기
20200501,백색의 원형 필름코팅정,04210,항악성종양제,광동제약(주),전문의약품,필름코팅정,D000724,Bicalutamide,Bicalutamide(비칼루타미드),비칼루타미드,비카루드정(비칼루타미드),20070323,200703389,[M259016]비칼루타미드/[M259016]비칼루타미드,,단일,20140109,_,,특정연령대금기
20181003,흰색의 원형 필름코팅정,04210,항악성종양제,에이치케이이노엔(주),전문의약품,필름코팅정,D000724,Bicalutamide,Bicalutamide(비칼루타미드),비칼루타미드,프로칼린정50밀리그램(비칼루타미드),20070320,200703394,[M259016]비칼루타미드,,단일,20140109,_,,특정연령대금기
20181003,백색의 원형 필름코팅정,04210,항악성종양제,삼진제약(주),전문의약품,필름코팅정,D000724,Bicalutamide,Bicalutamide(비칼루타미드),비칼루타미드,프로세이드정(비칼루타미드),20070323,200703421,[M259016]비칼루타미드,,단일,20140109,_,,특정연령대금기
20181003,흰색 또는 거의 흰색의 원형 필름코팅정,04210,항악성종양제,(주)종근당,전문의약품,필름코팅정,D000724,Bicalutamide,Bicalutamide(비칼루타미드),비칼루타미드,칼루타미정50밀리그램(비칼루타미드),20070409,200704019,[M259016]비칼루타미드,,단일,20140109,_,,특정연령대금기
20111013,밝은 황색의 원형필름코팅정제,01490,기타의 알레르기용약,주식회사 노바엠헬스케어,전문의약품,필름코팅정,D000551,Azelastine Hydrochloride,Azelastine Hydrochloride(아젤라스틴염산염),아젤라스틴염산염,아제타정(아젤라스틴염산염),20070531,200706243,[M222870]아젤라스틴염산염,,단일,20140109,안전성 및 유효성 미확립,,특정연령대금기
20200724,이 약은 무색투명한 액이 황갈색 유리 앰플에 든 주사제이다.,01140,해열.진통.소염제,현대약품(주),전문의약품,용액주사제,D000696,Dexketoprofen Trometamol,Dexketoprofen Trometamol(덱스케토프로펜트로메타몰),덱스케토프로펜트로메타몰,케랄주(덱스케토프로펜트로메타몰),20070612,200706794,[M213126]덱스케토프로펜트로메타몰,,단일,20140109,안전성 및 유효성 미확립,,특정연령대금기
20220129,백색의 로션제,02640,진통.진양.수렴.소염제,주식회사제뉴원사이언스,전문의약품,피부로션제,D000479,Clobetasol Propionate,Clobetasol Propionate(클로베타솔프로피오네이트),클로베타솔프로피오네이트,프로솔로션(클로베타솔프로피오네이트),20070618,200706943,[M223224]클로베타솔프로피오네이트,,단일,20140109,"소아는 체중당 체표면적의 비율이 성인보다 커서 코르티코이드로 인해 HPA축(시상하부-뇌하수체-부신 축) 억제, 쿠싱증후군, 발육장애, 두개내압항진 등이 나타나기 쉬움",,특정연령대금기
20260323,백색의 원형 필름코팅정제,06290,기타의 화학요법제,(주)경보제약,전문의약품,필름코팅정,D000142,Ciprofloxacin Hydrochloride Hydrate,Ciprofloxacin Hydrochloride Hydrate(시프로플록사신염산염수화물),시프로플록사신염산염수화물,씨트로정(시프로플록사신염산염수화물),20070709,200707894,[M223091]시프로플록사신염산염수화물,,단일,20140109,"- 안전성 및 유효성 미확립- 퀴놀론계 항균제는 몇몇 어린 동물종에서 특히 체중부하부위의 관절병증, 뼈연골증을 유발함",,특정연령대금기
20260323,백색의 장방형 필름코팅정,06290,기타의 화학요법제,성원애드콕제약(주),전문의약품,필름코팅정,D000142,Ciprofloxacin Hydrochloride Hydrate,Ciprofloxacin Hydrochloride Hydrate(시프로플록사신염산염수화물),시프로플록사신염산염수화물,성원애드콕시프로플록사신500mg정(염산시프로플록사신)(수출용),20070823,200709743,[M223091]시프로플록사신염산염수화물/[M223091]시프로플록사신염산염수화물,,단일,20140109,"- 안전성 및 유효성 미확립- 퀴놀론계 항균제는 몇몇 어린 동물종에서 특히 체중부하부위의 관절병증, 뼈연골증을 유발함",,특정연령대금기
20210212,흰색의 장방형 필름코팅정,01410,항히스타민제,(주)아이월드제약,일반의약품,필름코팅정,D000647,Cetirizine Hydrochloride,Cetirizine Hydrochloride(세티리진염산염),세티리진염산염,기스톱정(세티리진염산염),20080328,200803434,[M222857]세티리진염산염,,단일,20140109,안전성 및 유효성 미확립,,특정연령대금기
20260323,흰색의 원형 필름코팅정,06290,기타의 화학요법제,대웅바이오(주),전문의약품,필름코팅정,D000142,Ciprofloxacin Hydrochloride,Ciprofloxacin Hydrochloride(시프로플록사신염산염),시프로플록사신염산염,베아신정250밀리그램(시프로플록사신염산염),20080710,200807647,[M242850]시프로플록사신염산염,,단일,20140109,"- 안전성 및 유효성 미확립- 퀴놀론계 항균제는 몇몇 어린 동물종에서 특히 체중부하부위의 관절병증, 뼈연골증을 유발함",,특정연령대금기
20210212,흰색의 장방형 필름코팅정,01410,항히스타민제,한솔신약(주),일반의약품,필름코팅정,D000647,Cetirizine Hydrochloride,Cetirizine Hydrochloride(세티리진염산염),세티리진염산염,세티스정(세티리진염산염),20090106,200900207,[M222857]세티리진염산염,,단일,20140109,안전성 및 유효성 미확립,,특정연령대금기
20260323,백색 또는 미황색의 장방형 필름코팅정,06290,기타의 화학요법제,태극제약(주),전문의약품,필름코팅정,D000142,Ciprofloxacin Hydrochloride,Ciprofloxacin Hydrochloride(염산시프로플록사신),염산시프로플록사신,태극염산시프로플록사신정500밀리그램(수출용),20090202,200901006,[M095543]염산시프로플록사신,,단일,20140109,"- 안전성 및 유효성 미확립- 퀴놀론계 항균제는 몇몇 어린 동물종에서 특히 체중부하부위의 관절병증, 뼈연골증을 유발함",,특정연령대금기
20181003,흰색 또는 거의 흰색의 원형 필름코팅정,04210,항악성종양제,(주)종근당,전문의약품,필름코팅정,D000724,Bicalutamide,Bicalutamide(비칼루타미드),비칼루타미드,칼루타미정150밀리그램(비칼루타미드),20090528,200903782,[M259016]비칼루타미드,,단일,20140109,_,,특정연령대금기
20210212,갈색병에 든 딸기향이 나는 맑고 투명한 액,01410,항히스타민제,태극제약(주),일반의약품,경구용액제,D000647,Cetirizine Hydrochloride,Cetirizine Hydrochloride(세티리진염산염),세티리진염산염,지르세틴액(세티리진염산염),20090529,200903813,[M222857]세티리진염산염,,단일,20140109,_,,특정연령대금기
20210212,흰색의 장방형 필름제피정제,01410,항히스타민제,주식회사제뉴원사이언스,일반의약품,필름코팅정,D000647,Cetirizine Hydrochloride,Cetirizine Hydrochloride(세티리진염산염),세티리진염산염,세레지아정(세티리진염산염)(수출용),20090615,200904150,[M222857]세티리진염산염/[M222857]세티리진염산염/[M222857]세티리진염산염,,단일,20140109,안전성 및 유효성 미확립,,특정연령대금기
20210212,흰색의 장방형 필름코팅정제,01410,항히스타민제,조아제약(주),일반의약품,필름코팅정,D000647,Cetirizine Hydrochloride,Cetirizine Hydrochloride(세티리진염산염),세티리진염산염,쥬르택정(세티리진염산염),20090626,200904516,[M222857]세티리진염산염,,단일,20140109,안전성 및 유효성 미확립,,특정연령대금기
20210212,무색 내지 연보라색의 내용물이 든 보라색의 투명한 타원형 연질캡슐,01410,항히스타민제,(주)알피바이오,일반의약품,"연질캡슐제, 액상",D000647,Cetirizine Hydrochloride,Cetirizine Hydrochloride(세티리진염산염),세티리진염산염,아르텍연질캡슐10mg(세티리진염산염),20090630,200904666,[M222857]세티리진염산염,,단일,20140109,안전성 및 유효성 미확립,,특정연령대금기
20210212,흰색의 장방형 필름코팅정제,01410,항히스타민제,익수제약(주),일반의약품,필름코팅정,D000647,Cetirizine Hydrochloride,Cetirizine Hydrochloride(세티리진염산염),세티리진염산염,알드라민정(세티리진염산염),20090710,200905228,[M222857]세티리진염산염,,단일,20140109,안전성 및 유효성 미확립,,특정연령대금기
20210212,흰색의 장방형 필름코팅정제,01410,항히스타민제,(주)휴온스생명과학,일반의약품,필름코팅정,D000647,Cetirizine Hydrochloride,Cetirizine Hydrochloride(세티리진염산염),세티리진염산염,알세진정10밀리그램(세티리진염산염),20090715,200905403,[M222857]세티리진염산염,,단일,20140109,안전성 및 유효성 미확립,,특정연령대금기
20210212,무색 내지 연보라색의 내용물이 든 보라색의 투명한 타원형 연질캡슐,01410,항히스타민제,(주)대웅제약,일반의약품,"연질캡슐제, 액상",D000647,Cetirizine Hydrochloride,Cetirizine Hydrochloride(세티리진염산염),세티리진염산염,알지엔스피드연질캡슐10밀리그램(세티리진염산염),20090720,200905653,[M222857]세티리진염산염,,단일,20140109,안전성 및 유효성 미확립,,특정연령대금기
20210212,무색 내지 연보라색의 내용물이 든 보라색의 투명한 타원형 연질캡슐,01410,항히스타민제,(주)녹십자,일반의약품,"연질캡슐제, 액상",D000647,Cetirizine Hydrochloride,Cetirizine Hydrochloride(세티리진염산염),세티리진염산염,알러샷연질캡슐(세티리진염산염),20090812,200906254,[M222857]세티리진염산염,,단일,20140109,안전성 및 유효성 미확립,,특정연령대금기
20130819,백색의 원형 필름코팅정제,04210,항악성종양제,광동제약(주),전문의약품,필름코팅정,D000724,Bicalutamide,Bicalutamide(비칼루타마이드),비칼루타마이드,비카루드정150mg(비칼루타마이드)(수출용),20091204,200908471,[M089188]비칼루타마이드,,단일,20140109,_,,특정연령대금기
20180823,황색의 투명한 액이 (다회용 : 불투명한 / 일회용 : 투명한 청색) 플라스틱 용기에 든 점안제,01310,안과용제,한림제약(주),전문의약품,점안용액제,D000641,Brimonidine Tartrate,Brimonidine Tartrate(브리모니딘타르타르산염),브리모니딘타르타르산염,"브리딘티점안액0.15%(브리모니딘타르타르산염)(1회용), 브리딘티점안액0.15%(브리모니딘타르타르산염)",20110125,201100382,[M251494]브리모니딘타르타르산염/[M251494]브리모니딘타르타르산염,,단일,20140109,"- 안전성 및 유효성 미확립- 시판 후 조사에서 이 약을 투여 받은 영아에서 무호흡, 서맥, 혼수, 저혈압, 저체온, 근육긴장저하, 기면, 창백, 호흡억제, 졸음이 보고됨",,특정연령대금기
20260323,백색 또는 미황색의 장방형 제피정,06290,기타의 화학요법제,안국약품(주),전문의약품,필름코팅정,D000142,Ciprofloxacin Hydrochloride Hydrate,Ciprofloxacin Hydrochloride Hydrate(시프로플록사신염산염수화물),시프로플록사신염산염수화물,안국시프로플록사신정(수출용),20110309,201101276,[M223091]시프로플록사신염산염수화물,,단일,20140109,"- 안전성 및 유효성 미확립- 퀴놀론계 항균제는 몇몇 어린 동물종에서 특히 체중부하부위의 관절병증, 뼈연골증을 유발함",,특정연령대금기
20190703,흰색의 원형 정제,01170,정신신경용제,유니메드제약(주),전문의약품,나정,D000030,Amisulpride,Amisulpride(아미설프리드),아미설프리드,폴라리스정100mg(아미설프리드),20111031,201109313,[M089148]아미설프리드,,단일,20140109,안전성 및 유효성 미확립,,특정연령대금기
20190703,흰색의 장방형 필름코팅정제,01170,정신신경용제,명인제약(주),전문의약품,필름코팅정,D000030,Amisulpride,Amisulpride(아미설프리드),아미설프리드,아미썰정400밀리그램(아미설프리드),20111129,201110472,[M089148]아미설프리드,,단일,20140109,안전성 및 유효성 미확립,,특정연령대금기
20220129,흰색의 연고제,02640,진통.진양.수렴.소염제,태극제약(주),전문의약품,피부연고제,D000479,Clobetasol Propionate,Clobetasol Propionate(클로베타솔프로피오네이트),클로베타솔프로피오네이트,프로베타연고(클로베타솔프로피오네이트)(수출용),20120723,201206213,[M223224]클로베타솔프로피오네이트,,단일,20140109,"소아는 체중당 체표면적의 비율이 성인보다 커서 코르티코이드로 인해 HPA축(시상하부-뇌하수체-부신 축) 억제, 쿠싱증후군, 발육장애, 두개내압항진 등이 나타나기 쉬움",,특정연령대금기
20260323,흰색의 원형 필름코팅정제,06290,기타의 화학요법제,하나제약(주),전문의약품,필름코팅정,D000142,Ciprofloxacin Hydrochloride Hydrate,Ciprofloxacin Hydrochloride Hydrate(시프로플록사신염산염수화물),시프로플록사신염산염수화물,씨프론정250mg(시프로플록사신염산염수화물),20121123,201208643,[M223091]시프로플록사신염산염수화물,,단일,20140109,"- 안전성 및 유효성 미확립- 퀴놀론계 항균제는 몇몇 어린 동물종에서 특히 체중부하부위의 관절병증, 뼈연골증을 유발함",,특정연령대금기
20140203,황색의 투명한 액이 불투명한 플라스틱 용기에 든 점안제,01310,안과용제,국제약품(주),전문의약품,점안용액제,D000641,Brimonidine Tartrate,Brimonidine Tartrate(브리모니딘타르타르산염),브리모니딘타르타르산염,알파몬피점안액0.15%(브리모니딘타르타르산염),20121130,201209003,[M251494]브리모니딘타르타르산염,,단일,20140109,"- 안전성 및 유효성 미확립- 시판 후 조사에서 이 약을 투여 받은 영아에서 무호흡, 서맥, 혼수, 저혈압, 저체온, 근육긴장저하, 기면, 창백, 호흡억제, 졸음이 보고됨",,특정연령대금기
20190703,흰색의 원형 필름코팅정,01170,정신신경용제,명인제약(주),전문의약품,필름코팅정,D000030,Amisulpride,Amisulpride(아미설프리드),아미설프리드,아미썰정100밀리그램(아미설프리드),20130118,201301615,[M089148]아미설프리드,,단일,20140109,안전성 및 유효성 미확립,,특정연령대금기
20190703,흰색의 원형 필름코팅정,01170,정신신경용제,명인제약(주),전문의약품,필름코팅정,D000030,Amisulpride,Amisulpride(아미설프리드),아미설프리드,아미썰정200밀리그램(아미설프리드),20130118,201301616,[M089148]아미설프리드,,단일,20140109,안전성 및 유효성 미확립,,특정연령대금기
20220129,"백색의 부드럽고 반투명, 전질 균등한 연고제",02640,진통.진양.수렴.소염제,(주)제뉴파마,전문의약품,피부연고제,D000479,Clobetasol Propionate,Clobetasol Propionate(클로베타솔프로피오네이트),클로베타솔프로피오네이트,클로베이트연고(클로베타솔프로피오네이트)(수출용),20130219,201305372,[M223224]클로베타솔프로피오네이트,,단일,20140109,"소아는 체중당 체표면적의 비율이 성인보다 커서 코르티코이드로 인해 HPA축(시상하부-뇌하수체-부신 축) 억제, 쿠싱증후군, 발육장애, 두개내압항진 등이 나타나기 쉬움",,특정연령대금기
20260511,"흰색의 가루가 든 상부 흰색, 하부 흰색의 경질캡슐",01190,기타의 중추신경용약,환인제약(주),전문의약품,"경질캡슐제, 산제",D000552,Atomoxetine Hydrochloride,Atomoxetine Hydrochloride(아토목세틴염산염),아토목세틴염산염,환인아토목세틴캡슐10밀리그램(아토목세틴염산염),20130322,201306366,[M246680]아토목세틴염산염,,단일,20140109,안전성 및 유효성 미확립,,특정연령대금기
20260511,"흰색의 가루가 든 상부 황색, 하부 흰색의 경질캡슐",01190,기타의 중추신경용약,환인제약(주),전문의약품,"경질캡슐제, 산제",D000552,Atomoxetine Hydrochloride,Atomoxetine Hydrochloride(아토목세틴염산염),아토목세틴염산염,환인아토목세틴캡슐18밀리그램(아토목세틴염산염),20130322,201306367,[M246680]아토목세틴염산염,,단일,20140109,안전성 및 유효성 미확립,,특정연령대금기
20260511,"흰색의 가루가 든 상부 청색, 하부 흰색의 경질캡슐",01190,기타의 중추신경용약,환인제약(주),전문의약품,"경질캡슐제, 산제",D000552,Atomoxetine Hydrochloride,Atomoxetine Hydrochloride(아토목세틴염산염),아토목세틴염산염,환인아토목세틴캡슐25밀리그램(아토목세틴염산염),20130322,201306368,[M246680]아토목세틴염산염,,단일,20140109,안전성 및 유효성 미확립,,특정연령대금기
20260511,"흰색의 가루가 든 상부 청색, 하부 황색의 경질캡슐",01190,기타의 중추신경용약,환인제약(주),전문의약품,"경질캡슐제, 산제",D000552,Atomoxetine Hydrochloride,Atomoxetine Hydrochloride(아토목세틴염산염),아토목세틴염산염,환인아토목세틴캡슐60밀리그램(아토목세틴염산염),20130322,201306369,[M246680]아토목세틴염산염,,단일,20140109,안전성 및 유효성 미확립,,특정연령대금기
20260511,"흰색의 가루가 든 상부 청색, 하부 청색의 경질캡슐",01190,기타의 중추신경용약,환인제약(주),전문의약품,"경질캡슐제, 산제",D000552,Atomoxetine Hydrochloride,Atomoxetine Hydrochloride(아토목세틴염산염),아토목세틴염산염,환인아토목세틴캡슐40밀리그램(아토목세틴염산염),20130322,201306370,[M246680]아토목세틴염산염,,단일,20140109,안전성 및 유효성 미확립,,특정연령대금기
20260511,"흰색 분말이 든 상부 청색, 하부 청색의 경질캡슐",01190,기타의 중추신경용약,명인제약(주),전문의약품,"경질캡슐제, 산제",D000552,Atomoxetine Hydrochloride,Atomoxetine Hydrochloride(아토목세틴염산염),아토목세틴염산염,아토목신캡슐40밀리그램(아토목세틴염산염),20130610,201307635,[M246680]아토목세틴염산염,,단일,20140109,안전성 및 유효성 미확립,,특정연령대금기
20210127,밝은 노란색의 원형 필름코팅정,01490,기타의 알레르기용약,태극제약(주),전문의약품,필름코팅정,D000551,Azelastine Hydrochloride,Azelastine Hydrochloride(아젤라스틴염산염),아젤라스틴염산염,아젤틴정(아젤라스틴염산염),20130621,201307778,[M222870]아젤라스틴염산염,,단일,20140109,안전성 및 유효성 미확립,,특정연령대금기
20201117,밝은 황색의 원형 필름코팅정,01490,기타의 알레르기용약,(주)화이트생명과학,전문의약품,필름코팅정,D000551,Azelastine Hydrochloride,Azelastine Hydrochloride(아젤라스틴염산염),아젤라스틴염산염,아젠틴정(아젤라스틴염산염),20130909,201309263,[M222870]아젤라스틴염산염,,단일,20140109,안전성 및 유효성 미확립,,특정연령대금기
20260323,흰색의 원형 필름코팅정,06290,기타의 화학요법제,주식회사큐엘파마,전문의약품,필름코팅정,D000142,Ciprofloxacin Hydrochloride Hydrate,Ciprofloxacin Hydrochloride Hydrate(시프로플록사신염산염수화물),시프로플록사신염산염수화물,싸이러스정250밀리그램(시프로플록사신염산염수화물),20130930,201309509,[M223091]시프로플록사신염산염수화물,,단일,20140109,"- 안전성 및 유효성 미확립- 퀴놀론계 항균제는 몇몇 어린 동물종에서 특히 체중부하부위의 관절병증, 뼈연골증을 유발함",,특정연령대금기
20260511,"흰색 분말이 든 상부 청색, 하부 흰색의 경질캡슐",01190,기타의 중추신경용약,명인제약(주),전문의약품,"경질캡슐제, 산제",D000552,Atomoxetine Hydrochloride,Atomoxetine Hydrochloride(아토목세틴염산염),아토목세틴염산염,아토목신캡슐25밀리그램(아토목세틴염산염),20131025,201309920,[M246680]아토목세틴염산염,,단일,20140109,안전성 및 유효성 미확립,,특정연령대금기
20260511,"흰색 분말이 든 상부 황색, 하부 흰색의 경질캡슐",01190,기타의 중추신경용약,명인제약(주),전문의약품,"경질캡슐제, 산제",D000552,Atomoxetine Hydrochloride,Atomoxetine Hydrochloride(아토목세틴염산염),아토목세틴염산염,아토목신캡슐18밀리그램(아토목세틴염산염),20131025,201309921,[M246680]아토목세틴염산염,,단일,20140109,안전성 및 유효성 미확립,,특정연령대금기
20260511,"흰색의 가루가 든 상부 갈색, 하부 흰색의 경질 캡슐",01190,기타의 중추신경용약,환인제약(주),전문의약품,"경질캡슐제, 산제",D000552,Atomoxetine Hydrochloride,Atomoxetine Hydrochloride(아토목세틴염산염),아토목세틴염산염,환인아토목세틴캡슐80밀리그램(아토목세틴염산염),20131030,201309964,[M246680]아토목세틴염산염,,단일,20140109,안전성 및 유효성 미확립,,특정연령대금기
20260511,"흰색 분말이 충진된 상부 청색, 하부 청색의 경질캡슐제",01190,기타의 중추신경용약,명문제약(주),전문의약품,"경질캡슐제, 산제",D000552,Atomoxetine Hydrochloride,Atomoxetine Hydrochloride(아토목세틴염산염),아토목세틴염산염,아트렉스캡슐40mg(아토목세틴염산염)(수출용),20140228,201400958,[M246680]아토목세틴염산염,,단일,20140109,안전성 및 유효성 미확립,,특정연령대금기
20260511,"흰색 분말이 충진된 상부 흰색, 하부 흰색의 경질캡슐제",01190,기타의 중추신경용약,명문제약(주),전문의약품,"경질캡슐제, 산제",D000552,Atomoxetine Hydrochloride,Atomoxetine Hydrochloride(아토목세틴염산염),아토목세틴염산염,아트렉스캡슐10mg(아토목세틴염산염)(수출용),20140228,201400959,[M246680]아토목세틴염산염,,단일,20140109,안전성 및 유효성 미확립,,특정연령대금기
20260511,"흰색분말이 충진된 상부 청색, 하부 흰색의 경질캡슐제",01190,기타의 중추신경용약,명문제약(주),전문의약품,"경질캡슐제, 산제",D000552,Atomoxetine Hydrochloride,Atomoxetine Hydrochloride(아토목세틴염산염),아토목세틴염산염,아트렉스캡슐25밀리그램(아토목세틴염산염)(수출용),20140228,201400960,[M246680]아토목세틴염산염,,단일,20140109,안전성 및 유효성 미확립,,특정연령대금기
20260511,"흰색분말이 충진된 상부 황색, 하부 흰색의 경질캡슐제",01190,기타의 중추신경용약,명문제약(주),전문의약품,"경질캡슐제, 산제",D000552,Atomoxetine Hydrochloride,Atomoxetine Hydrochloride(아토목세틴염산염),아토목세틴염산염,아트렉스캡슐18밀리그램(아토목세틴염산염)(수출용),20140228,201400963,[M246680]아토목세틴염산염,,단일,20140109,안전성 및 유효성 미확립,,특정연령대금기
20260511,"흰색분말이 충진된 상부 청색, 하부 황색의 경질캡슐제",01190,기타의 중추신경용약,명문제약(주),전문의약품,"경질캡슐제, 산제",D000552,Atomoxetine Hydrochloride,Atomoxetine Hydrochloride(아토목세틴염산염),아토목세틴염산염,아트렉스캡슐60밀리그램(아토목세틴염산염)(수출용),20140228,201400964,[M246680]아토목세틴염산염,,단일,20140109,안전성 및 유효성 미확립,,특정연령대금기
20260323,흰색의 장방형 필름코팅정,06290,기타의 화학요법제,경진제약(주),전문의약품,필름코팅정,D000142,Ciprofloxacin Hydrochloride Hydrate,Ciprofloxacin Hydrochloride Hydrate(시프로플록사신염산염수화물),시프로플록사신염산염수화물,경진시프로플록사신정500밀리그램(시프로플록사신염산염수화물)(수출용),20140305,201401021,[M223091]시프로플록사신염산염수화물,,단일,20140109,"- 안전성 및 유효성 미확립- 퀴놀론계 항균제는 몇몇 어린 동물종에서 특히 체중부하부위의 관절병증, 뼈연골증을 유발함",,특정연령대금기
20260323,흰색의 장방형 필름코팅정,06290,기타의 화학요법제,(주)마더스제약,전문의약품,필름코팅정,D000142,Ciprofloxacin Hydrochloride Hydrate,Ciprofloxacin Hydrochloride Hydrate(시프로플록사신염산염수화물),시프로플록사신염산염수화물,마더스시프로플록사신정500밀리그램(시프로플록사신염산염수화물)(수출용)(수출명 : Mother’s Ciprofloxacin tab. 500mg),20140306,201401038,[M223091]시프로플록사신염산염수화물,,단일,20140109,"- 안전성 및 유효성 미확립- 퀴놀론계 항균제는 몇몇 어린 동물종에서 특히 체중부하부위의 관절병증, 뼈연골증을 유발함",,특정연령대금기
20260511,"흰색 분말이 든 상부 흰색, 하부 흰색의 경질캡슐",01190,기타의 중추신경용약,명인제약(주),전문의약품,"경질캡슐제, 산제",D000552,Atomoxetine Hydrochloride,Atomoxetine Hydrochloride(아토목세틴염산염),아토목세틴염산염,아토목신캡슐10밀리그램(아토목세틴염산염),20140317,201401189,[M246680]아토목세틴염산염,,단일,20140109,안전성 및 유효성 미확립,,특정연령대금기
20260511,"흰색 분말이 든 상부 청색, 하부 황색의 경질캡슐",01190,기타의 중추신경용약,명인제약(주),전문의약품,"경질캡슐제, 산제",D000552,Atomoxetine Hydrochloride,Atomoxetine Hydrochloride(아토목세틴염산염),아토목세틴염산염,아토목신캡슐60밀리그램(아토목세틴염산염),20140317,201401190,[M246680]아토목세틴염산염,,단일,20140109,안전성 및 유효성 미확립,,특정연령대금기
20260323,흰색의 원형 필름코팅정,06290,기타의 화학요법제,(주)휴온스,전문의약품,필름코팅정,D000142,Ciprofloxacin Hydrochloride Hydrate,Ciprofloxacin Hydrochloride Hydrate(시프로플록사신염산염수화물),시프로플록사신염산염수화물,프록사신바이정(시프로플록사신염산염수화물),20140618,201402714,[M223091]시프로플록사신염산염수화물,,단일,20140109,"- 안전성 및 유효성 미확립- 퀴놀론계 항균제는 몇몇 어린 동물종에서 특히 체중부하부위의 관절병증, 뼈연골증을 유발함",,특정연령대금기
20220129,반투명한 흰색~미황색의 전질균등한 연고제,02640,진통.진양.수렴.소염제,이연제약(주),전문의약품,피부연고제,D000479,Clobetasol Propionate,Clobetasol Propionate(클로베타솔프로피오네이트),클로베타솔프로피오네이트,클로베타연고(클로베타솔프로피오네이트),20140625,201402836,[M223224]클로베타솔프로피오네이트,,단일,20140109,"소아는 체중당 체표면적의 비율이 성인보다 커서 코르티코이드로 인해 HPA축(시상하부-뇌하수체-부신 축) 억제, 쿠싱증후군, 발육장애, 두개내압항진 등이 나타나기 쉬움",,특정연령대금기
20260323,흰색의 원형 필름코팅정,06290,기타의 화학요법제,이연제약(주),전문의약품,필름코팅정,D000142,Ciprofloxacin Hydrochloride Hydrate,Ciprofloxacin Hydrochloride Hydrate(시프로플록사신염산염수화물),시프로플록사신염산염수화물,시푸로신정(시프로플록사신염산염수화물),20140627,201402874,[M223091]시프로플록사신염산염수화물,,단일,20140109,"- 안전성 및 유효성 미확립- 퀴놀론계 항균제는 몇몇 어린 동물종에서 특히 체중부하부위의 관절병증, 뼈연골증을 유발함",,특정연령대금기
20260323,무색~미황색의 투명한 액이 들어있는 무색 투명한 바이알,06290,기타의 화학요법제,(주)오스코리아제약,전문의약품,용액주사제,D000142,Ciprofloxacin,Ciprofloxacin(시프로플록사신),시프로플록사신,시프록스주(시프로플록사신),20140716,201403180,[M091139]시프로플록사신,,단일,20140109,"- 안전성 및 유효성 미확립- 퀴놀론계 항균제는 몇몇 어린 동물종에서 특히 체중부하부위의 관절병증, 뼈연골증을 유발함",,특정연령대금기
20220129,흰색~거의 흰색의 유연한 크림으로 이물질이 없이 전질 균등한 외용 크림제,02640,진통.진양.수렴.소염제,이연제약(주),전문의약품,피부크림제,D000479,Clobetasol Propionate,Clobetasol Propionate(클로베타솔프로피오네이트),클로베타솔프로피오네이트,클로베타크림(클로베타솔프로피오네이트),20140722,201403285,[M223224]클로베타솔프로피오네이트,,단일,20140109,"소아는 체중당 체표면적의 비율이 성인보다 커서 코르티코이드로 인해 HPA축(시상하부-뇌하수체-부신 축) 억제, 쿠싱증후군, 발육장애, 두개내압항진 등이 나타나기 쉬움",,특정연령대금기
20260323,흰색의 원형 필름코팅정,06290,기타의 화학요법제,한국휴텍스제약(주),전문의약품,필름코팅정,D000142,Ciprofloxacin Hydrochloride Hydrate,Ciprofloxacin Hydrochloride Hydrate(시프로플록사신염산염수화물),시프로플록사신염산염수화물,싸이프로신정250mg(시프로플록사신염산염수화물),20140729,201403459,[M223091]시프로플록사신염산염수화물,,단일,20140109,"- 안전성 및 유효성 미확립- 퀴놀론계 항균제는 몇몇 어린 동물종에서 특히 체중부하부위의 관절병증, 뼈연골증을 유발함",,특정연령대금기
20260323,흰색-미황색의 원형 필름코팅정제,06290,기타의 화학요법제,동방에프티엘(주),전문의약품,필름코팅정,D000142,Ciprofloxacin Hydrochloride Hydrate,Ciprofloxacin Hydrochloride Hydrate(시프로플록사신염산염수화물),시프로플록사신염산염수화물,씨팍신정250밀리그램(시프로플록사신염산염수화물),20140801,201403586,[M223091]시프로플록사신염산염수화물,,단일,20140109,"- 안전성 및 유효성 미확립- 퀴놀론계 항균제는 몇몇 어린 동물종에서 특히 체중부하부위의 관절병증, 뼈연골증을 유발함",,특정연령대금기
20260511,흰색 분말이 든 상부 갈색 하부 흰색의 경질캡슐,01190,기타의 중추신경용약,명인제약(주),전문의약품,"경질캡슐제, 산제",D000552,Atomoxetine Hydrochloride,Atomoxetine Hydrochloride(아토목세틴염산염),아토목세틴염산염,아토목신캡슐80밀리그램(아토목세틴염산염),20141027,201404924,[M246680]아토목세틴염산염,,단일,20140109,안전성 및 유효성 미확립,,특정연령대금기
20150113,밝은 황색의 원형 필름코팅정제,01490,기타의 알레르기용약,(주)에이프로젠바이오로직스,전문의약품,필름코팅정,D000551,Azelastine Hydrochloride,Azelastine Hydrochloride(아젤라스틴염산염),아젤라스틴염산염,아젤스틴정(아젤라스틴염산염),20141128,201405612,[M222870]아젤라스틴염산염,,단일,20140109,안전성 및 유효성 미확립,,특정연령대금기
20260323,백색의 원형 필름코팅정제,06290,기타의 화학요법제,(주)티디에스팜,전문의약품,필름코팅정,D000142,Ciprofloxacin Hydrochloride Hydrate,Ciprofloxacin Hydrochloride Hydrate(시프로플록사신염산염수화물),시프로플록사신염산염수화물,씨큐로베이정250밀리그램(시프로플록사신염산염수화물),20150209,201500661,[M223091]시프로플록사신염산염수화물,,단일,20140109,"- 안전성 및 유효성 미확립- 퀴놀론계 항균제는 몇몇 어린 동물종에서 특히 체중부하부위의 관절병증, 뼈연골증을 유발함",,특정연령대금기
20170424,[무보존제] : 무색투명한 플라스틱 용기에 든 녹색을 띄는 황색의 맑은 수용성 점안제[유보존제] : 불투명한 플라스틱 용기에 든 녹색을 띄는 황색의 맑은 수용성 점안제,01310,안과용제,한림제약(주),전문의약품,점안용액제,D000641,Brimonidine Tartrate,Brimonidine Tartrate(브리모니딘타르타르산염),브리모니딘타르타르산염,"브리딘플러스점안액(브리모니딘타르타르산염,티몰롤말레산염)(1회용),브리딘플러스점안액(브리모니딘타르타르산염,티몰롤말레산염)",20141024,201404881,[M255020]브리모니딘타르타르산염/[M256384]티몰롤말레산염/[M255020]브리모니딘타르타르산염/[M256384]티몰롤말레산염,[D000684]Timolol(티몰롤),복합,20140109,"- 안전성 및 유효성 미확립- 시판 후 조사에서 이 약을 투여 받은 신생아에서 무호흡, 서맥, 저혈압, 체온저하, 혼수상태, 졸음, 근긴장저하, 무기력, 창백, 호흡저하가 보고됨",,특정연령대금기
20201125,밝은 황색의 원형 필름코팅정,01490,기타의 알레르기용약,(주)비보존제약,전문의약품,필름코팅정,D000551,Azelastine Hydrochloride,Azelastine Hydrochloride(아젤라스틴염산염),아젤라스틴염산염,아젤라진정(아젤라스틴염산염),20150326,201501605,[M222870]아젤라스틴염산염,,단일,20140109,안전성 및 유효성 미확립,,특정연령대금기
20150526,밝은 노란색의 원형 필름코팅정,01490,기타의 알레르기용약,주식회사더유제약,전문의약품,필름코팅정,D000551,Azelastine Hydrochloride,Azelastine Hydrochloride(아젤라스틴염산염),아젤라스틴염산염,알렙틴정(아젤라스틴염산염),20150406,201501855,[M222870]아젤라스틴염산염,,단일,20140109,안전성 및 유효성 미확립,,특정연령대금기
20190703,흰색의 원형 정제,01170,정신신경용제,(주)한국파마,전문의약품,나정,D000030,Amisulpride,Amisulpride(아미설프리드),아미설프리드,아칸솔정100mg(아미설프리드),20150528,201503279,[M089148]아미설프리드,,단일,20140109,안전성 및 유효성 미확립,,특정연령대금기
20190703,흰색의 장방형 필름코팅정제,01170,정신신경용제,(주)한국파마,전문의약품,필름코팅정,D000030,Amisulpride,Amisulpride(아미설프리드),아미설프리드,아칸솔정400mg(아미설프리드),20150528,201503280,[M089148]아미설프리드,,단일,20140109,안전성 및 유효성 미확립,,특정연령대금기
20260323,흰색의 원형 필름코팅정,06290,기타의 화학요법제,(주)킵스바이오파마,전문의약품,필름코팅정,D000142,Ciprofloxacin Hydrochloride Hydrate,Ciprofloxacin Hydrochloride Hydrate(시프로플록사신염산염수화물),시프로플록사신염산염수화물,시프로신정(시프로플록사신염산염),20150727,201505089,[M223091]시프로플록사신염산염수화물,,단일,20140109,"- 안전성 및 유효성 미확립- 퀴놀론계 항균제는 몇몇 어린 동물종에서 특히 체중부하부위의 관절병증, 뼈연골증을 유발함",,특정연령대금기
20181003,흰색 혹은 미황색의 원형의 필름코팅정,04210,항악성종양제,(주)한독테바,전문의약품,필름코팅정,D000724,Bicalutamide,Bicalutamide(비칼루타마이드),비칼루타마이드,테바비칼루타마이드정50밀리그램,20151023,201507324,[M089188]비칼루타마이드,,단일,20140109,_,,특정연령대금기
20260323,흰색의 원형 필름코팅정,06290,기타의 화학요법제,(주)동구바이오제약,전문의약품,필름코팅정,D000142,Ciprofloxacin Hydrochloride Hydrate,Ciprofloxacin Hydrochloride Hydrate(시프로플록사신염산염수화물),시프로플록사신염산염수화물,시프록신정(시프로플록사신염산염수화물),20151217,201508296,[M223091]시프로플록사신염산염수화물,,단일,20140109,"- 안전성 및 유효성 미확립- 퀴놀론계 항균제는 몇몇 어린 동물종에서 특히 체중부하부위의 관절병증, 뼈연골증을 유발함",,특정연령대금기
20260323,흰색의 원형 필름코팅정,06290,기타의 화학요법제,(주)일화,전문의약품,필름코팅정,D000142,Ciprofloxacin Hydrochloride Hydrate,Ciprofloxacin Hydrochloride Hydrate(시프로플록사신염산염수화물),시프로플록사신염산염수화물,씨록사신정(시프로플록사신염산염수화물),20160129,201600601,[M223091]시프로플록사신염산염수화물,,단일,20140109,"- 안전성 및 유효성 미확립- 퀴놀론계 항균제는 몇몇 어린 동물종에서 특히 체중부하부위의 관절병증, 뼈연골증을 유발함",,특정연령대금기
20260323,흰색-미황색의 원형 필름코팅정,06290,기타의 화학요법제,(주)오스코리아제약,전문의약품,필름코팅정,D000142,Ciprofloxacin Hydrochloride,Ciprofloxacin Hydrochloride(시프로플록사신염산염),시프로플록사신염산염,시프록스정(시프로플록사신염산염),20160226,201601113,[M242850]시프로플록사신염산염,,단일,20140109,"- 안전성 및 유효성 미확립- 퀴놀론계 항균제는 몇몇 어린 동물종에서 특히 체중부하부위의 관절병증, 뼈연골증을 유발함",,특정연령대금기
20260323,흰색의 장방형 필름코팅정,06290,기타의 화학요법제,대웅바이오(주),전문의약품,필름코팅정,D000142,Ciprofloxacin Hydrochloride,Ciprofloxacin Hydrochloride(시프로플록사신염산염),시프로플록사신염산염,베아신정500밀리그램(시프로플록사신염산염),20160331,201601711,[M242850]시프로플록사신염산염,,단일,20140109,"- 안전성 및 유효성 미확립- 퀴놀론계 항균제는 몇몇 어린 동물종에서 특히 체중부하부위의 관절병증, 뼈연골증을 유발함",,특정연령대금기
20260323,흰색의 장방형 필름코팅정,06290,기타의 화학요법제,아이큐어(주),전문의약품,필름코팅정,D000142,Ciprofloxacin Hydrochloride Hydrate,Ciprofloxacin Hydrochloride Hydrate(시프로플록사신염산염수화물),시프로플록사신염산염수화물,씨록탄정500밀리그램(시프로플록사신염산염수화물),20160426,201602319,[M223091]시프로플록사신염산염수화물,,단일,20140109,"- 안전성 및 유효성 미확립- 퀴놀론계 항균제는 몇몇 어린 동물종에서 특히 체중부하부위의 관절병증, 뼈연골증을 유발함",,특정연령대금기
20210212,흰색의 원형 필름코팅정,01410,항히스타민제,태극제약(주),일반의약품,필름코팅정,D000647,Cetirizine Hydrochloride,Cetirizine Hydrochloride(세티리진염산염),세티리진염산염,알러비정(세티리진염산염),20160517,201602714,[M222857]세티리진염산염,,단일,20140109,안전성 및 유효성 미확립,,특정연령대금기
20180227,밝은 황색의 원형 필름코팅정,01490,기타의 알레르기용약,성원애드콕제약(주),전문의약품,필름코팅정,D000551,Azelastine Hydrochloride,Azelastine Hydrochloride(아젤라스틴염산염),아젤라스틴염산염,아젤라실정(아젤라스틴염산염),20160519,201602766,[M222870]아젤라스틴염산염,,단일,20140109,안전성 및 유효성 미확립,,특정연령대금기
20181003,흰색의 원형 필름코팅정,04210,항악성종양제,대원제약(주),전문의약품,필름코팅정,D000724,Bicalutamide,Bicalutamide(비칼루타미드),비칼루타미드,카덱스정(비칼루타미드),20160531,201603104,[M259016]비칼루타미드,,단일,20140109,_,,특정연령대금기
20260323,흰색 원형 필름코팅정,06290,기타의 화학요법제,아이큐어(주),전문의약품,필름코팅정,D000142,Ciprofloxacin Hydrochloride Hydrate,Ciprofloxacin Hydrochloride Hydrate(시프로플록사신염산염수화물),시프로플록사신염산염수화물,씨록탄정250밀리그램(시프로플록사신염산염수화물),20160602,201603173,[M223091]시프로플록사신염산염수화물,,단일,20140109,"- 안전성 및 유효성 미확립- 퀴놀론계 항균제는 몇몇 어린 동물종에서 특히 체중부하부위의 관절병증, 뼈연골증을 유발함",,특정연령대금기
20260323,미백색의 원형 필름코팅정제,06290,기타의 화학요법제,조아제약(주),전문의약품,필름코팅정,D000142,Ciprofloxacin Hydrochloride Hydrate,Ciprofloxacin Hydrochloride Hydrate(시프로플록사신염산염수화물),시프로플록사신염산염수화물,시플록큐정250mg(시프로플록사신염산염수화물),20160628,201604019,[M223091]시프로플록사신염산염수화물,,단일,20140109,"- 안전성 및 유효성 미확립- 퀴놀론계 항균제는 몇몇 어린 동물종에서 특히 체중부하부위의 관절병증, 뼈연골증을 유발함",,특정연령대금기
20251110,흰색의 장방형 필름코팅정,01140,해열.진통.소염제,(주)제뉴파마,일반의약품,서방성필름코팅정,D000147,Acetaminophen,Acetaminophen(아세트아미노펜),아세트아미노펜,아니스펜8시간이알서방정(아세트아미노펜),20170111,201700254,[M040353]아세트아미노펜/[M040353]아세트아미노펜,,단일,20140109,"-소아 및 고령자(노인)는 최소 필요량을 복용하고 이상반응에 유의- 과도한 체온강하, 허탈, 사지냉각 등이 나타날 수 있음",,특정연령대금기
20251110,흰색의 장방형 필름코팅정,01140,해열.진통.소염제,동화약품(주),일반의약품,서방성필름코팅정,D000147,Acetaminophen,Acetaminophen(아세트아미노펜),아세트아미노펜,트리스펜8시간이알서방정(아세트아미노펜),20170928,201707306,[M040353]아세트아미노펜/[M040353]아세트아미노펜,,단일,20140109,"-소아 및 고령자(노인)는 최소 필요량을 복용하고 이상반응에 유의- 과도한 체온강하, 허탈, 사지냉각 등이 나타날 수 있음",,특정연령대금기
20251110,흰색의 장방형 필름코팅정,01140,해열.진통.소염제,(주)킵스바이오파마,일반의약품,서방성필름코팅정,D000147,Acetaminophen,Acetaminophen(아세트아미노펜),아세트아미노펜,타미스펜8시간이알서방정(아세트아미노펜),20170928,201707307,[M040353]아세트아미노펜/[M040353]아세트아미노펜,,단일,20140109,"-소아 및 고령자(노인)는 최소 필요량을 복용하고 이상반응에 유의- 과도한 체온강하, 허탈, 사지냉각 등이 나타날 수 있음",,특정연령대금기
20260323,흰색의 원형 필름코팅정,06290,기타의 화학요법제,(주)이든파마,전문의약품,필름코팅정,D000142,Ciprofloxacin Hydrochloride Hydrate,Ciprofloxacin Hydrochloride Hydrate(시프로플록사신염산염수화물),시프로플록사신염산염수화물,씨플록정250mg(시프로플록사신염산염수화물),20180123,201800299,[M223091]시프로플록사신염산염수화물,,단일,20140109,"- 안전성 및 유효성 미확립- 퀴놀론계 항균제는 몇몇 어린 동물종에서 특히 체중부하부위의 관절병증, 뼈연골증을 유발함",,특정연령대금기
20251110,흰색의 장방형 서방성 필름코팅정,01140,해열.진통.소염제,부광약품(주),일반의약품,서방성필름코팅정,D000147,Acetaminophen,Acetaminophen(아세트아미노펜),아세트아미노펜,타세놀8시간이알서방정325밀리그램(아세트아미노펜),20180130,201800567,[M040353]아세트아미노펜/[M040353]아세트아미노펜,,단일,20140109,"-소아 및 고령자(노인)는 최소 필요량을 복용하고 이상반응에 유의- 과도한 체온강하, 허탈, 사지냉각 등이 나타날 수 있음",,특정연령대금기
20260323,흰색의 원형 필름코팅정,06290,기타의 화학요법제,(주)씨엘팜,전문의약품,필름코팅정,D000142,Ciprofloxacin Hydrochloride Hydrate,Ciprofloxacin Hydrochloride Hydrate(시프로플록사신염산염수화물),시프로플록사신염산염수화물,플로리정250밀리그램(시프로플록사신염산염수화물),20180226,201800924,[M223091]시프로플록사신염산염수화물,,단일,20140109,"- 안전성 및 유효성 미확립- 퀴놀론계 항균제는 몇몇 어린 동물종에서 특히 체중부하부위의 관절병증, 뼈연골증을 유발함",,특정연령대금기
20210212,무색 내지 연보라색의 내용물이 든 보라색의 투명한 타원형 연질캡슐,01410,항히스타민제,동화약품(주),일반의약품,"연질캡슐제, 액상",D000647,Cetirizine Hydrochloride,Cetirizine Hydrochloride(세티리진염산염),세티리진염산염,플로리진연질캡슐(세티리진염산염),20180329,201801393,[M222857]세티리진염산염,,단일,20140109,안전성 및 유효성 미확립,,특정연령대금기
20260323,백색-미황색의 원형 필름코팅정,06290,기타의 화학요법제,(주)팜젠사이언스,전문의약품,필름코팅정,D000142,Ciprofloxacin Hydrochloride,Ciprofloxacin Hydrochloride(시프로플록사신염산염),시프로플록사신염산염,팜젠시프로플록사신정250mg(시프로플록사신염산염),20180423,201801715,[M242850]시프로플록사신염산염,,단일,20140109,"- 안전성 및 유효성 미확립- 퀴놀론계 항균제는 몇몇 어린 동물종에서 특히 체중부하부위의 관절병증, 뼈연골증을 유발함",,특정연령대금기
20260323,백색의 원형 필름코팅정제,06290,기타의 화학요법제,(주)다산제약,전문의약품,필름코팅정,D000142,Ciprofloxacin Hydrochloride Hydrate,Ciprofloxacin Hydrochloride Hydrate(시프로플록사신염산염수화물),시프로플록사신염산염수화물,시프사신정250밀리그램(시프로플록사신염산염수화물),20180427,201801819,[M223091]시프로플록사신염산염수화물,,단일,20140109,"- 안전성 및 유효성 미확립- 퀴놀론계 항균제는 몇몇 어린 동물종에서 특히 체중부하부위의 관절병증, 뼈연골증을 유발함",,특정연령대금기
20260323,흰색의 원형 필름코팅정제,06290,기타의 화학요법제,(주)씨티씨바이오,전문의약품,필름코팅정,D000142,Ciprofloxacin Hydrochloride Hydrate,Ciprofloxacin Hydrochloride Hydrate(시프로플록사신염산염수화물),시프로플록사신염산염수화물,씨티신정(시프로플록사신염산염수화물),20180430,201801841,[M223091]시프로플록사신염산염수화물,,단일,20140109,"- 안전성 및 유효성 미확립- 퀴놀론계 항균제는 몇몇 어린 동물종에서 특히 체중부하부위의 관절병증, 뼈연골증을 유발함",,특정연령대금기
20260323,흰색-미황색의 원형 필름코팅정,06290,기타의 화학요법제,(주)에이프로젠바이오로직스,전문의약품,필름코팅정,D000142,Ciprofloxacin Hydrochloride,Ciprofloxacin Hydrochloride(시프로플록사신염산염),시프로플록사신염산염,씨플로정(시프로플록사신염산염),20180530,201802241,[M242850]시프로플록사신염산염,,단일,20140109,"- 안전성 및 유효성 미확립- 퀴놀론계 항균제는 몇몇 어린 동물종에서 특히 체중부하부위의 관절병증, 뼈연골증을 유발함",,특정연령대금기
20210212,흰색의 장방형 필름코팅정제,01410,항히스타민제,(주)다산제약,일반의약품,필름코팅정,D000647,Cetirizine Hydrochloride,Cetirizine Hydrochloride(세티리진염산염),세티리진염산염,세지날정(세티리진염산염),20180611,201802416,[M222857]세티리진염산염,,단일,20140109,안전성 및 유효성 미확립,,특정연령대금기
20210212,미황색 투명한 액상 내용물이 든 보라색 타원형 연질캡슐,01410,항히스타민제,(주)마더스제약,일반의약품,"연질캡슐제, 액상",D000647,Cetirizine Hydrochloride,Cetirizine Hydrochloride(세티리진염산염),세티리진염산염,아르쿨연질캡슐(세티리진염산염),20180621,201802601,[M222857]세티리진염산염,,단일,20140109,안전성 및 유효성 미확립,,특정연령대금기
20210212,무색 내지 연보라색의 내용물이 든 보라색의 투명한 타원형 연질캡슐,01410,항히스타민제,제일헬스사이언스(주),일반의약품,"연질캡슐제, 액상",D000647,Cetirizine Hydrochloride,Cetirizine Hydrochloride(세티리진염산염),세티리진염산염,제일알지싹세티연질캡슐(세티리진염산염),20180808,201803236,[M222857]세티리진염산염,,단일,20140109,안전성 및 유효성 미확립,,특정연령대금기
20260323,흰색의 원형 필름코팅정,06290,기타의 화학요법제,(주)넥스팜코리아,전문의약품,필름코팅정,D000142,Ciprofloxacin Hydrochloride Hydrate,Ciprofloxacin Hydrochloride Hydrate(시프로플록사신염산염수화물),시프로플록사신염산염수화물,씨프록정250밀리그램(시프로플록사신염산염수화물),20190122,201900299,[M223091]시프로플록사신염산염수화물,,단일,20140109,"- 안전성 및 유효성 미확립- 퀴놀론계 항균제는 몇몇 어린 동물종에서 특히 체중부하부위의 관절병증, 뼈연골증을 유발함",,특정연령대금기
20210421,밝은 노란색의 원형 필름코팅정제,01490,기타의 알레르기용약,(주)엘앤씨바이오 ,전문의약품,필름코팅정,D000551,Azelastine Hydrochloride,Azelastine Hydrochloride(아젤라스틴염산염),아젤라스틴염산염,메가젤틴정(아젤라스틴염산염),20190305,201901337,[M222870]아젤라스틴염산염,,단일,20140109,안전성 및 유효성 미확립,,특정연령대금기
20210212,미황색 투명한 액상 내용물이 든 보라색 타원형 연질캡슐,01410,항히스타민제,일양바이오팜(주),일반의약품,"연질캡슐제, 액상",D000647,Cetirizine Hydrochloride,Cetirizine Hydrochloride(세티리진염산염),세티리진염산염,알러캡연질캡슐(세티리진염산염),20190307,201901388,[M222857]세티리진염산염,,단일,20140109,안전성 및 유효성 미확립,,특정연령대금기
20260323,백색의 원형 필름코팅정제,06290,기타의 화학요법제,(주)엘앤씨바이오 ,전문의약품,필름코팅정,D000142,Ciprofloxacin Hydrochloride Hydrate,Ciprofloxacin Hydrochloride Hydrate(시프로플록사신염산염수화물),시프로플록사신염산염수화물,메가시플록정(시프로플록사신염산염수화물),20190315,201901582,[M223091]시프로플록사신염산염수화물,,단일,20140109,"- 안전성 및 유효성 미확립- 퀴놀론계 항균제는 몇몇 어린 동물종에서 특히 체중부하부위의 관절병증, 뼈연골증을 유발함",,특정연령대금기
20260323,백색의 원형 필름코팅정제,06290,기타의 화학요법제,코스맥스파마(주),전문의약품,필름코팅정,D000142,Ciprofloxacin Hydrochloride Hydrate,Ciprofloxacin Hydrochloride Hydrate(시프로플록사신염산염수화물),시프로플록사신염산염수화물,시프로투정250밀리그램(시프로플록사신염산염수화물),20190325,201901777,[M223091]시프로플록사신염산염수화물,,단일,20140109,"- 안전성 및 유효성 미확립- 퀴놀론계 항균제는 몇몇 어린 동물종에서 특히 체중부하부위의 관절병증, 뼈연골증을 유발함",,특정연령대금기
20260323,백색의 원형 필름코팅정제,06290,기타의 화학요법제,(주)시어스제약,전문의약품,필름코팅정,D000142,Ciprofloxacin Hydrochloride Hydrate,Ciprofloxacin Hydrochloride Hydrate(시프로플록사신염산염수화물),시프로플록사신염산염수화물,시플로뉴정250밀리그램(시프로플록사신염산염수화물),20190326,201901820,[M223091]시프로플록사신염산염수화물,,단일,20140109,"- 안전성 및 유효성 미확립- 퀴놀론계 항균제는 몇몇 어린 동물종에서 특히 체중부하부위의 관절병증, 뼈연골증을 유발함",,특정연령대금기
20210512,밝은 황색의 원형 필름코팅정제,01490,기타의 알레르기용약,(주)서울제약,전문의약품,필름코팅정,D000551,Azelastine Hydrochloride,Azelastine Hydrochloride(아젤라스틴염산염),아젤라스틴염산염,서울아젤라스틴염산염정,20190328,201901882,[M222870]아젤라스틴염산염,,단일,20140109,안전성 및 유효성 미확립,,특정연령대금기
20210422,밝은 황색의 원형필름코팅정제,01490,기타의 알레르기용약,이연제약(주),전문의약품,필름코팅정,D000551,Azelastine Hydrochloride,Azelastine Hydrochloride(아젤라스틴염산염),아젤라스틴염산염,알레라정(아젤라스틴염산염),20190424,201902574,[M222870]아젤라스틴염산염,,단일,20140109,안전성 및 유효성 미확립,,특정연령대금기
20210212,무색 내지 연보라색의 내용물이 든 보라색의 투명한 타원형 연질캡슐,01410,항히스타민제,동성제약(주),일반의약품,"연질캡슐제, 액상",D000647,Cetirizine Hydrochloride,Cetirizine Hydrochloride(세티리진염산염),세티리진염산염,알레르텍연질캡슐(세티리진염산염),20190523,201903366,[M222857]세티리진염산염,,단일,20140109,안전성 및 유효성 미확립,,특정연령대금기
20260323,흰색의 원형 필름코팅정제,06290,기타의 화학요법제,정우신약(주),전문의약품,필름코팅정,D000142,Ciprofloxacin Hydrochloride Hydrate,Ciprofloxacin Hydrochloride Hydrate(시프로플록사신염산염수화물),시프로플록사신염산염수화물,싸이플록정250밀리그램(시프로플록사신염산염수화물),20190527,201903428,[M223091]시프로플록사신염산염수화물,,단일,20140109,"- 안전성 및 유효성 미확립- 퀴놀론계 항균제는 몇몇 어린 동물종에서 특히 체중부하부위의 관절병증, 뼈연골증을 유발함",,특정연령대금기
20260323,백색의 원형 필름코팅정제,06290,기타의 화학요법제,(주)중헌제약,전문의약품,필름코팅정,D000142,Ciprofloxacin Hydrochloride Hydrate,Ciprofloxacin Hydrochloride Hydrate(시프로플록사신염산염수화물),시프로플록사신염산염수화물,씨플록스정(시프로플록사신염산염수화물),20190613,201903855,[M223091]시프로플록사신염산염수화물,,단일,20140109,"- 안전성 및 유효성 미확립- 퀴놀론계 항균제는 몇몇 어린 동물종에서 특히 체중부하부위의 관절병증, 뼈연골증을 유발함",,특정연령대금기
20251110,흰색의 장방형 서방성 필름코팅정,01140,해열.진통.소염제,(주)마더스제약,일반의약품,서방성필름코팅정,D000147,Acetaminophen,Acetaminophen(아세트아미노펜),아세트아미노펜,아세트엠8시간이알서방정650밀리그램(아세트아미노펜),20190722,201905099,[M040353]아세트아미노펜/[M040353]아세트아미노펜,,단일,20140109,"-소아 및 고령자(노인)는 최소 필요량을 복용하고 이상반응에 유의- 과도한 체온강하, 허탈, 사지냉각 등이 나타날 수 있음",,특정연령대금기
20210212,흰색의 장방형 필름코팅정제,01410,항히스타민제,한국신텍스제약(주),일반의약품,필름코팅정,D000647,Cetirizine Hydrochloride,Cetirizine Hydrochloride(세티리진염산염),세티리진염산염,엔티리진정10밀리그램(세티리진염산염),20190731,201905435,[M222857]세티리진염산염/[M222857]세티리진염산염,,단일,20140109,안전성 및 유효성 미확립,,특정연령대금기
20251110,흰색의 장방형 서방성 필름코팅정,01140,해열.진통.소염제,(주)휴비스트제약,일반의약품,서방성필름코팅정,D000147,Acetaminophen,Acetaminophen(아세트아미노펜),아세트아미노펜,타이레펜8시간이알서방정650밀리그램(아세트아미노펜),20190813,201905693,[M040353]아세트아미노펜/[M040353]아세트아미노펜,,단일,20140109,"-소아 및 고령자(노인)는 최소 필요량을 복용하고 이상반응에 유의- 과도한 체온강하, 허탈, 사지냉각 등이 나타날 수 있음",,특정연령대금기
20260323,흰색 ~ 연한 노란색의 원형 필름코팅정,06290,기타의 화학요법제,바이엘코리아(주),전문의약품,필름코팅정,D000142,Ciprofloxacin Hydrochloride Hydrate,Ciprofloxacin Hydrochloride Hydrate(시프로플록사신염산염수화물),시프로플록사신염산염수화물,씨프로바이정250밀리그램(시프로플록사신염산염수화물),20190814,201905731,[M223091]시프로플록사신염산염수화물,,단일,20140109,"- 안전성 및 유효성 미확립- 퀴놀론계 항균제는 몇몇 어린 동물종에서 특히 체중부하부위의 관절병증, 뼈연골증을 유발함",,특정연령대금기
20220129,무색 또는 미황색의 반투명한 액제,02640,진통.진양.수렴.소염제,주식회사더유제약,전문의약품,피부액제,D000479,Clobetasol Propionate,Clobetasol Propionate(클로베타솔프로피오네이트),클로베타솔프로피오네이트,듀오벡스액(클로베타솔프로피오네이트),20190904,201906293,[M223224]클로베타솔프로피오네이트,,단일,20140109,"소아는 체중당 체표면적의 비율이 성인보다 커서 코르티코이드로 인해 HPA축(시상하부-뇌하수체-부신 축) 억제, 쿠싱증후군, 발육장애, 두개내압항진 등이 나타나기 쉬움",,특정연령대금기
20210212,무색 내지 연보라색의 내용물이 든 보라색의 투명한 타원형 연질캡슐,01410,항히스타민제,일동제약(주),일반의약품,"연질캡슐제, 액상",D000647,Cetirizine Hydrochloride,Cetirizine Hydrochloride(세티리진염산염),세티리진염산염,세노바퀵연질캡슐(세티리진염산염) ,20190910,201906400,[M222857]세티리진염산염,,단일,20140109,안전성 및 유효성 미확립,,특정연령대금기
20251110,흰색의 장방형 서방성 필름코팅정,01140,해열.진통.소염제,(주)보령바이오파마,일반의약품,서방성필름코팅정,D000147,Acetaminophen,Acetaminophen(아세트아미노펜),아세트아미노펜,세타펜8시간이알서방정650밀리그램(아세트아미노펜),20190930,201906975,[M040353]아세트아미노펜/[M040353]아세트아미노펜,,단일,20140109,"-소아 및 고령자(노인)는 최소 필요량을 복용하고 이상반응에 유의- 과도한 체온강하, 허탈, 사지냉각 등이 나타날 수 있음",,특정연령대금기
20260323,흰색의 원형 필름코팅정제,06290,기타의 화학요법제,동국제약(주),전문의약품,필름코팅정,D000142,Ciprofloxacin Hydrochloride Hydrate,Ciprofloxacin Hydrochloride Hydrate(시프로플록사신염산염수화물),시프로플록사신염산염수화물,시프라신정250밀리그램(시프로플록사신염산염수화물),20191007,201907106,[M223091]시프로플록사신염산염수화물,,단일,20140109,"- 안전성 및 유효성 미확립- 퀴놀론계 항균제는 몇몇 어린 동물종에서 특히 체중부하부위의 관절병증, 뼈연골증을 유발함",,특정연령대금기
20260323,흰색의 원형 필름코팅정제,06290,기타의 화학요법제,(주)알피바이오,전문의약품,필름코팅정,D000142,Ciprofloxacin Hydrochloride Hydrate,Ciprofloxacin Hydrochloride Hydrate(시프로플록사신염산염수화물),시프로플록사신염산염수화물,알피시프록정250mg(시프로플록사신염산염수화물),20191016,201907281,[M223091]시프로플록사신염산염수화물,,단일,20140109,"- 안전성 및 유효성 미확립- 퀴놀론계 항균제는 몇몇 어린 동물종에서 특히 체중부하부위의 관절병증, 뼈연골증을 유발함",,특정연령대금기
20191227,밝은 황색의 원형필름코팅정제,01490,기타의 알레르기용약,주식회사케이에스제약,전문의약품,필름코팅정,D000551,Azelastine Hydrochloride,Azelastine Hydrochloride(아젤라스틴염산염),아젤라스틴염산염,안티타민정(아젤라스틴염산염),20191126,201908092,[M222870]아젤라스틴염산염,,단일,20140109,안전성 및 유효성 미확립,,특정연령대금기
20260323,흰색의 원형 필름코팅정제,06290,기타의 화학요법제,주식회사더유제약,전문의약품,필름코팅정,D000142,Ciprofloxacin Hydrochloride Hydrate,Ciprofloxacin Hydrochloride Hydrate(시프로플록사신염산염수화물),시프로플록사신염산염수화물,씨큐로바이정(시프로플록사신염산염수화물),20191127,201908109,[M223091]시프로플록사신염산염수화물,,단일,20140109,"- 안전성 및 유효성 미확립- 퀴놀론계 항균제는 몇몇 어린 동물종에서 특히 체중부하부위의 관절병증, 뼈연골증을 유발함",,특정연령대금기
20210212,무색 내지 연보라색의 내용물이 든 보라색의 투명한 타원형 연질캡슐,01410,항히스타민제,현대약품(주),일반의약품,"연질캡슐제, 액상",D000647,Cetirizine Hydrochloride,Cetirizine Hydrochloride(세티리진염산염),세티리진염산염,시로제노연질캡슐(세티리진염산염),20200106,202000062,[M222857]세티리진염산염,,단일,20140109,안전성 및 유효성 미확립,,특정연령대금기
20251110,흰색의 장방형 서방성 필름코팅정,01140,해열.진통.소염제,(주)동구바이오제약,일반의약품,서방성필름코팅정,D000147,Acetaminophen,Acetaminophen(아세트아미노펜),아세트아미노펜,타이몰8시간이알서방정650밀리그램(아세트아미노펜),20200330,202002173,[M040353]아세트아미노펜/[M040353]아세트아미노펜,,단일,20140109,"-소아 및 고령자(노인)는 최소 필요량을 복용하고 이상반응에 유의- 과도한 체온강하, 허탈, 사지냉각 등이 나타날 수 있음",,특정연령대금기
20260323,백색의 원형 필름코팅정제,06290,기타의 화학요법제,주식회사케이에스제약,전문의약품,필름코팅정,D000142,Ciprofloxacin Hydrochloride Hydrate,Ciprofloxacin Hydrochloride Hydrate(시프로플록사신염산염수화물),시프로플록사신염산염수화물,시프로사정(시프로플록사신염산염수화물),20200421,202002785,[M223091]시프로플록사신염산염수화물,,단일,20140109,"- 안전성 및 유효성 미확립- 퀴놀론계 항균제는 몇몇 어린 동물종에서 특히 체중부하부위의 관절병증, 뼈연골증을 유발함",,특정연령대금기
20251110,흰색의 장방형 서방성 필름코팅정제,01140,해열.진통.소염제,켄뷰코리아판매유한회사,일반의약품,서방성필름코팅정,D000147,Acetaminophen,Acetaminophen(아세트아미노펜),아세트아미노펜,타이레놀8시간이알서방정(아세트아미노펜),20220125,202200407,[M040353]아세트아미노펜/[M040353]아세트아미노펜,,단일,20140109,"-소아 및 고령자(노인)는 최소 필요량을 복용하고 이상반응에 유의- 과도한 체온강하, 허탈, 사지냉각 등이 나타날 수 있음",,특정연령대금기
20251017,무색 투명한 액이 무색 투명한 플라스틱 용기에 든 점안제,01310,안과용제,대우제약(주),전문의약품,점안용액제,D000656,Atropine Sulfate Hydrate,Atropine Sulfate Hydrate(아트로핀황산염수화물),아트로핀황산염수화물,드림피아점안액0.125%(아트로핀황산염수화물)(1회용),20250418,202500932,[M223111]아트로핀황산염수화물,,단일,20230705,"- 심각한 전신 부작용 위험이 있음 - 조산아, 영아, 다운증후군, 강직마비 또는 뇌손상 어린이는 이 약의 전신흡수에 따른 중추신경계 장애, 심폐 및 위장관 독성에 감수성이 있음",점안제(1%),특정연령대금기
20251017,무색 투명한 액이 무색 투명한 플라스틱 용기에 든 점안제,01310,안과용제,유니메드제약(주),전문의약품,점안용액제,D000656,Atropine Sulfate,Atropine Sulfate(아트로핀황산염),아트로핀황산염,마이오캡점안액0.125%(아트로핀황산염)(1회용) ,20250428,202501014,[M110023]아트로핀황산염,,단일,20230705,"- 심각한 전신 부작용 위험이 있음 - 조산아, 영아, 다운증후군, 강직마비 또는 뇌손상 어린이는 이 약의 전신흡수에 따른 중추신경계 장애, 심폐 및 위장관 독성에 감수성이 있음",점안제(1%),특정연령대금기
20251017,무색 투명한 액이 무색 투명한 플라스틱 용기에 든 점안제,01310,안과용제,(주)태준제약,전문의약품,점안용액제,D000656,Atropine Sulfate,Atropine Sulfate(아트로핀황산염),아트로핀황산염,마이오텍트점안액0.125%(아트로핀황산염)(1회용),20250616,202501460,[M110023]아트로핀황산염,,단일,20230705,"- 심각한 전신 부작용 위험이 있음 - 조산아, 영아, 다운증후군, 강직마비 또는 뇌손상 어린이는 이 약의 전신흡수에 따른 중추신경계 장애, 심폐 및 위장관 독성에 감수성이 있음",점안제(1%),특정연령대금기
,흰색의 장방형 필름코팅정,01140,해열.진통.소염제,(주)유한양행,일반의약품,서방정,D000147,Acetaminophen,Acetaminophen(아세트아미노펜),아세트아미노펜,유한아세트아미노펜이알서방정650밀리그램,20251016,202502669,[M040353]아세트아미노펜/[M040353]아세트아미노펜,,단일,20140109,"-소아 및 고령자(노인)는 최소 필요량을 복용하고 이상반응에 유의- 과도한 체온강하, 허탈, 사지냉각 등이 나타날 수 있음",,특정연령대금기
,무색 투명한 액이 무색 투명한 플라스틱 용기에 든 점안제,01310,안과용제,하나제약(주),전문의약품,점안용액제,D000656,Atropine Sulfate Hydrate,Atropine Sulfate Hydrate(아트로핀황산염수화물),아트로핀황산염수화물,마이원점안액0.125%(아트로핀황산염수화물)(1회용),20251029,202502791,[M223111]아트로핀황산염수화물,,단일,20230705,"- 심각한 전신 부작용 위험이 있음 - 조산아, 영아, 다운증후군, 강직마비 또는 뇌손상 어린이는 이 약의 전신흡수에 따른 중추신경계 장애, 심폐 및 위장관 독성에 감수성이 있음",점안제(1%),특정연령대금기
,무색 투명한 액이 무색 투명한 플라스틱 용기에 든 점안제,01310,안과용제,(주)태준제약,전문의약품,점안용액제,D000656,Atropine Sulfate,Atropine Sulfate(아트로핀황산염),아트로핀황산염,마이오텍트점안액0.1%(아트로핀황산염)(1회용),20260112,202600106,[M110023]아트로핀황산염,,단일,20230705,"- 심각한 전신 부작용 위험이 있음 - 조산아, 영아, 다운증후군, 강직마비 또는 뇌손상 어린이는 이 약의 전신흡수에 따른 중추신경계 장애, 심폐 및 위장관 독성에 감수성이 있음",점안제(1%),특정연령대금기
,무색 투명한 액이 무색 투명한 플라스틱 용기에 든 점안제,01310,안과용제,(주)태준제약,전문의약품,점안용액제,D000656,Atropine Sulfate,Atropine Sulfate(아트로핀황산염),아트로핀황산염,마이오텍트점안액0.05%(아트로핀황산염)(1회용),20260112,202600107,[M110023]아트로핀황산염,,단일,20230705,"- 심각한 전신 부작용 위험이 있음 - 조산아, 영아, 다운증후군, 강직마비 또는 뇌손상 어린이는 이 약의 전신흡수에 따른 중추신경계 장애, 심폐 및 위장관 독성에 감수성이 있음",점안제(1%),특정연령대금기
,밝은 황색의 원형 필름코팅정제,01490,기타의 알레르기용약,(주)킵스바이오파마,전문의약품,필름코팅정,D000551,Azelastine Hydrochloride,Azelastine Hydrochloride(아젤라스틴염산염),아젤라스틴염산염,글로스틴정(아젤라스틴염산염),20121031,201207574,[M222870]아젤라스틴염산염,,단일,20140109,안전성 및 유효성 미확립,,특정연령대금기
,밝은 황색의 원형 필름코팅정,01490,기타의 알레르기용약,(주)마더스제약,전문의약품,필름코팅정,D000551,Azelastine Hydrochloride,Azelastine Hydrochloride(아젤라스틴염산염),아젤라스틴염산염,마이스틴정(아젤라스틴염산염),20130213,201304805,[M222870]아젤라스틴염산염,,단일,20140109,안전성 및 유효성 미확립,,특정연령대금기
,밝은황색의 원형 필름코팅정제,01490,기타의 알레르기용약,영풍제약(주),전문의약품,필름코팅정,D000551,Azelastine Hydrochloride,Azelastine Hydrochloride(아젤라스틴염산염),아젤라스틴염산염,아제라스정(아젤라스틴염산염),20140609,201402560,[M222870]아젤라스틴염산염,,단일,20140109,안전성 및 유효성 미확립,,특정연령대금기
,밝은 노란색의 원형 필름코팅정,01490,기타의 알레르기용약,(주)휴비스트제약,전문의약품,필름코팅정,D000551,Azelastine Hydrochloride,Azelastine Hydrochloride(아젤라스틴염산염),아젤라스틴염산염,휴스틴정(아젤라스틴염산염),20140820,201403880,[M222870]아젤라스틴염산염,,단일,20140109,안전성 및 유효성 미확립,,특정연령대금기
,밝은 황색의 원형필름코팅정제,01490,기타의 알레르기용약,대한뉴팜(주),전문의약품,필름코팅정,D000551,Azelastine Hydrochloride,Azelastine Hydrochloride(아젤라스틴염산염),아젤라스틴염산염,아젤라스정(아젤라스틴염산염),20141031,201405076,[M222870]아젤라스틴염산염,,단일,20140109,안전성 및 유효성 미확립,,특정연령대금기
,밝은 노란색의 원형필름코팅정제,01490,기타의 알레르기용약,(주)경보제약,전문의약품,필름코팅정,D000551,Azelastine Hydrochloride,Azelastine Hydrochloride(아젤라스틴염산염),아젤라스틴염산염,아제라틴정(아젤라스틴염산염),20141203,201405731,[M222870]아젤라스틴염산염,,단일,20140109,안전성 및 유효성 미확립,,특정연령대금기
,밝은 황색의 원형필름코팅정제,01490,기타의 알레르기용약,(주)텔콘알에프제약,전문의약품,필름코팅정,D000551,Azelastine Hydrochloride,Azelastine Hydrochloride(아젤라스틴염산염),아젤라스틴염산염,셀라스틴정1밀리그램(아젤라스틴염산염),20141217,201405910,[M222870]아젤라스틴염산염,,단일,20140109,안전성 및 유효성 미확립,,특정연령대금기
,밝은 황색의 원형 필름코팅정제,01490,기타의 알레르기용약,풍림무약(주),전문의약품,필름코팅정,D000551,Azelastine Hydrochloride,Azelastine Hydrochloride(아젤라스틴염산염),아젤라스틴염산염,아젤라토정(아젤라스틴염산염),20151028,201507400,[M222870]아젤라스틴염산염,,단일,20140109,안전성 및 유효성 미확립,,특정연령대금기
,밝은 노란색의 원형 필름코팅정제,01490,기타의 알레르기용약,한국휴텍스제약(주),전문의약품,필름코팅정,D000551,Azelastine Hydrochloride,Azelastine Hydrochloride(아젤라스틴염산염),아젤라스틴염산염,아젤스테인정(아젤라스틴염산염),20160121,201600378,[M222870]아젤라스틴염산염,,단일,20140109,안전성 및 유효성 미확립,,특정연령대금기
,밝은 황색의 원형필름코팅 정제,01490,기타의 알레르기용약,(주)바이넥스,전문의약품,필름코팅정,D000551,Azelastine Hydrochloride,Azelastine Hydrochloride(아젤라스틴염산염),아젤라스틴염산염,제라스정(아젤라스틴염산염),20160623,201603801,[M222870]아젤라스틴염산염,,단일,20140109,안전성 및 유효성 미확립,,특정연령대금기
,밝은 노란색의 원형 필름코팅정제,01490,기타의 알레르기용약,정우신약(주),전문의약품,필름코팅정,D000551,Azelastine Hydrochloride,Azelastine Hydrochloride(아젤라스틴염산염),아젤라스틴염산염,아스젤틴정(아젤라스틴염산염),20160706,201604176,[M222870]아젤라스틴염산염,,단일,20140109,안전성 및 유효성 미확립,,특정연령대금기
,밝은 황색의 원형 필름코팅정,01490,기타의 알레르기용약,(주)셀트리온제약,전문의약품,필름코팅정,D000551,Azelastine Hydrochloride,Azelastine Hydrochloride(아젤라스틴염산염),아젤라스틴염산염,셀스틴정(아젤라스틴염산염),20160714,201604367,[M222870]아젤라스틴염산염,,단일,20140109,안전성 및 유효성 미확립,,특정연령대금기
,밝은 황색의 원형필름코팅정제,01490,기타의 알레르기용약,(주)이든파마,전문의약품,필름코팅정,D000551,Azelastine Hydrochloride,Azelastine Hydrochloride(아젤라스틴염산염),아젤라스틴염산염,이스틴정(아젤라스틴염산염),20171117,201707938,[M222870]아젤라스틴염산염,,단일,20140109,안전성 및 유효성 미확립,,특정연령대금기
,밝은 황색의 원형필름코팅정제,01490,기타의 알레르기용약,한국코러스(주),전문의약품,필름코팅정,D000551,Azelastine Hydrochloride,Azelastine Hydrochloride(아젤라스틴염산염),아젤라스틴염산염,알티온정(아젤라스틴염산염),20171226,201708570,[M222870]아젤라스틴염산염,,단일,20140109,안전성 및 유효성 미확립,,특정연령대금기
,밝은 노란색의 원형 필름코팅정제,01490,기타의 알레르기용약,(주)시어스제약,전문의약품,필름코팅정,D000551,Azelastine Hydrochloride,Azelastine Hydrochloride(아젤라스틴염산염),아젤라스틴염산염,아제쿨틴정(아젤라스틴염산염),20190122,201900294,[M222870]아젤라스틴염산염,,단일,20140109,안전성 및 유효성 미확립,,특정연령대금기
,밝은 황색의 원형필름코팅정제,01490,기타의 알레르기용약,동성제약(주),전문의약품,필름코팅정,D000551,Azelastine Hydrochloride,Azelastine Hydrochloride(아젤라스틴염산염),아젤라스틴염산염,동성아젤라스틴정(아젤라스틴염산염),20190507,201902897,[M222870]아젤라스틴염산염,,단일,20140109,안전성 및 유효성 미확립,,특정연령대금기
,밝은 황색의 원형필름코팅정제,01490,기타의 알레르기용약,(주)한풍제약,전문의약품,필름코팅정,D000551,Azelastine Hydrochloride,Azelastine Hydrochloride(아젤라스틴염산염),아젤라스틴염산염,아제나정(아젤라스틴염산염),20190819,201905835,[M222870]아젤라스틴염산염,,단일,20140109,안전성 및 유효성 미확립,,특정연령대금기
,밝은 황색의 원형필름코팅정제,01490,기타의 알레르기용약,건일바이오팜주식회사,전문의약품,필름코팅정,D000551,Azelastine Hydrochloride,Azelastine Hydrochloride(아젤라스틴염산염),아젤라스틴염산염,아젤라건정1밀리그램(아젤라스틴염산염),20200206,202000689,[M222870]아젤라스틴염산염,,단일,20140109,안전성 및 유효성 미확립,,특정연령대금기
,밝은 황색의 원형필름코팅정제,01490,기타의 알레르기용약,한국넬슨제약(주),전문의약품,필름코팅정,D000551,Azelastine Hydrochloride,Azelastine Hydrochloride(아젤라스틴염산염),아젤라스틴염산염,젤라스정(아젤라스틴염산염),20200518,202003574,[M222870]아젤라스틴염산염,,단일,20140109,안전성 및 유효성 미확립,,특정연령대금기
,백색의 원형 필름코팅정,04210,항악성종양제,(주)종근당,전문의약품,필름코팅정,D000724,Bicalutamide,Bicalutamide(비칼루타마이드),비칼루타마이드,종근당비칼루타마이드정80밀리그램(비칼루타마이드)(수출용),20150223,201500906,[M089188]비칼루타마이드,,단일,20140109,_,,특정연령대금기
,황색의 투명한 액이 무색투명한 플라스틱 용기에 든 점안제,01310,안과용제,(주)종근당,전문의약품,점안용액제,D000641,Brimonidine Tartrate,Brimonidine Tartrate(브리모니딘타르타르산염),브리모니딘타르타르산염,알파벨라점안액(브리모니딘타르타르산염)(1회용),20200925,202006646,[M255020]브리모니딘타르타르산염,,단일,20140109,"- 안전성 및 유효성 미확립- 시판 후 조사에서 이 약을 투여 받은 영아에서 무호흡, 서맥, 혼수, 저혈압, 저체온, 근육긴장저하, 기면, 창백, 호흡억제, 졸음이 보고됨",,특정연령대금기
,맑은 무색 또는 옅은 노란색 용액이 플라스틱 용기에 든 점안제,01310,안과용제,(주)바슈헬스코리아,일반의약품,점안용액제,D000641,Brimonidine Tartrate,Brimonidine Tartrate(브리모니딘타르타르산염),브리모니딘타르타르산염,루미파이점안액0.025%(브리모니딘타르타르산염),20210115,202100451,[M255020]브리모니딘타르타르산염,,단일,20140109,"- 안전성 및 유효성 미확립- 시판 후 조사에서 이 약을 투여 받은 영아에서 무호흡, 서맥, 혼수, 저혈압, 저체온, 근육긴장저하, 기면, 창백, 호흡억제, 졸음이 보고됨",,특정연령대금기
,불투명한 흰색 플라스틱 용기에 든 녹색을 띄는 황색의 맑은 점안제,01310,안과용제,한국산텐제약(주),전문의약품,점안용액제,D000641,Brimonidine Tartrate,Brimonidine Tartrate(브리모니딘타르타르산염),브리모니딘타르타르산염,브리모텐점안액0.15%(브리모니딘타르타르산염),20210601,202104315,[M255020]브리모니딘타르타르산염,,단일,20140109,"- 안전성 및 유효성 미확립- 시판 후 조사에서 이 약을 투여 받은 영아에서 무호흡, 서맥, 혼수, 저혈압, 저체온, 근육긴장저하, 기면, 창백, 호흡억제, 졸음이 보고됨",,특정연령대금기
,다회용 : 황색의 투명한 액이 불투명한 플라스틱 용기에 든 점안제1회용 : 황색의 투명한 액이 무색 투명한 플라스틱 용기에 든 점안제,01310,안과용제,대우제약(주),전문의약품,점안용액제,D000641,Brimonidine Tartrate,Brimonidine Tartrate(브리모니딘타르타르산염),브리모니딘타르타르산염,"브리모점안액(브리모니딘타르타르산염), 브리모점안액(브리모니딘타르타르산염)(1회용)",20250904,202502329,[M255020]브리모니딘타르타르산염/[M255020]브리모니딘타르타르산염,,단일,20140109,"- 안전성 및 유효성 미확립- 시판 후 조사에서 이 약을 투여 받은 영아에서 무호흡, 서맥, 혼수, 저혈압, 저체온, 근육긴장저하, 기면, 창백, 호흡억제, 졸음이 보고됨",,특정연령대금기
,황색의 투명한 액이 무색 투명한 플라스틱 용기에 든 점안제,01310,안과용제,(주)이든파마,전문의약품,점안용액제,D000641,Brimonidine Tartrate,Brimonidine Tartrate(브리모니딘타르타르산염),브리모니딘타르타르산염,알파미니점안액(브리모니딘타르타르산염)(1회용),20260102,202600005,[M255020]브리모니딘타르타르산염,,단일,20140109,"- 안전성 및 유효성 미확립- 시판 후 조사에서 이 약을 투여 받은 영아에서 무호흡, 서맥, 혼수, 저혈압, 저체온, 근육긴장저하, 기면, 창백, 호흡억제, 졸음이 보고됨",,특정연령대금기
,황색의 투명한 액이 무색 투명한 플라스틱 용기에 든 점안제,01310,안과용제,이연제약(주),전문의약품,점안용액제,D000641,Brimonidine Tartrate,Brimonidine Tartrate(브리모니딘타르타르산염),브리모니딘타르타르산염,옵티알파점안액0.15%(브리모니딘타르타르산염)(1회용),20260224,202600549,[M255020]브리모니딘타르타르산염,,단일,20140109,"- 안전성 및 유효성 미확립- 시판 후 조사에서 이 약을 투여 받은 영아에서 무호흡, 서맥, 혼수, 저혈압, 저체온, 근육긴장저하, 기면, 창백, 호흡억제, 졸음이 보고됨",,특정연령대금기
,황색의 투명한 액이 무색 투명한 플라스틱 용기에 든 점안제,01310,안과용제,아주약품(주),전문의약품,점안용액제,D000641,Brimonidine Tartrate,Brimonidine Tartrate(브리모니딘타르타르산염),브리모니딘타르타르산염,에이간피점안액(브리모니딘타르타르산염)(1회용),20260330,202600897,[M255020]브리모니딘타르타르산염,,단일,20140109,"- 안전성 및 유효성 미확립- 시판 후 조사에서 이 약을 투여 받은 영아에서 무호흡, 서맥, 혼수, 저혈압, 저체온, 근육긴장저하, 기면, 창백, 호흡억제, 졸음이 보고됨",,특정연령대금기
,무색 투명한 액이 든 갈색 투명한 바이알 또는 앰플,01140,해열.진통.소염제,명문제약(주),전문의약품,용액주사제,D000331,Butorphanol Tartrate,Butorphanol Tartrate(부토르파놀타르타르산염),부토르파놀타르타르산염,부토판주사2밀리그람/밀리리터(부토르파놀타르타르산염),19941104,199403306,[M250986]부토르파놀타르타르산염,,단일,20140109,안전성 및 유효성 미확립,,특정연령대금기
,무색 투명한 액이 든 갈색 투명한 앰플주사제,01140,해열.진통.소염제,한림제약(주),전문의약품,용액주사제,D000331,Butorphanol Tartrate,Butorphanol Tartrate(부토르파놀타르타르산염),부토르파놀타르타르산염,부놀주사2밀리그램/밀리리터(부토르파놀타르타르산염),19941104,199403308,[M250986]부토르파놀타르타르산염,,단일,20140109,안전성 및 유효성 미확립,,특정연령대금기
,무색투명한 액이 든 갈색투명한 앰플주사제,01140,해열.진통.소염제,명문제약(주),전문의약품,용액주사제,D000331,Butorphanol Tartrate,Butorphanol Tartrate(부토르파놀타르타르산염),부토르파놀타르타르산염,부토판주사1밀리그람/밀리리터(부토르파놀타르타르산염),19960117,199604964,[M250986]부토르파놀타르타르산염,,단일,20140109,안전성 및 유효성 미확립,,특정연령대금기
,무색투명한 액이 든 갈색투명한 바이알 또는 앰플,01140,해열.진통.소염제,명문제약(주),전문의약품,용액주사제,D000331,Butorphanol Tartrate,Butorphanol Tartrate(부토르파놀타르타르산염),부토르파놀타르타르산염,부토판주사2밀리그램/밀리리터(부토르파놀타르타르산염)(수출용),20101026,201006481,[M250986]부토르파놀타르타르산염,,단일,20140109,안전성 및 유효성 미확립,,특정연령대금기
,무색 투명한 액이 든 갈색 투명한 앰플주사제,01140,해열.진통.소염제,한림제약(주),전문의약품,용액주사제,D000331,Butorphanol Tartrate,Butorphanol Tartrate(부토르파놀타르타르산염),부토르파놀타르타르산염,부놀주사2밀리그램/밀리리터(부토르파놀타르타르산염)(수출용),20180713,201802910,[M250986]부토르파놀타르타르산염,,단일,20140109,안전성 및 유효성 미확립,,특정연령대금기
,무색투명한 액이 든 갈색투명한 앰플주사제 ,01140,해열.진통.소염제,명문제약(주),전문의약품,용액주사제,D000331,Butorphanol Tartrate,Butorphanol Tartrate(부토르파놀타르타르산염),부토르파놀타르타르산염,부토판주사1밀리그람/밀리리터(부토르파놀타르타르산염)(수출용),20181019,201804134,[M250986]부토르파놀타르타르산염,,단일,20140109,안전성 및 유효성 미확립,,특정연령대금기
,백색의 장방형 필름코팅정,06180,"주로 그람양성, 음성균에 작용하는 것",대한뉴팜(주),전문의약품,필름코팅정,D000648,Cefetamet Pivoxil Hydrochloride,Cefetamet Pivoxil Hydrochloride(세페타메트피복실염산염),세페타메트피복실염산염,대한뉴팜세페타메트피복실염산염정500밀리그램(수출용),20120229,201201273,[M243849]세페타메트피복실염산염,,단일,20140109,_,,특정연령대금기
,알루미늄 포에 든 딸기향이 있는 연한 노란색의 투명한 액제,01410,항히스타민제,동아제약(주),일반의약품,경구용액제,D000647,Cetirizine Hydrochloride,Cetirizine Hydrochloride(세티리진염산염),세티리진염산염,챔프알러논액(세티리진염산염),20211209,202107872,[M222857]세티리진염산염,,단일,20140109,_,,특정연령대금기
,알루미늄 호일 파우치에 든 연한 노란색의 액제,01410,항히스타민제,대원제약(주),일반의약품,경구용액제,D000647,Cetirizine Hydrochloride,Cetirizine Hydrochloride(세티리진염산염),세티리진염산염,러지엔톡액(세티리진염산염),20240104,202400028,[M222857]세티리진염산염,,단일,20140109,_,,특정연령대금기
,알루미늄 호일 파우치에 들어있는 무색 투명한 포도향이 있는 액제,01410,항히스타민제,(주)텔콘알에프제약,일반의약품,경구용액제,D000647,Cetirizine Hydrochloride,Cetirizine Hydrochloride(세티리진염산염),세티리진염산염,비피알레액(세티리진염산염),20240110,202400079,[M222857]세티리진염산염,,단일,20140109,_,,특정연령대금기
,알루미늄 포에 든 딸기향이 있는 연한 노란색의 투명한 액제,01410,항히스타민제,한국신텍스제약(주),일반의약품,경구용액제,D000647,Cetirizine Hydrochloride,Cetirizine Hydrochloride(세티리진염산염),세티리진염산염,세노즈이지액(세티리진염산염),20240318,202400560,[M222857]세티리진염산염,,단일,20140109,_,,특정연령대금기
,흰색의 타원형 필름 코팅정제,01410,항히스타민제,한국유나이티드제약(주),일반의약품,필름코팅정,D000647,Cetirizine Hydrochloride,Cetirizine Hydrochloride(세티리진염산염),세티리진염산염,"세로텍정(세티리진염산염)(수출명:UtizineTab.10mg,UkisenTabs.10mg)(수출용)",20150825,201505959,[M222857]세티리진염산염,,단일,20140109,안전성 및 유효성 미확립,,특정연령대금기
,흰색의 장방형 필름코팅정제,01410,항히스타민제,(주)한국파비스제약,일반의약품,필름코팅정,D000647,Cetirizine Hydrochloride,Cetirizine Hydrochloride(세티리진염산염),세티리진염산염,파비스세티리진염산염정(수출용),20180808,201803258,[M222857]세티리진염산염,,단일,20140109,안전성 및 유효성 미확립,,특정연령대금기
,무색 내지 연보라색의 내용물이 든 보라색의 투명한 타원형 연질캡슐,01410,항히스타민제,동광제약(주),일반의약품,"연질캡슐제, 액상",D000647,Cetirizine Hydrochloride,Cetirizine Hydrochloride(세티리진염산염),세티리진염산염,알앤샷연질캡슐(세티리진염산염),20190320,201901675,[M222857]세티리진염산염,,단일,20140109,안전성 및 유효성 미확립,,특정연령대금기
,흰색의 타원형 필름코팅정,01410,항히스타민제,한국코러스(주),일반의약품,필름코팅정,D000647,Cetirizine Hydrochloride,Cetirizine Hydrochloride(세티리진염산염),세티리진염산염,코러스세티리진정(세티리진염산염)(수출용),20190605,201903754,[M222857]세티리진염산염,,단일,20140109,안전성 및 유효성 미확립,,특정연령대금기
,흰색의 장방형 필름코팅정,01410,항히스타민제,(주)시어스제약,일반의약품,필름코팅정,D000647,Cetirizine Hydrochloride,Cetirizine Hydrochloride(세티리진염산염),세티리진염산염,노즈텍정(세티리진염산염),20210623,202104802,[M222857]세티리진염산염,,단일,20140109,안전성 및 유효성 미확립,,특정연령대금기
,흰색의 장방형 필름코팅정제,01410,항히스타민제,(주)한국파비스제약,일반의약품,필름코팅정,D000647,Cetirizine Hydrochloride,Cetirizine Hydrochloride(세티리진염산염),세티리진염산염,알러팜정(세티리진염산염),20211007,202106787,[M222857]세티리진염산염,,단일,20140109,안전성 및 유효성 미확립,,특정연령대금기
,흰색의 장방형 필름코팅정,01410,항히스타민제,경남제약(주),일반의약품,필름코팅정,D000647,Cetirizine Hydrochloride,Cetirizine Hydrochloride(세티리진염산염),세티리진염산염,경남세티리진정(세티리진염산염),20220419,202201616,[M222857]세티리진염산염,,단일,20140109,안전성 및 유효성 미확립,,특정연령대금기
,흰색의 장방형 필름코팅정,01410,항히스타민제,성이바이오제약주식회사,일반의약품,필름코팅정,D000647,Cetirizine Hydrochloride,Cetirizine Hydrochloride(세티리진염산염),세티리진염산염,알진텍정(세티리진염산염),20221020,202203876,[M222857]세티리진염산염,,단일,20140109,안전성 및 유효성 미확립,,특정연령대금기
,흰색의 장방형 필름코팅정,01410,항히스타민제,(주)유한양행,일반의약품,필름코팅정,D000647,Cetirizine Hydrochloride,Cetirizine Hydrochloride(세티리진염산염),세티리진염산염,유한세티리진정(세티리진염산염),20221102,202203978,[M222857]세티리진염산염,,단일,20140109,안전성 및 유효성 미확립,,특정연령대금기
,흰색의 장방형 필름코팅정,01410,항히스타민제,메딕스제약(주),일반의약품,필름코팅정,D000647,Cetirizine Hydrochloride,Cetirizine Hydrochloride(세티리진염산염),세티리진염산염,세리진정(세티리진염산염),20231102,202303056,[M222857]세티리진염산염,,단일,20140109,안전성 및 유효성 미확립,,특정연령대금기
,흰색의 장방형 필름코팅정,01410,항히스타민제,코오롱제약(주),일반의약품,필름코팅정,D000647,Cetirizine Hydrochloride,Cetirizine Hydrochloride(세티리진염산염),세티리진염산염,바로세티정(세티리진염산염),20241227,202403084,[M222857]세티리진염산염,,단일,20140109,안전성 및 유효성 미확립,,특정연령대금기
,흰색의 장방형 필름코팅정,01410,항히스타민제,에스케이케미칼(주),일반의약품,필름코팅정,D000647,Cetirizine Hydrochloride,Cetirizine Hydrochloride(세티리진염산염),세티리진염산염,세티리엔정(세티리진염산염),20250513,202501164,[M222857]세티리진염산염,,단일,20140109,안전성 및 유효성 미확립,,특정연령대금기
,흰색의 원형 필름코팅정,01410,항히스타민제,삼성제약(주),일반의약품,필름코팅정,D000647,Cetirizine Hydrochloride,Cetirizine Hydrochloride(세티리진염산염),세티리진염산염,제트리진정(세티리진염산염),20250709,202501708,[M222857]세티리진염산염,,단일,20140109,안전성 및 유효성 미확립,,특정연령대금기
,흰색의 장방형 필름코팅정,01410,항히스타민제,신신제약(주),일반의약품,필름코팅정,D000647,Cetirizine Hydrochloride,Cetirizine Hydrochloride(세티리진염산염),세티리진염산염,신신세티리진정(세티리진염산염),20250730,202501994,[M222857]세티리진염산염,,단일,20140109,안전성 및 유효성 미확립,,특정연령대금기
,무색 투명한 액이 든 미황색의 투명한 타원형 연질캡슐,01410,항히스타민제,(주)필인터내셔널,일반의약품,"연질캡슐제, 액상",D000647,Cetirizine Hydrochloride,Cetirizine Hydrochloride(세티리진염산염),세티리진염산염,알러프리연질캡슐(세티리진염산염),20251029,202502786,[M222857]세티리진염산염,,단일,20140109,안전성 및 유효성 미확립,,특정연령대금기
,흰색의 장방형 필름코팅정,01410,항히스타민제,주식회사 제이비케이랩,일반의약품,필름코팅정,D000647,Cetirizine Hydrochloride,Cetirizine Hydrochloride(세티리진염산염),세티리진염산염,셀티리진정(세티리진염산염),20260421,202601148,[M222857]세티리진염산염,,단일,20140109,안전성 및 유효성 미확립,,특정연령대금기
,흰색의 장방형 필름코팅정제,01410,항히스타민제,천우신약(주),일반의약품,필름코팅정,D000647,Cetirizine Hydrochloride,Cetirizine Hydrochloride(세티리진염산염),세티리진염산염,세티큐어정(세티리진염산염),20260512,202601382,[M222857]세티리진염산염,,단일,20140109,안전성 및 유효성 미확립,,특정연령대금기
,황색-밝은 홍색의 동결건조 가루가 든 갈색 바이알,06170,주로 악성종양에 작용하는 것,한국유나이티드제약(주),전문의약품,용액용동결건조분말주사제,D000293,Dactinomycin,Dactinomycin(닥티노마이신),닥티노마이신,한국유나이티드닥티노마이신주,20200722,202005256,[M085416]닥티노마이신,,단일,20140109,영아에 대해 독성이 빈번하게 발생,,특정연령대금기
,백색의 원형 정제,01170,정신신경용제,대원제약(주),전문의약품,나정,D000090,Diazepam,Diazepam(디아제팜),디아제팜,대원디아제팜정2밀리그램(수출명:디아잠정2밀리그램)(수출명2:트레즈콘정2밀리그램),19770512,197700525,[M040102]디아제팜,,단일,20140109,안전성 유효성 미확립,,특정연령대금기
,백색의 정제,01170,정신신경용제,삼진제약(주),전문의약품,나정,D000090,Diazepam,Diazepam(디아제팜),디아제팜,삼진디아제팜정2밀리그람,19770914,197700535,[M040102]디아제팜,,단일,20140109,안전성 유효성 미확립,,특정연령대금기
,흰색의 팔각형 정제,01170,정신신경용제,삼진제약(주),전문의약품,나정,D000090,Diazepam,Diazepam(디아제팜),디아제팜,삼진디아제팜정5밀리그람,19770914,197700536,[M040102]디아제팜,,단일,20140109,안전성 유효성 미확립,,특정연령대금기
,백색의 원형정제,01170,정신신경용제,명인제약(주),전문의약품,나정,D000090,Diazepam,Diazepam(디아제팜),디아제팜,명인디아제팜정2밀리그램,19850910,198501811,[M040102]디아제팜,,단일,20140109,안전성 유효성 미확립,,특정연령대금기
,미황색의 원형정제,01170,정신신경용제,명인제약(주),전문의약품,나정,D000090,Diazepam,Diazepam(디아제팜),디아제팜,명인디아제팜정5밀리그램,19850910,198501812,[M040102]디아제팜,,단일,20140109,안전성 유효성 미확립,,특정연령대금기
,청색의 원형 정제,01170,정신신경용제,명인제약(주),전문의약품,나정,D000090,Diazepam,Diazepam(디아제팜),디아제팜,명인디아제팜정10밀리그램,19850910,198501813,[M040102]디아제팜,,단일,20140109,안전성 유효성 미확립,,특정연령대금기
,미황색의 원형정제,01170,정신신경용제,지피테라퓨틱스코리아주식회사,전문의약품,나정,D000090,Diazepam,Diazepam(디아제팜),디아제팜,바리움정5밀리그람(디아제팜),20061228,200700501,[M040102]디아제팜,,단일,20140109,안전성 유효성 미확립,,특정연령대금기
,무색 또는 미황색의 액이 든 갈색앰플주사제,01170,정신신경용제,삼진제약(주),전문의약품,용액주사제,D000090,Diazepam,Diazepam(디아제팜),디아제팜,삼진디아제팜주,19790214,197900546,[M040102]디아제팜,,단일,20140109,(벤질알코올 함유 제품에 한함) 벤질알코올은 조숙아에서 치명적인 가쁜 호흡증상과 연관이 있는 것으로 보고됨,,특정연령대금기
20210910,흰색의 분말이 든 상·하 미황색의 경질캡슐제,01240,진경제,조아제약(주),일반의약품,"경질캡슐제, 산제",D000089,Dicyclomine Hydrochloride,Dicyclomine Hydrochloride(디시클로민염산염),디시클로민염산염,스파토민캡슐(디시클로민염산염),19790224,197900411,[M256709]디시클로민염산염,,단일,20140109,안전성 및 유효성 미확립,,특정연령대금기
20101119,연한 청색의 타원형정제이다.,01120,최면진정제,알파제약(주),일반의약품,나정,D000296,Doxylamine Succinate,Doxylamine Succinate(독시라민석시네이트),독시라민석시네이트,아졸정(독시라민석시네이트),19861110,198601284,[M226319]독시라민석시네이트,,단일,20140109,소아에 항히스타민제 투여 시 paradoxical excitation 유발 가능,,특정연령대금기
20130702,흰색의 타원형 정제,01120,최면진정제,(주)씨엠지제약,일반의약품,나정,D000296,Doxylamine Succinate,Doxylamine Succinate(독시라민숙신산염),독시라민숙신산염,자비론정(독시라민숙신산염),19870209,198701478,[M250452]독시라민숙신산염,,단일,20140109,소아에 항히스타민제 투여 시 paradoxical excitation 유발 가능,,특정연령대금기
20251211,"황색 분말이 들어있는 상-흑색, 하-백색의 경질캅셀제",06150,"주로 그람양성, 음성균, 리케치아, 비루스에 작용하는 것",국제약품(주),전문의약품,"경질캡슐제, 산제",D000503,Doxycycline Hyclate Hydrate,Doxycycline Hyclate Hydrate(독시사이클린하이클레이트수화물),독시사이클린하이클레이트수화물,국제독시사이클린하이클레이트수화물캡슐100밀리그램,19800827,198000105,[M222960]독시사이클린하이클레이트수화물,,단일,20140109,"소아 등 (특히 치아 형성기인 12세 미만의 소아)에 투여 시, 치아의 착색？법랑질 형성 부전, 또는 일과성 골발육 부전을 일으킬 수 있음","다만, 다른 약을 사용할 수 없거나 효과가 없는 경우에만 8세 이상 신중투여",특정연령대금기
20251211,적황색 장방형의 필름코팅한 정제이다.,06150,"주로 그람양성, 음성균, 리케치아, 비루스에 작용하는 것",고려제약(주),전문의약품,필름코팅정,D000503,Doxycycline Hyclate Hydrate,Doxycycline Hyclate Hydrate(독시사이클린하이클레이트수화물),독시사이클린하이클레이트수화물,모노신정(독시사이클린하이클레이트수화물),19830118,198300718,[M222960]독시사이클린하이클레이트수화물,,단일,20140109,"소아 등 (특히 치아 형성기인 12세 미만의 소아)에 투여 시, 치아의 착색？법랑질 형성 부전, 또는 일과성 골발육 부전을 일으킬 수 있음","다만, 다른 약을 사용할 수 없거나 효과가 없는 경우에만 8세 이상 신중투여",특정연령대금기
20200914,흰색의 타원형 정제,01120,최면진정제,지엘파마(주),일반의약품,나정,D000296,Doxylamine Succinate,Doxylamine Succinate(독시라민숙신산염),독시라민숙신산염,스메르정(독시라민숙신산염),19881022,198802479,[M250452]독시라민숙신산염,,단일,20140109,소아에 항히스타민제 투여 시 paradoxical excitation 유발 가능,,특정연령대금기
20201027,흰색의 타원형 필름코팅정,01120,최면진정제,알리코제약(주),일반의약품,필름코팅정,D000296,Doxylamine Succinate,Doxylamine Succinate(독시라민숙신산염),독시라민숙신산염,아론정(독시라민숙신산염),19890605,198900711,[M250452]독시라민숙신산염,,단일,20140109,소아에 항히스타민제 투여 시 paradoxical excitation 유발 가능,,특정연령대금기
20251211,"황색 분말을 함유하는 상부 흑색, 하부 유백색의 경질캅셀",06150,"주로 그람양성, 음성균, 리케치아, 비루스에 작용하는 것",(주)동구바이오제약,전문의약품,"경질캡슐제, 산제",D000503,Doxycycline Hyclate,Doxycycline Hyclate(독시사이클린하이클레이트),독시사이클린하이클레이트,"동구독시사이클린하이클레이트캡슐(수출용)(수출명:NEUTROCYN Capsule 100mg,뉴트로신캡슐100mg)",19910830,199101245,[M020027]독시사이클린하이클레이트,,단일,20140109,"소아 등 (특히 치아 형성기인 12세 미만의 소아)에 투여 시, 치아의 착색？법랑질 형성 부전, 또는 일과성 골발육 부전을 일으킬 수 있음","다만, 다른 약을 사용할 수 없거나 효과가 없는 경우에만 8세 이상 신중투여",특정연령대금기
20200721,연청색의 타원형 정제,01120,최면진정제,(주)한국파비스제약,일반의약품,나정,D000296,Doxylamine Succinate,Doxylamine Succinate(독시라민숙신산염),독시라민숙신산염,포린피아정(독시라민숙신산염),19910509,199102275,[M250452]독시라민숙신산염,,단일,20140109,소아에 항히스타민제 투여 시 paradoxical excitation 유발 가능,,특정연령대금기
20220327,원형의 백색의 필름코팅정,06290,기타의 화학요법제,제이더블유중외제약(주),전문의약품,필름코팅정,D000534,Balofloxacin,Balofloxacin(발로플록사신),발로플록사신,큐록신정100밀리그램(발로플록사신),19930506,199300319,[M081620]발로플록사신,,단일,20141104,"- 안전성 및 유효성 미확립- 다른 퀴놀론계 항균제는 몇몇 어린 동물종에서 관절병증, 뼈연골증을 유발함",,특정연령대금기
20251211,황색의 원형필름코팅 정제이다.,06150,"주로 그람양성, 음성균, 리케치아, 비루스에 작용하는 것",신풍제약(주),전문의약품,필름코팅정,D000503,Doxycycline Hyclate,Doxycycline Hyclate(독시사이클린하이클레이트),독시사이클린하이클레이트,신풍독시사이클린하이클레이트정100밀리그람(수출용),19950404,199500012,[M020027]독시사이클린하이클레이트,,단일,20140109,"소아 등 (특히 치아 형성기인 12세 미만의 소아)에 투여 시, 치아의 착색？법랑질 형성 부전, 또는 일과성 골발육 부전을 일으킬 수 있음","다만, 다른 약을 사용할 수 없거나 효과가 없는 경우에만 8세 이상 신중투여",특정연령대금기
20251211,황색 원형의 정제,06150,"주로 그람양성, 음성균, 리케치아, 비루스에 작용하는 것",영풍제약(주),전문의약품,나정,D000503,Doxycycline Hydrate,Doxycycline Hydrate(독시사이클린수화물),독시사이클린수화물,영풍독시사이클린정100밀리그램,19951020,199502147,[M222836]독시사이클린수화물,,단일,20140109,"소아 등 (특히 치아 형성기인 12세 미만의 소아)에 투여 시, 치아의 착색？법랑질 형성 부전, 또는 일과성 골발육 부전을 일으킬 수 있음","다만, 다른 약을 사용할 수 없거나 효과가 없는 경우에만 8세 이상 신중투여",특정연령대금기
20251211,미황색의 분말이 충진된 상·하부 초록색의 캡슐제,06150,"주로 그람양성, 음성균, 리케치아, 비루스에 작용하는 것",신일제약(주),전문의약품,"경질캡슐제, 산제",D000503,Doxycycline Hydrate,Doxycycline Hydrate(독시사이클린수화물),독시사이클린수화물,신일모노독시엠캡슐(독시사이클린수화물),19960822,199602155,[M222836]독시사이클린수화물,,단일,20140109,"소아 등 (특히 치아 형성기인 12세 미만의 소아)에 투여 시, 치아의 착색？법랑질 형성 부전, 또는 일과성 골발육 부전을 일으킬 수 있음","다만, 다른 약을 사용할 수 없거나 효과가 없는 경우에만 8세 이상 신중투여",특정연령대금기
20251211,연두색의 원형정제,06150,"주로 그람양성, 음성균, 리케치아, 비루스에 작용하는 것",대한뉴팜(주),전문의약품,나정,D000503,Doxycycline Hydrate,Doxycycline Hydrate(독시사이클린수화물),독시사이클린수화물,도크린정(독시사이클린)(수출용),19960801,199605129,[M222836]독시사이클린수화물,,단일,20140109,"소아 등 (특히 치아 형성기인 12세 미만의 소아)에 투여 시, 치아의 착색？법랑질 형성 부전, 또는 일과성 골발육 부전을 일으킬 수 있음","다만, 다른 약을 사용할 수 없거나 효과가 없는 경우에만 8세 이상 신중투여",특정연령대금기
20181015,무색의 투명한 액제,02380,"하제, 완장제",하이플생명과학(주),일반의약품,관장제,D000576,Monobasic Sodium Phosphate,Monobasic Sodium Phosphate(인산이수소나트륨),인산이수소나트륨,렉크린액(인산나트륨에네마),19971128,199702005,[M051286]인산이수소나트륨/[M040513]인산일수소나트륨,[D000764]Sodium Phosphate Dibasic Dihydrate(인산일수소나트륨),복합,20150423,신장 및 심장에 심각한 손상 가능성 보고(FDA 안전성 정보 (FDA Drug Safety Communication)(‘14.1.8) ),,특정연령대금기
20251211,"(수출용1)  황색의 분말이 들어있는 상부 : 하늘색, 하부 : 백색의 경질캡슐(수출용2)  황색의 분말이 들어있는 상부 : 녹색, 하부 : 백색의 경질캡슐",06150,"주로 그람양성, 음성균, 리케치아, 비루스에 작용하는 것",(주)휴온스,전문의약품,"경질캡슐제, 산제",D000503,Doxycycline Hyclate Hydrate,Doxycycline Hyclate Hydrate(독시사이클린하이클레이트수화물),독시사이클린하이클레이트수화물,"휴온스독시사이클린하이클레이트캡슐100mg(수출명:독시메디코캡슐,테라독신캡슐,DOXYCYCLINE-ASTERIA 100mg Cap.)(수출용)",19970212,199702954,[M222960]독시사이클린하이클레이트수화물/[M222960]독시사이클린하이클레이트수화물,,단일,20140109,"소아 등 (특히 치아 형성기인 12세 미만의 소아)에 투여 시, 치아의 착색？법랑질 형성 부전, 또는 일과성 골발육 부전을 일으킬 수 있음","다만, 다른 약을 사용할 수 없거나 효과가 없는 경우에만 8세 이상 신중투여",특정연령대금기
20251211,"황색분말을 함유하는 상부 하늘색,하부 백색의 경질 캡슐제",06150,"주로 그람양성, 음성균, 리케치아, 비루스에 작용하는 것",한국코러스(주),전문의약품,"경질캡슐제, 산제",D000503,Doxycycline Hyclate Hydrate,Doxycycline Hyclate Hydrate(독시사이클린하이클레이트수화물),독시사이클린하이클레이트수화물,코러스독시사이클린캡슐(독시사이클린하이클레이트)(수출용),19970114,199703391,[M222960]독시사이클린하이클레이트수화물,,단일,20140109,"소아 등 (특히 치아 형성기인 12세 미만의 소아)에 투여 시, 치아의 착색？법랑질 형성 부전, 또는 일과성 골발육 부전을 일으킬 수 있음","다만, 다른 약을 사용할 수 없거나 효과가 없는 경우에만 8세 이상 신중투여",특정연령대금기
20260323,진한 분홍색의 장방형 필름코팅정,06290,기타의 화학요법제,바이엘코리아(주),전문의약품,필름코팅정,D000430,Moxifloxacin Hydrochloride,Moxifloxacin Hydrochloride(목시플록사신염산염),목시플록사신염산염,아벨록스정400밀리그람(목시플록사신염산염),19991118,199906848,[M247915]목시플록사신염산염,,단일,20141104,안전성 및 유효성 미확립,,특정연령대금기
20190709,백색의 장방형 정제.,02140,혈압강하제,(주)바이넥스,전문의약품,나정,D000088,Doxazosin Mesylate,Doxazosin Mesylate(독사조신메실산염),독사조신메실산염,카딜정2밀리그램(독사조신메실산염),20000529,200000932,[M252421]독사조신메실산염/[M252421]독사조신메실산염,,단일,20140109,안전성 및 유효성 미확립,,특정연령대금기
20251211,미황색의 분말이 충진된 상.하부 백색의 캅셀.,02310,치과구강용약,하나제약(주),전문의약품,"경질캡슐제, 산제",D000503,Doxycycline Hyclate Hydrate,Doxycycline Hyclate Hydrate(독시사이클린하이클레이트수화물),독시사이클린하이클레이트수화물,덴티스타캡슐(독시사이클린하이클레이트수화물),20000512,200002882,[M222960]독시사이클린하이클레이트수화물,,단일,20140109,"소아 등 (특히 치아 형성기인 12세 미만의 소아)에 투여 시, 치아의 착색？법랑질 형성 부전, 또는 일과성 골발육 부전을 일으킬 수 있음","다만, 다른 약을 사용할 수 없거나 효과가 없는 경우에만 8세 이상 신중투여",특정연령대금기
20210910,하늘색의 장방형 필름코팅정제,01240,진경제,신일제약(주),일반의약품,필름코팅정,D000089,Dicyclomine Hydrochloride,Dicyclomine Hydrochloride(디시클로민염산염),디시클로민염산염,이지정(디시클로민염산염),20001026,200003011,[M256709]디시클로민염산염,,단일,20140109,안전성 및 유효성 미확립,,특정연령대금기
20200411,"방사선을 안전하게 차폐할 수 있는 저장상자에 들어 있으며, 무색투명한 바이알에든 무색 투명한 액이다.",04310,방사성 의약품,새한산업,전문의약품,용액주사제,D000598,6Beta-Iodomethyl-19-Norcholest-5 (10)-EN-3Beta-ol (131I),6Beta-Iodomethyl-19-Norcholest-5 (10)-EN-3Beta-ol (131I)(6β-요오드메칠-19-노르-코레스트-5(10)-엔3β-올(131 I)),6β-요오드메칠-19-노르-코레스트-5(10)-엔3β-올(131 I),아도스테롤(131I)주사액(요오디네이티트(131I)노르콜레스테롤),20001101,200008922,[M093573]6β-요오드메칠-19-노르-코레스트-5(10)-엔3β-올(131 I),,단일,20140109,"- 안전성 및 유효성 미확립- 18세 미만의 환자에는 성선(性腺), 특히 난소에의 피폭이 많으므로 투여하지 않는 것이 원칙임",,특정연령대금기
20250415,무색 미황색의 투명한 용액이 든 갈색앰플,01140,해열.진통.소염제,이연제약(주),전문의약품,용액주사제,D000506,Diclofenac Beta-Dimethylaminoethanol,Diclofenac Beta-Dimethylaminoethanol(디클로페낙β-디메틸아미노에탄올),디클로페낙β-디메틸아미노에탄올,미노브이주2mL(디클로페낙β-디메틸아미노에탄올),20010711,200100155,[M252249]디클로페낙β-디메틸아미노에탄올,,단일,20140109,벤질알코올은 조숙아에서 치명적인 가쁜 호흡증상과 연관이 있는 것으로 보고됨,,특정연령대금기
20140720,황갈색의 원형 필름 코팅정,01220,골격근이완제,(주)동구바이오제약,전문의약품,필름코팅정,D000489,Thiocolchicoside,Thiocolchicoside(치오콜치코시드),치오콜치코시드,치오에스정(수출용),20021121,200201173,[M095614]치오콜치코시드/[M080565]무정형에스신,[D000232]Aescin(에스신),복합,20141104,염색체 이수성(염색체 수 또는 배열이상) 초래 가능성 보고(식약처 안전성서한2013-11-27),,특정연령대금기
20220327,흰색 또는 거의 흰색의 타원형 필름코팅정,06290,기타의 화학요법제,(주)엘지화학,전문의약품,필름코팅정,D000170,Gemifloxacin Mesylate,Gemifloxacin Mesylate(제미플록사신메실산염),제미플록사신메실산염,팩티브정320밀리그램(제미플록사신메실산염),20021227,200202740,[M266291]제미플록사신메실산염,,단일,20140109,"- 안전성 및 유효성 미확립- 퀴놀론계 항균제는 몇몇 어린 동물종에서 관절병증, 뼈연골증을 유발",,특정연령대금기
20260323,노란색의 투명한 용액이 무색투명한 병에 들어 있는 주사제,06290,기타의 화학요법제,바이엘코리아(주),전문의약품,용액주사제,D000430,Moxifloxacin Hydrochloride,Moxifloxacin Hydrochloride(목시플록사신염산염),목시플록사신염산염,아벨록스주400밀리그람(목시플록사신염산염)(병),20021116,200209450,[M247915]목시플록사신염산염,,단일,20141104,안전성 및 유효성 미확립,,특정연령대금기
20220907,"구상의 백색-회백색의 과립이 들어있는 상,하의 복숭아색의 서방성 캡슐",01170,정신신경용제,비아트리스코리아(주),전문의약품,"서방성캡슐제, 펠렛",D000638,Venlafaxine Hydrochloride,Venlafaxine Hydrochloride(벤라팍신염산염),벤라팍신염산염,이팩사엑스알서방캡슐75밀리그램,20031121,200308353,[M241528]벤라팍신염산염,,단일,20140109,"- 안전성 및 유효성 미확립- 소아 임상 시험에서 자살생각(suicidal ideation)의 이상반응이 관찰됨. 적개심 및 특히 주요 우울 장애의 경우, 자해(self-harm)의 보고 증가",,특정연령대금기
20220907,"구상의 백색-회백색의 과립이 들어있는 상의 연회색,하의 복숭아색의 서방성 캡슐",01170,정신신경용제,비아트리스코리아(주),전문의약품,"서방성캡슐제, 펠렛",D000638,Venlafaxine Hydrochloride,Venlafaxine Hydrochloride(벤라팍신염산염),벤라팍신염산염,이팩사엑스알서방캡슐37.5밀리그램,20031121,200308354,[M241528]벤라팍신염산염,,단일,20140109,"- 안전성 및 유효성 미확립- 소아 임상 시험에서 자살생각(suicidal ideation)의 이상반응이 관찰됨. 적개심 및 특히 주요 우울 장애의 경우, 자해(self-harm)의 보고 증가",,특정연령대금기
20230901,연한 황색의 원형필름코팅정제,01130,항전간제,일동제약(주),전문의약품,필름코팅정,D000065,Topiramate,Topiramate(토피라메이트),토피라메이트,토파메드정100밀리그램(토피라메이트),20041206,200400323,[M087104]토피라메이트,,단일,20140109,안전성 및 유효성 미확립,,특정연령대금기
20230819,무색 투명한 액이 든 갈색 투명한 앰플주사제,01140,해열.진통.소염제,(주)제일제약,전문의약품,용액주사제,D000506,Diclofenac Sodium,Diclofenac Sodium(디클로페낙나트륨),디클로페낙나트륨,제일제약디클로페낙나트륨주사액2.5%(수출용),20040227,200400583,[M050288]디클로페낙나트륨,,단일,20140109,벤질알코올은 조숙아에서 치명적인 가쁜 호흡증상과 연관이 있는 것으로 보고됨,,특정연령대금기
20230901,황색의 원형 필름코팅정제,01130,항전간제,명인제약(주),전문의약품,필름코팅정,D000065,Topiramate,Topiramate(토피라메이트),토피라메이트,토파메이트정100밀리그램(토피라메이트),20040728,200401252,[M087104]토피라메이트,,단일,20140109,안전성 및 유효성 미확립,,특정연령대금기
20200420,"황색의 결정성 가루가 들어있는 상, 하 흰색의 경질캡슐",01220,골격근이완제,한국유니온제약(주),전문의약품,"경질캡슐제, 산제",D000489,Thiocolchicoside,Thiocolchicoside(티오콜키코시드),티오콜키코시드,무코나캡슐(티오콜키코시드)(수출용),20040416,200401613,[M251172]티오콜키코시드,,단일,20141104,염색체 이수성(염색체 수 또는 배열이상) 초래 가능성 보고(식약처 안전성서한2013-11-27),,특정연령대금기
20130422,백색의 장방형 정제,02140,혈압강하제,미래바이오제약(주),전문의약품,나정,D000088,Doxazosin Mesylate,Doxazosin Mesylate(독사조신메실산염),독사조신메실산염,카조라정2mg(독사조신메실산염),20041111,200402566,[M252421]독사조신메실산염/[M252421]독사조신메실산염,,단일,20140109,안전성 및 유효성 미확립,,특정연령대금기
20210429,백색의 장방형 정제,02140,혈압강하제,(주)한국파비스제약,전문의약품,나정,D000088,Doxazosin Mesylate,Doxazosin Mesylate(독사조신메실산염),독사조신메실산염,독시카민정(독사조신메실산염),20041125,200402698,[M252421]독사조신메실산염,,단일,20140109,안전성 및 유효성 미확립,,특정연령대금기
20210512,내수용 : 백색의 장방형 정제수출용 : 흰색의 장방형 정제,02140,혈압강하제,위더스제약(주),전문의약품,나정,D000088,Doxazosin Mesylate,Doxazosin Mesylate(독사조신메실산염),독사조신메실산염,위더스독사조신메실산염정2밀리그램,20040823,200402842,[M252421]독사조신메실산염/[M252421]독사조신메실산염,,단일,20140109,안전성 및 유효성 미확립,,특정연령대금기
20230901,황색의 원형필름코팅정제,01130,항전간제,알보젠코리아(주),전문의약품,필름코팅정,D000065,Topiramate,Topiramate(토피라메이트),토피라메이트,토팜정(토피라메이트),20041101,200403319,[M087104]토피라메이트,,단일,20140109,안전성 및 유효성 미확립,,특정연령대금기
20210118,흰색의 장방형 정제,02140,혈압강하제,주식회사제뉴원사이언스,전문의약품,나정,D000088,Doxazosin Mesylate,Doxazosin Mesylate(독사조신메실산염),독사조신메실산염,제뉴원독사조신메실산염정2밀리그램,20040626,200404719,[M252421]독사조신메실산염,,단일,20140109,안전성 및 유효성 미확립,,특정연령대금기
20170104,투명하고 균일한 액이 든 미황색의 장방형 연질캡슐,02590,기타의 비뇨생식기관 및 항문용약,(주)글락소스미스클라인,전문의약품,"연질캡슐제, 액상",D000610,Dutasteride,Dutasteride(두타스테리드),두타스테리드,아보다트연질캡슐0.5밀리그램(두타스테리드),20040423,200409982,[M102694]두타스테리드,,단일,20140109,안전성 및 유효성 미확립,,특정연령대금기
20160407,이 약은 연주황색의 타원형 필름코팅정이다    ,02590,기타의 비뇨생식기관 및 항문용약,동아에스티(주),전문의약품,필름코팅정,D000569,Udenafil,Udenafil(유데나필),유데나필,자이데나정200밀리그램(유데나필),20051129,200500257,[M102602]유데나필,,단일,20140109,_,,특정연령대금기
20160407,이 약은 연주황색의 타원형 필름코팅정이다,02590,기타의 비뇨생식기관 및 항문용약,동아에스티(주),전문의약품,필름코팅정,D000569,Udenafil,Udenafil(유데나필),유데나필,자이데나정100밀리그램(유데나필),20051129,200500258,[M102602]유데나필,,단일,20140109,_,,특정연령대금기
20220907,백색-회백색의 구상 과립이 들어있는 상 하의 복숭아색의 캡슐,01170,정신신경용제,한림제약(주),전문의약품,"서방성캡슐제, 펠렛",D000638,Venlafaxine Hydrochloride,Venlafaxine Hydrochloride(벤라팍신염산염),벤라팍신염산염,베넥사엑스알서방캡슐75밀리그램(벤라팍신염산염),20051031,200500587,[M241528]벤라팍신염산염,,단일,20140109,"- 안전성 및 유효성 미확립- 소아 임상 시험에서 자살생각(suicidal ideation)의 이상반응이 관찰됨. 적개심 및 특히 주요 우울 장애의 경우, 자해(self-harm)의 보고 증가",,특정연령대금기
20230901,황색의 원형필름코팅정제,01130,항전간제,(주)팜젠사이언스,전문의약품,필름코팅정,D000065,Topiramate,Topiramate(토피라메이트),토피라메이트,토라맥정(토피라메이트),20050131,200500686,[M087104]토피라메이트,,단일,20140109,안전성 및 유효성 미확립,,특정연령대금기
20230901,백색의 원형 필름코팅정제,01130,항전간제,명인제약(주),전문의약품,필름코팅정,D000065,Topiramate,Topiramate(토피라메이트),토피라메이트,토파메이트정25밀리그램(토피라메이트),20050727,200501162,[M087104]토피라메이트,,단일,20140109,안전성 및 유효성 미확립,,특정연령대금기
20230901,황색의 원형 필름코팅정제,01130,항전간제,환인제약(주),전문의약품,필름코팅정,D000065,Topiramate,Topiramate(토피라메이트),토피라메이트,토피라트정100밀리그램(토피라메이트),20050323,200501237,[M087104]토피라메이트,,단일,20140109,안전성 및 유효성 미확립,,특정연령대금기
20251211,"황색의 분말이 들어있는 상부 하늘색, 하부 흰색의 경질캡슐",06150,"주로 그람양성, 음성균, 리케치아, 비루스에 작용하는 것",한국유니온제약(주),전문의약품,"경질캡슐제, 산제",D000503,Doxycycline Hyclate,Doxycycline Hyclate(독시사이클린하이클레이트),독시사이클린하이클레이트,독시클렌캡슐(독시사이클린하이클레이트)(수출용),20050321,200501463,[M020027]독시사이클린하이클레이트,,단일,20140109,"소아 등 (특히 치아 형성기인 12세 미만의 소아)에 투여 시, 치아의 착색？법랑질 형성 부전, 또는 일과성 골발육 부전을 일으킬 수 있음","다만, 다른 약을 사용할 수 없거나 효과가 없는 경우에만 8세 이상 신중투여",특정연령대금기
20220327,흰색의 원형 필름코팅정,06290,기타의 화학요법제,에스케이케미칼(주),전문의약품,필름코팅정,D000589,Tosufloxacine Tosilate Hydrate,Tosufloxacine Tosilate Hydrate(토수플록사신토실산염수화물),토수플록사신토실산염수화물,오젝스정(토수플록사신토실산염수화물),20051206,200501778,[M252750]토수플록사신토실산염수화물,,단일,20141104,안전성 및 유효성 미확립,,특정연령대금기
20230901,노란색의 원형 필름코팅정제,01130,항전간제,한미약품(주),전문의약품,필름코팅정,D000065,Topiramate,Topiramate(토피라메이트),토피라메이트,토피라정100밀리그램(토피라메이트),20050705,200502186,[M087104]토피라메이트,,단일,20140109,안전성 및 유효성 미확립,,특정연령대금기
20230901,황색의 원형 필름코팅정,01130,항전간제,명문제약(주),전문의약품,필름코팅정,D000065,Topiramate,Topiramate(토피라메이트),토피라메이트,토파민정(토피라메이트),20050504,200502654,[M087104]토피라메이트,,단일,20140109,안전성 및 유효성 미확립,,특정연령대금기
20230901,연한 녹색의 원형 필름코팅정제,01130,항전간제,알보젠코리아(주),전문의약품,필름코팅정,D000065,Topiramate,Topiramate(토피라메이트),토피라메이트,토팜정25밀리그람(토피라메이트),20051129,200502744,[M087104]토피라메이트,,단일,20140109,안전성 및 유효성 미확립,,특정연령대금기
20230901,황색의 원형필름코팅정제,01130,항전간제,한림제약(주),전문의약품,필름코팅정,D000065,Topiramate,Topiramate(토피라메이트),토피라메이트,토피론정100밀리그램(토피라메이트),20050131,200502866,[M087104]토피라메이트,,단일,20140109,안전성 및 유효성 미확립,,특정연령대금기
20230901,흰색의 원형 필름코팅 정제,01130,항전간제,한림제약(주),전문의약품,필름코팅정,D000065,Topiramate,Topiramate(토피라메이트),토피라메이트,토피론정25밀리그램(토피라메이트),20051212,200502902,[M087104]토피라메이트,,단일,20140109,안전성 및 유효성 미확립,,특정연령대금기
20230901,황색의 원형 필름코팅정,01130,항전간제,유니메드제약(주),전문의약품,필름코팅정,D000065,Topiramate,Topiramate(토피라메이트),토피라메이트,유니토파정(토피라메이트),20050323,200503065,[M087104]토피라메이트,,단일,20140109,안전성 및 유효성 미확립,,특정연령대금기
20230901,황색의 원형 필름코팅정,01130,항전간제,(주)동구바이오제약,전문의약품,필름코팅정,D000065,Topiramate,Topiramate(토피라메이트),토피라메이트,토프람정100mg(토피라메이트)(수출용),20050629,200512313,[M087104]토피라메이트,,단일,20140109,안전성 및 유효성 미확립,,특정연령대금기
20230901,백색의 원형 필름코팅정제,01130,항전간제,일동제약(주),전문의약품,필름코팅정,D000065,Topiramate,Topiramate(토피라메이트),토피라메이트,토파메드정25밀리그램(토피라메이트),20060227,200600081,[M087104]토피라메이트,,단일,20140109,안전성 및 유효성 미확립,,특정연령대금기
20230901,황색의 원형 필름코팅정,01130,항전간제,(주)휴온스,전문의약품,필름코팅정,D000065,Topiramate,Topiramate(토피라메이트),토피라메이트,세티정(토피라메이트),20060202,200600543,[M087104]토피라메이트,,단일,20140109,안전성 및 유효성 미확립,,특정연령대금기
20230901,황색의 원형 필름코팅 정제,01130,항전간제,(주)바이넥스,전문의약품,필름코팅정,D000065,Topiramate,Topiramate(토피라메이트),토피라메이트,토파씬정25밀리그램(토피라메이트),20060523,200604212,[M087104]토피라메이트,,단일,20140109,안전성 및 유효성 미확립,,특정연령대금기
20230901,황색의 원형 필름코팅정,01130,항전간제,(주)셀릭스,전문의약품,필름코팅정,D000065,Topiramate,Topiramate(토피라메이트),토피라메이트,토피라맥스정25mg(토피라메이트),20060526,200604258,[M087104]토피라메이트,,단일,20140109,안전성 및 유효성 미확립,,특정연령대금기
20230901,흰색의 원형 필름코팅정제,01130,항전간제,명문제약(주),전문의약품,필름코팅정,D000065,Topiramate,Topiramate(토피라메이트),토피라메이트,토파민정25밀리그람(토피라메이트),20060529,200604323,[M087104]토피라메이트,,단일,20140109,안전성 및 유효성 미확립,,특정연령대금기
20230901,백색의 원형 필름코팅정제,01130,항전간제,환인제약(주),전문의약품,필름코팅정,D000065,Topiramate,Topiramate(토피라메이트),토피라메이트,토피라트정25밀리그램(토피라메이트),20060622,200605410,[M087104]토피라메이트,,단일,20140109,안전성 및 유효성 미확립,,특정연령대금기
20230901,황색의 원형 필름코팅정,01130,항전간제,구주제약(주),전문의약품,필름코팅정,D000065,Topiramate,Topiramate(토피라메이트),토피라메이트,토펙스정100밀리그람(토피라메이트)(수출용),20060208,200605461,[M087104]토피라메이트,,단일,20140109,안전성 및 유효성 미확립,,특정연령대금기
20230901,흰색의 원형필름코팅정제,01130,항전간제,유니메드제약(주),전문의약품,필름코팅정,D000065,Topiramate,Topiramate(토피라메이트),토피라메이트,유니토파정25밀리그람(토피라메이트),20060602,200605499,[M087104]토피라메이트,,단일,20140109,안전성 및 유효성 미확립,,특정연령대금기
20250930,백색 내지 거의 백색의 장방형 필름코팅정,03990,따로 분류되지 않는 대사성 의약품,제일약품(주),전문의약품,필름코팅정,D000668,Ibandronate Sodium Monohydrate,Ibandronate Sodium Monohydrate(이반드론산나트륨일수화물),이반드론산나트륨일수화물,본비바정150밀리그램(이반드론산나트륨일수화물),20060731,200607634,[M102556]이반드론산나트륨일수화물,,단일,20140109,안전성 및 유효성 미확립,,특정연령대금기
20230901,흰색의 원형 필름코팅정제,01130,항전간제,한미약품(주),전문의약품,필름코팅정,D000065,Topiramate,Topiramate(토피라메이트),토피라메이트,토피라정25밀리그램(토피라메이트),20060628,200608166,[M087104]토피라메이트,,단일,20140109,안전성 및 유효성 미확립,,특정연령대금기
20230901,황색의 원형 필름코팅정제,01130,항전간제,광동제약(주),전문의약품,필름코팅정,D000065,Topiramate,Topiramate(토피라메이트),토피라메이트,토피리드정25밀리그램(토피라메이트),20060526,200608183,[M087104]토피라메이트,,단일,20140109,안전성 및 유효성 미확립,,특정연령대금기
20230901,흰색의 원형 필름코팅정제,01130,항전간제,(주)휴온스,전문의약품,필름코팅정,D000065,Topiramate,Topiramate(토피라메이트),토피라메이트,세티정25밀리그람(토피라메이트),20061013,200608240,[M087104]토피라메이트,,단일,20140109,안전성 및 유효성 미확립,,특정연령대금기
20250930,무색투명한 용액이 충전된 프리필드시린지로서 1회용 주사침이 첨부되어있다.,03990,따로 분류되지 않는 대사성 의약품,제일약품(주),전문의약품,용액주사제,D000668,Ibandronate Sodium Monohydrate,Ibandronate Sodium Monohydrate(이반드론산나트륨일수화물),이반드론산나트륨일수화물,본비바주(이반드론산나트륨일수화물),20061123,200611518,[M102556]이반드론산나트륨일수화물,,단일,20140109,안전성 및 유효성 미확립,,특정연령대금기
20220907,"구상의 흰색～회백색의 과립이 들어 있는 상, 하 연한 분홍색의 캡슐제",01170,정신신경용제,(주)한국파마,전문의약품,"서방성캡슐제, 펠렛",D000638,Venlafaxine Hydrochloride Extended-Release Granules,Venlafaxine Hydrochloride Extended-Release Granules(벤라팍신염산염서방성과립),벤라팍신염산염서방성과립,파마벤라팍신서방캡슐75밀리그램(벤라팍신염산염),20070209,200701823,[M241640]벤라팍신염산염서방성과립,,단일,20140109,"- 안전성 및 유효성 미확립- 소아 임상 시험에서 자살생각(suicidal ideation)의 이상반응이 관찰됨. 적개심 및 특히 주요 우울 장애의 경우, 자해(self-harm)의 보고 증가",,특정연령대금기
20220907,"백색~회백색의 과립이 들어 있는 상, 하 살구색의 캡슐제",01170,정신신경용제,영진약품(주),전문의약품,"서방성캡슐제, 펠렛",D000638,Venlafaxine Hydrochloride Extended-Release Granules,Venlafaxine Hydrochloride Extended-Release Granules(벤라팍신염산염서방성과립),벤라팍신염산염서방성과립,벤팍신서방캡슐75밀리그램(벤라팍신염산염),20070209,200701826,[M241640]벤라팍신염산염서방성과립,,단일,20140109,"- 안전성 및 유효성 미확립- 소아 임상 시험에서 자살생각(suicidal ideation)의 이상반응이 관찰됨. 적개심 및 특히 주요 우울 장애의 경우, 자해(self-harm)의 보고 증가",,특정연령대금기
20220907,"백색~회백색의 과립이 들어 있는 상, 하 분홍색의 캡슐제",01170,정신신경용제,대웅바이오(주),전문의약품,"서방성캡슐제, 펠렛",D000638,Venlafaxine Hydrochloride Extended-Release Granules,Venlafaxine Hydrochloride Extended-Release Granules(벤라팍신염산염서방성과립),벤라팍신염산염서방성과립,베라칸서방캡슐75밀리그램(벤라팍신염산염),20070209,200701830,[M241640]벤라팍신염산염서방성과립,,단일,20140109,"- 안전성 및 유효성 미확립- 소아 임상 시험에서 자살생각(suicidal ideation)의 이상반응이 관찰됨. 적개심 및 특히 주요 우울 장애의 경우, 자해(self-harm)의 보고 증가",,특정연령대금기
20220907,"구상의 흰색~회백색의 과립이 들어 있는 상, 하 분홍색의 캡슐제",01170,정신신경용제,삼천당제약(주),전문의약품,"서방성캡슐제, 펠렛",D000638,Venlafaxine Hydrochloride Extended-Release Granules,Venlafaxine Hydrochloride Extended-Release Granules(벤라팍신염산염서방성과립),벤라팍신염산염서방성과립,벤라팩트서방캡슐(벤라팍신염산염),20070209,200701831,[M241640]벤라팍신염산염서방성과립,,단일,20140109,"- 안전성 및 유효성 미확립- 소아 임상 시험에서 자살생각(suicidal ideation)의 이상반응이 관찰됨. 적개심 및 특히 주요 우울 장애의 경우, 자해(self-harm)의 보고 증가",,특정연령대금기
20230901,연한 노란색의 원형 필름코팅정,01130,항전간제,태극제약(주),전문의약품,필름코팅정,D000065,Topiramate,Topiramate(토피라메이트),토피라메이트,토핀정100밀리그램(토피라메이트),20070215,200702019,[M087104]토피라메이트,,단일,20140109,안전성 및 유효성 미확립,,특정연령대금기
20230901,연한 황색의 원형 필름코팅정제,01130,항전간제,(주)바이넥스,전문의약품,필름코팅정,D000065,Topiramate,Topiramate(토피라메이트),토피라메이트,토파씬정50밀리그램(토피라메이트)(수출용),20070222,200702451,[M087104]토피라메이트,,단일,20140109,안전성 및 유효성 미확립,,특정연령대금기
20230901,흰색의 원형 필름코팅정제,01130,항전간제,주식회사제뉴원사이언스,전문의약품,필름코팅정,D000065,Topiramate,Topiramate(토피라메이트),토피라메이트,토파케이정25mg(토피라메이트),20070309,200702963,[M087104]토피라메이트,,단일,20140109,안전성 및 유효성 미확립,,특정연령대금기
20230901,흰색의 원형 필름코팅정,01130,항전간제,제이더블유신약(주),전문의약품,필름코팅정,D000065,Topiramate,Topiramate(토피라메이트),토피라메이트,폰다미스정25밀리그램(토피라메이트),20070314,200703120,[M087104]토피라메이트,,단일,20140109,안전성 및 유효성 미확립,,특정연령대금기
20230901,황색의 원형 필름코팅 정제,01130,항전간제,(주)팜젠사이언스,전문의약품,필름코팅정,D000065,Topiramate,Topiramate(토피라메이트),토피라메이트,토라맥정25mg(토피라메이트),20070314,200703121,[M087104]토피라메이트,,단일,20140109,안전성 및 유효성 미확립,,특정연령대금기
20230901,흰색의 원형 필름코팅정,01130,항전간제,구주제약(주),전문의약품,필름코팅정,D000065,Topiramate,Topiramate(토피라메이트),토피라메이트,토펙스정25밀리그람(토피라메이트),20070320,200703233,[M087104]토피라메이트,,단일,20140109,안전성 및 유효성 미확립,,특정연령대금기
20230901,황색의 원형 필름코팅 정제,01130,항전간제,조아제약(주),전문의약품,필름코팅정,D000065,Topiramate,Topiramate(토피라메이트),토피라메이트,토맥정 25밀리그램(토피라메이트),20070320,200703275,[M087104]토피라메이트,,단일,20140109,안전성 및 유효성 미확립,,특정연령대금기
20230901,흰색의 원형 필름코팅정,01130,항전간제,대한뉴팜(주),전문의약품,필름코팅정,D000065,Topiramate,Topiramate(토피라메이트),토피라메이트,토핀정25밀리그램(토피라메이트),20070430,200704968,[M087104]토피라메이트,,단일,20140109,안전성 및 유효성 미확립,,특정연령대금기
20230901,흰색의 원형필름코팅정,01130,항전간제,(주)서울제약,전문의약품,필름코팅정,D000065,Topiramate,Topiramate(토피라메이트),토피라메이트,토파드정25밀리그램(토피라메이트),20070514,200705484,[M087104]토피라메이트,,단일,20140109,안전성 및 유효성 미확립,,특정연령대금기
20230901,미황색의 원형 필름코팅정제,01130,항전간제,한림제약(주),전문의약품,필름코팅정,D000065,Topiramate,Topiramate(토피라메이트),토피라메이트,토피론정50밀리그램(토피라메이트),20070529,200706103,[M087104]토피라메이트,,단일,20140109,안전성 및 유효성 미확립,,특정연령대금기
20220907,구상의 백색~회백색의 과립이 들어있는 상ㆍ하 복숭아 색의 캡슐,01170,정신신경용제,명인제약(주),전문의약품,"서방성캡슐제, 펠렛",D000638,Venlafaxine Hydrochloride,Venlafaxine Hydrochloride(벤라팍신염산염),벤라팍신염산염,코팩사엑스알서방캡슐75밀리그램(벤라팍신염산염),20071004,200710998,[M241528]벤라팍신염산염,,단일,20140109,"- 안전성 및 유효성 미확립- 소아 임상 시험에서 자살생각(suicidal ideation)의 이상반응이 관찰됨. 적개심 및 특히 주요 우울 장애의 경우, 자해(self-harm)의 보고 증가",,특정연령대금기
20220907,"백색 또는 회백색의 구상과립이 들어있는 상의 연회색,하의 복숭아색의 캡슐",01170,정신신경용제,한림제약(주),전문의약품,"서방성캡슐제, 펠렛",D000638,Venlafaxine Hydrochloride,Venlafaxine Hydrochloride(벤라팍신염산염),벤라팍신염산염,베넥사엑스알서방캡슐37.5밀리그램(벤라팍신염산염),20080306,200802595,[M241528]벤라팍신염산염,,단일,20140109,"- 안전성 및 유효성 미확립- 소아 임상 시험에서 자살생각(suicidal ideation)의 이상반응이 관찰됨. 적개심 및 특히 주요 우울 장애의 경우, 자해(self-harm)의 보고 증가",,특정연령대금기
20230901,흰색의 원형 필름코팅정,01130,항전간제,(주)동구바이오제약,전문의약품,필름코팅정,D000065,Topiramate,Topiramate(토피라메이트),토피라메이트,토프람정50mg(토피라메이트)(수출용),20080428,200804811,[M087104]토피라메이트,,단일,20140109,안전성 및 유효성 미확립,,특정연령대금기
20230901,황색의 원형 필름코팅정,01130,항전간제,대한뉴팜(주),전문의약품,필름코팅정,D000065,Topiramate,Topiramate(토피라메이트),토피라메이트,토피트정(토피라메이트),20080624,200806999,[M087104]토피라메이트,,단일,20140109,안전성 및 유효성 미확립,,특정연령대금기
20220907,"구상의 흰색~회백색의 과립이 들어있는 상부 연회색, 하부 연한 분홍색의 캡슐제",01170,정신신경용제,(주)한국파마,전문의약품,"서방성캡슐제, 펠렛",D000638,Venlafaxine Hydrochloride Extended-Release Granules,Venlafaxine Hydrochloride Extended-Release Granules(벤라팍신염산염서방성과립),벤라팍신염산염서방성과립,파마벤라팍신서방캡슐37.5밀리그램(벤라팍신염산염),20080911,200809447,[M241640]벤라팍신염산염서방성과립,,단일,20140109,"- 안전성 및 유효성 미확립- 소아 임상 시험에서 자살생각(suicidal ideation)의 이상반응이 관찰됨. 적개심 및 특히 주요 우울 장애의 경우, 자해(self-harm)의 보고 증가",,특정연령대금기
20220907,"백색~회백색의 과립이 들어있는 상부 연회색, 하부 분홍색의 캡슐제",01170,정신신경용제,대웅바이오(주),전문의약품,"서방성캡슐제, 펠렛",D000638,Venlafaxine Hydrochloride Extended-Release Granules,Venlafaxine Hydrochloride Extended-Release Granules(벤라팍신염산염서방성과립),벤라팍신염산염서방성과립,베라칸서방캡슐37.5밀리그램(벤라팍신염산염),20080911,200809448,[M241640]벤라팍신염산염서방성과립,,단일,20140109,"- 안전성 및 유효성 미확립- 소아 임상 시험에서 자살생각(suicidal ideation)의 이상반응이 관찰됨. 적개심 및 특히 주요 우울 장애의 경우, 자해(self-harm)의 보고 증가",,특정연령대금기
20220907,"구상의 흰색~회백색의 과립이 들어있는 상부 연회색, 하부 분홍색의 캡슐제",01170,정신신경용제,삼천당제약(주),전문의약품,"서방성캡슐제, 펠렛",D000638,Venlafaxine Hydrochloride Extended-Release Granules,Venlafaxine Hydrochloride Extended-Release Granules(벤라팍신염산염서방성과립),벤라팍신염산염서방성과립,벤라팩트서방캡슐37.5mg(벤라팍신염산염),20080911,200809450,[M241640]벤라팍신염산염서방성과립,,단일,20140109,"- 안전성 및 유효성 미확립- 소아 임상 시험에서 자살생각(suicidal ideation)의 이상반응이 관찰됨. 적개심 및 특히 주요 우울 장애의 경우, 자해(self-harm)의 보고 증가",,특정연령대금기
20220907,"백색~회백색의 과립이 들어있는 상부 연회색, 하부 살구색의 캡슐 ",01170,정신신경용제,영진약품(주),전문의약품,"서방성캡슐제, 펠렛",D000638,Venlafaxine Hydrochloride Extended-Release Granules,Venlafaxine Hydrochloride Extended-Release Granules(벤라팍신염산염서방성과립),벤라팍신염산염서방성과립,벤팍신서방캡슐37.5밀리그램(벤라팍신염산염),20080911,200809452,[M241640]벤라팍신염산염서방성과립,,단일,20140109,"- 안전성 및 유효성 미확립- 소아 임상 시험에서 자살생각(suicidal ideation)의 이상반응이 관찰됨. 적개심 및 특히 주요 우울 장애의 경우, 자해(self-harm)의 보고 증가",,특정연령대금기
20251211,"황색 분말이 들어있는 상부 하늘색, 하부 백색의 경질캡슐",06150,"주로 그람양성, 음성균, 리케치아, 비루스에 작용하는 것",알파제약(주),전문의약품,"경질캡슐제, 산제",D000503,Doxycycline Hyclate Hydrate,Doxycycline Hyclate Hydrate(독시사이클린하이클레이트수화물),독시사이클린하이클레이트수화물,알파독시사이클린하이클레이트수화물캡슐(수출용),20080912,200809495,[M222960]독시사이클린하이클레이트수화물,,단일,20140109,"소아 등 (특히 치아 형성기인 12세 미만의 소아)에 투여 시, 치아의 착색？법랑질 형성 부전, 또는 일과성 골발육 부전을 일으킬 수 있음","다만, 다른 약을 사용할 수 없거나 효과가 없는 경우에만 8세 이상 신중투여",특정연령대금기
20220907,"구상의 흰색 ~ 회백색의 과립이 들어 있는 상부 회색, 하부 분홍색의 서방성 경질캡슐제",01170,정신신경용제,명인제약(주),전문의약품,"서방성캡슐제, 펠렛",D000638,Venlafaxine Hydrochloride,Venlafaxine Hydrochloride(벤라팍신염산염),벤라팍신염산염,코팩사엑스알서방캡슐37.5밀리그램(벤라팍신염산염),20100129,201001057,[M241528]벤라팍신염산염,,단일,20140109,"- 안전성 및 유효성 미확립- 소아 임상 시험에서 자살생각(suicidal ideation)의 이상반응이 관찰됨. 적개심 및 특히 주요 우울 장애의 경우, 자해(self-harm)의 보고 증가",,특정연령대금기
20210604,흰색의 장방형 필름코팅정,04210,항악성종양제,한국노바티스(주),전문의약품,필름코팅정,D000490,Pazopanib Hydrochloride,Pazopanib Hydrochloride(파조파닙염산염),파조파닙염산염,보트리엔트정400밀리그램(파조파닙염산염),20100811,201004970,[M250589]파조파닙염산염,,단일,20150423,- 안전성 및 유효성 미확립- 생후 초기 발달 동안 기관 성장 및 성숙에 중대한 영향을 미침,,특정연령대금기
20210604,분홍색의 장방형 필름코팅정,04210,항악성종양제,한국노바티스(주),전문의약품,필름코팅정,D000490,Pazopanib Hydrochloride,Pazopanib Hydrochloride(파조파닙염산염),파조파닙염산염,보트리엔트정200밀리그램(파조파닙염산염),20100811,201004971,[M250589]파조파닙염산염,,단일,20150423,- 안전성 및 유효성 미확립- 생후 초기 발달 동안 기관 성장 및 성숙에 중대한 영향을 미침,,특정연령대금기
20160407,이 약은 연주황색의 장방형 필름코팅정이다.,02590,기타의 비뇨생식기관 및 항문용약,동아에스티(주),전문의약품,필름코팅정,D000569,Udenafil,Udenafil(유데나필),유데나필,자이데나정50밀리그램(유데나필),20101005,201005841,[M102602]유데나필,,단일,20140109,_,,특정연령대금기
20200922,한 면에 600MG 및 다른 면에 TMC가 새겨진 주황색의 타원형 필름코팅정제,06290,기타의 화학요법제,(주)한국얀센,전문의약품,필름코팅정,D000395,Darunavir Ethanolate,Darunavir Ethanolate(다루나비르에탄올레이트),다루나비르에탄올레이트,프레지스타정600밀리그램(다루나비르에탄올레이트),20101020,201006372,[M258751]다루나비르에탄올레이트,,단일,20150423,안전성 및 유효성 미확립,,특정연령대금기
20200922,연한 주황색의 타원형 필름코팅정제,06290,기타의 화학요법제,(주)한국얀센,전문의약품,필름코팅정,D000395,Darunavir Ethanolate,Darunavir Ethanolate(다루나비르에탄올레이트),다루나비르에탄올레이트,프레지스타정400밀리그램(다루나비르에탄올레이트),20101029,201006527,[M258751]다루나비르에탄올레이트,,단일,20150423,안전성 및 유효성 미확립,,특정연령대금기
20170713,수출용: 무색 투명한 내용물이 든 불투명한 흐린 노란색의 장방형 연질캡슐제내수용: 무색 투명한 내용물이 들어있는 미황색의 투명한 타원형 연질캡슐,02590,기타의 비뇨생식기관 및 항문용약,동아에스티(주),전문의약품,"연질캡슐제, 액상",D000610,Dutasteride,Dutasteride(두타스테리드),두타스테리드,두타반연질캡슐(두타스테리드),20101231,201007777,[M102694]두타스테리드/[M102694]두타스테리드,,단일,20140109,안전성 및 유효성 미확립,,특정연령대금기
20170713,무색 투명한 내용물이 들어있는 미황색의 투명한 타원형 연질캡슐,02590,기타의 비뇨생식기관 및 항문용약,(주)종근당,전문의약품,"연질캡슐제, 액상",D000610,Dutasteride,Dutasteride(두타스테리드),두타스테리드,두테스몰연질캡슐0.5밀리그램(두타스테리드),20101231,201007779,[M102694]두타스테리드,,단일,20140109,안전성 및 유효성 미확립,,특정연령대금기
20171218,무색 투명한 내용물이 들어있는 미황색의 투명한 타원형 연질캡슐,02590,기타의 비뇨생식기관 및 항문용약,일양약품(주),전문의약품,"연질캡슐제, 액상",D000610,Dutasteride,Dutasteride(두타스테리드),두타스테리드,아보스타연질캡슐0.5밀리그램(두타스테리드),20101231,201007780,[M102694]두타스테리드,,단일,20140109,안전성 및 유효성 미확립,,특정연령대금기
20170713,무색 투명한 내용물이 들어있는 미황색의 투명한 타원형 연질캡슐,02590,기타의 비뇨생식기관 및 항문용약,(주)유한양행,전문의약품,"연질캡슐제, 액상",D000610,Dutasteride,Dutasteride(두타스테리드),두타스테리드,아보테리드연질캡슐0.5밀리그램(두타스테리드),20101231,201007781,[M102694]두타스테리드,,단일,20140109,안전성 및 유효성 미확립,,특정연령대금기
20170713,투명한 내용물이 들어있는 미황색의 투명한 타원형 연질캡슐,02590,기타의 비뇨생식기관 및 항문용약,아주약품(주),전문의약품,"연질캡슐제, 액상",D000610,Dutasteride,Dutasteride(두타스테리드),두타스테리드,아나딘연질캡슐0.5밀리그램(두타스테리드),20101231,201007782,[M102694]두타스테리드,,단일,20140109,안전성 및 유효성 미확립,,특정연령대금기
20200113,무색 투명한 내용물이 들어있는 미황색의 투명한 타원형 연질캡슐,02590,기타의 비뇨생식기관 및 항문용약,제이더블유신약(주),전문의약품,"연질캡슐제, 액상",D000610,Dutasteride,Dutasteride(두타스테리드),두타스테리드,네오다트연질캡슐0.5밀리그램(두타스테리드),20101231,201007783,[M102694]두타스테리드,,단일,20140109,안전성 및 유효성 미확립,,특정연령대금기
20200519,내수용: 무색 투명한 내용물이 들어있는 미황색의 투명한 타원형 연질캡슐수출용: 무색 투명한 내용물이 든 불투명한 흐린 노란색의 장방형 연질캡슐,02590,기타의 비뇨생식기관 및 항문용약,(주)유유제약,전문의약품,"연질캡슐제, 액상",D000610,Dutasteride,Dutasteride(두타스테리드),두타스테리드,유힐릭스연질캡슐0.5밀리그램(두타스테리드),20101231,201007784,[M102694]두타스테리드/[M102694]두타스테리드,,단일,20140109,안전성 및 유효성 미확립,,특정연령대금기
20170713,무색 투명한 내용물이 든 불투명한 연한 노란색의 타원형 연질캡슐제,02590,기타의 비뇨생식기관 및 항문용약,한미약품(주),전문의약품,"연질캡슐제, 액상",D000610,Dutasteride,Dutasteride(두타스테리드),두타스테리드,두테드연질캡슐0.5밀리그램(두타스테리드),20110321,201101581,[M102694]두타스테리드,,단일,20140109,안전성 및 유효성 미확립,,특정연령대금기
20190524,"동결건조제, 베이지색 또는 주황빛을 띄는 분말덩어리로 첨부용제로 용해시 다소 유백광의 붉은빛을 띠는 베이지색 현탁제제",06310,백신류,(주)사노피-아벤티스코리아,전문의약품,현탁액용동결건조분말주사제,D000663,Live Attenuated Yellow Fever Virus 17D (AB237),Live Attenuated Yellow Fever Virus 17D (AB237)(약독 황열 생바이러스 17D(AB237주)),약독 황열 생바이러스 17D(AB237주),스타마릴주(약독황열생바이러스백신)(관납용),20110630,201104046,[M252482]약독 황열 생바이러스 17D(AB237주),,단일,20150423,_,,특정연령대금기
20260323,진한분홍색의장방형필름코팅정,06290,기타의 화학요법제,(주)비씨월드제약,전문의약품,필름코팅정,D000430,Moxifloxacin Hydrochloride,Moxifloxacin Hydrochloride(목시플록사신염산염),목시플록사신염산염,퀴녹스정400밀리그램(목시플록사신염산염),20120322,201201789,[M247915]목시플록사신염산염,,단일,20141104,안전성 및 유효성 미확립,,특정연령대금기
20251211,황색-어두운 황색의 결정성분말 또는 분말이 든 상하 녹색의 경질캡슐제,06150,"주로 그람양성, 음성균, 리케치아, 비루스에 작용하는 것",코오롱제약(주),전문의약품,"경질캡슐제, 산제",D000503,Doxycycline Hyclate Hydrate,Doxycycline Hyclate Hydrate(독시사이클린하이클레이트수화물),독시사이클린하이클레이트수화물,코오롱독시사이클린캡슐100mg(독시사이클린하이클레이트수화물)(수출용),20120516,201204686,[M222960]독시사이클린하이클레이트수화물,,단일,20140109,"소아 등 (특히 치아 형성기인 12세 미만의 소아)에 투여 시, 치아의 착색？법랑질 형성 부전, 또는 일과성 골발육 부전을 일으킬 수 있음","다만, 다른 약을 사용할 수 없거나 효과가 없는 경우에만 8세 이상 신중투여",특정연령대금기
20250930,흰색 내지 거의 흰색의 장방형 필름코팅정,03990,따로 분류되지 않는 대사성 의약품,초당약품공업(주),전문의약품,필름코팅정,D000668,Ibandronate Sodium Monohydrate,Ibandronate Sodium Monohydrate(이반드론산나트륨일수화물),이반드론산나트륨일수화물,오스맥정150밀리그램(이반드론산나트륨일수화물),20120612,201205499,[M102556]이반드론산나트륨일수화물,,단일,20140109,안전성 및 유효성 미확립,,특정연령대금기
20250930,흰색 내지 거의 흰색의 장방형 필름코팅정,03990,따로 분류되지 않는 대사성 의약품,신풍제약(주),전문의약품,필름코팅정,D000668,Ibandronate Sodium Monohydrate,Ibandronate Sodium Monohydrate(이반드론산나트륨일수화물),이반드론산나트륨일수화물,보니엠정150밀리그램(이반드론산나트륨일수화물),20120615,201205573,[M102556]이반드론산나트륨일수화물,,단일,20140109,안전성 및 유효성 미확립,,특정연령대금기
20250930,흰색 내지 거의 흰색의 장방형 필름코팅정,03990,따로 분류되지 않는 대사성 의약품,아주약품(주),전문의약품,필름코팅정,D000668,Ibandronate Sodium Monohydrate,Ibandronate Sodium Monohydrate(이반드론산나트륨일수화물),이반드론산나트륨일수화물,아나본정150밀리그램(이반드론산나트륨일수화물),20120618,201205623,[M102556]이반드론산나트륨일수화물,,단일,20140109,안전성 및 유효성 미확립,,특정연령대금기
20170713,내수용: 무색 투명한 내용물이 들어있는 미황색의 투명한 타원형 연질캡슐수출용: 무색 투명한 내용물이 든 불투명한 흐린 노란색의 장방형 연질캡슐,02590,기타의 비뇨생식기관 및 항문용약,대원제약(주),전문의약품,"연질캡슐제, 액상",D000610,Dutasteride,Dutasteride(두타스테리드),두타스테리드,두타텍트연질캡슐0.5밀리그램(두타스테리드),20120622,201205829,[M102694]두타스테리드,,단일,20140109,안전성 및 유효성 미확립,,특정연령대금기
20250930,흰색 내지 거의 흰색의 장방형 필름코팅정,03990,따로 분류되지 않는 대사성 의약품,알리코제약(주),전문의약품,필름코팅정,D000668,Ibandronate Sodium Monohydrate,Ibandronate Sodium Monohydrate(이반드론산나트륨일수화물),이반드론산나트륨일수화물,이반드론정(이반드론산나트륨일수화물),20120622,201205830,[M102556]이반드론산나트륨일수화물,,단일,20140109,안전성 및 유효성 미확립,,특정연령대금기
20250930,[내수용] 흰색 내지 거의 흰색의 장방형 필름코팅정[수출용] 분홍색의 장방형 필름코팅정,03990,따로 분류되지 않는 대사성 의약품,(주)테라젠이텍스,전문의약품,필름코팅정,D000668,Ibandronate Sodium Monohydrate,Ibandronate Sodium Monohydrate(이반드론산나트륨일수화물),이반드론산나트륨일수화물,이반드렌정150밀리그램(이반드론산나트륨일수화물),20120622,201205833,[M102556]이반드론산나트륨일수화물/[M102556]이반드론산나트륨일수화물,,단일,20140109,안전성 및 유효성 미확립,,특정연령대금기
20250930,흰색 내지 거의 흰색의 장방형 필름코팅정,03990,따로 분류되지 않는 대사성 의약품,(주)휴온스,전문의약품,필름코팅정,D000668,Ibandronate Sodium Monohydrate,Ibandronate Sodium Monohydrate(이반드론산나트륨일수화물),이반드론산나트륨일수화물,아미카본정(이반드론산나트륨일수화물),20120626,201205930,[M102556]이반드론산나트륨일수화물,,단일,20140109,안전성 및 유효성 미확립,,특정연령대금기
20250930,백색 내지 거의 백색의 장방형 필름코팅정,03990,따로 분류되지 않는 대사성 의약품,제일약품(주),전문의약품,필름코팅정,D000668,Ibandronate Sodium Monohydrate,Ibandronate Sodium Monohydrate(이반드론산나트륨일수화물),이반드론산나트륨일수화물,본제닉정150밀리그램(이반드론산나트륨일수화물),20120626,201205931,[M102556]이반드론산나트륨일수화물,,단일,20140109,안전성 및 유효성 미확립,,특정연령대금기
20250930,흰색 내지 거의 흰색의 장방형 필름코팅정,03990,따로 분류되지 않는 대사성 의약품,일동제약(주),전문의약품,필름코팅정,D000668,Ibandronate Sodium Monohydrate,Ibandronate Sodium Monohydrate(이반드론산나트륨일수화물),이반드론산나트륨일수화물,이바본정150밀리그램(이반드론산나트륨일수화물),20120627,201205940,[M102556]이반드론산나트륨일수화물,,단일,20140109,안전성 및 유효성 미확립,,특정연령대금기
20250930,흰색 내지 거의 흰색의 장방형 필름코팅정,03990,따로 분류되지 않는 대사성 의약품,조아제약(주),전문의약품,필름코팅정,D000668,Ibandronate Sodium Monohydrate,Ibandronate Sodium Monohydrate(이반드론산나트륨일수화물),이반드론산나트륨일수화물,이본덴스정(이반드론산나트륨일수화물),20120627,201205941,[M102556]이반드론산나트륨일수화물,,단일,20140109,안전성 및 유효성 미확립,,특정연령대금기
20250930,흰색 내지 거의 흰색의 장방형 필름코팅정,03990,따로 분류되지 않는 대사성 의약품,하나제약(주),전문의약품,필름코팅정,D000668,Ibandronate Sodium Monohydrate,Ibandronate Sodium Monohydrate(이반드론산나트륨일수화물),이반드론산나트륨일수화물,하니반정150밀리그램(이반드론산나트륨일수화물),20120627,201205942,[M102556]이반드론산나트륨일수화물,,단일,20140109,안전성 및 유효성 미확립,,특정연령대금기
20250930,흰색 내지 거의 흰색의 장방형 필름코팅정,03990,따로 분류되지 않는 대사성 의약품,일양약품(주),전문의약품,필름코팅정,D000668,Ibandronate Sodium Monohydrate,Ibandronate Sodium Monohydrate(이반드론산나트륨일수화물),이반드론산나트륨일수화물,일양이반드론산정150밀리그램(이반드론산나트륨일수화물),20120627,201205953,[M102556]이반드론산나트륨일수화물,,단일,20140109,안전성 및 유효성 미확립,,특정연령대금기
20250930,흰색 내지 거의 흰색의 장방형 필름코팅정,03990,따로 분류되지 않는 대사성 의약품,대화제약(주),전문의약품,필름코팅정,D000668,Ibandronate Sodium Monohydrate,Ibandronate Sodium Monohydrate(이반드론산나트륨일수화물),이반드론산나트륨일수화물,이본드로정(이반드론산나트륨일수화물),20120716,201206148,[M102556]이반드론산나트륨일수화물,,단일,20140109,안전성 및 유효성 미확립,,특정연령대금기
20260323,노란색의 투명한 액이 플라스틱제 수성주사제용기에 든 주사제,06290,기타의 화학요법제,에이치케이이노엔(주),전문의약품,용액주사제,D000430,Moxifloxacin,Moxifloxacin(목시플록사신),목시플록사신,모벨록신주400밀리그램(목시플록사신),20120827,201206595,[M247929]목시플록사신,,단일,20141104,안전성 및 유효성 미확립,,특정연령대금기
20250930,흰색 내지 거의 흰색의 장방형 필름코팅정,03990,따로 분류되지 않는 대사성 의약품,(주)한국피엠지제약,전문의약품,필름코팅정,D000668,Ibandronate Sodium Monohydrate,Ibandronate Sodium Monohydrate(이반드론산나트륨일수화물),이반드론산나트륨일수화물,드로반정150밀리그램(이반드론산나트륨일수화물),20120928,201207007,[M102556]이반드론산나트륨일수화물,,단일,20140109,안전성 및 유효성 미확립,,특정연령대금기
20250930,흰색 내지 거의 흰색의 장방형 필름코팅정,03990,따로 분류되지 않는 대사성 의약품,환인제약(주),전문의약품,필름코팅정,D000668,Ibandronate Sodium Monohydrate,Ibandronate Sodium Monohydrate(이반드론산나트륨일수화물),이반드론산나트륨일수화물,프로이반정150밀리그램(이반드론산나트륨일수화물),20121018,201207294,[M102556]이반드론산나트륨일수화물,,단일,20140109,안전성 및 유효성 미확립,,특정연령대금기
20250930,흰색 내지 거의 흰색의 장방형 필름코팅정제,03990,따로 분류되지 않는 대사성 의약품,(주)다림바이오텍,전문의약품,필름코팅정,D000668,Ibandronate Sodium Monohydrate,Ibandronate Sodium Monohydrate(이반드론산나트륨일수화물),이반드론산나트륨일수화물,본가드정150밀리그램(이반드론산나트륨일수화물),20121023,201207400,[M102556]이반드론산나트륨일수화물,,단일,20140109,안전성 및 유효성 미확립,,특정연령대금기
20250930,흰색 내지 거의 흰색의 장방형 필름코팅정제,03990,따로 분류되지 않는 대사성 의약품,(주)유유제약,전문의약품,필름코팅정,D000668,Ibandronate Sodium Monohydrate,Ibandronate Sodium Monohydrate(이반드론산나트륨일수화물),이반드론산나트륨일수화물,유유이반드론산나트륨정150밀리그램(이반드론산나트륨일수화물),20121023,201207401,[M102556]이반드론산나트륨일수화물,,단일,20140109,안전성 및 유효성 미확립,,특정연령대금기
20250930,흰색 내지 거의 흰색의 장방형 필름코팅정,03990,따로 분류되지 않는 대사성 의약품,삼천당제약(주),전문의약품,필름코팅정,D000668,Ibandronate Sodium Monohydrate,Ibandronate Sodium Monohydrate(이반드론산나트륨일수화물),이반드론산나트륨일수화물,이바테론정150mg(이반드론산나트륨일수화물),20121130,201208995,[M102556]이반드론산나트륨일수화물,,단일,20140109,안전성 및 유효성 미확립,,특정연령대금기
20250930,흰색의 장방형 필름코팅정,03990,따로 분류되지 않는 대사성 의약품,주식회사제뉴원사이언스,전문의약품,필름코팅정,D000668,Ibandronate Sodium Monohydrate,Ibandronate Sodium Monohydrate(이반드론산나트륨일수화물),이반드론산나트륨일수화물,본단정(이반드론산나트륨일수화물),20130109,201300262,[M102556]이반드론산나트륨일수화물,,단일,20140109,안전성 및 유효성 미확립,,특정연령대금기
20250930,흰색의 장방형 필름코팅정,03990,따로 분류되지 않는 대사성 의약품,구주제약(주),전문의약품,필름코팅정,D000668,Ibandronate Sodium Monohydrate,Ibandronate Sodium Monohydrate(이반드론산나트륨일수화물),이반드론산나트륨일수화물,이바넬정(이반드론산나트륨일수화물),20130201,201303269,[M102556]이반드론산나트륨일수화물,,단일,20140109,안전성 및 유효성 미확립,,특정연령대금기
20250930,흰색의 장방형 필름코팅정,03990,따로 분류되지 않는 대사성 의약품,국제약품(주),전문의약품,필름코팅정,D000668,Ibandronate Sodium Monohydrate,Ibandronate Sodium Monohydrate(이반드론산나트륨일수화물),이반드론산나트륨일수화물,이반네이트정150밀리그램(이반드론산나트륨일수화물),20130201,201303270,[M102556]이반드론산나트륨일수화물,,단일,20140109,안전성 및 유효성 미확립,,특정연령대금기
20250930,흰색 내지 거의 흰색의 장방형 필름코팅정,03990,따로 분류되지 않는 대사성 의약품,(주)팜젠사이언스,전문의약품,필름코팅정,D000668,Ibandronate Sodium Monohydrate,Ibandronate Sodium Monohydrate(이반드론산나트륨일수화물),이반드론산나트륨일수화물,본비스정150밀리그램(이반드론산나트륨일수화물),20130314,201306202,[M102556]이반드론산나트륨일수화물,,단일,20140109,안전성 및 유효성 미확립,,특정연령대금기
20250930,흰색의 장방형 필름코팅정,03990,따로 분류되지 않는 대사성 의약품,동광제약(주),전문의약품,필름코팅정,D000668,Ibandronate Sodium Monohydrate,Ibandronate Sodium Monohydrate(이반드론산나트륨일수화물),이반드론산나트륨일수화물,동광이반드론산정150밀리그램(이반드론산나트륨일수화물),20130318,201306253,[M102556]이반드론산나트륨일수화물,,단일,20140109,안전성 및 유효성 미확립,,특정연령대금기
20250930,흰색 내지 거의 흰색의 장방형 필름코팅정,03990,따로 분류되지 않는 대사성 의약품,(주)경보제약,전문의약품,필름코팅정,D000668,Ibandronate Sodium Monohydrate,Ibandronate Sodium Monohydrate(이반드론산나트륨일수화물),이반드론산나트륨일수화물,경보이반드로네이트정(이반드론산나트륨일수화물),20130319,201306285,[M102556]이반드론산나트륨일수화물,,단일,20140109,안전성 및 유효성 미확립,,특정연령대금기
20250930,무색투명한 용액이 무색투명한 유리 프리필드시린지에 든 주사제로서 1회용 주사침이 첨부되어있다.,03990,따로 분류되지 않는 대사성 의약품,(주)옵투스제약,전문의약품,용액주사제,D000668,Ibandronate Sodium Monohydrate,Ibandronate Sodium Monohydrate(이반드론산나트륨일수화물),이반드론산나트륨일수화물,어스본드로주(이반드론산나트륨일수화물),20130322,201306409,[M102556]이반드론산나트륨일수화물,,단일,20140109,안전성 및 유효성 미확립,,특정연령대금기
20250930, 무색투명한 용액이 무색투명한 유리 프리필드시린지에 든 주사제로서 1회용 주사침이 첨부되어있다.,03990,따로 분류되지 않는 대사성 의약품,한국유나이티드제약(주),전문의약품,용액주사제,D000668,Ibandronate Sodium Monohydrate,Ibandronate Sodium Monohydrate(이반드론산나트륨일수화물),이반드론산나트륨일수화물,본덱스주(이반드론산나트륨일수화물),20130322,201306424,[M102556]이반드론산나트륨일수화물,,단일,20140109,안전성 및 유효성 미확립,,특정연령대금기
20250930,   무색투명한 용액이 무색투명한 유리 프리필드시린지에 든 주사제로서 1회용 주사침이 첨부되어있다.,03990,따로 분류되지 않는 대사성 의약품,아주약품(주),전문의약품,용액주사제,D000668,Ibandronate Sodium Monohydrate,Ibandronate Sodium Monohydrate(이반드론산나트륨일수화물),이반드론산나트륨일수화물,아나본주(이반드론산나트륨일수화물),20130322,201306426,[M102556]이반드론산나트륨일수화물,,단일,20140109,안전성 및 유효성 미확립,,특정연령대금기
20250930,무색투명한 용액이 무색투명한 유리 프리필드시린지에 든 주사제로서 1회용 주사침이 첨부되어있다.,03990,따로 분류되지 않는 대사성 의약품,한림제약(주),전문의약품,용액주사제,D000668,Ibandronate Sodium Monohydrate,Ibandronate Sodium Monohydrate(이반드론산나트륨일수화물),이반드론산나트륨일수화물,본필드주(이반드론산나트륨일수화물),20130322,201306428,[M102556]이반드론산나트륨일수화물,,단일,20140109,안전성 및 유효성 미확립,,특정연령대금기
20250930,무색투명한 용액이 무색투명한 유리 프리필드시린지에 든 주사제로서 1회용 주사침이 첨부되어있다.,03990,따로 분류되지 않는 대사성 의약품,광동제약(주),전문의약품,용액주사제,D000668,Ibandronate Sodium Monohydrate,Ibandronate Sodium Monohydrate(이반드론산나트륨일수화물),이반드론산나트륨일수화물,이반포스주(이반드론산나트륨일수화물),20130322,201306429,[M102556]이반드론산나트륨일수화물,,단일,20140109,안전성 및 유효성 미확립,,특정연령대금기
20250930,무색투명한 용액이 충전된 프리필드시린지로서 1회용 주사침이 첨부되어 있다,03990,따로 분류되지 않는 대사성 의약품,신풍제약(주),전문의약품,용액주사제,D000668,Ibandronate Sodium Monohydrate,Ibandronate Sodium Monohydrate(이반드론산나트륨일수화물),이반드론산나트륨일수화물,보니엠주(이반드론산나트륨일수화물),20130329,201306542,[M102556]이반드론산나트륨일수화물,,단일,20140109,안전성 및 유효성 미확립,,특정연령대금기
20250930,무색투명한 용액이 충전된 프리필드시린지로서 1회용 주사침이 첨부되어있다.,03990,따로 분류되지 않는 대사성 의약품,환인제약(주),전문의약품,용액주사제,D000668,Ibandronate Sodium Monohydrate,Ibandronate Sodium Monohydrate(이반드론산나트륨일수화물),이반드론산나트륨일수화물,프로이반주(이반드론산나트륨일수화물),20130329,201306543,[M102556]이반드론산나트륨일수화물,,단일,20140109,안전성 및 유효성 미확립,,특정연령대금기
20250930,무색 투명한 용액이 충전된 프리필드시린지로서 1회용 주사침이 첨부되어 있다,03990,따로 분류되지 않는 대사성 의약품,유니메드제약(주),전문의약품,용액주사제,D000668,Ibandronate Sodium Monohydrate,Ibandronate Sodium Monohydrate(이반드론산나트륨수화물),이반드론산나트륨수화물,유니본주(이반드론산나트륨수화물),20130426,201307084,[M256854]이반드론산나트륨수화물,,단일,20140109,안전성 및 유효성 미확립,,특정연령대금기
20250930,흰색 내지 거의 흰색의 장방형 필름코팅정,03990,따로 분류되지 않는 대사성 의약품,유니메드제약(주),전문의약품,필름코팅정,D000668,Ibandronate Sodium Monohydrate,Ibandronate Sodium Monohydrate(이반드론산나트륨수화물),이반드론산나트륨수화물,유니본정(이반드론산나트륨수화물),20130426,201307092,[M256854]이반드론산나트륨수화물,,단일,20140109,안전성 및 유효성 미확립,,특정연령대금기
20220327,흰색에서 밝은 갈색의 동결건조된 분말이 갈색 바이알에 든 주사제,06290,기타의 화학요법제,(주)엘지화학,전문의약품,용액용동결건조분말주사제,D000170,Gemifloxacin Mesylate,Gemifloxacin Mesylate(제미플록사신메실산염),제미플록사신메실산염,팩티브주200밀리그램(제미플록사신메실산염),20130429,201307117,[M266291]제미플록사신메실산염,,단일,20140109,"- 안전성 및 유효성 미확립- 퀴놀론계 항균제는 몇몇 어린 동물종에서 관절병증, 뼈연골증을 유발",,특정연령대금기
20250930,무색투명한 용액이 무색투명한 유리 프리필드시린지에 든 주사제로서 1회용 주사침이 첨부되어 있다. ,03990,따로 분류되지 않는 대사성 의약품,대화제약(주),전문의약품,용액주사제,D000668,Ibandronate Sodium Monohydrate,Ibandronate Sodium Monohydrate(이반드론산나트륨수화물),이반드론산나트륨수화물,이본드로주(이반드론산나트륨수화물),20130527,201307487,[M256854]이반드론산나트륨수화물,,단일,20140109,안전성 및 유효성 미확립,,특정연령대금기
20250930,흰색 내지 거의 흰색의 장방형 필름코팅정제,03990,따로 분류되지 않는 대사성 의약품,(주)씨엠지제약,전문의약품,필름코팅정,D000668,Ibandronate Sodium Monohydrate,Ibandronate Sodium Monohydrate(이반드론산나트륨일수화물),이반드론산나트륨일수화물,이브본정150mg(이반드론산나트륨일수화물),20130731,201308598,[M102556]이반드론산나트륨일수화물,,단일,20140109,안전성 및 유효성 미확립,,특정연령대금기
20230901,황색의 원형 필름코팅정,01130,항전간제,제이더블유신약(주),전문의약품,필름코팅정,D000065,Topiramate,Topiramate(토피라메이트),토피라메이트,폰다미스정100밀리그램(토피라메이트),20130913,201309336,[M087104]토피라메이트,,단일,20140109,안전성 및 유효성 미확립,,특정연령대금기
20250930,무색투명한 용액이 무색투명한 유리 프리필드시린지에 든 주사제로서 1회용 주사침이 첨부되어있다.,03990,따로 분류되지 않는 대사성 의약품,진양제약(주),전문의약품,용액주사제,D000668,Ibandronate Sodium Monohydrate,Ibandronate Sodium Monohydrate(이반드론산나트륨일수화물),이반드론산나트륨일수화물,반드론주(이반드론산나트륨일수화물),20130927,201309479,[M102556]이반드론산나트륨일수화물,,단일,20140109,안전성 및 유효성 미확립,,특정연령대금기
20260323,진한 분홍색의 장방형 필름코팅정,06290,기타의 화학요법제,한미약품(주),전문의약품,필름코팅정,D000430,Moxifloxacin Hydrochloride,Moxifloxacin Hydrochloride(목시플록사신염산염),목시플록사신염산염,모록사신정400밀리그램(목시플록사신염산염),20131010,201309618,[M247915]목시플록사신염산염,,단일,20141104,안전성 및 유효성 미확립,,특정연령대금기
20160407,연주황색의 장방형 필름코팅정,02590,기타의 비뇨생식기관 및 항문용약,동아에스티(주),전문의약품,필름코팅정,D000569,Udenafil,Udenafil(유데나필),유데나필,자이데나정75밀리그램(유데나필),20131015,201309741,[M102602]유데나필,,단일,20140109,_,,특정연령대금기
20260323,노란색의 투명한 액이 무색투명한 수액용 플라스틱 용기에 충전된 주사제,06290,기타의 화학요법제,제이더블유생명과학(주),전문의약품,용액주사제,D000430,Moxifloxacin,Moxifloxacin(목시플록사신),목시플록사신,제이더블유목시플록사신주400mg,20131022,201309860,[M247929]목시플록사신,,단일,20141104,안전성 및 유효성 미확립,,특정연령대금기
20260323,진한 분홍색의 장방형 필름코팅정,06290,기타의 화학요법제,에이치케이이노엔(주),전문의약품,필름코팅정,D000430,Moxifloxacin Hydrochloride,Moxifloxacin Hydrochloride(목시플록사신염산염),목시플록사신염산염,모벨록신정400밀리그램(목시플록사신염산염),20131031,201310000,[M247915]목시플록사신염산염,,단일,20141104,안전성 및 유효성 미확립,,특정연령대금기
20230901,황색의 원형 필름코팅정제,01130,항전간제,조아제약(주),전문의약품,필름코팅정,D000065,Topiramate,Topiramate(토피라메이트),토피라메이트,토맥정(토피라메이트),20140103,201400023,[M087104]토피라메이트,,단일,20140109,안전성 및 유효성 미확립,,특정연령대금기
20230901,황색의 원형 필름 코팅 정제,01130,항전간제,(주)바이넥스,전문의약품,필름코팅정,D000065,Topiramate,Topiramate(토피라메이트),토피라메이트,토파씬정(토피라메이트),20140103,201400024,[M087104]토피라메이트,,단일,20140109,안전성 및 유효성 미확립,,특정연령대금기
20260323,노란색의 투명한 용액이 무색 투명한 병에 들어있는 주사제,06290,기타의 화학요법제,신풍제약(주),전문의약품,용액주사제,D000430,Moxifloxacin,Moxifloxacin(목시플록사신),목시플록사신,목시록주400밀리그램(목시플록사신),20140226,201400874,[M247929]목시플록사신,,단일,20141104,안전성 및 유효성 미확립,,특정연령대금기
20230901,황색의 원형 필름코팅정,01130,항전간제,(주)마더스제약,전문의약품,필름코팅정,D000065,Topiramate,Topiramate(토피라메이트),토피라메이트,토파원정100밀리그램(토피라메이트),20140310,201401064,[M087104]토피라메이트,,단일,20140109,안전성 및 유효성 미확립,,특정연령대금기
20230901,흰색의 원형 필름코팅정,01130,항전간제,(주)휴온스메디텍,전문의약품,필름코팅정,D000065,Topiramate,Topiramate(토피라메이트),토피라메이트,토피메정25밀리그램(토피라메이트),20140509,201402171,[M087104]토피라메이트,,단일,20140109,안전성 및 유효성 미확립,,특정연령대금기
20250930,무색투명한 용액이 무색투명한 유리 프리필드시린지에 든 주사제로서 1회용 주사침이 첨부되어있다.,03990,따로 분류되지 않는 대사성 의약품,(주)휴온스,전문의약품,용액주사제,D000668,Ibandronate Sodium Monohydrate,Ibandronate Sodium Monohydrate(이반드론산나트륨일수화물),이반드론산나트륨일수화물,아미카본주(이반드론산나트륨일수화물),20140603,201402517,[M102556]이반드론산나트륨일수화물,,단일,20140109,안전성 및 유효성 미확립,,특정연령대금기
20230901,흰색의 원형 필름코팅정,01130,항전간제,(주)휴온스메디텍,전문의약품,필름코팅정,D000065,Topiramate,Topiramate(토피라메이트),토피라메이트,토피메정100밀리그램(토피라메이트),20140702,201402937,[M087104]토피라메이트,,단일,20140109,안전성 및 유효성 미확립,,특정연령대금기
20251211,황색 원형의 정제,06150,"주로 그람양성, 음성균, 리케치아, 비루스에 작용하는 것",(주)하원제약,전문의약품,나정,D000503,Doxycycline Hydrate,Doxycycline Hydrate(독시사이클린수화물),독시사이클린수화물,독시정(독시사이클린수화물),20140709,201403031,[M222836]독시사이클린수화물,,단일,20140109,"소아 등 (특히 치아 형성기인 12세 미만의 소아)에 투여 시, 치아의 착색？법랑질 형성 부전, 또는 일과성 골발육 부전을 일으킬 수 있음","다만, 다른 약을 사용할 수 없거나 효과가 없는 경우에만 8세 이상 신중투여",특정연령대금기
20230901,흰색의 원형 필름코팅정제,01130,항전간제,오스틴제약(주),전문의약품,필름코팅정,D000065,Topiramate,Topiramate(토피라메이트),토피라메이트,토피렉스정25밀리그램(토피라메이트),20140715,201403151,[M087104]토피라메이트,,단일,20140109,안전성 및 유효성 미확립,,특정연령대금기
20250930,흰색의 장방형 필름코팅정,03990,따로 분류되지 않는 대사성 의약품,(주)화이트생명과학,전문의약품,필름코팅정,D000668,Ibandronate Sodium Monohydrate,Ibandronate Sodium Monohydrate(이반드론산나트륨일수화물),이반드론산나트륨일수화물,보네조아정(이반드론산나트륨일수화물),20140718,201403255,[M102556]이반드론산나트륨일수화물,,단일,20140109,안전성 및 유효성 미확립,,특정연령대금기
20250930,무색투명한 용액이 무색투명한 유리 프리필드시린지에 든 주사제로서 1회용 주사침이 첨부되어 있다,03990,따로 분류되지 않는 대사성 의약품,조아제약(주),전문의약품,용액주사제,D000668,Ibandronate Sodium Monohydrate,Ibandronate Sodium Monohydrate(이반드론산나트륨일수화물),이반드론산나트륨일수화물,이본덴스주(이반드론산나트륨일수화물),20140722,201403301,[M102556]이반드론산나트륨일수화물,,단일,20140109,안전성 및 유효성 미확립,,특정연령대금기
20230901,흰색의 원형 필름코팅정제,01130,항전간제,(주)마더스제약,전문의약품,필름코팅정,D000065,Topiramate,Topiramate(토피라메이트),토피라메이트,토파원정25밀리그램(토피라메이트),20140804,201403599,[M087104]토피라메이트,,단일,20140109,안전성 및 유효성 미확립,,특정연령대금기
20230901,황색의 원형 필름 코팅 정제,01130,항전간제,하나제약(주),전문의약품,필름코팅정,D000065,Topiramate,Topiramate(토피라메이트),토피라메이트,토맥스정100밀리그램(토피라메이트),20140929,201404441,[M087104]토피라메이트,,단일,20140109,안전성 및 유효성 미확립,,특정연령대금기
20170713,무색 투명한 내용물이 들어있는 미황색의 투명한 타원형 연질캡슐,02590,기타의 비뇨생식기관 및 항문용약,광동제약(주),전문의약품,"연질캡슐제, 액상",D000610,Dutasteride,Dutasteride(두타스테리드),두타스테리드,두아보연질캡슐0.5밀리그램(두타스테리드),20141215,201405883,[M102694]두타스테리드,,단일,20140109,안전성 및 유효성 미확립,,특정연령대금기
20230901,황색의 원형 필름코팅 정제,01130,항전간제,(주)에이프로젠바이오로직스,전문의약품,필름코팅정,D000065,Topiramate,Topiramate(토피라메이트),토피라메이트,토프라맥정25밀리그램(토피라메이트),20141218,201405930,[M087104]토피라메이트,,단일,20140109,안전성 및 유효성 미확립,,특정연령대금기
20260323,빨간색의 장방형 필름코팅정제,06290,기타의 화학요법제,한국유나이티드제약(주),전문의약품,필름코팅정,D000430,Moxifloxacin Hydrochloride,Moxifloxacin Hydrochloride(목시플록사신염산염),목시플록사신염산염,조이록신정400밀리그램(목시플록사신염산염),20141230,201406133,[M247915]목시플록사신염산염,,단일,20141104,안전성 및 유효성 미확립,,특정연령대금기
20251211,미황색의 분말이 충진된 상·하부 초록색의 캡슐제,06150,"주로 그람양성, 음성균, 리케치아, 비루스에 작용하는 것",(주)씨엘팜,전문의약품,"경질캡슐제, 산제",D000503,Doxycycline Hydrate,Doxycycline Hydrate(독시사이클린수화물),독시사이클린수화물,독시라마이신캡슐100mg(독시사이클린수화물),20141231,201406196,[M222836]독시사이클린수화물,,단일,20140109,"소아 등 (특히 치아 형성기인 12세 미만의 소아)에 투여 시, 치아의 착색？법랑질 형성 부전, 또는 일과성 골발육 부전을 일으킬 수 있음","다만, 다른 약을 사용할 수 없거나 효과가 없는 경우에만 8세 이상 신중투여",특정연령대금기
20170713,무색 투명한 내용물이 들어있는 미황색의 투명한 타원형 연질캡슐,02590,기타의 비뇨생식기관 및 항문용약,국제약품(주),전문의약품,"연질캡슐제, 액상",D000610,Dutasteride,Dutasteride(두타스테리드),두타스테리드,아보스티드연질캡슐0.5밀리그램(두타스테리드),20150130,201500515,[M102694]두타스테리드,,단일,20140109,안전성 및 유효성 미확립,,특정연령대금기
20250930,흰색의 장방형 필름코팅정,03990,따로 분류되지 않는 대사성 의약품,(주)휴비스트제약,전문의약품,필름코팅정,D000668,Ibandronate Sodium Monohydrate,Ibandronate Sodium Monohydrate(이반드론산나트륨일수화물),이반드론산나트륨일수화물,본이반정150밀리그램(이반드론산나트륨일수화물),20150216,201500856,[M102556]이반드론산나트륨일수화물,,단일,20140109,안전성 및 유효성 미확립,,특정연령대금기
20250930,무색투명한 용액이 무색투명한 유리 프리필드시린지에 든 주사제로서 1회용 주사침이 첨부되어 있다.,03990,따로 분류되지 않는 대사성 의약품,경동제약(주),전문의약품,용액주사제,D000668,Ibandronate Sodium Monohydrate,Ibandronate Sodium Monohydrate(이반드론산나트륨일수화물),이반드론산나트륨일수화물,본비론주(이반드론산나트륨일수화물),20150312,201501299,[M102556]이반드론산나트륨일수화물,,단일,20140109,안전성 및 유효성 미확립,,특정연령대금기
20171221,무색 투명한 내용물이 들어있는 미황색의 투명한 타원형 연질캡슐,02590,기타의 비뇨생식기관 및 항문용약,이연제약(주),전문의약품,"연질캡슐제, 액상",D000610,Dutasteride,Dutasteride(두타스테리드),두타스테리드,두타스카연질캡슐0.5밀리그램(두타스테리드),20150331,201501741,[M102694]두타스테리드,,단일,20140109,안전성 및 유효성 미확립,,특정연령대금기
20170713,무색 투명한 내용물이 들어있는 미황색의 투명한 타원형 연질캡슐,02590,기타의 비뇨생식기관 및 항문용약,삼진제약(주),전문의약품,"연질캡슐제, 액상",D000610,Dutasteride,Dutasteride(두타스테리드),두타스테리드,아두타연질캡슐0.5밀리그램(두타스테리드),20150407,201501878,[M102694]두타스테리드,,단일,20140109,안전성 및 유효성 미확립,,특정연령대금기
20250930,무색투명한 용액이 충전된 프리필드시린지로서 1회용 주사침이 첨부되어 있다.,03990,따로 분류되지 않는 대사성 의약품,제이더블유중외제약(주),전문의약품,용액주사제,D000668,Ibandronate Sodium Monohydrate,Ibandronate Sodium Monohydrate(이반드론산나트륨일수화물),이반드론산나트륨일수화물,제이본주(이반드론산나트륨일수화물),20150409,201501947,[M102556]이반드론산나트륨일수화물,,단일,20140109,안전성 및 유효성 미확립,,특정연령대금기
20170713,무색 투명한 내용물이 들어있는 미황색의 투명한 타원형 연질캡슐,02590,기타의 비뇨생식기관 및 항문용약,초당약품공업(주),전문의약품,"연질캡슐제, 액상",D000610,Dutasteride,Dutasteride(두타스테리드),두타스테리드,두타렉스연질캡슐0.5밀리그램(두타스테리드),20150410,201501965,[M102694]두타스테리드,,단일,20140109,안전성 및 유효성 미확립,,특정연령대금기
20170713,투명한 내용물이 들어있는 미황색의 투명한 타원형 연질캡슐,02590,기타의 비뇨생식기관 및 항문용약,한국휴텍스제약(주),전문의약품,"연질캡슐제, 액상",D000610,Dutasteride,Dutasteride(두타스테리드),두타스테리드,원투스테리드연질캡슐(두타스테리드),20150415,201502261,[M102694]두타스테리드,,단일,20140109,안전성 및 유효성 미확립,,특정연령대금기
20170713,무색 투명한 내용물이 들어있는 미황색의 투명한 타원형 연질캡슐,02590,기타의 비뇨생식기관 및 항문용약,경동제약(주),전문의약품,"연질캡슐제, 액상",D000610,Dutasteride,Dutasteride(두타스테리드),두타스테리드,두로칸연질캡슐0.5밀리그램(두타스테리드),20150427,201502460,[M102694]두타스테리드,,단일,20140109,안전성 및 유효성 미확립,,특정연령대금기
20230901,흰색의 원형 필름코팅정제,01130,항전간제,(주)휴비스트제약,전문의약품,필름코팅정,D000065,Topiramate,Topiramate(토피라메이트),토피라메이트,토파로스정25밀리그램(토피라메이트),20150512,201502874,[M087104]토피라메이트,,단일,20140109,안전성 및 유효성 미확립,,특정연령대금기
20170713,무색 투명한 내용물이 든 불투명한 흐린 노란색의 장방형 연질캡슐제,02590,기타의 비뇨생식기관 및 항문용약,제일약품(주),전문의약품,"연질캡슐제, 액상",D000610,Dutasteride,Dutasteride(두타스테리드),두타스테리드,두타젠연질캡슐0.5밀리그램(두타스테리드),20150526,201503148,[M102694]두타스테리드,,단일,20140109,안전성 및 유효성 미확립,,특정연령대금기
20230901,흰색 또는 거의 흰색의 원형 필름 코팅정제,01130,항전간제,파마사이언스코리아(주),전문의약품,필름코팅정,D000065,Topiramate,Topiramate(토피라메이트),토피라메이트,피엠에스토피라메이트정25밀리그램,20150529,201503517,[M087104]토피라메이트,,단일,20140109,안전성 및 유효성 미확립,,특정연령대금기
20230901,황색의 원형 필름코팅정,01130,항전간제,파마사이언스코리아(주),전문의약품,필름코팅정,D000065,Topiramate,Topiramate(토피라메이트),토피라메이트,피엠에스토피라메이트정100밀리그램,20150612,201503842,[M087104]토피라메이트,,단일,20140109,안전성 및 유효성 미확립,,특정연령대금기
20260323,노란색의 투명한 용액이 무색 투명한 병에 들어있는 주사제,06290,기타의 화학요법제,한국유나이티드제약(주),전문의약품,용액주사제,D000430,Moxifloxacin,Moxifloxacin(목시플록사신),목시플록사신,조이록신주400밀리그램(목시플록사신),20150612,201503867,[M247929]목시플록사신,,단일,20141104,안전성 및 유효성 미확립,,특정연령대금기
20250930,무색투명한 용액이 무색투명한 유리 프리필드시린지에 든 주사제로서 1회용 주사침이 첨부되어있다.,03990,따로 분류되지 않는 대사성 의약품,(주)라이트팜텍,전문의약품,용액주사제,D000668,Ibandronate Sodium Monohydrate,Ibandronate Sodium Monohydrate(이반드론산나트륨일수화물),이반드론산나트륨일수화물,본큐어주(이반드론산나트륨일수화물),20150624,201504116,[M102556]이반드론산나트륨일수화물,,단일,20140109,안전성 및 유효성 미확립,,특정연령대금기
20170713,무색 투명한 내용물이 든 불투명한 흐린 노란색의 장방형 연질캡슐제,02590,기타의 비뇨생식기관 및 항문용약,(주)한국팜비오,전문의약품,"연질캡슐제, 액상",D000610,Dutasteride,Dutasteride(두타스테리드),두타스테리드,아보두타연질캡슐0.5밀리그램(두타스테리드),20150813,201505703,[M102694]두타스테리드,,단일,20140109,안전성 및 유효성 미확립,,특정연령대금기
20170713,무색 투명한 내용물이 들어있는 미황색의 투명한 타원형 연질캡슐,02590,기타의 비뇨생식기관 및 항문용약,현대약품(주),전문의약품,"연질캡슐제, 액상",D000610,Dutasteride,Dutasteride(두타스테리드),두타스테리드,다모다트연질캡슐0.5밀리그램(두타스테리드),20150818,201505795,[M102694]두타스테리드,,단일,20140109,안전성 및 유효성 미확립,,특정연령대금기
20251211,녹색의 원형 정제,06150,"주로 그람양성, 음성균, 리케치아, 비루스에 작용하는 것",(주)메디카코리아,전문의약품,나정,D000503,Doxycycline Hydrate,Doxycycline Hydrate(독시사이클린수화물),독시사이클린수화물,바이독시정(독시사이클린수화물),20150827,201506123,[M222836]독시사이클린수화물,,단일,20140109,"소아 등 (특히 치아 형성기인 12세 미만의 소아)에 투여 시, 치아의 착색？법랑질 형성 부전, 또는 일과성 골발육 부전을 일으킬 수 있음","다만, 다른 약을 사용할 수 없거나 효과가 없는 경우에만 8세 이상 신중투여",특정연령대금기
20230901,황색의 원형필름코팅정제,01130,항전간제,(주)셀트리온제약,전문의약품,필름코팅정,D000065,Topiramate,Topiramate(토피라메이트),토피라메이트,토파스정100밀리그램(토피라메이트),20150828,201506136,[M087104]토피라메이트,,단일,20140109,안전성 및 유효성 미확립,,특정연령대금기
20210217,무색 투명한 내용물이 든 불투명한 흐린 노란색의 장방형 연질캡슐제,02590,기타의 비뇨생식기관 및 항문용약,한국유나이티드제약(주),전문의약품,"연질캡슐제, 액상",D000610,Dutasteride,Dutasteride(두타스테리드),두타스테리드,아보탄연질캡슐0.5밀리그램(두타스테리드),20150831,201506221,[M102694]두타스테리드,,단일,20140109,안전성 및 유효성 미확립,,특정연령대금기
20170713,무색 투명한 내용물이 들어있는 미황색의 투명한 타원형 연질캡슐,02590,기타의 비뇨생식기관 및 항문용약,동국제약(주),전문의약품,"연질캡슐제, 액상",D000610,Dutasteride,Dutasteride(두타스테리드),두타스테리드,두타드연질캡슐0.5밀리그램(두타스테리드),20150915,201506569,[M102694]두타스테리드,,단일,20140109,안전성 및 유효성 미확립,,특정연령대금기
20260323,노란색의 투명한 액이 무색투명한 수액용 플라스틱 용기에 충전된 주사제,06290,기타의 화학요법제,(주)비씨월드제약,전문의약품,용액주사제,D000430,Moxifloxacin,Moxifloxacin(목시플록사신),목시플록사신,퀴녹스주400밀리그램(목시플록사신),20150930,201506838,[M247929]목시플록사신,,단일,20141104,안전성 및 유효성 미확립,,특정연령대금기
20170713,무색 투명한 내용물이 들어있는 미황색의 투명한 타원형 연질캡슐,02590,기타의 비뇨생식기관 및 항문용약,(주)대웅제약,전문의약품,"연질캡슐제, 액상",D000610,Dutasteride,Dutasteride(두타스테리드),두타스테리드,두타겟연질캡슐0.5밀리그램(두타스테리드),20151023,201507299,[M102694]두타스테리드,,단일,20140109,안전성 및 유효성 미확립,,특정연령대금기
20170713,무색 투명한 내용물이 들어있는 미황색의 투명한 타원형 연질캡슐,02590,기타의 비뇨생식기관 및 항문용약,동광제약(주),전문의약품,"연질캡슐제, 액상",D000610,Dutasteride,Dutasteride(두타스테리드),두타스테리드,두테론연질캡슐0.5밀리그램(두타스테리드),20151023,201507363,[M102694]두타스테리드,,단일,20140109,안전성 및 유효성 미확립,,특정연령대금기
20170713,무색 투명한 내용물이 들어있는 미황색의 투명한 타원형 연질캡슐,02590,기타의 비뇨생식기관 및 항문용약,대웅바이오(주),전문의약품,"연질캡슐제, 액상",D000610,Dutasteride,Dutasteride(두타스테리드),두타스테리드,대웅바이오두타스테리드연질캡슐0.5밀리그램,20151028,201507419,[M102694]두타스테리드,,단일,20140109,안전성 및 유효성 미확립,,특정연령대금기
20251211,황색 원형의 정제,06150,"주로 그람양성, 음성균, 리케치아, 비루스에 작용하는 것",(주)티디에스팜,전문의약품,나정,D000503,Doxycycline Hydrate,Doxycycline Hydrate(독시사이클린수화물),독시사이클린수화물,독시엔디정(독시사이클린수화물),20151029,201507460,[M222836]독시사이클린수화물,,단일,20140109,"소아 등 (특히 치아 형성기인 12세 미만의 소아)에 투여 시, 치아의 착색？법랑질 형성 부전, 또는 일과성 골발육 부전을 일으킬 수 있음","다만, 다른 약을 사용할 수 없거나 효과가 없는 경우에만 8세 이상 신중투여",특정연령대금기
20170713,무색 투명한 내용물이 든 불투명한 흐린 노란색의 장방형 연질캡슐제,02590,기타의 비뇨생식기관 및 항문용약,삼천당제약(주),전문의약품,"연질캡슐제, 액상",D000610,Dutasteride,Dutasteride(두타스테리드),두타스테리드,삼천당두타스테리드연질캡슐0.5밀리그램,20151030,201507472,[M102694]두타스테리드,,단일,20140109,안전성 및 유효성 미확립,,특정연령대금기
20170713,투명하고 균일한 액이 든 미황색의 장방형 연질캡슐,02590,기타의 비뇨생식기관 및 항문용약,(주)한독테바,전문의약품,"연질캡슐제, 액상",D000610,Dutasteride,Dutasteride(두타스테리드),두타스테리드,자이가드연질캡슐0.5밀리그램(두타스테리드),20151030,201507518,[M102694]두타스테리드,,단일,20140109,안전성 및 유효성 미확립,,특정연령대금기
20230901,황색의 원형 필름코팅 정제,01130,항전간제,안국약품(주),전문의약품,필름코팅정,D000065,Topiramate,Topiramate(토피라메이트),토피라메이트,토피칸정25밀리그람(토피라메이트),20151204,201508116,[M087104]토피라메이트,,단일,20140109,안전성 및 유효성 미확립,,특정연령대금기
20250930,무색투명한 용액이 무색투명한 유리 프리필드시린지에 든 주사제로서 1회용 주사침이 첨부되어있다.,03990,따로 분류되지 않는 대사성 의약품,동광제약(주),전문의약품,용액주사제,D000668,Ibandronate Sodium Monohydrate,Ibandronate Sodium Monohydrate(이반드론산나트륨일수화물),이반드론산나트륨일수화물,동광이반드론산주(이반드론산나트륨일수화물),20160229,201601173,[M102556]이반드론산나트륨일수화물,,단일,20140109,안전성 및 유효성 미확립,,특정연령대금기
20170713,무색 투명한 내용물이 들어있는 미황색의 투명한 타원형 연질캡슐,02590,기타의 비뇨생식기관 및 항문용약,주식회사제뉴원사이언스,전문의약품,"연질캡슐제, 액상",D000610,Dutasteride,Dutasteride(두타스테리드),두타스테리드,프로다트연질캡슐0.5밀리그램(두타스테리드),20160229,201601191,[M102694]두타스테리드,,단일,20140109,안전성 및 유효성 미확립,,특정연령대금기
20230901,노란색의 원형 필름코팅정,01130,항전간제,태극제약(주),전문의약품,필름코팅정,D000065,Topiramate,Topiramate(토피라메이트),토피라메이트,토핀스정25밀리그램(토피라메이트),20160314,201601501,[M087104]토피라메이트,,단일,20140109,안전성 및 유효성 미확립,,특정연령대금기
20260323,진한 분홍색의 장방형 필름코팅정,06290,기타의 화학요법제,한국코러스(주),전문의약품,필름코팅정,D000430,Moxifloxacin Hydrochloride,Moxifloxacin Hydrochloride(목시플록사신염산염),목시플록사신염산염,코러스목시플록사신정400밀리그램(목시플록사신염산염)(수출용),20160328,201601637,[M247915]목시플록사신염산염,,단일,20141104,안전성 및 유효성 미확립,,특정연령대금기
20210511,무색 투명한 내용물이 들어있는 미황색의 투명한 타원형 연질캡슐,02590,기타의 비뇨생식기관 및 항문용약,(주)씨엠지제약,전문의약품,"연질캡슐제, 액상",D000610,Dutasteride,Dutasteride(두타스테리드),두타스테리드,씨엠두타연질캡슐0.5mg(두타스테리드),20160331,201601737,[M102694]두타스테리드,,단일,20140109,안전성 및 유효성 미확립,,특정연령대금기
20200521,주황색의 동결 건조된 가루 또는 덩어리가 무색 투명한 바이알에 충전된 주사제,06180,"주로 그람양성, 음성균에 작용하는 것",(주)펜믹스,전문의약품,용액용동결건조분말주사제,D000182,Tigecycline,Tigecycline(타이제사이클린),타이제사이클린,펜믹스타이제사이클린주,20160414,201602103,[M215175]타이제사이클린,,단일,20140109,"치아발달기의 환자(임신 후반기, 영아 및 8세 이하의 소아)에게 이 약을 사용할 경우 영구적인 치아 변색을 유발할 수 있음",,특정연령대금기
20250930,무색투명한 용액이 무색투명한 유리 프리필드시린지에 든 주사제로서 1회용 주사침이 첨부되어있다.,03990,따로 분류되지 않는 대사성 의약품,대한뉴팜(주),전문의약품,용액주사제,D000668,Ibandronate Sodium Monohydrate,Ibandronate Sodium Monohydrate(이반드론산나트륨일수화물),이반드론산나트륨일수화물,엔피본주(이반드론산나트륨일수화물),20160425,201602315,[M102556]이반드론산나트륨일수화물,,단일,20140109,안전성 및 유효성 미확립,,특정연령대금기
20230901,황색의 원형 필름코팅정,01130,항전간제,현대약품(주),전문의약품,필름코팅정,D000065,Topiramate,Topiramate(토피라메이트),토피라메이트,토파린정100밀리그램(토피라메이트),20160512,201602619,[M087104]토피라메이트,,단일,20140109,안전성 및 유효성 미확립,,특정연령대금기
20250930,무색투명한 용액이 무색투명한 유리 프리필드시린지에 든 주사제로서 1회용 주사침이 첨부되어있다.,03990,따로 분류되지 않는 대사성 의약품,한올바이오파마(주),전문의약품,용액주사제,D000668,Ibandronate Sodium Monohydrate,Ibandronate Sodium Monohydrate(이반드론산나트륨일수화물),이반드론산나트륨일수화물,본에바주(이반드론산나트륨일수화물),20160518,201602723,[M102556]이반드론산나트륨일수화물,,단일,20140109,안전성 및 유효성 미확립,,특정연령대금기
20170713,무색 투명한 내용물이 들어있는 미황색의 투명한 타원형 연질캡슐,02590,기타의 비뇨생식기관 및 항문용약,알리코제약(주),전문의약품,"연질캡슐제, 액상",D000610,Dutasteride,Dutasteride(두타스테리드),두타스테리드,두타락연질캡슐0.5밀리그램(두타스테리드),20160524,201602903,[M102694]두타스테리드,,단일,20140109,안전성 및 유효성 미확립,,특정연령대금기
20230901,황색의 원형 필름코팅 정제,01130,항전간제,(주)라이트팜텍,전문의약품,필름코팅정,D000065,Topiramate,Topiramate(토피라메이트),토피라메이트,토피렌정100밀리그램(토피라메이트),20160530,201603053,[M087104]토피라메이트,,단일,20140109,안전성 및 유효성 미확립,,특정연령대금기
20230901,황색의 원형 필름코팅 정제,01130,항전간제,(주)라이트팜텍,전문의약품,필름코팅정,D000065,Topiramate,Topiramate(토피라메이트),토피라메이트,토피렌정25밀리그램(토피라메이트),20160530,201603054,[M087104]토피라메이트,,단일,20140109,안전성 및 유효성 미확립,,특정연령대금기
20230901,황색의 원형 필름코팅 정제,01130,항전간제,정우신약(주),전문의약품,필름코팅정,D000065,Topiramate,Topiramate(토피라메이트),토피라메이트,토팔라스정25밀리그램(토피라메이트),20160531,201603124,[M087104]토피라메이트,,단일,20140109,안전성 및 유효성 미확립,,특정연령대금기
20230901,노란색의 원형 필름코팅정,01130,항전간제,(주)씨엠지제약,전문의약품,필름코팅정,D000065,Topiramate,Topiramate(토피라메이트),토피라메이트,토라펜정(토피라메이트),20160617,201603565,[M087104]토피라메이트,,단일,20140109,안전성 및 유효성 미확립,,특정연령대금기
20210318,무색 투명한 내용물이 든 불투명한 흐린 노란색의 장방형 연질캡슐제,02590,기타의 비뇨생식기관 및 항문용약,(주)씨티씨바이오,전문의약품,"연질캡슐제, 액상",D000610,Dutasteride,Dutasteride(두타스테리드),두타스테리드,유로다트연질캡슐0.5mg(두타스테리드),20160621,201603673,[M102694]두타스테리드,,단일,20140109,안전성 및 유효성 미확립,,특정연령대금기
20250415,무색～미황색의 투명한 액이 들어있는 갈색의 앰플주사제,01140,해열.진통.소염제,(주)오스코리아제약,전문의약품,용액주사제,D000506,Diclofenac Beta-Dimethylaminoethanol,Diclofenac Beta-Dimethylaminoethanol(디클로페낙β-디메틸아미노에탄올),디클로페낙β-디메틸아미노에탄올,오스타렌에프주(디클로페낙β-디메틸아미노에탄올),20160728,201604657,[M252249]디클로페낙β-디메틸아미노에탄올,,단일,20140109,벤질알코올은 조숙아에서 치명적인 가쁜 호흡증상과 연관이 있는 것으로 보고됨,,특정연령대금기
20250415,무색투명한 액이 들어있는 갈색의 앰플,01140,해열.진통.소염제,(주)오스코리아제약,전문의약품,용액주사제,D000506,Diclofenac Sodium,Diclofenac Sodium(디클로페낙나트륨),디클로페낙나트륨,오스타렌주(디클로페낙나트륨),20160728,201604658,[M050288]디클로페낙나트륨,,단일,20140109,벤질알코올은 조숙아에서 치명적인 가쁜 호흡증상과 연관이 있는 것으로 보고됨,,특정연령대금기
20250415,무색투명한 액이 들어있는 갈색의 앰플,01140,해열.진통.소염제,(주)화이트생명과학,전문의약품,용액주사제,D000506,Diclofenac Sodium,Diclofenac Sodium(디클로페낙나트륨),디클로페낙나트륨,세로페낙주(디클로페낙나트륨),20161108,201606539,[M050288]디클로페낙나트륨,,단일,20140109,벤질알코올은 조숙아에서 치명적인 가쁜 호흡증상과 연관이 있는 것으로 보고됨,,특정연령대금기
20250415,무색투명한 액이 들어있는 갈색의 앰플,01140,해열.진통.소염제,(주)킵스바이오파마,전문의약품,용액주사제,D000506,Diclofenac Sodium,Diclofenac Sodium(디클로페낙나트륨),디클로페낙나트륨,글로페낙주(디클로페낙나트륨),20161130,201606827,[M050288]디클로페낙나트륨,,단일,20140109,벤질알코올은 조숙아에서 치명적인 가쁜 호흡증상과 연관이 있는 것으로 보고됨,,특정연령대금기
20230901,노란색의 원형 필름코팅 정제,01130,항전간제,알리코제약(주),전문의약품,필름코팅정,D000065,Topiramate,Topiramate(토피라메이트),토피라메이트,토피메인정25밀리그램(토피라메이트),20170622,201704726,[M087104]토피라메이트,,단일,20140109,안전성 및 유효성 미확립,,특정연령대금기
20230901,"흰색 내지 미황색의 과립이 든 상부 적갈색, 하부 회색의 경질캡슐제",01130,항전간제,에스케이케미칼(주),전문의약품,"서방성캡슐제, 펠렛",D000065,Topiramate,Topiramate(토피라메이트),토피라메이트,큐덱시서방캡슐100밀리그램(토피라메이트),20170808,201706471,[M087104]토피라메이트,,단일,20140109,안전성 및 유효성 미확립,,특정연령대금기
20230901,"흰색 내지 미황색의 과립이 든 상부 갈색, 하부 회색의 경질캡슐제",01130,항전간제,에스케이케미칼(주),전문의약품,"서방성캡슐제, 펠렛",D000065,Topiramate,Topiramate(토피라메이트),토피라메이트,큐덱시서방캡슐200밀리그램(토피라메이트),20170808,201706472,[M087104]토피라메이트,,단일,20140109,안전성 및 유효성 미확립,,특정연령대금기
20230901,"흰색 내지 미황색의 과립이 든 상부 분홍색, 하부 회색의 경질캡슐제",01130,항전간제,에스케이케미칼(주),전문의약품,"서방성캡슐제, 펠렛",D000065,Topiramate,Topiramate(토피라메이트),토피라메이트,큐덱시서방캡슐25밀리그램(토피라메이트),20170808,201706473,[M087104]토피라메이트,,단일,20140109,안전성 및 유효성 미확립,,특정연령대금기
20230901,"흰색 내지 미황색의 과립이 든 상부 노란색, 하부 회색의 경질캡슐제",01130,항전간제,에스케이케미칼(주),전문의약품,"서방성캡슐제, 펠렛",D000065,Topiramate,Topiramate(토피라메이트),토피라메이트,큐덱시서방캡슐50밀리그램(토피라메이트),20170808,201706474,[M087104]토피라메이트,,단일,20140109,안전성 및 유효성 미확립,,특정연령대금기
20230901,황색의 원형 필름코팅정제,01130,항전간제,(주)씨엠지제약,전문의약품,필름코팅정,D000065,Topiramate,Topiramate(토피라메이트),토피라메이트,토라펜정100밀리그램(토피라메이트),20171017,201707452,[M087104]토피라메이트,,단일,20140109,안전성 및 유효성 미확립,,특정연령대금기
20230819,무색투명한 액이 들어있는 갈색의 앰플,01140,해열.진통.소염제,경동제약(주),전문의약품,용액주사제,D000506,Diclofenac Sodium,Diclofenac Sodium(디클로페낙나트륨),디클로페낙나트륨,경동디클로페낙주(디클로페낙나트륨)(수출용),20171113,201707880,[M050288]디클로페낙나트륨,,단일,20140109,벤질알코올은 조숙아에서 치명적인 가쁜 호흡증상과 연관이 있는 것으로 보고됨,,특정연령대금기
20250415,무색~연한 노란색의 투명한 액이 든 갈색의 앰플주사제,01140,해열.진통.소염제,주식회사제뉴원사이언스,전문의약품,용액주사제,D000506,Diclofenac Beta-Dimethylaminoethanol,Diclofenac Beta-Dimethylaminoethanol(디클로페낙β-디메틸아미노에탄올),디클로페낙β-디메틸아미노에탄올,디클로주2밀리리터(디클로페낙β-디메틸아미노에탄올),20171221,201708491,[M252249]디클로페낙β-디메틸아미노에탄올,,단일,20140109,벤질알코올은 조숙아에서 치명적인 가쁜 호흡증상과 연관이 있는 것으로 보고됨,,특정연령대금기
20230901,황색의 원형 필름 코팅 정제,01130,항전간제,(주)알피바이오,전문의약품,필름코팅정,D000065,Topiramate,Topiramate(토피라메이트),토피라메이트,토라메이트정(토피라메이트),20180213,201800812,[M087104]토피라메이트,,단일,20140109,안전성 및 유효성 미확립,,특정연령대금기
20230901,흰색의 원형 필름코팅정,01130,항전간제,(주)인트로바이오파마,전문의약품,필름코팅정,D000065,Topiramate,Topiramate(토피라메이트),토피라메이트,토피메드정(토피라메이트),20180308,201801087,[M087104]토피라메이트,,단일,20140109,안전성 및 유효성 미확립,,특정연령대금기
20230901,황색의 원형 필름코팅 정제,01130,항전간제,영풍제약(주),전문의약품,필름코팅정,D000065,Topiramate,Topiramate(토피라메이트),토피라메이트,토피스정25밀리그램(토피라메이트),20180313,201801152,[M087104]토피라메이트,,단일,20140109,안전성 및 유효성 미확립,,특정연령대금기
20230901,황색의 원형 필름코팅 정제,01130,항전간제,영풍제약(주),전문의약품,필름코팅정,D000065,Topiramate,Topiramate(토피라메이트),토피라메이트,토피스정100밀리그램(토피라메이트),20180313,201801153,[M087104]토피라메이트,,단일,20140109,안전성 및 유효성 미확립,,특정연령대금기
20230901,황색의 원형 필름코팅정제,01130,항전간제,(주)아이월드제약,전문의약품,필름코팅정,D000065,Topiramate,Topiramate(토피라메이트),토피라메이트,제스터정25밀리그램(토피라메이트),20180330,201801418,[M087104]토피라메이트,,단일,20140109,안전성 및 유효성 미확립,,특정연령대금기
20230901,흰색의 원형 필름코팅 정제,01130,항전간제,동국제약(주),전문의약품,필름코팅정,D000065,Topiramate,Topiramate(토피라메이트),토피라메이트,피트메이트정(토피라메이트),20180529,201802220,[M087104]토피라메이트,,단일,20140109,안전성 및 유효성 미확립,,특정연령대금기
20201028,연한 황색의 달걀형 필름코팅정제,02590,기타의 비뇨생식기관 및 항문용약,제이더블유중외제약(주),전문의약품,필름코팅정,D000610,Dutasteride,Dutasteride(두타스테리드),두타스테리드,제이다트정0.5밀리그램(두타스테리드),20180629,201802719,[M102694]두타스테리드,,단일,20140109,안전성 및 유효성 미확립,,특정연령대금기
20200714,연한 황색의 달걀형 필름코팅정제,02590,기타의 비뇨생식기관 및 항문용약,동아에스티(주),전문의약품,필름코팅정,D000610,Dutasteride,Dutasteride(두타스테리드),두타스테리드,두타반플러스정(두타스테리드),20180704,201802793,[M102694]두타스테리드,,단일,20140109,안전성 및 유효성 미확립,,특정연령대금기
20200807,연한 황색의 달걀형 필름코팅정제,02590,기타의 비뇨생식기관 및 항문용약,제이더블유신약(주),전문의약품,필름코팅정,D000610,Dutasteride,Dutasteride(두타스테리드),두타스테리드,네오다트정0.5밀리그램(두타스테리드),20180704,201802794,[M102694]두타스테리드,,단일,20140109,안전성 및 유효성 미확립,,특정연령대금기
20210701,연한 황색의 달걀형 필름코팅정제,02590,기타의 비뇨생식기관 및 항문용약,대한뉴팜(주),전문의약품,필름코팅정,D000610,Dutasteride,Dutasteride(두타스테리드),두타스테리드,엔피다트정(두타스테리드),20180704,201802795,[M102694]두타스테리드,,단일,20140109,안전성 및 유효성 미확립,,특정연령대금기
20201015,연한 황색의 달걀형 필름코팅정제,02590,기타의 비뇨생식기관 및 항문용약,하나제약(주),전문의약품,필름코팅정,D000610,Dutasteride,Dutasteride(두타스테리드),두타스테리드,두로케어정0.5밀리그램(두타스테리드),20180706,201802826,[M102694]두타스테리드,,단일,20140109,안전성 및 유효성 미확립,,특정연령대금기
20210305,연한 황색의 달걀형 필름코팅정제,02590,기타의 비뇨생식기관 및 항문용약,주식회사더유제약,전문의약품,필름코팅정,D000610,Dutasteride,Dutasteride(두타스테리드),두타스테리드,두타케어정0.5밀리그램(두타스테리드),20180706,201802827,[M102694]두타스테리드,,단일,20140109,안전성 및 유효성 미확립,,특정연령대금기
20200901,연한 황색의 달걀형 필름코팅정제,02590,기타의 비뇨생식기관 및 항문용약,(주)킵스바이오파마,전문의약품,필름코팅정,D000610,Dutasteride,Dutasteride(두타스테리드),두타스테리드,아보그로정0.5밀리그램(두타스테리드),20180709,201802838,[M102694]두타스테리드,,단일,20140109,안전성 및 유효성 미확립,,특정연령대금기
20200713,연한 황색의 달걀형 필름코팅정제,02590,기타의 비뇨생식기관 및 항문용약,(주)넥스팜코리아,전문의약품,필름코팅정,D000610,Dutasteride,Dutasteride(두타스테리드),두타스테리드,두테스정0.5밀리그램(두타스테리드),20180709,201802839,[M102694]두타스테리드,,단일,20140109,안전성 및 유효성 미확립,,특정연령대금기
20210511,연한 황색의 달걀형 필름코팅정,02590,기타의 비뇨생식기관 및 항문용약,대웅바이오(주),전문의약품,필름코팅정,D000610,Dutasteride,Dutasteride(두타스테리드),두타스테리드,대웅바이오두타스테리드정0.5밀리그램,20180710,201802873,[M102694]두타스테리드,,단일,20140109,안전성 및 유효성 미확립,,특정연령대금기
20201208,연한 황색의 달걀형 필름코팅정제,02590,기타의 비뇨생식기관 및 항문용약,알보젠코리아(주),전문의약품,필름코팅정,D000610,Dutasteride,Dutasteride(두타스테리드),두타스테리드,두타론정0.5밀리그램(두타스테리드),20180710,201802875,[M102694]두타스테리드,,단일,20140109,안전성 및 유효성 미확립,,특정연령대금기
20200807,연한 황색의 달걀형 필름코팅정제,02590,기타의 비뇨생식기관 및 항문용약,현대약품(주),전문의약품,필름코팅정,D000610,Dutasteride,Dutasteride(두타스테리드),두타스테리드,다모다트정0.5밀리그램(두타스테리드),20180713,201802931,[M102694]두타스테리드,,단일,20140109,안전성 및 유효성 미확립,,특정연령대금기
20210406,노란색의 장방형 필름코팅정제,02590,기타의 비뇨생식기관 및 항문용약,(주)동구바이오제약,전문의약품,필름코팅정,D000610,Dutasteride,Dutasteride(두타스테리드),두타스테리드,두타리드정0.5밀리그램(두타스테리드),20180713,201802932,[M102694]두타스테리드,,단일,20140109,안전성 및 유효성 미확립,,특정연령대금기
20210226,연한 황색의 달걀형 필름코팅정제,02590,기타의 비뇨생식기관 및 항문용약,(주)에이프로젠바이오로직스,전문의약품,필름코팅정,D000610,Dutasteride,Dutasteride(두타스테리드),두타스테리드,두타브정0.5밀리그램(두타스테리드),20180713,201802933,[M102694]두타스테리드,,단일,20140109,안전성 및 유효성 미확립,,특정연령대금기
20230901,흰색의 원형필름코팅정,01130,항전간제,한국휴텍스제약(주),전문의약품,필름코팅정,D000065,Topiramate,Topiramate(토피라메이트),토피라메이트,토피맥스정25mg(토피라메이트),20180723,201803042,[M087104]토피라메이트,,단일,20140109,안전성 및 유효성 미확립,,특정연령대금기
20200714,연한 황색의 달걀형 필름코팅정제,02590,기타의 비뇨생식기관 및 항문용약,(주)한국파마,전문의약품,필름코팅정,D000610,Dutasteride,Dutasteride(두타스테리드),두타스테리드,아보타스정(두타스테리드),20180730,201803153,[M102694]두타스테리드,,단일,20140109,안전성 및 유효성 미확립,,특정연령대금기
20230901,흰색의 원형 필름코팅 정제,01130,항전간제,(주)메디카코리아,전문의약품,필름코팅정,D000065,Topiramate,Topiramate(토피라메이트),토피라메이트,토파메트정25밀리그램(토피라메이트),20180828,201803489,[M087104]토피라메이트,,단일,20140109,안전성 및 유효성 미확립,,특정연령대금기
20190109,무색 투명한 액이 든 무색 또는 미황색의 투명한 타원형 연질캡슐,02590,기타의 비뇨생식기관 및 항문용약,코스맥스파마(주),전문의약품,"연질캡슐제, 액상",D000610,Dutasteride,Dutasteride(두타스테리드),두타스테리드,아보투윈연질캡슐0.5밀리그램(두타스테리드),20180830,201803547,[M102694]두타스테리드,,단일,20140109,안전성 및 유효성 미확립,,특정연령대금기
20201110,연한 황색의 달걀형 필름코팅정제,02590,기타의 비뇨생식기관 및 항문용약,안국약품(주),전문의약품,필름코팅정,D000610,Dutasteride,Dutasteride(두타스테리드),두타스테리드,에이두타정0.5밀리그램(두타스테리드),20180914,201803731,[M102694]두타스테리드,,단일,20140109,안전성 및 유효성 미확립,,특정연령대금기
20230901,황색의 원형 필름 코팅 정제,01130,항전간제,(주)일화,전문의약품,필름코팅정,D000065,Topiramate,Topiramate(토피라메이트),토피라메이트,토피버정100밀리그램(토피라메이트),20181023,201804176,[M087104]토피라메이트,,단일,20140109,안전성 및 유효성 미확립,,특정연령대금기
20230901,황색의 원형 필름 코팅 정제,01130,항전간제,화일약품(주),전문의약품,필름코팅정,D000065,Topiramate,Topiramate(토피라메이트),토피라메이트,토피라이정100밀리그램(토피라메이트),20181031,201804314,[M087104]토피라메이트,,단일,20140109,안전성 및 유효성 미확립,,특정연령대금기
20230901,황색의 원형 필름코팅 정제,01130,항전간제,화일약품(주),전문의약품,필름코팅정,D000065,Topiramate,Topiramate(토피라메이트),토피라메이트,토피라이정25밀리그램(토피라메이트),20181031,201804315,[M087104]토피라메이트,,단일,20140109,안전성 및 유효성 미확립,,특정연령대금기
20201102,연한 황색의 달걀형 필름코팅정제,02590,기타의 비뇨생식기관 및 항문용약,구주제약(주),전문의약품,필름코팅정,D000610,Dutasteride,Dutasteride(두타스테리드),두타스테리드,듀타그렌정0.5mg(두타스테리드),20181031,201804318,[M102694]두타스테리드,,단일,20140109,안전성 및 유효성 미확립,,특정연령대금기
20230901,황색의 원형 필름코팅 정제,01130,항전간제,엔비케이제약(주),전문의약품,필름코팅정,D000065,Topiramate,Topiramate(토피라메이트),토피라메이트,토파엠정25밀리그램(토피라메이트),20181126,201804669,[M087104]토피라메이트,,단일,20140109,안전성 및 유효성 미확립,,특정연령대금기
20230901,황색의 원형 필름 코팅 정제,01130,항전간제,엔비케이제약(주),전문의약품,필름코팅정,D000065,Topiramate,Topiramate(토피라메이트),토피라메이트,토파엠정100밀리그램(토피라메이트),20181203,201804893,[M087104]토피라메이트,,단일,20140109,안전성 및 유효성 미확립,,특정연령대금기
20230901,황색의 원형 필름 코팅 정제,01130,항전간제,동국제약(주),전문의약품,필름코팅정,D000065,Topiramate,Topiramate(토피라메이트),토피라메이트,피트메이트정100밀리그램(토피라메이트),20181211,201805025,[M087104]토피라메이트,,단일,20140109,안전성 및 유효성 미확립,,특정연령대금기
20210604,노란색의 장방형 필름코팅정,02590,기타의 비뇨생식기관 및 항문용약,에이치엘비제약(주),전문의약품,필름코팅정,D000610,Dutasteride,Dutasteride(두타스테리드),두타스테리드,두타스테린정0.5밀리그램(두타스테리드),20190222,201901097,[M102694]두타스테리드,,단일,20140109,안전성 및 유효성 미확립,,특정연령대금기
20230901,황색의 원형 필름코팅정,01130,항전간제,한국휴텍스제약(주),전문의약품,필름코팅정,D000065,Topiramate,Topiramate(토피라메이트),토피라메이트,토피맥스정100mg(토피라메이트),20190321,201901689,[M087104]토피라메이트,,단일,20140109,안전성 및 유효성 미확립,,특정연령대금기
20230901,황색의 원형 필름코팅 정제,01130,항전간제,하나제약(주),전문의약품,필름코팅정,D000065,Topiramate,Topiramate(토피라메이트),토피라메이트,토맥스정25밀리그램(토피라메이트) ,20190410,201902173,[M087104]토피라메이트,,단일,20140109,안전성 및 유효성 미확립,,특정연령대금기
20230901,황색의 원형 필름코팅 정제,01130,항전간제,(주)알피바이오,전문의약품,필름코팅정,D000065,Topiramate,Topiramate(토피라메이트),토피라메이트,토라메이트정25mg(토피라메이트),20190410,201902183,[M087104]토피라메이트,,단일,20140109,안전성 및 유효성 미확립,,특정연령대금기
20230901,황색의 원형 필름코팅정,01130,항전간제,(주)인트로바이오파마,전문의약품,필름코팅정,D000065,Topiramate,Topiramate(토피라메이트),토피라메이트,토피메드정100밀리그램(토피라메이트) ,20190411,201902238,[M087104]토피라메이트,,단일,20140109,안전성 및 유효성 미확립,,특정연령대금기
20200612,연한 황색의 달걀형 필름코팅정제,02590,기타의 비뇨생식기관 및 항문용약,(주)경보제약,전문의약품,필름코팅정,D000610,Dutasteride,Dutasteride(두타스테리드),두타스테리드,아보다칸정0.5밀리그램(두타스테리드),20190531,201903628,[M102694]두타스테리드,,단일,20140109,안전성 및 유효성 미확립,,특정연령대금기
20200827,연한 황색의 달걀형 필름코팅정제,02590,기타의 비뇨생식기관 및 항문용약,(주)셀릭스,전문의약품,필름코팅정,D000610,Dutasteride,Dutasteride(두타스테리드),두타스테리드,모모타정(두타스테리드),20190624,201904318,[M102694]두타스테리드,,단일,20140109,안전성 및 유효성 미확립,,특정연령대금기
20200824,연한 황색의 달걀형 필름코팅정제,02590,기타의 비뇨생식기관 및 항문용약,(주)한풍제약,전문의약품,필름코팅정,D000610,Dutasteride,Dutasteride(두타스테리드),두타스테리드,두타스텐정0.5밀리그램(두타스테리드),20190814,201905771,[M102694]두타스테리드,,단일,20140109,안전성 및 유효성 미확립,,특정연령대금기
20191129,연한 황색의 달걀형 필름코팅정제,02590,기타의 비뇨생식기관 및 항문용약,제이더블유생명과학(주),전문의약품,필름코팅정,D000610,Dutasteride,Dutasteride(두타스테리드),두타스테리드,두타모아정0.5밀리그램(두타스테리드),20190822,201905934,[M102694]두타스테리드,,단일,20140109,안전성 및 유효성 미확립,,특정연령대금기
20201005,연한 황색의 달걀형 필름코팅정제,02590,기타의 비뇨생식기관 및 항문용약,(주)화이트생명과학,전문의약품,필름코팅정,D000610,Dutasteride,Dutasteride(두타스테리드),두타스테리드,두타스타정0.5밀리그램(두타스테리드),20190905,201906325,[M102694]두타스테리드,,단일,20140109,안전성 및 유효성 미확립,,특정연령대금기
20230901,황색의 원형 필름코팅 정제,01130,항전간제,(주)일화,전문의약품,필름코팅정,D000065,Topiramate,Topiramate(토피라메이트),토피라메이트,토피버정25밀리그램(토피라메이트),20190923,201906616,[M087104]토피라메이트,,단일,20140109,안전성 및 유효성 미확립,,특정연령대금기
20210723,연한 황색의 달걀형 필름코팅정제,02590,기타의 비뇨생식기관 및 항문용약,한국프라임제약(주),전문의약품,필름코팅정,D000610,Dutasteride,Dutasteride(두타스테리드),두타스테리드,아리드정0.5밀리그램(두타스테리드),20190926,201906842,[M102694]두타스테리드,,단일,20140109,안전성 및 유효성 미확립,,특정연령대금기
20230901,황색의 원형 필름 코팅 정제,01130,항전간제,(주)아리제약,전문의약품,필름코팅정,D000065,Topiramate,Topiramate(토피라메이트),토피라메이트,아토맥정100밀리그램(토피라메이트),20191004,201907073,[M087104]토피라메이트,,단일,20140109,안전성 및 유효성 미확립,,특정연령대금기
20230901,황색의 원형 필름코팅 정제,01130,항전간제,(주)아리제약,전문의약품,필름코팅정,D000065,Topiramate,Topiramate(토피라메이트),토피라메이트,아토맥정25밀리그램(토피라메이트),20191009,201907140,[M087104]토피라메이트,,단일,20140109,안전성 및 유효성 미확립,,특정연령대금기
20200114,연한  황색의 타원형  필름코팅정제,02590,기타의 비뇨생식기관 및 항문용약,주식회사큐엘파마,전문의약품,필름코팅정,D000610,Dutasteride,Dutasteride(두타스테리드),두타스테리드,두타엘정0.5밀리그램(두타스테리드),20191016,201907286,[M102694]두타스테리드,,단일,20140109,안전성 및 유효성 미확립,,특정연령대금기
20200515,연한 노란색의 원형 필름 코팅정제,02590,기타의 비뇨생식기관 및 항문용약,한올바이오파마(주),전문의약품,필름코팅정,D000610,Dutasteride,Dutasteride(두타스테리드),두타스테리드,아다모정0.5밀리그램(두타스테리드),20191025,201907460,[M102694]두타스테리드,,단일,20140109,안전성 및 유효성 미확립,,특정연령대금기
20200626,연한 노란색의 원형 필름 코팅정제,02590,기타의 비뇨생식기관 및 항문용약,영풍제약(주),전문의약품,필름코팅정,D000610,Dutasteride,Dutasteride(두타스테리드),두타스테리드,아보테드정0.5밀리그램(두타스테리드),20191028,201907491,[M102694]두타스테리드,,단일,20140109,안전성 및 유효성 미확립,,특정연령대금기
20230901,황색의 원형 필름코팅정,01130,항전간제,한화제약(주),전문의약품,필름코팅정,D000065,Topiramate,Topiramate(토피라메이트),토피라메이트,한화토피라메이트정100밀리그램,20191108,201907816,[M087104]토피라메이트,,단일,20140109,안전성 및 유효성 미확립,,특정연령대금기
20230901,흰색의 원형 필름코팅정,01130,항전간제,한화제약(주),전문의약품,필름코팅정,D000065,Topiramate,Topiramate(토피라메이트),토피라메이트,한화토피라메이트정25밀리그램,20191108,201907818,[M087104]토피라메이트,,단일,20140109,안전성 및 유효성 미확립,,특정연령대금기
20200722,연한 노란색의 원형 필름 코팅정제,02590,기타의 비뇨생식기관 및 항문용약,삼성제약(주),전문의약품,필름코팅정,D000610,Dutasteride,Dutasteride(두타스테리드),두타스테리드,삼성두타스테리드정0.5밀리그램,20191120,201908004,[M102694]두타스테리드,,단일,20140109,안전성 및 유효성 미확립,,특정연령대금기
20251211,황색의 원형 정제,06150,"주로 그람양성, 음성균, 리케치아, 비루스에 작용하는 것",주식회사더유제약,전문의약품,나정,D000503,Doxycycline Hydrate,Doxycycline Hydrate(독시사이클린수화물),독시사이클린수화물,독시메디정(독시사이클린수화물),20191121,201908023,[M222836]독시사이클린수화물,,단일,20140109,"소아 등 (특히 치아 형성기인 12세 미만의 소아)에 투여 시, 치아의 착색？법랑질 형성 부전, 또는 일과성 골발육 부전을 일으킬 수 있음","다만, 다른 약을 사용할 수 없거나 효과가 없는 경우에만 8세 이상 신중투여",특정연령대금기
20201222,연한 노란색의 원형 필름 코팅정제,02590,기타의 비뇨생식기관 및 항문용약,(주)텔콘알에프제약,전문의약품,필름코팅정,D000610,Dutasteride,Dutasteride(두타스테리드),두타스테리드,두리드정0.5밀리그램(두타스테리드),20191204,201908233,[M102694]두타스테리드,,단일,20140109,안전성 및 유효성 미확립,,특정연령대금기
20230901,황색의 원형 필름코팅정,01130,항전간제,대웅바이오(주),전문의약품,필름코팅정,D000065,Topiramate,Topiramate(토피라메이트),토피라메이트,토피스트정25밀리그램(토피라메이트),20191218,201908514,[M087104]토피라메이트,,단일,20140109,안전성 및 유효성 미확립,,특정연령대금기
20230901,황색의 원형 필름코팅정,01130,항전간제,대웅바이오(주),전문의약품,필름코팅정,D000065,Topiramate,Topiramate(토피라메이트),토피라메이트,토피스트정100밀리그램(토피라메이트),20191218,201908515,[M087104]토피라메이트,,단일,20140109,안전성 및 유효성 미확립,,특정연령대금기
20230901,흰색의 원형 필름코팅정제,01130,항전간제,(주)바스칸바이오제약,전문의약품,필름코팅정,D000065,Topiramate,Topiramate(토피라메이트),토피라메이트,토파맥정25밀리그램(토피라메이트),20200103,202000046,[M087104]토피라메이트,,단일,20140109,안전성 및 유효성 미확립,,특정연령대금기
20230901,"흰색 또는 거의 흰색의 과립이 충진된, 상부-투명/하부-불투명한 흰색의 캡슐",01130,항전간제,(주)한국얀센,전문의약품,"경질캡슐제, 과립제",D000065,Topiramate,Topiramate(토피라메이트),토피라메이트,토파맥스스프링클캡슐50밀리그램(토피라메이트),20200128,202000433,[M087104]토피라메이트,,단일,20140109,안전성 및 유효성 미확립,,특정연령대금기
20230901,"흰색 또는 거의 흰색의 과립이 충진된, 상부-투명/하부-불투명한 흰색의 캡슐",01130,항전간제,(주)한국얀센,전문의약품,"경질캡슐제, 과립제",D000065,Topiramate,Topiramate(토피라메이트),토피라메이트,토파맥스스프링클캡슐25밀리그램(토피라메이트),20200128,202000434,[M087104]토피라메이트,,단일,20140109,안전성 및 유효성 미확립,,특정연령대금기
20250415,무색~연한 노란색의 투명한 액이 든 갈색의 앰플주사제,01140,해열.진통.소염제,주식회사케이에스제약,전문의약품,용액주사제,D000506,Diclofenac Beta-Dimethylaminoethanol,Diclofenac Beta-Dimethylaminoethanol(디클로페낙β-디메틸아미노에탄올),디클로페낙β-디메틸아미노에탄올,페나베타주(디클로페낙β-디메틸아미노에탄올),20200204,202000583,[M252249]디클로페낙β-디메틸아미노에탄올,,단일,20140109,벤질알코올은 조숙아에서 치명적인 가쁜 호흡증상과 연관이 있는 것으로 보고됨,,특정연령대금기
20210303,연한 황색의 달걀형 필름코팅정제,02590,기타의 비뇨생식기관 및 항문용약,(주)다산제약,전문의약품,필름코팅정,D000610,Dutasteride,Dutasteride(두타스테리드),두타스테리드,두타프렌정0.5밀리그램(두타스테리드),20200327,202002131,[M102694]두타스테리드,,단일,20140109,안전성 및 유효성 미확립,,특정연령대금기
20200608,연한 노란색의 원형 필름 코팅정제,02590,기타의 비뇨생식기관 및 항문용약,유니메드제약(주),전문의약품,필름코팅정,D000610,Dutasteride,Dutasteride(두타스테리드),두타스테리드,두타시아정0.5밀리그램(두타스테리드),20200424,202002957,[M102694]두타스테리드,,단일,20140109,안전성 및 유효성 미확립,,특정연령대금기
20200520,연한 황색의 달걀형 필름코팅정제,02590,기타의 비뇨생식기관 및 항문용약,(주)이든파마,전문의약품,필름코팅정,D000610,Dutasteride,Dutasteride(두타스테리드),두타스테리드,두타엠정0.5밀리그램(두타스테리드),20200520,202003666,[M102694]두타스테리드,,단일,20140109,안전성 및 유효성 미확립,,특정연령대금기
20211018,노란색의 장방형 필름코팅정,02590,기타의 비뇨생식기관 및 항문용약,경동제약(주),전문의약품,필름코팅정,D000610,Dutasteride,Dutasteride(두타스테리드),두타스테리드,두로칸정0.5밀리그램(두타스테리드),20200522,202003741,[M102694]두타스테리드,,단일,20140109,안전성 및 유효성 미확립,,특정연령대금기
20230901,황색의 원형 필름코팅정,01130,항전간제,한국신텍스제약(주),전문의약품,필름코팅정,D000065,Topiramate,Topiramate(토피라메이트),토피라메이트,토피렌티정100밀리그램(토피라메이트),20200722,202005251,[M087104]토피라메이트,,단일,20140109,안전성 및 유효성 미확립,,특정연령대금기
20230901,흰색의 원형 필름코팅정제,01130,항전간제,한국신텍스제약(주),전문의약품,필름코팅정,D000065,Topiramate,Topiramate(토피라메이트),토피라메이트,토피렌티정25밀리그램(토피라메이트),20200724,202005395,[M087104]토피라메이트,,단일,20140109,안전성 및 유효성 미확립,,특정연령대금기
20230901,노란색의 원형 필름코팅정제,01130,항전간제,(주)한국얀센,전문의약품,필름코팅정,D000065,Topiramate,Topiramate(토피라메이트),토피라메이트,토파맥스정100밀리그램(토피라메이트),20200805,202005672,[M087104]토피라메이트,,단일,20140109,안전성 및 유효성 미확립,,특정연령대금기
20230901,흰색의 원형 필름코팅정제,01130,항전간제,(주)한국얀센,전문의약품,필름코팅정,D000065,Topiramate,Topiramate(토피라메이트),토피라메이트,토파맥스정25밀리그램(토피라메이트),20200805,202005673,[M087104]토피라메이트,,단일,20140109,안전성 및 유효성 미확립,,특정연령대금기
20230901,흰색의 원형 필름코팅정제,01130,항전간제,익수제약(주),전문의약품,필름코팅정,D000065,Topiramate,Topiramate(토피라메이트),토피라메이트,토라피정25밀리그램(토피라메이트),20210326,202102646,[M087104]토피라메이트,,단일,20140109,안전성 및 유효성 미확립,,특정연령대금기
20230901,흰색의 원형 필름코팅정제,01130,항전간제,(주)서흥,전문의약품,필름코팅정,D000065,Topiramate,Topiramate(토피라메이트),토피라메이트,토피아정(토피라메이트),20210707,202105130,[M087104]토피라메이트,,단일,20140109,안전성 및 유효성 미확립,,특정연령대금기
20230901,흰색의 원형 필름코팅정,01130,항전간제,(주)옵투스제약,전문의약품,필름코팅정,D000065,Topiramate,Topiramate(토피라메이트),토피라메이트,에스토프정25mg(토피라메이트),20210723,202105534,[M087104]토피라메이트,,단일,20140109,안전성 및 유효성 미확립,,특정연령대금기
20230901,황색의 원형 필름코팅정 ,01130,항전간제,(주)옵투스제약,전문의약품,필름코팅정,D000065,Topiramate,Topiramate(토피라메이트),토피라메이트,에스토프정100mg(토피라메이트),20210723,202105535,[M087104]토피라메이트,,단일,20140109,안전성 및 유효성 미확립,,특정연령대금기
20230901,흰색의 원형 필름코팅정제,01130,항전간제,성이바이오제약주식회사,전문의약품,필름코팅정,D000065,Topiramate,Topiramate(토피라메이트),토피라메이트,토피에이정25밀리그램(토피라메이트),20210802,202105680,[M087104]토피라메이트,,단일,20140109,안전성 및 유효성 미확립,,특정연령대금기
20230901,황색의 원형 필름코팅정,01130,항전간제,성이바이오제약주식회사,전문의약품,필름코팅정,D000065,Topiramate,Topiramate(토피라메이트),토피라메이트,토피에이정(토피라메이트),20210818,202106014,[M087104]토피라메이트,,단일,20140109,안전성 및 유효성 미확립,,특정연령대금기
20230901,흰색의 원형 필름코팅정제,01130,항전간제,주식회사 노바엠헬스케어,전문의약품,필름코팅정,D000065,Topiramate,Topiramate(토피라메이트),토피라메이트,큐피라정(토피라메이트),20211006,202106742,[M087104]토피라메이트,,단일,20140109,안전성 및 유효성 미확립,,특정연령대금기
20230901,흰색의 원형 필름코팅정제,01130,항전간제,(주)테라젠이텍스,전문의약품,필름코팅정,D000065,Topiramate,Topiramate(토피라메이트),토피라메이트,토피메이트정25밀리그램(토피라메이트),20211012,202106847,[M087104]토피라메이트,,단일,20140109,안전성 및 유효성 미확립,,특정연령대금기
20230901,황색의 원형 필름코팅정,01130,항전간제,(주)메디카코리아,전문의약품,필름코팅정,D000065,Topiramate,Topiramate(토피라메이트),토피라메이트,토파메트정100밀리그램(토피라메이트),20211013,202106899,[M087104]토피라메이트,,단일,20140109,안전성 및 유효성 미확립,,특정연령대금기
20230901,황색의 원형 필름코팅정,01130,항전간제,케이엠에스제약(주),전문의약품,필름코팅정,D000065,Topiramate,Topiramate(토피라메이트),토피라메이트,토파미정100밀리그램(토피라메이트),20211026,202107135,[M087104]토피라메이트,,단일,20140109,안전성 및 유효성 미확립,,특정연령대금기
20230901,노란색의 원형 필름코팅 정제,01130,항전간제,한국프라임제약(주),전문의약품,필름코팅정,D000065,Topiramate,Topiramate(토피라메이트),토피라메이트,토피린정25밀리그램(토피라메이트),20211111,202107457,[M087104]토피라메이트,,단일,20140109,안전성 및 유효성 미확립,,특정연령대금기
20230901,흰색의 원형 필름코팅정  ,01130,항전간제,에이치엘비제약(주),전문의약품,필름코팅정,D000065,Topiramate,Topiramate(토피라메이트),토피라메이트,토피탑정25밀리그램(토피라메이트),20211117,202107517,[M087104]토피라메이트,,단일,20140109,안전성 및 유효성 미확립,,특정연령대금기
20230901,황색의 원형 필름코팅정제,01130,항전간제,에이치엘비제약(주),전문의약품,필름코팅정,D000065,Topiramate,Topiramate(토피라메이트),토피라메이트,토피탑정100밀리그램(토피라메이트)  ,20211117,202107518,[M087104]토피라메이트,,단일,20140109,안전성 및 유효성 미확립,,특정연령대금기
20230901,흰색의 원형 필름코팅정,01130,항전간제,(주)엘앤씨바이오 ,전문의약품,필름코팅정,D000065,Topiramate,Topiramate(토피라메이트),토피라메이트,토피메트정(토피라메이트),20220111,202200266,[M087104]토피라메이트,,단일,20140109,안전성 및 유효성 미확립,,특정연령대금기
20251211,분홍색의 원형 정제,06150,"주로 그람양성, 음성균, 리케치아, 비루스에 작용하는 것",(주)바이넥스,전문의약품,나정,D000503,Doxycycline Hydrate,Doxycycline Hydrate(독시사이클린수화물),독시사이클린수화물,독시크정50밀리그램(독시사이클린수화물),20220630,202202687,[M222836]독시사이클린수화물,,단일,20140109,"소아 등 (특히 치아 형성기인 12세 미만의 소아)에 투여 시, 치아의 착색？법랑질 형성 부전, 또는 일과성 골발육 부전을 일으킬 수 있음","다만, 다른 약을 사용할 수 없거나 효과가 없는 경우에만 8세 이상 신중투여",특정연령대금기
,백색의 마름모형 정제,01230,자율신경제,(주)바이넥스,전문의약품,나정,D000505,Diethylpropion Hydrochloride,Diethylpropion Hydrochloride(디에틸프로피온염산염),디에틸프로피온염산염,디피온정(디에틸프로피온염산염),20040729,200410825,[M230781]디에틸프로피온염산염,,단일,20140109,안전성 및 유효성 미확립,,특정연령대금기
,흰색 내지 미황색의 장방형 정제,01230,자율신경제,명문제약(주),전문의약품,나정,D000505,Diethylpropion Hydrochloride,Diethylpropion Hydrochloride(디에틸프로피온염산염),디에틸프로피온염산염,레노씬정(디에틸프로피온염산염),20060329,200604143,[M230781]디에틸프로피온염산염,,단일,20140109,안전성 및 유효성 미확립,,특정연령대금기
,흰색의 마름모형 정제,01230,자율신경제,(주)휴온스,전문의약품,나정,D000505,Diethylpropion Hydrochloride,Diethylpropion Hydrochloride(디에틸프로피온염산염),디에틸프로피온염산염,웰피온정(디에틸프로피온염산염),20060104,200604151,[M230781]디에틸프로피온염산염,,단일,20140109,안전성 및 유효성 미확립,,특정연령대금기
,흰색의 원형 정제,01230,자율신경제,태극제약(주),전문의약품,나정,D000505,Diethylpropion Hydrochloride,Diethylpropion Hydrochloride(디에틸프로피온염산염),디에틸프로피온염산염,에닝정(디에틸프로피온염산염),20060103,200604161,[M230781]디에틸프로피온염산염,,단일,20140109,안전성 및 유효성 미확립,,특정연령대금기
,흰색의 원형 나정,01230,자율신경제,조아제약(주),전문의약품,나정,D000505,Diethylpropion Hydrochloride,Diethylpropion Hydrochloride(디에틸프로피온염산염),디에틸프로피온염산염,암페몬정(디에틸프로피온염산염),20060504,200605325,[M230781]디에틸프로피온염산염,,단일,20140109,안전성 및 유효성 미확립,,특정연령대금기
,흰색 내지 미황색의 장방형 정제,01230,자율신경제,(주)마더스제약,전문의약품,나정,D000505,Diethylpropion Hydrochloride,Diethylpropion Hydrochloride(디에틸프로피온염산염),디에틸프로피온염산염,엠피온정(디에틸프로피온염산염),20060823,200610879,[M230781]디에틸프로피온염산염,,단일,20140109,안전성 및 유효성 미확립,,특정연령대금기
,흰색 내지 미황색의 육각형 정제,01230,자율신경제,(주)제뉴파마,전문의약품,나정,D000505,Diethylpropion Hydrochloride,Diethylpropion Hydrochloride(디에틸프로피온염산염),디에틸프로피온염산염,레피온정(디에틸프로피온염산염),20160527,201602990,[M230781]디에틸프로피온염산염,,단일,20140109,안전성 및 유효성 미확립,,특정연령대금기
,흰색 내지 미황색의 장방형 정제,01230,자율신경제,(주)한국파마,전문의약품,나정,D000505,Diethylpropion Hydrochloride,Diethylpropion Hydrochloride(디에틸프로피온염산염),디에틸프로피온염산염,엘피온정25밀리그램(디에틸프로피온염산염),20191223,201908596,[M230781]디에틸프로피온염산염,,단일,20140109,안전성 및 유효성 미확립,,특정연령대금기
,흰색 내지 미황색의 장방형 정제,01230,자율신경제,(주)인트로바이오파마,전문의약품,나정,D000505,Diethylpropion Hydrochloride,Diethylpropion Hydrochloride(디에틸프로피온염산염),디에틸프로피온염산염,디에칠정(디에틸프로피온염산염),20200903,202006161,[M230781]디에틸프로피온염산염,,단일,20140109,안전성 및 유효성 미확립,,특정연령대금기
,주황색의 동결·건조된 가루 또는 덩어리가 무색투명한 바이알에 충진된 주사제,06180,"주로 그람양성, 음성균에 작용하는 것",한국화이자제약(주),전문의약품,용액용동결건조분말주사제,D000182,Tigecycline,Tigecycline(타이제사이클린),타이제사이클린,타이가실주(타이제사이클린),20230914,202302765,[M215175]타이제사이클린,,단일,20140109,"치아발달기의 환자(임신 후반기, 영아 및 8세 이하의 소아)에게 이 약을 사용할 경우 영구적인 치아 변색을 유발할 수 있음",,특정연령대금기
,분홍색의 원형 서방성 필름코팅정,01130,항전간제,(주)인트로바이오파마,전문의약품,필름코팅정,D000065,Topiramate,Topiramate(토피라메이트),토피라메이트,토피메드서방정50밀리그램(토피라메이트),20240923,202402296,[M087104]토피라메이트,,단일,20140109,안전성 및 유효성 미확립,,특정연령대금기
,분홍색의 원형 서방성 필름코팅정,01130,항전간제,(주)인트로바이오파마,전문의약품,필름코팅정,D000065,Topiramate,Topiramate(토피라메이트),토피라메이트,토피메드서방정25밀리그램(토피라메이트),20241127,202402815,[M087104]토피라메이트,,단일,20140109,안전성 및 유효성 미확립,,특정연령대금기
,분홍색의 원형 서방성 필름코팅정,01130,항전간제,(주)씨엠지제약,전문의약품,필름코팅정,D000065,Topiramate,Topiramate(토피라메이트),토피라메이트,토라펜엑스알서방정50밀리그램(토피라메이트),20241129,202402827,[M087104]토피라메이트,,단일,20140109,안전성 및 유효성 미확립,,특정연령대금기
,분홍색의 원형 서방성 필름코팅정,01130,항전간제,(주)씨엠지제약,전문의약품,필름코팅정,D000065,Topiramate,Topiramate(토피라메이트),토피라메이트,토라펜엑스알서방정25밀리그램(토피라메이트),20241212,202402953,[M087104]토피라메이트,,단일,20140109,안전성 및 유효성 미확립,,특정연령대금기
,분홍색의 원형 서방성 필름코팅정,01130,항전간제,(주)휴온스,전문의약품,필름코팅정,D000065,Topiramate,Topiramate(토피라메이트),토피라메이트,세티서방정25밀리그램(토피라메이트),20241216,202402973,[M087104]토피라메이트,,단일,20140109,안전성 및 유효성 미확립,,특정연령대금기
,황색의 원형 필름코팅 정제,01130,항전간제,케이엠에스제약(주),전문의약품,필름코팅정,D000065,Topiramate,Topiramate(토피라메이트),토피라메이트,토파미정25밀리그램(토피라메이트),20250331,202500741,[M087104]토피라메이트,,단일,20140109,안전성 및 유효성 미확립,,특정연령대금기
,분홍색의 원형 서방성 필름코팅정,01130,항전간제,(주)종근당,전문의약품,필름코팅정,D000065,Topiramate,Topiramate(토피라메이트),토피라메이트,종근당토피라메이트서방정25밀리그램,20250725,202501907,[M087104]토피라메이트,,단일,20140109,안전성 및 유효성 미확립,,특정연령대금기
,분홍색의 원형 서방성 필름코팅정,01130,항전간제,(주)종근당,전문의약품,필름코팅정,D000065,Topiramate,Topiramate(토피라메이트),토피라메이트,종근당토피라메이트서방정50밀리그램,20250725,202501908,[M087104]토피라메이트,,단일,20140109,안전성 및 유효성 미확립,,특정연령대금기
,흰색의 장방형 필름코팅정,01120,최면진정제,한미약품(주),전문의약품,필름코팅정,D000271,Zolpidem Tartrate,Zolpidem Tartrate(졸피뎀타르타르산염),졸피뎀타르타르산염,졸피드정10밀리그램(졸피뎀타르타르산염),20061019,200410861,[M239566]졸피뎀타르타르산염,,단일,20140109,"- 안전성 및 유효성 미확립- 현기증, 두통, 환각을 포함한 정신 신경계 이상반응이 위약군에 비해 흔하게 나타남",,특정연령대금기
,백색 장방형의 필름코팅정,01120,최면진정제,환인제약(주),전문의약품,필름코팅정,D000271,Zolpidem Tartrate,Zolpidem Tartrate(졸피뎀타르타르산염),졸피뎀타르타르산염,졸피람정10밀리그램(졸피뎀타르타르산염),20050408,200512142,[M239566]졸피뎀타르타르산염,,단일,20140109,"- 안전성 및 유효성 미확립- 현기증, 두통, 환각을 포함한 정신 신경계 이상반응이 위약군에 비해 흔하게 나타남",,특정연령대금기
,흰색의 장방형 필름코팅 정제,01120,최면진정제,(주)한국파마,전문의약품,필름코팅정,D000271,Zolpidem Tartrate,Zolpidem Tartrate(졸피뎀타르타르산염),졸피뎀타르타르산염,파마주석산졸피뎀정(졸피뎀타르타르산염),20060608,200606261,[M239566]졸피뎀타르타르산염,,단일,20140109,"- 안전성 및 유효성 미확립- 현기증, 두통, 환각을 포함한 정신 신경계 이상반응이 위약군에 비해 흔하게 나타남",,특정연령대금기
,흰색 장방형의 필름코팅정제,01120,최면진정제,고려제약(주),전문의약품,필름코팅정,D000271,Zolpidem Tartrate,Zolpidem Tartrate(졸피뎀타르타르산염),졸피뎀타르타르산염,졸피움정(졸피뎀타르타르산염),20060620,200606262,[M239566]졸피뎀타르타르산염,,단일,20140109,"- 안전성 및 유효성 미확립- 현기증, 두통, 환각을 포함한 정신 신경계 이상반응이 위약군에 비해 흔하게 나타남",,특정연령대금기
,백색 장방형의 필름코팅제,01120,최면진정제,(주)한독,전문의약품,필름코팅정,D000271,Zolpidem Tartrate,Zolpidem Tartrate(졸피뎀타르타르산염),졸피뎀타르타르산염,스틸녹스정10밀리그램(졸피뎀타르타르산염),20070117,200700634,[M239566]졸피뎀타르타르산염,,단일,20140109,"- 안전성 및 유효성 미확립- 현기증, 두통, 환각을 포함한 정신 신경계 이상반응이 위약군에 비해 흔하게 나타남",,특정연령대금기
,양면이 볼록하고 한 면에 ZMR이 새겨진 분홍색의 원형 필름코팅 서방정,01120,최면진정제,(주)한독,전문의약품,서방성필름코팅정,D000271,Zolpidem Tartrate,Zolpidem Tartrate(졸피뎀타르타르산염),졸피뎀타르타르산염,스틸녹스CR정6.25밀리그램(졸피뎀타르타르산염),20070117,200700635,[M239566]졸피뎀타르타르산염/[M239566]졸피뎀타르타르산염,,단일,20140109,"- 안전성 및 유효성 미확립- 현기증, 두통, 환각을 포함한 정신 신경계 이상반응이 위약군에 비해 흔하게 나타남",,특정연령대금기
,양면이 볼록하고 한 면에 ZMR이 새겨진 파란색의 원형필름코팅 서방정,01120,최면진정제,(주)한독,전문의약품,서방성필름코팅정,D000271,Zolpidem Tartrate,Zolpidem Tartrate(졸피뎀타르타르산염),졸피뎀타르타르산염,스틸녹스CR정12.5밀리그램(졸피뎀타르타르산염),20070117,200700636,[M239566]졸피뎀타르타르산염/[M239566]졸피뎀타르타르산염,,단일,20140109,"- 안전성 및 유효성 미확립- 현기증, 두통, 환각을 포함한 정신 신경계 이상반응이 위약군에 비해 흔하게 나타남",,특정연령대금기
,흰색의 양면이 볼록하고 한면에 절단선이 있는 장방형 정제,01120,최면진정제,삼일제약(주),전문의약품,나정,D000271,Zolpidem Tartrate,Zolpidem Tartrate(주석산졸피뎀),주석산졸피뎀,산도스졸피뎀정10mg(주석산졸피뎀),20070419,200704597,[M088392]주석산졸피뎀,,단일,20140109,"- 안전성 및 유효성 미확립- 현기증, 두통, 환각을 포함한 정신 신경계 이상반응이 위약군에 비해 흔하게 나타남",,특정연령대금기
,백색 장방형 필름코팅정,01120,최면진정제,명인제약(주),전문의약품,필름코팅정,D000271,Zolpidem Tartrate,Zolpidem Tartrate(졸피뎀타르타르산염),졸피뎀타르타르산염,졸피신정10밀리그램(졸피뎀타르타르산염),20070830,200710013,[M239566]졸피뎀타르타르산염,,단일,20140109,"- 안전성 및 유효성 미확립- 현기증, 두통, 환각을 포함한 정신 신경계 이상반응이 위약군에 비해 흔하게 나타남",,특정연령대금기
,흰색의 장방형 필름코팅 정제,01120,최면진정제,명문제약(주),전문의약품,필름코팅정,D000271,Zolpidem Tartrate,Zolpidem Tartrate(졸피뎀타르타르산염),졸피뎀타르타르산염,스틸렉스정10밀리그램(졸피뎀타르타르산염),20141223,201406022,[M239566]졸피뎀타르타르산염,,단일,20140109,"- 안전성 및 유효성 미확립- 현기증, 두통, 환각을 포함한 정신 신경계 이상반응이 위약군에 비해 흔하게 나타남",,특정연령대금기
,분홍색의 장방형 필름코팅정,01120,최면진정제,한미약품(주),전문의약품,필름코팅정,D000271,Zolpidem Tartrate,Zolpidem Tartrate(졸피뎀타르타르산염),졸피뎀타르타르산염,졸피드정5밀리그램(졸피뎀타르타르산염),20150403,201501813,[M239566]졸피뎀타르타르산염,,단일,20140109,"- 안전성 및 유효성 미확립- 현기증, 두통, 환각을 포함한 정신 신경계 이상반응이 위약군에 비해 흔하게 나타남",,특정연령대금기
,분홍색의 장방형 필름코팅정,01120,최면진정제,명인제약(주),전문의약품,필름코팅정,D000271,Zolpidem Tartrate,Zolpidem Tartrate(졸피뎀타르타르산염),졸피뎀타르타르산염,졸피신정5밀리그램(졸피뎀타르타르산염),20161104,201606485,[M239566]졸피뎀타르타르산염,,단일,20140109,"- 안전성 및 유효성 미확립- 현기증, 두통, 환각을 포함한 정신 신경계 이상반응이 위약군에 비해 흔하게 나타남",,특정연령대금기
,흰색의 장방형 필름코팅정,01120,최면진정제,유니메드제약(주),전문의약품,필름코팅정,D000271,Zolpidem Tartrate,Zolpidem Tartrate(졸피뎀타르타르산염),졸피뎀타르타르산염,스립정10밀리그램(졸피뎀타르타르산염),20170331,201701569,[M239566]졸피뎀타르타르산염,,단일,20140109,"- 안전성 및 유효성 미확립- 현기증, 두통, 환각을 포함한 정신 신경계 이상반응이 위약군에 비해 흔하게 나타남",,특정연령대금기
,보라색의 원형 필름코팅정,01120,최면진정제,유니메드제약(주),전문의약품,필름코팅정,D000271,Zolpidem Tartrate,Zolpidem Tartrate(졸피뎀타르타르산염),졸피뎀타르타르산염,스립정5밀리그램(졸피뎀타르타르산염),20170331,201701570,[M239566]졸피뎀타르타르산염,,단일,20140109,"- 안전성 및 유효성 미확립- 현기증, 두통, 환각을 포함한 정신 신경계 이상반응이 위약군에 비해 흔하게 나타남",,특정연령대금기
,백색 장방형의 필름코팅정,01120,최면진정제,환인제약(주),전문의약품,필름코팅정,D000271,Zolpidem Tartrate,Zolpidem Tartrate(졸피뎀타르타르산염),졸피뎀타르타르산염,졸피람정10밀리그램(졸피뎀타르타르산염)(Zolpiram Tablet 10mg),20180130,201800563,[M239566]졸피뎀타르타르산염,,단일,20140109,"- 안전성 및 유효성 미확립- 현기증, 두통, 환각을 포함한 정신 신경계 이상반응이 위약군에 비해 흔하게 나타남",,특정연령대금기
,흰색의 장방형 필름코팅정,01120,최면진정제,하나제약(주),전문의약품,필름코팅정,D000271,Zolpidem Tartrate,Zolpidem Tartrate(졸피뎀타르타르산염),졸피뎀타르타르산염,졸피원정10밀리그램(졸피뎀타르타르산염),20241210,202402908,[M239566]졸피뎀타르타르산염,,단일,20140109,"- 안전성 및 유효성 미확립- 현기증, 두통, 환각을 포함한 정신 신경계 이상반응이 위약군에 비해 흔하게 나타남",,특정연령대금기
,흰색의 원형정제,08110,아편알카로이드계 제제,명문제약(주),전문의약품,나정,D000177,Codeine Phosphate Hydrate,Codeine Phosphate Hydrate(코데인인산염수화물),코데인인산염수화물,명문인산코데인정,19940922,199403297,[M223188]코데인인산염수화물,,단일,20141104,코데인이 모르핀으로 대사되는 과정이 다양하고 예측 불가능하여 모르핀으로 인한 독성이 나타날 위험이 있음,,특정연령대금기
,백색의 정제,08110,아편알카로이드계 제제,하나제약(주),전문의약품,나정,D000177,Codeine Phosphate Hydrate,Codeine Phosphate Hydrate(코데인인산염수화물),코데인인산염수화물,하나인산코데인정,19970106,199704612,[M223188]코데인인산염수화물,,단일,20141104,코데인이 모르핀으로 대사되는 과정이 다양하고 예측 불가능하여 모르핀으로 인한 독성이 나타날 위험이 있음,,특정연령대금기
,흰색 내지 담황색의 원형 정제,08110,아편알카로이드계 제제,(주)비씨월드제약,전문의약품,나정,D000177,Codeine Phosphate Hydrate,Codeine Phosphate Hydrate(코데인인산염수화물),코데인인산염수화물,비씨인산코데인정,19970804,199704636,[M223188]코데인인산염수화물,,단일,20141104,코데인이 모르핀으로 대사되는 과정이 다양하고 예측 불가능하여 모르핀으로 인한 독성이 나타날 위험이 있음,,특정연령대금기
,백색 내지 황색을 띤 원형 정제,08110,아편알카로이드계 제제,구주제약(주),전문의약품,나정,D000177,Codeine Phosphate Hydrate,Codeine Phosphate Hydrate(코데인인산염수화물),코데인인산염수화물,구주인산코데인정,19980508,199806858,[M223188]코데인인산염수화물,,단일,20141104,코데인이 모르핀으로 대사되는 과정이 다양하고 예측 불가능하여 모르핀으로 인한 독성이 나타날 위험이 있음,,특정연령대금기
,흰색~황색의 원형 정제,08110,아편알카로이드계 제제,성원애드콕제약(주),전문의약품,나정,D000177,Codeine Phosphate Hydrate,Codeine Phosphate Hydrate(코데인인산염수화물),코데인인산염수화물,데코인정(코데인인산염수화물),20030416,200308509,[M223188]코데인인산염수화물,,단일,20141104,코데인이 모르핀으로 대사되는 과정이 다양하고 예측 불가능하여 모르핀으로 인한 독성이 나타날 위험이 있음,,특정연령대금기
,백색 내지 황색을 띤 원형정제,08110,아편알카로이드계 제제,일성아이에스(주),전문의약품,나정,D000177,Codeine Phosphate Hydrate,Codeine Phosphate Hydrate(코데인인산염수화물),코데인인산염수화물,일성코데인정(코데인인산염수화물)(수출용),20170809,201706491,[M223188]코데인인산염수화물,,단일,20141104,코데인이 모르핀으로 대사되는 과정이 다양하고 예측 불가능하여 모르핀으로 인한 독성이 나타날 위험이 있음,,특정연령대금기
,"백색의 과립 또는 분말이 충진되어 있는 상부 적색, 하부 백색의 경질캡슐제",08110,아편알카로이드계 제제,하나제약(주),전문의약품,"경질캡슐제, 산제",D000177,Codeine Phosphate Hydrate,Codeine Phosphate Hydrate(코데인인산염수화물),코데인인산염수화물,코노펜캡슐,19990329,199907257,[M223188]코데인인산염수화물/[M051259]이부프로펜/[M040353]아세트아미노펜,[D000147]Acetaminophen(아세트아미노펜)/[D000363]Ibuprofen(이부프로펜),복합,20141104,코데인이 모르핀으로 대사되는 과정이 다양하고 예측 불가능하여 모르핀으로 인한 독성이 나타날 위험이 있음,,특정연령대금기
,"흰색 가루가 든 상부녹색, 하부적색의 경질캡슐",08110,아편알카로이드계 제제,성원애드콕제약(주),전문의약품,"경질캡슐제, 산제",D000177,Codeine Phosphate Hydrate,Codeine Phosphate Hydrate(코데인인산염수화물),코데인인산염수화물,"마이폴캡슐(코데인,이부프로펜,아세트아미노펜)",20021112,200210719,[M040353]아세트아미노펜/[M051259]이부프로펜/[M223188]코데인인산염수화물,[D000147]Acetaminophen(아세트아미노펜)/[D000363]Ibuprofen(이부프로펜),복합,20141104,코데인이 모르핀으로 대사되는 과정이 다양하고 예측 불가능하여 모르핀으로 인한 독성이 나타날 위험이 있음,,특정연령대금기
,백색 또는 미백색의 장방형 서방성 정제,08110,아편알카로이드계 제제,하나제약(주),전문의약품,서방성필름코팅정,D000092,Dihydrocodeine Tartrate,Dihydrocodeine Tartrate(디히드로코데인타르타르산염),디히드로코데인타르타르산염,디코데서방정(디히드로코데인타르타르산염),19970313,199704622,[M249060]디히드로코데인타르타르산염,,단일,20140109,코데인이 모르핀으로 대사되는 과정이 다양하고 예측불가능하여 모르핀으로 인한 독성이 나타날 위험이 있음,,특정연령대금기
,백색의 장방형 정제,02140,혈압강하제,(주)다림바이오텍,전문의약품,나정,D000088,Doxazosin Mesylate,Doxazosin Mesylate(독사조신메실산염),독사조신메실산염,다림독사조신메실산염정2밀리그램(수출용),20161221,201607198,[M252421]독사조신메실산염,,단일,20140109,안전성 및 유효성 미확립,,특정연령대금기
,연청색의 타원형 정제,01120,최면진정제,일양약품(주),일반의약품,필름코팅정,D000296,Doxylamine Succinate,Doxylamine Succinate(독시라민숙신산염),독시라민숙신산염,자멘쏙정(독시라민숙신산염),20211028,202107184,[M250452]독시라민숙신산염,,단일,20140109,소아에 항히스타민제 투여 시 paradoxical excitation 유발 가능,,특정연령대금기
,흰색의 타원형 정제,01120,최면진정제,(주)와이에스생명과학,일반의약품,나정,D000296,Doxylamine Succinate,Doxylamine Succinate(독시라민숙신산염),독시라민숙신산염,자모다정(독시라민숙신산염),20250320,202500644,[M250452]독시라민숙신산염,,단일,20140109,소아에 항히스타민제 투여 시 paradoxical excitation 유발 가능,,특정연령대금기
,흰색 내지 거의 흰색의 원형 필름코팅정제,01120,최면진정제,초당약품공업(주),일반의약품,필름코팅정,D000296,Doxylamine Succinate,Doxylamine Succinate(독시라민숙신산염),독시라민숙신산염,자미솔정(독시라민숙신산염),20251001,202502598,[M250452]독시라민숙신산염,,단일,20140109,소아에 항히스타민제 투여 시 paradoxical excitation 유발 가능,,특정연령대금기
,흰색의 타원형 정제,01120,최면진정제,(주)녹십자,일반의약품,나정,D000296,Doxylamine Succinate,Doxylamine Succinate(독시라민숙신산염),독시라민숙신산염,쿨드림롱정(독시라민숙신산염),20260130,202600284,[M250452]독시라민숙신산염,,단일,20140109,소아에 항히스타민제 투여 시 paradoxical excitation 유발 가능,,특정연령대금기
,흰색의 타원형 정제,01120,최면진정제,에스케이케미칼(주),일반의약품,나정,D000296,Doxylamine Succinate,Doxylamine Succinate(독시라민숙신산염),독시라민숙신산염,쿨나잇정(독시라민숙신산염),20260520,202601464,[M250452]독시라민숙신산염,,단일,20140109,소아에 항히스타민제 투여 시 paradoxical excitation 유발 가능,,특정연령대금기
,무색 투명한 내용물이 들어있는 미황색의 투명한 타원형 연질캡슐,02590,기타의 비뇨생식기관 및 항문용약,(주)비보존제약,전문의약품,"연질캡슐제, 액상",D000610,Dutasteride,Dutasteride(두타스테리드),두타스테리드,타테린연질캡슐0.5밀리그램(두타스테리드),20170830,201706885,[M102694]두타스테리드,,단일,20140109,안전성 및 유효성 미확립,,특정연령대금기
,무색 투명한 내용물이 들어있는 미황색의 투명한 타원형 연질캡슐,02590,기타의 비뇨생식기관 및 항문용약,한올바이오파마(주),전문의약품,"연질캡슐제, 액상",D000610,Dutasteride,Dutasteride(두타스테리드),두타스테리드,아다모연질캡슐0.5밀리그램(두타스테리드),20171228,201708604,[M102694]두타스테리드,,단일,20140109,안전성 및 유효성 미확립,,특정연령대금기
,무색 투명한 내용물이 들어있는 미황색의 투명한 타원형 연질캡슐,02590,기타의 비뇨생식기관 및 항문용약,맥널티제약(주),전문의약품,"연질캡슐제, 액상",D000610,Dutasteride,Dutasteride(두타스테리드),두타스테리드,두타온연질캡슐0.5밀리그램(두타스테리드) ,20190425,201902598,[M102694]두타스테리드,,단일,20140109,안전성 및 유효성 미확립,,특정연령대금기
,무색 투명한 내용물이 들어있는 미황색의 투명한 타원형 연질캡슐,02590,기타의 비뇨생식기관 및 항문용약,(주)휴온스생명과학,전문의약품,"연질캡슐제, 액상",D000610,Dutasteride,Dutasteride(두타스테리드),두타스테리드,두타그로연질캡슐0.5밀리그램(두타스테리드),20190523,201903342,[M102694]두타스테리드,,단일,20140109,안전성 및 유효성 미확립,,특정연령대금기
,무색 투명한 내용물이 들어있는 미황색의 투명한 타원형 연질캡슐,02590,기타의 비뇨생식기관 및 항문용약,(주)한풍제약,전문의약품,"연질캡슐제, 액상",D000610,Dutasteride,Dutasteride(두타스테리드),두타스테리드,두타윈연질캡슐0.5밀리그램(두타스테리드),20190812,201905664,[M102694]두타스테리드,,단일,20140109,안전성 및 유효성 미확립,,특정연령대금기
,연한 노란색의 원형 필름코팅정제,02590,기타의 비뇨생식기관 및 항문용약,한국신텍스제약(주),전문의약품,필름코팅정,D000610,Dutasteride,Dutasteride(두타스테리드),두타스테리드,두타린정0.5밀리그램(두타스테리드),20191107,201907785,[M102694]두타스테리드,,단일,20140109,안전성 및 유효성 미확립,,특정연령대금기
,연한 노란색의 원형 필름 코팅정제,02590,기타의 비뇨생식기관 및 항문용약,영일제약(주),전문의약품,필름코팅정,D000610,Dutasteride,Dutasteride(두타스테리드),두타스테리드,두타베린정0.5밀리그램(두타스테리드),20200117,202000271,[M102694]두타스테리드,,단일,20140109,안전성 및 유효성 미확립,,특정연령대금기
,연한 황색의 달걀형 필름코팅정제,02590,기타의 비뇨생식기관 및 항문용약,(주)인트로바이오파마,전문의약품,필름코팅정,D000610,Dutasteride,Dutasteride(두타스테리드),두타스테리드,두타프로정(두타스테리드),20200203,202000571,[M102694]두타스테리드,,단일,20140109,안전성 및 유효성 미확립,,특정연령대금기
,연한 황색의 달걀형 필름코팅정제 ,02590,기타의 비뇨생식기관 및 항문용약,(주)라이트팜텍,전문의약품,필름코팅정,D000610,Dutasteride,Dutasteride(두타스테리드),두타스테리드,머카나정0.5밀리그램(두타스테리드),20200526,202003882,[M102694]두타스테리드,,단일,20140109,안전성 및 유효성 미확립,,특정연령대금기
,무색 투명한 내용물이 들어있는 미황색의 투명한 타원형 연질캡슐,02590,기타의 비뇨생식기관 및 항문용약,건일바이오팜주식회사,전문의약품,"연질캡슐제, 액상",D000610,Dutasteride,Dutasteride(두타스테리드),두타스테리드,두모보연질캡슐0.5밀리그램(두타스테리드),20200529,202004077,[M102694]두타스테리드,,단일,20140109,안전성 및 유효성 미확립,,특정연령대금기
,노란색의 장방형 필름코팅정제,02590,기타의 비뇨생식기관 및 항문용약,한국유니온제약(주),전문의약품,필름코팅정,D000610,Dutasteride,Dutasteride(두타스테리드),두타스테리드,두타모정0.5밀리그램(두타스테리드),20200803,202005608,[M102694]두타스테리드,,단일,20140109,안전성 및 유효성 미확립,,특정연령대금기
,무색 투명한 내용물이 든 미황색의 장방형 연질캡슐,02590,기타의 비뇨생식기관 및 항문용약,(주)휴온스,전문의약품,"연질캡슐제, 액상",D000610,Dutasteride,Dutasteride(두타스테리드),두타스테리드,휴다트연질캡슐0.5밀리그램(두타스테리드),20210820,202106074,[M102694]두타스테리드,,단일,20140109,안전성 및 유효성 미확립,,특정연령대금기
,무색 투명한 내용물이 들어있는 미황색의 투명한 타원형 연질캡슐,02590,기타의 비뇨생식기관 및 항문용약,씨에이치디제약주식회사,전문의약품,"연질캡슐제, 액상",D000610,Dutasteride,Dutasteride(두타스테리드),두타스테리드,두타원연질캡슐0.5밀리그램(두타스테리드),20220921,202203625,[M102694]두타스테리드,,단일,20140109,안전성 및 유효성 미확립,,특정연령대금기
,무색 투명한 내용물이 든 미황색의 장방형 연질캡슐,02590,기타의 비뇨생식기관 및 항문용약,(주)마더스제약,전문의약품,"연질캡슐제, 액상",D000610,Dutasteride,Dutasteride(두타스테리드),두타스테리드,아보엠연질캡슐0.5밀리그램(두타스테리드),20230323,202301009,[M102694]두타스테리드,,단일,20140109,안전성 및 유효성 미확립,,특정연령대금기
,노란색의 장방형 필름코팅정,02590,기타의 비뇨생식기관 및 항문용약,대원바이오텍주식회사,전문의약품,필름코팅정,D000610,Dutasteride,Dutasteride(두타스테리드),두타스테리드,모벤두타정0.5밀리그램(두타스테리드),20230714,202302168,[M102694]두타스테리드,,단일,20140109,안전성 및 유효성 미확립,,특정연령대금기
,노란색의 장방형 필름코팅정,02590,기타의 비뇨생식기관 및 항문용약,(주)유앤생명과학,전문의약품,필름코팅정,D000610,Dutasteride,Dutasteride(두타스테리드),두타스테리드,유앤두타스테리드정0.5밀리그램(수출용),20240422,202400908,[M102694]두타스테리드,,단일,20140109,안전성 및 유효성 미확립,,특정연령대금기
,무색 투명한 액이 든 무색 또는 미황색의 투명한 타원형 연질캡슐,02590,기타의 비뇨생식기관 및 항문용약,(주)킴스제약,전문의약품,"연질캡슐제, 액상",D000610,Dutasteride,Dutasteride(두타스테리드),두타스테리드,두타앤연질캡슐0.5mg(두타스테리드),20240621,202401516,[M102694]두타스테리드,,단일,20140109,안전성 및 유효성 미확립,,특정연령대금기
,무색 투명한 액이 든 무색 또는 미황색의 투명한 타원형 연질캡슐,02590,기타의 비뇨생식기관 및 항문용약,주식회사더유제약,전문의약품,"연질캡슐제, 액상",D000610,Dutasteride,Dutasteride(두타스테리드),두타스테리드,모더다트연질캡슐0.5밀리그램(두타스테리드),20240813,202401943,[M102694]두타스테리드,,단일,20140109,안전성 및 유효성 미확립,,특정연령대금기
,무색 투명한 액이 든 무색 또는 미황색의 투명한 타원형 연질캡슐,02590,기타의 비뇨생식기관 및 항문용약,(주)테라젠이텍스,전문의약품,"연질캡슐제, 액상",D000610,Dutasteride,Dutasteride(두타스테리드),두타스테리드,이노다트연질캡슐0.5밀리그램(두타스테리드),20250122,202500167,[M102694]두타스테리드,,단일,20140109,안전성 및 유효성 미확립,,특정연령대금기
,연한 노란색의 원형 필름 코팅정제,02590,기타의 비뇨생식기관 및 항문용약,(주)서울제약,전문의약품,필름코팅정,D000610,Dutasteride,Dutasteride(두타스테리드),두타스테리드,발모트정0.5밀리그램(두타스테리드),20250926,202502557,[M102694]두타스테리드,,단일,20140109,안전성 및 유효성 미확립,,특정연령대금기
,연한 노란색의 원형 필름 코팅정제,02590,기타의 비뇨생식기관 및 항문용약,코스맥스파마(주),전문의약품,필름코팅정,D000610,Dutasteride,Dutasteride(두타스테리드),두타스테리드,두타세트정0.5밀리그램(두타스테리드),20251218,202503311,[M102694]두타스테리드,,단일,20140109,안전성 및 유효성 미확립,,특정연령대금기
,무색 투명한 내용물이 들어있는 미황색의 투명한 타원형 연질캡슐,02590,기타의 비뇨생식기관 및 항문용약,(주)필인터내셔널,전문의약품,"연질캡슐제, 액상",D000610,Dutasteride,Dutasteride(두타스테리드),두타스테리드,두타필연질캡슐0.5밀리그램(두타스테리드),20260316,202600762,[M102694]두타스테리드,,단일,20140109,안전성 및 유효성 미확립,,특정연령대금기
,연한 황색의 타원형 필름코팅정제,02590,기타의 비뇨생식기관 및 항문용약,(주)휴온스생명과학,전문의약품,필름코팅정,D000610,Dutasteride,Dutasteride(두타스테리드),두타스테리드,센모트정(두타스테리드),20260325,202600843,[M102694]두타스테리드,,단일,20140109,안전성 및 유효성 미확립,,특정연령대금기
,연한 황색의 타원형 필름코팅정제,02590,기타의 비뇨생식기관 및 항문용약,(주)코아팜바이오,전문의약품,필름코팅정,D000610,Dutasteride,Dutasteride(두타스테리드),두타스테리드,스타라이드정0.5밀리그램(두타스테리드),20260513,202601413,[M102694]두타스테리드,,단일,20140109,안전성 및 유효성 미확립,,특정연령대금기
,무색투명한 앰플에 든 백색의 유제성 주사제,01110,전신마취제,비브라운코리아(주),전문의약품,유화주사제,D000557,Etomidate,Etomidate(에토미데이트),에토미데이트,에토미데이트리푸로주,20260213,200410460,[M088929]에토미데이트,,단일,20140109,_,,특정연령대금기
,무색 투명한 용액이 든 갈색 유리 앰플 또는 갈색 유리 바이알,08210,합성마약,명문제약(주),전문의약품,용액주사제,D000097,Fentanyl Citrate,Fentanyl Citrate(펜타닐시트르산염),펜타닐시트르산염,명문구연산펜타닐주사,19860917,198601875,[M223286]펜타닐시트르산염,,단일,20140109,"- 안전성 및 유효성 미확립- 조산아에 펜타닐, 판쿠로늄, 아트로핀이 포함된 응급마취 및 수술 시 메트헤모글로빈혈증이 드물게 보고됨",,특정연령대금기
,무색의 맑은 액체가 든 갈색 앰플,08210,합성마약,(주)제일제약,전문의약품,용액주사제,D000097,Fentanyl,Fentanyl(펜타닐),펜타닐,제일펜타닐시트르산염주사(수출용),19881031,198802974,[M230151]펜타닐,,단일,20140109,"- 안전성 및 유효성 미확립- 조산아에 펜타닐, 판쿠로늄, 아트로핀이 포함된 응급마취 및 수술 시 메트헤모글로빈혈증이 드물게 보고됨",,특정연령대금기
,"무색투명한 액이 갈색 유리앰플, 갈색 유리바이알에 든 주사제",08210,합성마약,(주)비씨월드제약,전문의약품,용액주사제,D000097,Fentanyl Citrate,Fentanyl Citrate(펜타닐시트르산염),펜타닐시트르산염,비씨펜타닐시트르산염주사,19940105,199403310,[M223286]펜타닐시트르산염,,단일,20140109,"- 안전성 및 유효성 미확립- 조산아에 펜타닐, 판쿠로늄, 아트로핀이 포함된 응급마취 및 수술 시 메트헤모글로빈혈증이 드물게 보고됨",,특정연령대금기
,무색투명한 액이 든 갈색앰플제,08210,합성마약,구주제약(주),전문의약품,용액주사제,D000097,Fentanyl Citrate,Fentanyl Citrate(펜타닐시트르산염),펜타닐시트르산염,구주구연산펜타닐주사,19961114,199604972,[M223286]펜타닐시트르산염,,단일,20140109,"- 안전성 및 유효성 미확립- 조산아에 펜타닐, 판쿠로늄, 아트로핀이 포함된 응급마취 및 수술 시 메트헤모글로빈혈증이 드물게 보고됨",,특정연령대금기
,"갈색 유리앰플, 갈색 유리바이알 또는 플라스틱제수성주사제용기에 무색투명한 액이 든 주사제",08210,합성마약,하나제약(주),전문의약품,용액주사제,D000097,Fentanyl Citrate,Fentanyl Citrate(펜타닐시트르산염),펜타닐시트르산염,하나구연산펜타닐주사,19970204,199704613,[M223286]펜타닐시트르산염,,단일,20140109,"- 안전성 및 유효성 미확립- 조산아에 펜타닐, 판쿠로늄, 아트로핀이 포함된 응급마취 및 수술 시 메트헤모글로빈혈증이 드물게 보고됨",,특정연령대금기
,[내수용1]무색 투명한 액이 든 갈색 앰플제 또는 갈색 바이알제[내수용2]플라스틱제수성주사제용기에 무색투명한 액이 든 주사제 ,08210,합성마약,한림제약(주),전문의약품,용액주사제,D000097,Fentanyl Citrate,Fentanyl Citrate(펜타닐시트르산염),펜타닐시트르산염,한림펜타닐주사(펜타닐시트르산염),20040109,200410834,[M223286]펜타닐시트르산염/[M223286]펜타닐시트르산염,,단일,20140109,"- 안전성 및 유효성 미확립- 조산아에 펜타닐, 판쿠로늄, 아트로핀이 포함된 응급마취 및 수술 시 메트헤모글로빈혈증이 드물게 보고됨",,특정연령대금기
,플라스틱제수성주사제용기에 무색투명한 액이 든 주사제,08210,합성마약,대한약품공업(주),전문의약품,용액주사제,D000097,Fentanyl Citrate,Fentanyl Citrate(펜타닐시트르산염),펜타닐시트르산염,대한펜타닐주사액(펜타닐시트르산염),20080529,200805994,[M223286]펜타닐시트르산염,,단일,20140109,"- 안전성 및 유효성 미확립- 조산아에 펜타닐, 판쿠로늄, 아트로핀이 포함된 응급마취 및 수술 시 메트헤모글로빈혈증이 드물게 보고됨",,특정연령대금기
,무색 투명한 액이 든 갈색 바이알제,08210,합성마약,대원제약(주),전문의약품,용액주사제,D000097,Fentanyl Citrate,Fentanyl Citrate(펜타닐시트르산염),펜타닐시트르산염,대원펜타닐시트르산염주사액,20120126,201200585,[M223286]펜타닐시트르산염,,단일,20140109,"- 안전성 및 유효성 미확립- 조산아에 펜타닐, 판쿠로늄, 아트로핀이 포함된 응급마취 및 수술 시 메트헤모글로빈혈증이 드물게 보고됨",,특정연령대금기
,무색 투명한 용액이 든 갈색 유리 앰플,08210,합성마약,명문제약(주),전문의약품,용액주사제,D000097,Fentanyl Citrate,Fentanyl Citrate(펜타닐시트르산염),펜타닐시트르산염,명문펜타닐시트르산염주사(앰플),20130107,201300115,[M223286]펜타닐시트르산염,,단일,20140109,"- 안전성 및 유효성 미확립- 조산아에 펜타닐, 판쿠로늄, 아트로핀이 포함된 응급마취 및 수술 시 메트헤모글로빈혈증이 드물게 보고됨",,특정연령대금기
,갈색유리앰플에무색투명한액이든주사제,08210,합성마약,주|비씨월드제약,전문의약품,용액주사제,D000097,Fentanyl Citrate,Fentanyl Citrate(펜타닐시트르산염),펜타닐시트르산염,비씨펜타닐시트르산염주사(수출용),20150703,201504512,[M223286]펜타닐시트르산염,,단일,20140109,"- 안전성 및 유효성 미확립- 조산아에 펜타닐, 판쿠로늄, 아트로핀이 포함된 응급마취 및 수술 시 메트헤모글로빈혈증이 드물게 보고됨",,특정연령대금기
,무색 투명한 액이 든 갈색 앰플제 또는 갈색 바이알제,08210,합성마약,한림제약(주),전문의약품,용액주사제,D000097,Fentanyl Citrate,Fentanyl Citrate(펜타닐시트르산염),펜타닐시트르산염,한림펜타닐시트르산염주사(수출용),20151228,201508432,[M223286]펜타닐시트르산염,,단일,20140109,"- 안전성 및 유효성 미확립- 조산아에 펜타닐, 판쿠로늄, 아트로핀이 포함된 응급마취 및 수술 시 메트헤모글로빈혈증이 드물게 보고됨",,특정연령대금기
,무색투명한 액이 든 갈색바이알제,08210,합성마약,구주제약(주),전문의약품,용액주사제,D000097,Fentanyl Citrate,Fentanyl Citrate(펜타닐시트르산염),펜타닐시트르산염,구주펜타닐시트르산염주사(바이알),20160601,201603163,[M223286]펜타닐시트르산염,,단일,20140109,"- 안전성 및 유효성 미확립- 조산아에 펜타닐, 판쿠로늄, 아트로핀이 포함된 응급마취 및 수술 시 메트헤모글로빈혈증이 드물게 보고됨",,특정연령대금기
,무색투명한 액이 갈색 유리바이알에 든 주사제,08210,합성마약,주|비씨월드제약,전문의약품,용액주사제,D000097,Fentanyl Citrate,Fentanyl Citrate(펜타닐시트르산염),펜타닐시트르산염,비씨펜타닐시트르산염주사(바이알)(수출용),20200622,202004529,[M223286]펜타닐시트르산염,,단일,20140109,"- 안전성 및 유효성 미확립- 조산아에 펜타닐, 판쿠로늄, 아트로핀이 포함된 응급마취 및 수술 시 메트헤모글로빈혈증이 드물게 보고됨",,특정연령대금기
,무색투명한 액이 든 갈색앰플제,08210,합성마약,구주제약(주),전문의약품,용액주사제,D000097,Fentanyl Citrate,Fentanyl Citrate(펜타닐시트르산염),펜타닐시트르산염,구주구연산펜타닐주사(수출용),20200709,202004965,[M223286]펜타닐시트르산염,,단일,20140109,"- 안전성 및 유효성 미확립- 조산아에 펜타닐, 판쿠로늄, 아트로핀이 포함된 응급마취 및 수술 시 메트헤모글로빈혈증이 드물게 보고됨",,특정연령대금기
,오렌지 황색의 필림코팅된 원형 정제,01120,최면진정제,고려제약(주),전문의약품,필름코팅정,D000106,Flurazepam Hydrochloride,Flurazepam Hydrochloride(플루라제팜염산염),플루라제팜염산염,달마돔정(플루라제팜염산염),19990805,199907280,[M223321]플루라제팜염산염,,단일,20140109,안전성 및 유효성 미확립,,특정연령대금기
20221206,흰색가루가 함유된 흰색의 경질캡슐제,02370,정장제,영일제약(주),일반의약품,"경질캡슐제, 산제",D000222,Loperamide Hydrochloride,Loperamide Hydrochloride(로페라미드염산염),로페라미드염산염,로프민캡슐(로페라미드염산염),19760414,197600412,[M222992]로페라미드염산염,,단일,20140109,_,,특정연령대금기
20221206,흰색가루가 함유된 흰색의 경질캡슐제,02370,정장제,태극제약(주),일반의약품,"경질캡슐제, 산제",D000222,Loperamide Hydrochloride,Loperamide Hydrochloride(로페라미드염산염),로페라미드염산염,로파인캡슐(로페라미드염산염),19781025,197800212,[M222992]로페라미드염산염,,단일,20140109,_,,특정연령대금기
20221206,백색 캅셀제,02370,정장제,대화제약(주),일반의약품,"경질캡슐제, 산제",D000222,Loperamide Hydrochloride,Loperamide Hydrochloride(로페라미드염산염),로페라미드염산염,대화염산로페라미드캡슐(수출용)(수출명:파라닥손캡슐),19840223,198400816,[M222992]로페라미드염산염,,단일,20140109,_,,특정연령대금기
20221206,"흰색가루가 함유된 상단 황색, 하단 흰색의 경질캡슐제",02370,정장제,지엘파마(주),일반의약품,"경질캡슐제, 산제",D000222,Loperamide Hydrochloride,Loperamide Hydrochloride(로페라미드염산염),로페라미드염산염,지엘로페라미드염산염캡슐,19860305,198601389,[M222992]로페라미드염산염,,단일,20140109,_,,특정연령대금기
20100530,무색 투명 겔제,02640,진통.진양.수렴.소염제,태극제약(주),일반의약품,피부용겔제,D000672,Ketoprofen,Ketoprofen(케토프로펜),케토프로펜,케토파인겔(케토프로펜),19880908,198800774,[M051464]케토프로펜,,단일,20140109,_,,특정연령대금기
20151105,방향성을 갖는 거의 무색투명한 점액성의 겔제,02640,진통.진양.수렴.소염제,삼진제약(주),일반의약품,피부용겔제,D000672,Ketoprofen,Ketoprofen(케토프로펜),케토프로펜,시푸로겔3%(케토프로펜),19880510,198801106,[M051464]케토프로펜,,단일,20140109,_,,특정연령대금기
20240522,갈색의 유리앰플 주사제,01140,해열.진통.소염제,부광약품(주),전문의약품,용액주사제,D000672,Ketoprofen,Ketoprofen(케토프로펜),케토프로펜,부광케토프로펜주100밀리그램,19880705,198801250,[M051464]케토프로펜,,단일,20140109,- 안전성 및 유효성 미확립- 벤질알코올은 조숙아에서 치명적인 가쁜 호흡증상과 연관이 있는 것으로 보고됨,,특정연령대금기
20110620,방향성을 갖는 거의 무색투명한 점액성의 겔제,02640,진통.진양.수렴.소염제,동광제약(주),일반의약품,피부용겔제,D000672,Ketoprofen,Ketoprofen(케토프로펜),케토프로펜,오디스겔(케토프로펜),19890407,198900182,[M051464]케토프로펜,,단일,20140109,_,,특정연령대금기
20181128,무색 내지 미황색의 액체가 들어있는 갈색 앰플제,01140,해열.진통.소염제,(주)제일제약,전문의약품,용액주사제,D000672,Ketoprofen,Ketoprofen(케토프로펜),케토프로펜,제일제약케토프로펜주(수출용),19901026,199000595,[M051464]케토프로펜,,단일,20140109,- 안전성 및 유효성 미확립- 벤질알코올은 조숙아에서 치명적인 가쁜 호흡증상과 연관이 있는 것으로 보고됨,,특정연령대금기
20240522,무색투명한 액이 든 갈색유리앰플 주사제,01140,해열.진통.소염제,삼천당제약(주),전문의약품,용액주사제,D000672,Ketoprofen,Ketoprofen(케토프로펜),케토프로펜,삼천당케토프로펜주100밀리그램(수출명:케페인주),19900330,199000923,[M051464]케토프로펜,,단일,20140109,- 안전성 및 유효성 미확립- 벤질알코올은 조숙아에서 치명적인 가쁜 호흡증상과 연관이 있는 것으로 보고됨,,특정연령대금기
20111024,이 약은 무색 투명한 점조성의 액제이다.,02650,기생성 피부질환용제,신신제약(주),전문의약품,샴푸,D000423,Lindane,Lindane(린단),린단,신신린단액(린단),19920710,199201235,[M050381]린단,,단일,20140109,"안전성 문제로 소아에서 옴, 머릿니 치료에 권고되지 않음, 체중이 50kg 미만인 소아에 사용 시 신중투여(미국소아과학회, AAP2012)",,특정연령대금기
20210524,전질이 고른 투명한 겔 ,02640,진통.진양.수렴.소염제,대화제약(주),일반의약품,피부용겔제,D000672,Ketoprofen,Ketoprofen(케토프로펜),케토프로펜,케바논겔(케토프로펜),19920618,199201803,[M051464]케토프로펜,,단일,20140109,_,,특정연령대금기
20200227,"흰색 또는 미황색 가루로 충진된 상부-암녹색, 하부-담청색의 경질 캡슐제",01190,기타의 중추신경용약,(주)한국로슈,전문의약품,"경질캡슐제, 산제",D000302,Levodopa,Levodopa(레보도파),레보도파,마도파에취비에스캡슐125,19921119,199203393,[M040122]레보도파/[M096035]염산벤세라짓,[D000563]Benserazide(벤세라지드),복합,20140109,- 안전성 및 유효성 미확립- 동물실험에서 벤세라지드에 의해 골격기형이 나타남,,특정연령대금기
20200822,"-국내용 1, 2, 4, 5, 6, 7, 수출용: 무색 투명 또는 유백색의 점착성 물질을 살구색의 린트포에 도포하여 고체면에 박리지를 덮은 모서리가 둥근 사각형의 첩부제- 국내용 3 : 무색 투명 또는 유백색의 점착성 물질을 어두운 살구색의 린트포에 도포하여 고체면에 박리지를 덮은 원형의 첩부제",02640,진통.진양.수렴.소염제,(주)한독,일반의약품,지지체가있는첩부제,D000672,Ketoprofen,Ketoprofen(케토프로펜),케토프로펜,케토톱플라스타(케토프로펜)(싱가폴수출명 : Ketotop Pain Relief Plaster 30mg),19931018,199300356,[M051464]케토프로펜/[M051464]케토프로펜/[M051464]케토프로펜/[M051464]케토프로펜/[M051464]케토프로펜/[M051464]케토프로펜/[M051464]케토프로펜/[M051464]케토프로펜,,단일,20140109,_,,특정연령대금기
20100530,무색의 투명한 겔제,02640,진통.진양.수렴.소염제,일동제약(주),일반의약품,피부용겔제,D000672,Ketoprofen,Ketoprofen(케토프로펜),케토프로펜,케노펜겔(케토프로펜),19940514,199400367,[M051464]케토프로펜,,단일,20140109,_,,특정연령대금기
20260323,백색의 원형 필름코팅정제,06290,기타의 화학요법제,일동제약(주),전문의약품,필름코팅정,D000793,Levofloxacin Hydrate,Levofloxacin Hydrate(레보플록사신수화물),레보플록사신수화물,레보펙신정(레보플록사신수화물),19940817,199400369,[M251128]레보플록사신수화물,,단일,20140109,"- 안전성 및 유효성 미확립- 퀴놀론계 항균제는 몇몇 어린 동물종에서 관절병증, 뼈연골증을 유발",,특정연령대금기
20260323,이 약은 백색-미황백색의 필름코팅정이다.,06290,기타의 화학요법제,제일약품(주),전문의약품,필름코팅정,D000793,Levofloxacin,Levofloxacin(레보플록사신),레보플록사신,제일크라비트정(레보플록사신),19940430,199400461,[M085584]레보플록사신,,단일,20140109,"- 안전성 및 유효성 미확립- 퀴놀론계 항균제는 몇몇 어린 동물종에서 관절병증, 뼈연골증을 유발",,특정연령대금기
20260309,균일한 백색의 크림임,01210,국소마취제,타나베파마코리아주식회사,전문의약품,피부크림제,D000709,Lidocaine,Lidocaine(리도카인),리도카인,엠라5%크림,19940312,199403237,[M040131]리도카인/[M087237]프릴로카인,[D000622]Prilocaine(프릴로카인),복합,20140109,- 흡수에 대한 자료가 불완전하므로 소아의 생식기 점막에는 적용하지 말 것- 메트헤모글로빈의 일시적 증가 보고,,특정연령대금기
20240522,이 약은 원형의 흰색 필름코팅정제이다.,01140,해열.진통.소염제,동국제약(주),전문의약품,필름코팅정,D000274,Ketorolac Tromethamine,Ketorolac Tromethamine(케토롤락트로메타민),케토롤락트로메타민,케토라신정(케토롤락트로메타민),19950712,199500043,[M084703]케토롤락트로메타민,,단일,20140109,안전성 및 유효성 미확립,,특정연령대금기
20180223,무색 투명한 겔제,02640,진통.진양.수렴.소염제,알리코제약(주),일반의약품,피부용겔제,D000672,Ketoprofen,Ketoprofen(케토프로펜),케토프로펜,에스겔(케토프로펜),19950804,199500642,[M051464]케토프로펜,,단일,20140109,_,,특정연령대금기
20151116,무색 투명 겔제,02640,진통.진양.수렴.소염제,(주)한독,일반의약품,피부용겔제,D000672,Ketoprofen,Ketoprofen(케토프로펜),케토프로펜,케토톱겔(케토프로펜),19960911,199600275,[M051464]케토프로펜,,단일,20140109,_,,특정연령대금기
20150309,무색투명의 점착성물질을 살구색의 린트포에 도포하여 고체면에 박리지를 덮은 첩부제,02640,진통.진양.수렴.소염제,(주)한독,일반의약품,지지체가있는첩부제,D000672,Ketoprofen,Ketoprofen(케토프로펜),케토프로펜,케토톱엘플라스타(케토프로펜),19960715,199600277,[M051464]케토프로펜,,단일,20140109,_,,특정연령대금기
20110620,이 약은 무색투명의 점착성 물질을 린트포에 도포하고 고체면에 박리지를 덮은 경고제이다  ,02640,진통.진양.수렴.소염제,제일헬스사이언스(주),일반의약품,경피흡수제,D000672,Ketoprofen,Ketoprofen(케토프로펜),케토프로펜,케펜텍플라스타(케토프로펜)(수출명 : KEFEN),19960419,199600561,[M051464]케토프로펜/[M051464]케토프로펜/[M051464]케토프로펜/[M051464]케토프로펜/[M051464]케토프로펜/[M051464]케토프로펜,,단일,20140109,_,,특정연령대금기
20190628,무색 투명의 겔제,02640,진통.진양.수렴.소염제,한미약품(주),일반의약품,피부용겔제,D000672,Ketoprofen,Ketoprofen(케토프로펜),케토프로펜,루마겔(케토프로펜),19961129,199602289,[M051464]케토프로펜,,단일,20140109,_,,특정연령대금기
20200227,거의 흰색의 원형 정제,01190,기타의 중추신경용약,(주)한국로슈,전문의약품,나정,D000302,Levodopa,Levodopa(레보도파),레보도파,마도파확산정125,19960329,199604709,[M040122]레보도파/[M096035]염산벤세라짓,[D000563]Benserazide(벤세라지드),복합,20140109,- 안전성 및 유효성 미확립- 동물실험에서 벤세라지드에 의해 골격기형이 나타남,,특정연령대금기
20240522,미황색의 액체가 든 갈색앰플 주사제,01140,해열.진통.소염제,환인제약(주),전문의약품,용액주사제,D000274,Ketorolac Tromethamine,Ketorolac Tromethamine(케토롤락트로메타민염),케토롤락트로메타민염,트롤락주(케토롤락트로메타민염),19960701,199604999,[M222885]케토롤락트로메타민염,,단일,20140109,안전성 및 유효성 미확립,,특정연령대금기
20240522,엷은 황색의 투명한 액체가 충전된 갈색 앰플제,01140,해열.진통.소염제,동광제약(주),전문의약품,용액주사제,D000274,Ketorolac Tromethamine,Ketorolac Tromethamine(케토롤락트로메타민염),케토롤락트로메타민염,케로라주(케토롤락트로메타민염),19970204,199700240,[M222885]케토롤락트로메타민염,,단일,20140109,안전성 및 유효성 미확립,,특정연령대금기
20200831,백색의 원형 정제,01410,항히스타민제,국제약품(주),전문의약품,나정,D000708,Loratadine,Loratadine(로라타딘),로라타딘,국제로라타딘정(수출용),19970829,199700536,[M082724]로라타딘,,단일,20140109,_,,특정연령대금기
20210503,내수용 : 흰색의 원형 정제수출용 : 백색의 타원형 정제,01410,항히스타민제,대우제약(주),일반의약품,나정,D000708,Loratadine,Loratadine(로라타딘),로라타딘,"대우로라타딘정(수출명:로미딘정,라틴정,필미딘정)",19971223,199700873,[M082724]로라타딘/[M082724]로라타딘,,단일,20140109,_,,특정연령대금기
20191112,흰색의 타원형 정제,01410,항히스타민제,안국약품(주),일반의약품,나정,D000708,Loratadine,Loratadine(로라타딘),로라타딘,노타민정(로라타딘),19971212,199701227,[M082724]로라타딘,,단일,20140109,_,,특정연령대금기
20200113,담청색의 원형정제.,02180,동맥경화용제,명인제약(주),전문의약품,나정,D000419,Lovastatin,Lovastatin(로바스타틴),로바스타틴,로바콜정(로바스타틴)(수출용),19971219,199701294,[M083392]로바스타틴,,단일,20140109,안전성 및 유효성 미확립,,특정연령대금기
20240522,엷은 황색의 투명 액체가 든 갈색 앰플주사제 ,01140,해열.진통.소염제,(주)메디카코리아,전문의약품,용액주사제,D000274,Ketorolac Tromethamine,Ketorolac Tromethamine(케토롤락트로메타민염),케토롤락트로메타민염,타벨주(케토롤락트로메타민염),19970723,199701415,[M222885]케토롤락트로메타민염,,단일,20140109,안전성 및 유효성 미확립,,특정연령대금기
20060805,백색-미백색의 현탁성 로오숀제,02650,기생성 피부질환용제,신신제약(주),전문의약품,피부로션제,D000423,Lindane,Lindane(린단),린단,신신린단로오숀,19970317,199701446,[M050381]린단,,단일,20140109,"안전성 문제로 소아에서 옴, 머릿니 치료에 권고되지 않음, 체중이 50kg 미만인 소아에 사용 시 신중투여(미국소아과학회, AAP2012)",,특정연령대금기
20260323,"(내수용) 노란색 원형의 필름코팅정, (수출용) 흰색 원형의 필름코팅정",06290,기타의 화학요법제,영일제약(주),전문의약품,필름코팅정,D000793,Levofloxacin,Levofloxacin(레보플록사신),레보플록사신,레보파정(레보플록사신수화물)(수출명:VOLEXINTABLET),19971201,199701979,[M085584]레보플록사신/[M085584]레보플록사신,,단일,20140109,"- 안전성 및 유효성 미확립- 퀴놀론계 항균제는 몇몇 어린 동물종에서 관절병증, 뼈연골증을 유발",,특정연령대금기
20130102,무색투명한 점액성의 겔제,02640,진통.진양.수렴.소염제,한국넬슨제약(주),일반의약품,피부용겔제,D000672,Ketoprofen,Ketoprofen(케토프로펜),케토프로펜,겟투겔(케토프로펜),19970705,199702146,[M051464]케토프로펜,,단일,20140109,_,,특정연령대금기
20200104,흰색의 타원형 정제,01410,항히스타민제,(주)테라젠이텍스,일반의약품,나정,D000708,Loratadine,Loratadine(로라타딘),로라타딘,로리딘정(로라타딘),19971230,199702177,[M082724]로라타딘,,단일,20140109,_,,특정연령대금기
20260323,흰색 - 미백색의 원형 필름코팅정,06290,기타의 화학요법제,국제약품(주),전문의약품,필름코팅정,D000793,Levofloxacin Hydrate,Levofloxacin Hydrate(레보플록사신수화물),레보플록사신수화물,레보카신정(레보플록사신수화물),19981013,199800454,[M251128]레보플록사신수화물,,단일,20140109,"- 안전성 및 유효성 미확립- 퀴놀론계 항균제는 몇몇 어린 동물종에서 관절병증, 뼈연골증을 유발",,특정연령대금기
20191106,백색의 원형 정제,01410,항히스타민제,한올바이오파마(주),일반의약품,나정,D000708,Loratadine,Loratadine(로라타딘),로라타딘,알레틴정(로라타딘)(수출명:비알레틴),19980225,199800504,[M082724]로라타딘,,단일,20140109,_,,특정연령대금기
20260323,녹색을 띤 황색의 투명한 액이 들어있는 주사용 바이알,06290,기타의 화학요법제,제일약품(주),전문의약품,용액주사제,D000793,Levofloxacin,Levofloxacin(레보플록사신),레보플록사신,크라비트주(레보플록사신),19980930,199800676,[M085584]레보플록사신,,단일,20140109,"- 안전성 및 유효성 미확립- 퀴놀론계 항균제는 몇몇 어린 동물종에서 관절병증, 뼈연골증을 유발",,특정연령대금기
20110620,이 약은 무색의 반투명한 점착성 물질을 필름에 도포하고(바르고) 고체면에 린트포를 덮은 경고제이다. ,02640,진통.진양.수렴.소염제,제일헬스사이언스(주),일반의약품,서방성경피흡수제,D000672,Ketoprofen,Ketoprofen(케토프로펜),케토프로펜,케펜텍-엘플라스타(케토프로펜),19980710,199800686,[M051464]케토프로펜,,단일,20140109,_,,특정연령대금기
20260323, 백색-미백색의 원형 필름코팅정,06290,기타의 화학요법제,(주)일화,전문의약품,필름코팅정,D000793,Levofloxacin Hydrate,Levofloxacin Hydrate(레보플록사신수화물),레보플록사신수화물,"레사신정(레보플록사신수화물)(수출명:LESACIN,LENTACIN)",19980421,199800903,[M251128]레보플록사신수화물,,단일,20140109,"- 안전성 및 유효성 미확립- 퀴놀론계 항균제는 몇몇 어린 동물종에서 관절병증, 뼈연골증을 유발",,특정연령대금기
20260323,미황백색의 원형 필름코팅정,06290,기타의 화학요법제,에스에스팜(주),전문의약품,필름코팅정,D000793,Levofloxacin Hydrate,Levofloxacin Hydrate(레보플록사신수화물),레보플록사신수화물,레보탐정(레보플록사신),19980926,199801012,[M251128]레보플록사신수화물,,단일,20140109,"- 안전성 및 유효성 미확립- 퀴놀론계 항균제는 몇몇 어린 동물종에서 관절병증, 뼈연골증을 유발",,특정연령대금기
20260323,흰색의 원형 필름코팅정제,06290,기타의 화학요법제,삼천당제약(주),전문의약품,필름코팅정,D000793,Levofloxacin Hydrate,Levofloxacin Hydrate(레보플록사신수화물),레보플록사신수화물,레보스타정(레보플록사신),19981215,199801068,[M251128]레보플록사신수화물,,단일,20140109,"- 안전성 및 유효성 미확립- 퀴놀론계 항균제는 몇몇 어린 동물종에서 관절병증, 뼈연골증을 유발",,특정연령대금기
20260323,흰색-미황색의 원형 필름코팅정,06290,기타의 화학요법제,(주)메디카코리아,전문의약품,필름코팅정,D000793,Levofloxacin Hydrate,Levofloxacin Hydrate(레보플록사신수화물),레보플록사신수화물,레록신정(레보플록사신수화물),19981211,199801298,[M251128]레보플록사신수화물/[M251128]레보플록사신수화물,,단일,20140109,"- 안전성 및 유효성 미확립- 퀴놀론계 항균제는 몇몇 어린 동물종에서 관절병증, 뼈연골증을 유발",,특정연령대금기
20260323,흰색의 원형 필름코팅정,06290,기타의 화학요법제,(주)한국파마,전문의약품,필름코팅정,D000793,Levofloxacin Hydrate,Levofloxacin Hydrate(레보플록사신수화물),레보플록사신수화물,레브록신정(레보플록사신수화물),19981017,199801473,[M251128]레보플록사신수화물,,단일,20140109,"- 안전성 및 유효성 미확립- 퀴놀론계 항균제는 몇몇 어린 동물종에서 관절병증, 뼈연골증을 유발",,특정연령대금기
20260323,백색 - 미백색의 필름코팅정,06290,기타의 화학요법제,대원제약(주),전문의약품,필름코팅정,D000793,Levofloxacin Hydrate,Levofloxacin Hydrate(레보플록사신수화물),레보플록사신수화물,원플록신정(레보플록사신수화물),19981208,199801522,[M251128]레보플록사신수화물,,단일,20140109,"- 안전성 및 유효성 미확립- 퀴놀론계 항균제는 몇몇 어린 동물종에서 관절병증, 뼈연골증을 유발",,특정연령대금기
20260323,이 약은 백색-미황색의 원형 필름코팅정이다,06290,기타의 화학요법제,대화제약(주),전문의약품,필름코팅정,D000793,Levofloxacin Hydrate,Levofloxacin Hydrate(레보플록사신수화물),레보플록사신수화물,카바스타정(레보플록사신수화물),19981209,199801901,[M251128]레보플록사신수화물,,단일,20140109,"- 안전성 및 유효성 미확립- 퀴놀론계 항균제는 몇몇 어린 동물종에서 관절병증, 뼈연골증을 유발",,특정연령대금기
20150829,백색의 타원형 정제,01410,항히스타민제,한국넬슨제약(주),일반의약품,나정,D000708,Loratadine,Loratadine(로라타딘),로라타딘,넬슨로라타딘정,19980520,199802138,[M082724]로라타딘,,단일,20140109,_,,특정연령대금기
20260323,흰색의 원형 필름코팅정제,06290,기타의 화학요법제,(주)팜젠사이언스,전문의약품,필름코팅정,D000793,Levofloxacin Hydrate,Levofloxacin Hydrate(레보플록사신수화물),레보플록사신수화물,"레바록스정100밀리그램(레보플록사신수화물)(수출명:레보플록스, 레바닉정)",19981210,199802234,[M251128]레보플록사신수화물/[M251128]레보플록사신수화물,,단일,20140109,"- 안전성 및 유효성 미확립- 퀴놀론계 항균제는 몇몇 어린 동물종에서 관절병증, 뼈연골증을 유발",,특정연령대금기
20260323,[내수용] 백색-미백색의 원형 필름코팅정[수출용] 백색-미황색의 원형 필름코팅정,06290,기타의 화학요법제,대한뉴팜(주),전문의약품,필름코팅정,D000793,Levofloxacin,Levofloxacin(레보플록사신),레보플록사신,레비신정100mg(레보플록사신) ,19981120,199803884,[M085584]레보플록사신,,단일,20140109,"- 안전성 및 유효성 미확립- 퀴놀론계 항균제는 몇몇 어린 동물종에서 관절병증, 뼈연골증을 유발",,특정연령대금기
20260323,백색 내지 미황색의 필름코팅정제,06290,기타의 화학요법제,경동제약(주),전문의약품,필름코팅정,D000793,Levofloxacin Hydrate,Levofloxacin Hydrate(레보플록사신수화물),레보플록사신수화물,레폭신정(레보플록사신수화물),19981103,199806978,[M251128]레보플록사신수화물,,단일,20140109,"- 안전성 및 유효성 미확립- 퀴놀론계 항균제는 몇몇 어린 동물종에서 관절병증, 뼈연골증을 유발",,특정연령대금기
20260323,미황백색의 원형 필름코팅정,06290,기타의 화학요법제,동광제약(주),전문의약품,필름코팅정,D000793,Levofloxacin Hydrate,Levofloxacin Hydrate(레보플록사신수화물),레보플록사신수화물,레펙신정(레보플록사신수화물),19990508,199900121,[M251128]레보플록사신수화물,,단일,20140109,"- 안전성 및 유효성 미확립- 퀴놀론계 항균제는 몇몇 어린 동물종에서 관절병증, 뼈연골증을 유발",,특정연령대금기
20260323,백색의 원형 필름코팅정제,06290,기타의 화학요법제,(주)에이프로젠바이오로직스,전문의약품,필름코팅정,D000793,Levofloxacin Hydrate,Levofloxacin Hydrate(레보플록사신수화물),레보플록사신수화물,레보프록신정(레보플록사신수화물),19990415,199900886,[M251128]레보플록사신수화물,,단일,20140109,"- 안전성 및 유효성 미확립- 퀴놀론계 항균제는 몇몇 어린 동물종에서 관절병증, 뼈연골증을 유발",,특정연령대금기
20260309,흰색의 크림제,01210,국소마취제,태극제약(주),전문의약품,피부크림제,D000709,Lidocaine,Lidocaine(리도카인),리도카인,아네스크림,19990830,199901060,[M040131]리도카인/[M087237]프릴로카인,[D000622]Prilocaine(프릴로카인),복합,20140109,- 흡수에 대한 자료가 불완전하므로 소아의 생식기 점막에는 적용하지 말 것- 메트헤모글로빈의 일시적 증가 보고,,특정연령대금기
20130620,이 약은 유백색의 점착성 물질을 살색의 린트포에 도포하고(바르고) 고체면에 박리지를 덮은 것이다.,02640,진통.진양.수렴.소염제,신신제약(주),일반의약품,지지체가있는첩부제,D000672,Ketoprofen,Ketoprofen(케토프로펜),케토프로펜,케토크린플라스타(케토프로펜),19990917,199901296,[M051464]케토프로펜/[M051464]케토프로펜,,단일,20140109,_,,특정연령대금기
20260323,미황색의 원형 필름코팅정,06290,기타의 화학요법제,(주)셀릭스,전문의약품,필름코팅정,D000793,Levofloxacin Hydrate,Levofloxacin Hydrate(레보플록사신수화물),레보플록사신수화물,네보락신정(레보플록사신수화물),19990629,199901759,[M251128]레보플록사신수화물,,단일,20140109,"- 안전성 및 유효성 미확립- 퀴놀론계 항균제는 몇몇 어린 동물종에서 관절병증, 뼈연골증을 유발",,특정연령대금기
20260323,흰색 내지 미황백색의 원형 제피정,06290,기타의 화학요법제,명문제약(주),전문의약품,필름코팅정,D000793,Levofloxacin Hydrate,Levofloxacin Hydrate(레보플록사신수화물),레보플록사신수화물,레보푸라신정(레보플록사신수화물),19990108,199903254,[M251128]레보플록사신수화물,,단일,20140109,"- 안전성 및 유효성 미확립- 퀴놀론계 항균제는 몇몇 어린 동물종에서 관절병증, 뼈연골증을 유발",,특정연령대금기
20250211,"- 내수용, 수출용1: 담청색의 원형정제- 수출용2: 녹색의 원형정제",02180,동맥경화용제,대한뉴팜(주),전문의약품,나정,D000419,Lovastatin,Lovastatin(로바스타틴),로바스타틴,로바타딘정(로바스타틴)(수출명:LovacTablet),19990223,199904161,[M083392]로바스타틴/[M083392]로바스타틴/[M083392]로바스타틴,,단일,20140109,안전성 및 유효성 미확립,,특정연령대금기
20100530,본 품은 유백색의 점착성 고체를 부직포위에 도포한 면에 플라스틱필름을 덮은 카타플라스마제이다.,02640,진통.진양.수렴.소염제,신신제약(주),일반의약품,카타플라스마제,D000672,Ketoprofen,Ketoprofen(케토프로펜),케토프로펜,케토크린카타플라스마(케토프로펜)(수출용),19990424,199907300,[M051464]케토프로펜,,단일,20140109,_,,특정연령대금기
20110620,무색 투명한 점착성 물질을 린트포에 도포하여 고체면에 박리지를 덮은 첩부제,02640,진통.진양.수렴.소염제,동광제약(주),일반의약품,지지체가있는첩부제,D000672,Ketoprofen,Ketoprofen(케토프로펜),케토프로펜,류마켄플라스타(케토프로펜),20000825,200000254,[M051464]케토프로펜,,단일,20140109,_,,특정연령대금기
20100530,무색투명한 점착성물질을 린트포에 도포하여 고체면에 박리지를 덮은 첩부제,02640,진통.진양.수렴.소염제,일동제약(주),일반의약품,지지체가있는첩부제,D000672,Ketoprofen,Ketoprofen(케토프로펜),케토프로펜,케노펜플라스타(케토프로펜),20001113,200000568,[M051464]케토프로펜,,단일,20140109,_,,특정연령대금기
20200616,흰색의 원형 정제,01410,항히스타민제,동성제약(주),일반의약품,나정,D000708,Loratadine,Loratadine(로라타딘),로라타딘,로다인정(로라타딘),20001205,200001184,[M082724]로라타딘,,단일,20140109,_,,특정연령대금기
20260323,백색-미백색의 필름코팅정,06290,기타의 화학요법제,일양약품(주),전문의약품,필름코팅정,D000793,Levofloxacin Hydrate,Levofloxacin Hydrate(레보플록사신수화물),레보플록사신수화물,노팍신정(레보플록사신수화물),20000324,200001521,[M251128]레보플록사신수화물,,단일,20140109,"- 안전성 및 유효성 미확립- 퀴놀론계 항균제는 몇몇 어린 동물종에서 관절병증, 뼈연골증을 유발",,특정연령대금기
20221206,"흰색의 가루가 들어있는 상, 하부 흰색의 경질캡슐제",02370,정장제,삼남제약(주),일반의약품,"경질캡슐제, 산제",D000222,Loperamide Hydrochloride,Loperamide Hydrochloride(로페라미드염산염),로페라미드염산염,삼남로페라마이드캡슐(로페라미드염산염),20001018,200001712,[M222992]로페라미드염산염,,단일,20140109,_,,특정연령대금기
20200108,"내수용(S-Type), 수출용①(S-Type), 수출용③(S-Type):무색투명의 점착성물질을 린트포에 도포하여 고체면에 박리지를 덮은 첩부제내수용(R-Type):적당한 크기로 잘라 사용하는 롤타입으로서, 무색투명한 점착성 물질을 부직포에 도포하여 고체면에 박리지를 덮은 첩부제수출용②무색투명의 점착성물질을 린트포에 도포하여 고체면에 피복체를 덮은 첩부제",02640,진통.진양.수렴.소염제,대화제약(주),일반의약품,지지체가있는첩부제,D000672,Ketoprofen,Ketoprofen(케토프로펜),케토프로펜,"케바논첩부제(케토프로펜)(수출명:PlasterJoint,PolyArtritoPlast,KEPAX)",20000628,200002439,[M051464]케토프로펜/[M051464]케토프로펜/[M051464]케토프로펜,,단일,20140109,_,,특정연령대금기
20200217,백색의 원형정제,01410,항히스타민제,광동제약(주),전문의약품,나정,D000708,Loratadine,Loratadine(로라타딘),로라타딘,라타딘정(로라타딘)(수출용)(제2수출명:로르틴정),20000429,200003312,[M082724]로라타딘,,단일,20140109,_,,특정연령대금기
20141022,전질 균등한 무색의 겔제,02640,진통.진양.수렴.소염제,조아제약(주),일반의약품,피부용겔제,D000672,Ketoprofen,Ketoprofen(케토프로펜),케토프로펜,조아스트롱조인트겔(케토프로펜),20000825,200003483,[M051464]케토프로펜,,단일,20140109,_,,특정연령대금기
20240522,엷은 황색의 투명한 액체를 함유한 갈색 앰플제이다.,01140,해열.진통.소염제,대우제약(주),전문의약품,용액주사제,D000274,Ketorolac Tromethamine,Ketorolac Tromethamine(케토롤락트로메타민염),케토롤락트로메타민염,케토락주(케토롤락트로메타민염)(수출용),20010202,200100710,[M222885]케토롤락트로메타민염,,단일,20140109,안전성 및 유효성 미확립,,특정연령대금기
20200629,흰색의 타원형 정제,01410,항히스타민제,(주)제뉴파마,일반의약품,나정,D000708,Loratadine,Loratadine(로라타딘),로라타딘,에쟈스민정(로라타딘),20010731,200100997,[M082724]로라타딘,,단일,20140109,_,,특정연령대금기
20191014,흰색의 원형 정제,01410,항히스타민제,(주)비보존제약,일반의약품,나정,D000708,Loratadine,Loratadine(로라타딘),로라타딘,제이타딘정(로라타딘),20010821,200101022,[M082724]로라타딘,,단일,20140109,_,,특정연령대금기
20260323,흰색-미백색의 원형 필름코팅정,06290,기타의 화학요법제,제이더블유신약(주),전문의약품,필름코팅정,D000793,Levofloxacin Hydrate,Levofloxacin Hydrate(레보플록사신수화물),레보플록사신수화물,라이록사신정(레보플록사신수화물),20010705,200101393,[M251128]레보플록사신수화물,,단일,20140109,"- 안전성 및 유효성 미확립- 퀴놀론계 항균제는 몇몇 어린 동물종에서 관절병증, 뼈연골증을 유발",,특정연령대금기
20240522,엷은 황색의 투명 액체가 든 갈색 앰플 주사,01140,해열.진통.소염제,경동제약(주),전문의약품,용액주사제,D000274,Ketorolac Tromethamine,Ketorolac Tromethamine(케토롤락트로메타민),케토롤락트로메타민,케토란주(케토롤락트로메타민),20010404,200102265,[M084703]케토롤락트로메타민,,단일,20140109,안전성 및 유효성 미확립,,특정연령대금기
20010313,백색의 원형 정제 ,01410,항히스타민제,알파제약(주),전문의약품,나정,D000708,Loratadine,Loratadine(로라타딘),로라타딘,알타딘정(로라타딘)(수출용),20010131,200102755,[M082724]로라타딘,,단일,20140109,_,,특정연령대금기
20190918,흰색의 타원형 정제,01410,항히스타민제,구주제약(주),일반의약품,나정,D000708,Loratadine,Loratadine(로라타딘),로라타딘,구주로라타딘정10밀리그람(수출명:로히스타정),20010423,200102905,[M082724]로라타딘,,단일,20140109,_,,특정연령대금기
20260323,백색~미황색의 필름코팅정 ,06290,기타의 화학요법제,(주)서울제약,전문의약품,필름코팅정,D000793,Levofloxacin Hydrate,Levofloxacin Hydrate(레보플록사신수화물),레보플록사신수화물,레보박터정(레보플록사신수화물),20010120,200103330,[M251128]레보플록사신수화물,,단일,20140109,"- 안전성 및 유효성 미확립- 퀴놀론계 항균제는 몇몇 어린 동물종에서 관절병증, 뼈연골증을 유발",,특정연령대금기
20080102,백색의 타원형정제,01410,항히스타민제,대한뉴팜(주),전문의약품,나정,D000708,Loratadine,Loratadine(로라타딘),로라타딘,"로라신정(로라타딘)(수출용)[수출명:Altidin Tab., NEWALTIDIN Tab.]",20010731,200103723,[M082724]로라타딘,,단일,20140109,_,,특정연령대금기
20200325,백색의 원형 정제,01410,항히스타민제,한국프라임제약(주),전문의약품,나정,D000708,Loratadine,Loratadine(로라타딘),로라타딘,히스타파정(로라타딘)(수출용),20010326,200103841,[M082724]로라타딘,,단일,20140109,_,,특정연령대금기
20260309,흰색의 크림제,01210,국소마취제,알리코제약(주),전문의약품,피부크림제,D000709,Lidocaine,Lidocaine(리도카인),리도카인,엠마오5%크림,20010215,200110046,[M040131]리도카인/[M087237]프릴로카인,[D000622]Prilocaine(프릴로카인),복합,20140109,- 흡수에 대한 자료가 불완전하므로 소아의 생식기 점막에는 적용하지 말 것- 메트헤모글로빈의 일시적 증가 보고,,특정연령대금기
20260323,백색의 원형 필름코팅정제,06290,기타의 화학요법제,(주)유한양행,전문의약품,필름코팅정,D000793,Levofloxacin Hydrate,Levofloxacin Hydrate(레보플록사신수화물),레보플록사신수화물,레보미신정(레보플록사신수화물),20020723,200200467,[M251128]레보플록사신수화물,,단일,20140109,"- 안전성 및 유효성 미확립- 퀴놀론계 항균제는 몇몇 어린 동물종에서 관절병증, 뼈연골증을 유발",,특정연령대금기
20260323,백색의 원형 필름코팅정제,06290,기타의 화학요법제,동성제약(주),전문의약품,필름코팅정,D000793,Levofloxacin Hydrate,Levofloxacin Hydrate(레보플록사신수화물),레보플록사신수화물,동성레보플록사신정(레보플록사신수화물),20020318,200200715,[M251128]레보플록사신수화물,,단일,20140109,"- 안전성 및 유효성 미확립- 퀴놀론계 항균제는 몇몇 어린 동물종에서 관절병증, 뼈연골증을 유발",,특정연령대금기
20110620,무색투명의 점착성물질을 린트포에 도포하여 고체면에 박리지를 덮은 첩부제 ,02640,진통.진양.수렴.소염제,(주)보령,일반의약품,카타플라스마제,D000672,Ketoprofen,Ketoprofen(케토프로펜),케토프로펜,맨담케토플라스타(케토프로펜),20020413,200200947,[M051464]케토프로펜,,단일,20140109,_,,특정연령대금기
20260323,흰색의 원형 필름코팅정제,06290,기타의 화학요법제,(주)동구바이오제약,전문의약품,필름코팅정,D000793,Levofloxacin Hydrate,Levofloxacin Hydrate(레보플록사신수화물),레보플록사신수화물,동구레보플록사신수화물정100mg,20021231,200201176,[M251128]레보플록사신수화물,,단일,20140109,"- 안전성 및 유효성 미확립- 퀴놀론계 항균제는 몇몇 어린 동물종에서 관절병증, 뼈연골증을 유발",,특정연령대금기
20200406,무색투명한 겔제,02640,진통.진양.수렴.소염제,에이치엘비제약(주),일반의약품,피부용겔제,D000672,Ketoprofen,Ketoprofen(케토프로펜),케토프로펜,뉴펜겔(케토프로펜),20020201,200201550,[M051464]케토프로펜,,단일,20140109,_,,특정연령대금기
20100530,무색 투명한 겔제,02640,진통.진양.수렴.소염제,오스틴제약(주),일반의약품,피부용겔제,D000672,Ketoprofen,Ketoprofen(케토프로펜),케토프로펜,쿨그린겔(케토프로펜),20020307,200201706,[M051464]케토프로펜,,단일,20140109,_,,특정연령대금기
20110728,이 약은 무색 반투명의 점착성물질을 살색 부직포에 도포하고(바르고) 고체면에 박리(벗겨짐)지를 덮은 첩부제,02640,진통.진양.수렴.소염제,신일제약(주),일반의약품,지지체가있는첩부제,D000672,Ketoprofen,Ketoprofen(케토프로펜),케토프로펜,하루펜플라스타(케토프로펜),20020125,200202126,[M051464]케토프로펜/[M051464]케토프로펜,,단일,20140109,_,,특정연령대금기
20260323,흰색에서 연한 노란색의 원형 필름코팅정제,06290,기타의 화학요법제,한미약품(주),전문의약품,필름코팅정,D000793,Levofloxacin Hydrate,Levofloxacin Hydrate(레보플록사신수화물),레보플록사신수화물,레복사신정100밀리그램(레보플록사신수화물),20020910,200202193,[M251128]레보플록사신수화물,,단일,20140109,"- 안전성 및 유효성 미확립- 퀴놀론계 항균제는 몇몇 어린 동물종에서 관절병증, 뼈연골증을 유발",,특정연령대금기
20260323,흰색 또는 미황색 원형의 필름코팅정,06290,기타의 화학요법제,영풍제약(주),전문의약품,필름코팅정,D000793,Levofloxacin Hydrate,Levofloxacin Hydrate(레보플록사신수화물),레보플록사신수화물,레프로신정(레보플록사신수화물),20020322,200202476,[M251128]레보플록사신수화물,,단일,20140109,"- 안전성 및 유효성 미확립- 퀴놀론계 항균제는 몇몇 어린 동물종에서 관절병증, 뼈연골증을 유발",,특정연령대금기
20240522,엷은 황색의 투명 액체가 든 갈색 앰플 주사제,01140,해열.진통.소염제,명문제약(주),전문의약품,용액주사제,D000274,Ketorolac Tromethamine,Ketorolac Tromethamine(케토롤락트로메타민염),케토롤락트로메타민염,"케토신주사(케토롤락트로메타민염)(수출명:뉴케토신주사,NEWKETOCININJ)",20021011,200202727,[M222885]케토롤락트로메타민염,,단일,20140109,안전성 및 유효성 미확립,,특정연령대금기
20140703,백색의 부직포에 백색의 점착성 물질이 도포되고 박리지를 부착한 경고제,02640,진통.진양.수렴.소염제,(주)오현파마코푸레이션 ,일반의약품,지지체가있는첩부제,D000672,Ketoprofen,Ketoprofen(케토프로펜),케토프로펜,케프로펜경고제(케토프로펜),20020208,200210297,[M051464]케토프로펜,,단일,20140109,_,,특정연령대금기
20240913,"연한 노란색의 가루가 든 상,하 담녹색 캡슐제",01140,해열.진통.소염제,신풍제약(주),전문의약품,"경질캡슐제, 산제",D000427,Meloxicam,Meloxicam(멜록시캄),멜록시캄,뉴시캄캡슐7.5밀리그램(멜록시캄),20030711,200300030,[M086439]멜록시캄,,단일,20140109,_,,특정연령대금기
20240913,"미황색 가루가 든 상, 하 담녹색 경질캡슐제",01140,해열.진통.소염제,(주)종근당,전문의약품,"경질캡슐제, 산제",D000427,Meloxicam,Meloxicam(멜록시캄),멜록시캄,멜락스캡슐7.5밀리그램(멜록시캄),20030919,200300089,[M086439]멜록시캄,,단일,20140109,_,,특정연령대금기
20240913,"미황색의 내용물이 충진된 상,하부 담녹색의 경질캡슐제",01140,해열.진통.소염제,이연제약(주),전문의약품,"경질캡슐제, 산제",D000427,Meloxicam,Meloxicam(멜록시캄),멜록시캄,메록심캡슐(멜록시캄),20030715,200300130,[M086439]멜록시캄,,단일,20140109,_,,특정연령대금기
20240913,"황색분말이며, 담녹색(상단)-담녹색(하단)의 경질캡슐제",01140,해열.진통.소염제,동아에스티(주),전문의약품,"경질캡슐제, 산제",D000427,Meloxicam,Meloxicam(멜록시캄),멜록시캄,메로콕스캡슐7.5밀리그램(멜록시캄),20031206,200300154,[M086439]멜록시캄,,단일,20140109,_,,특정연령대금기
20240913,"미황색 가루가 든 상, 하 담녹색 캡슐제",01140,해열.진통.소염제,국제약품(주),전문의약품,"경질캡슐제, 산제",D000427,Meloxicam,Meloxicam(멜록시캄),멜록시캄,멜록시펜캡슐(멜록시캄)(수출명:국제메펜캡슐),20031216,200300261,[M086439]멜록시캄/[M086439]멜록시캄,,단일,20140109,_,,특정연령대금기
20240913,미황색 분말이 함유된 상하부 담청색의 경질캡슐,01140,해열.진통.소염제,(주)유한양행,전문의약품,"경질캡슐제, 산제",D000427,Meloxicam,Meloxicam(멜록시캄),멜록시캄,멜로캄캡슐7.5밀리그람(멜록시캄)(수출명:유한멜로캄캡슐7.5밀리그람),20030711,200300411,[M086439]멜록시캄,,단일,20140109,_,,특정연령대금기
20240913,"미황색 분말이 함유된 상부 담청색, 하부 황색의 경질캡슐",01140,해열.진통.소염제,(주)유한양행,전문의약품,"경질캡슐제, 산제",D000427,Meloxicam,Meloxicam(멜록시캄),멜록시캄,멜로캄캡슐15밀리그람(멜록시캄)(수출명:유한멜로캄캡슐15밀리그람),20030711,200300412,[M086439]멜록시캄,,단일,20140109,_,,특정연령대금기
20240913,"미황색가루가 든 상,하 담녹색의 캡슐제",01140,해열.진통.소염제,(주)바이넥스,전문의약품,"경질캡슐제, 산제",D000427,Meloxicam,Meloxicam(멜록시캄),멜록시캄,캄록스캡슐(멜록시캄),20030814,200300462,[M086439]멜록시캄,,단일,20140109,_,,특정연령대금기
20260323,흰색 - 미백색의 원형 필름코팅정,06290,기타의 화학요법제,알리코제약(주),전문의약품,필름코팅정,D000793,Levofloxacin Hydrate,Levofloxacin Hydrate(레보플록사신수화물),레보플록사신수화물,레보파신정(레보플록사신수화물)(수출명: LEVOGEM),20030908,200300626,[M251128]레보플록사신수화물,,단일,20140109,"- 안전성 및 유효성 미확립- 퀴놀론계 항균제는 몇몇 어린 동물종에서 관절병증, 뼈연골증을 유발",,특정연령대금기
20240913,"미황색의 내용물이 충진된 상,하부 녹색의 경질캡슐제",01140,해열.진통.소염제,(주)메디카코리아,전문의약품,"경질캡슐제, 산제",D000427,Meloxicam,Meloxicam(멜록시캄),멜록시캄,멜록스캡슐(멜록시캄),20030916,200301019,[M086439]멜록시캄,,단일,20140109,_,,특정연령대금기
20240522,이 약은 엷은 황색의 투명액체가 든 갈색앰플 주사제이다,01140,해열.진통.소염제,하나제약(주),전문의약품,용액주사제,D000274,Ketorolac Tromethamine,Ketorolac Tromethamine(케토롤락트로메타민염),케토롤락트로메타민염,케로민주사(케토롤락트로메타민염),20030902,200301719,[M222885]케토롤락트로메타민염,,단일,20140109,안전성 및 유효성 미확립,,특정연령대금기
20260323, 백색-미백색의 원형 필름코팅정,06290,기타의 화학요법제,위더스제약(주),전문의약품,필름코팅정,D000793,Levofloxacin Hydrate,Levofloxacin Hydrate(레보플록사신수화물),레보플록사신수화물,위더스레보플록사신정100밀리그램(레보플록사신수화물),20030513,200301937,[M251128]레보플록사신수화물,,단일,20140109,"- 안전성 및 유효성 미확립- 퀴놀론계 항균제는 몇몇 어린 동물종에서 관절병증, 뼈연골증을 유발",,특정연령대금기
20240913,"황색 분말이 충전된 상,하부 담녹색의 경질 캡슐",01140,해열.진통.소염제,(주)하원제약,전문의약품,"경질캡슐제, 산제",D000427,Meloxicam,Meloxicam(멜록시캄),멜록시캄,콕시캄캡슐(멜록시캄),20030916,200302052,[M086439]멜록시캄,,단일,20140109,_,,특정연령대금기
20240522,엷은 황색의 투명 액체가 든 갈색 앰플 주사제                                                           ,01140,해열.진통.소염제,(주)휴온스,전문의약품,용액주사제,D000274,Ketorolac Tromethamine,Ketorolac Tromethamine(케토롤락트로메타민염),케토롤락트로메타민염,"케트로주사(케토롤락트로메타민염)(수출명:HUDORAC Inj., NEWHUDORAC Inj.,CBI antigrain Injection, Huons Ketrolac tromethamine Inj.)   ",20030102,200302143,[M222885]케토롤락트로메타민염,,단일,20140109,안전성 및 유효성 미확립,,특정연령대금기
20191031,백색의 원형 정제,01410,항히스타민제,(주)유영제약,전문의약품,나정,D000708,Loratadine,Loratadine(로라타딘),로라타딘,로라닐정(로라타딘)(수출용),20030319,200302193,[M082724]로라타딘,,단일,20140109,_,,특정연령대금기
20110729,무색투명한 점착성 물질을 린트포에 도포하여 고체면에 박리지를 덮은 첩부제,02640,진통.진양.수렴.소염제,(주)경보제약,일반의약품,지지체가있는첩부제,D000672,Ketoprofen,Ketoprofen(케토프로펜),케토프로펜,플라톱플라스타(케토프로펜),20031002,200302415,[M051464]케토프로펜,,단일,20140109,_,,특정연령대금기
20260323,흰색의 원형 필름코팅정,06290,기타의 화학요법제,(주)넥스팜코리아,전문의약품,필름코팅정,D000793,Levofloxacin Hydrate,Levofloxacin Hydrate(레보플록사신수화물),레보플록사신수화물,레폭사신정(레보플록사신)(수출명:LEFOXACINTablet),20030107,200302725,[M251128]레보플록사신수화물,,단일,20140109,"- 안전성 및 유효성 미확립- 퀴놀론계 항균제는 몇몇 어린 동물종에서 관절병증, 뼈연골증을 유발",,특정연령대금기
20201124,。9cm×13cm : 연한 분홍색 또는 분홍색의 점착성 고체를 부직포 위에 도포하고 뒷면에 밀착포를 부착한 특유한 향기를 가진 카타플라스마제,02640,진통.진양.수렴.소염제,대화제약(주),일반의약품,카타플라스마제,D000672,Ketoprofen,Ketoprofen(케토프로펜),케토프로펜,탑스에프카타플라스마(케토프로펜),20030328,200302791,[M051464]케토프로펜,,단일,20140109,_,,특정연령대금기
20110924,전질균등한 무색의 겔제,02640,진통.진양.수렴.소염제,주식회사제뉴원사이언스,일반의약품,피부용겔제,D000672,Ketoprofen,Ketoprofen(케토프로펜),케토프로펜,케토에스겔(케토프로펜),20030704,200303260,[M051464]케토프로펜,,단일,20140109,_,,특정연령대금기
20260323,엷은 녹색을 띤 황색의 투명한 액이 든 바이알,06290,기타의 화학요법제,신풍제약(주),전문의약품,용액주사제,D000793,Levofloxacin,Levofloxacin(레보플록사신),레보플록사신,레포신주(레보플록사신),20041129,200400034,[M085584]레보플록사신,,단일,20140109,"- 안전성 및 유효성 미확립- 퀴놀론계 항균제는 몇몇 어린 동물종에서 관절병증, 뼈연골증을 유발",,특정연령대금기
20240913,"미황색가루가 든 상부 담녹색, 하부 미황색 경질캡슐제",01140,해열.진통.소염제,(주)종근당,전문의약품,"경질캡슐제, 산제",D000427,Meloxicam,Meloxicam(멜록시캄),멜록시캄,멜락스캡슐15밀리그램(멜록시캄),20040720,200400112,[M086439]멜록시캄,,단일,20140109,_,,특정연령대금기
20240913,"황색 분말이며, 담녹색(상단)-미황색(하단)의 경질캡슐제이다. ",01140,해열.진통.소염제,동아에스티(주),전문의약품,"경질캡슐제, 산제",D000427,Meloxicam,Meloxicam(멜록시캄),멜록시캄,메로콕스캡슐15밀리그램(멜록시캄),20041013,200400179,[M086439]멜록시캄,,단일,20140109,_,,특정연령대금기
20260323,엷은 초록색을 띤 노란색의 투명한 용액이 무색투명한 수액용 플라스틱 용기에 충전된 수액용 주사제,06290,기타의 화학요법제,국제약품(주),전문의약품,용액주사제,D000793,Levofloxacin Hydrate,Levofloxacin Hydrate(레보플록사신수화물),레보플록사신수화물,레보카신주(레보플록사신수화물),20041230,200400314,[M251128]레보플록사신수화물,,단일,20140109,"- 안전성 및 유효성 미확립- 퀴놀론계 항균제는 몇몇 어린 동물종에서 관절병증, 뼈연골증을 유발",,특정연령대금기
20240913,"미황색의 가루가 든 상,하 담녹색 캡슐제",01140,해열.진통.소염제,일동제약(주),전문의약품,"경질캡슐제, 산제",D000427,Meloxicam,Meloxicam(멜록시캄),멜록시캄,록시캄캡슐(멜록시캄),20040528,200400320,[M086439]멜록시캄,,단일,20140109,_,,특정연령대금기
20260323,엷은 녹색을 띤 황색의 맑은 액이 든 무색투명한 바이알주사제,06290,기타의 화학요법제,일동제약(주),전문의약품,용액주사제,D000793,Levofloxacin Hydrate,Levofloxacin Hydrate(레보플록사신수화물),레보플록사신수화물,레보펙신주(레보플록사신수화물),20041129,200400330,[M251128]레보플록사신수화물/[M251128]레보플록사신수화물,,단일,20140109,"- 안전성 및 유효성 미확립- 퀴놀론계 항균제는 몇몇 어린 동물종에서 관절병증, 뼈연골증을 유발",,특정연령대금기
20240913,연한 노란색 가루가 든 상·하 연한 녹색의 경질 캡슐제,01140,해열.진통.소염제,(주)셀트리온제약,전문의약품,"경질캡슐제, 산제",D000427,Meloxicam,Meloxicam(멜록시캄),멜록시캄,메로빅캡슐(멜록시캄),20040128,200400387,[M086439]멜록시캄,,단일,20140109,_,,특정연령대금기
20240913,미황색 가루가 든 상하부 담녹색의 캡슐제,01140,해열.진통.소염제,대우제약(주),전문의약품,"경질캡슐제, 산제",D000427,Meloxicam,Meloxicam(멜록시캄),멜록시캄,모벡스캡슐(멜록시캄),20041112,200400684,[M086439]멜록시캄,,단일,20140109,_,,특정연령대금기
20240913,미황색의 분말이 충진된 상.하부 연회녹색의 경질캡슐제,01140,해열.진통.소염제,아주약품(주),전문의약품,"경질캡슐제, 산제",D000427,Meloxicam,Meloxicam(멜록시캄),멜록시캄,보믹캡슐(멜록시캄),20040212,200400685,[M086439]멜록시캄,,단일,20140109,_,,특정연령대금기
20260323,백색의 원형 필름코팅정제 ,06290,기타의 화학요법제,아주약품(주),전문의약품,필름코팅정,D000793,Levofloxacin Hydrate,Levofloxacin Hydrate(레보플록사신수화물),레보플록사신수화물,크록사신정(레보플록사신수화물),20040217,200400700,[M251128]레보플록사신수화물,,단일,20140109,"- 안전성 및 유효성 미확립- 퀴놀론계 항균제는 몇몇 어린 동물종에서 관절병증, 뼈연골증을 유발",,특정연령대금기
20240913,"미황색의 내용물이 충진된 상,하부 담녹색의 경질캡슐제",01140,해열.진통.소염제,알리코제약(주),전문의약품,"경질캡슐제, 산제",D000427,Meloxicam,Meloxicam(멜록시캄),멜록시캄,캠록스캡슐7.5밀리그램(멜록시캄),20040903,200400892,[M086439]멜록시캄,,단일,20140109,_,,특정연령대금기
20240913,미황색의 원형정제,01140,해열.진통.소염제,영진약품(주),전문의약품,나정,D000427,Meloxicam,Meloxicam(멜록시캄),멜록시캄,멜브렉스정7.5밀리그람(멜록시캄),20040903,200400913,[M086439]멜록시캄,,단일,20140109,_,,특정연령대금기
20240913,"미황색의 분말이 충진된 상, 하부 담녹색의 경질캡슐제",01140,해열.진통.소염제,(주)에이프로젠바이오로직스,전문의약품,"경질캡슐제, 산제",D000427,Meloxicam,Meloxicam(멜록시캄),멜록시캄,에이프로젠멜록시캄캡슐,20040823,200400983,[M086439]멜록시캄,,단일,20140109,_,,특정연령대금기
20240913,미황색가루가 든 상.하 담녹색의 캡슐제,01140,해열.진통.소염제,에스에스팜(주),전문의약품,"경질캡슐제, 산제",D000427,Meloxicam,Meloxicam(멜록시캄),멜록시캄,맥캄캡슐(멜록시캄),20040625,200401005,[M086439]멜록시캄,,단일,20140109,_,,특정연령대금기
20240913,연한 노란색 가루가 든 상·하 연한 녹색의 경질 캡슐제,01140,해열.진통.소염제,진양제약(주),전문의약품,"경질캡슐제, 산제",D000427,Meloxicam,Meloxicam(멜록시캄),멜록시캄,모리캄캡슐(멜록시캄),20040909,200401409,[M086439]멜록시캄,,단일,20140109,_,,특정연령대금기
20240913,"미황색가루가 든 상,하 담녹색의 캡슐",01140,해열.진통.소염제,(주)동구바이오제약,전문의약품,"경질캡슐제, 산제",D000427,Meloxicam,Meloxicam(멜록시캄),멜록시캄,멜빅스캡슐(멜록시캄)(수출명:WONCOX Capsule),20040528,200401448,[M086439]멜록시캄,,단일,20140109,_,,특정연령대금기
20260323,엷은 녹색을 띤 황색의 투명한 용액이 무색투명한 수액용플라스틱용기에 충전된 수액용 주사제,06290,기타의 화학요법제,에이치케이이노엔(주),전문의약품,용액주사제,D000793,Levofloxacin,Levofloxacin(레보플록사신),레보플록사신,이노엔레보플록사신주,20041204,200401544,[M085584]레보플록사신,,단일,20140109,"- 안전성 및 유효성 미확립- 퀴놀론계 항균제는 몇몇 어린 동물종에서 관절병증, 뼈연골증을 유발",,특정연령대금기
20240913,"미황색의 가루가 든 상,하 담녹색의 캡슐제",01140,해열.진통.소염제,(주)한국파마,전문의약품,"경질캡슐제, 산제",D000427,Meloxicam,Meloxicam(멜록시캄),멜록시캄,씨오엑스캡슐(멜록시캄),20041012,200401721,[M086439]멜록시캄,,단일,20140109,_,,특정연령대금기
20260323,엷은 녹색을 띈 황색의 맑은 액이 든 무색투명한 바이알 주사제,06290,기타의 화학요법제,(주)오스코리아제약,전문의약품,용액주사제,D000793,Levofloxacin Hydrate,Levofloxacin Hydrate(레보플록사신수화물),레보플록사신수화물,레복스주(레보플록사신수화물),20041220,200401767,[M251128]레보플록사신수화물,,단일,20140109,"- 안전성 및 유효성 미확립- 퀴놀론계 항균제는 몇몇 어린 동물종에서 관절병증, 뼈연골증을 유발",,특정연령대금기
20260323,엷은 녹색을 띤 황색의 투명한 액이 들어있는 투명한 주사용 바이알,06290,기타의 화학요법제,한국유나이티드제약(주),전문의약품,용액주사제,D000793,Levofloxacin Hydrate,Levofloxacin Hydrate(레보플록사신수화물),레보플록사신수화물,레보록신주(레보플록사신수화물)(수출명: Uniloxin inj.5mg/mL),20041129,200401810,[M251128]레보플록사신수화물,,단일,20140109,"- 안전성 및 유효성 미확립- 퀴놀론계 항균제는 몇몇 어린 동물종에서 관절병증, 뼈연골증을 유발",,특정연령대금기
20240913,연한 노란색 가루가 든 상·하 연한 녹색의 경질캡슐제,01140,해열.진통.소염제,오스틴제약(주),전문의약품,"경질캡슐제, 산제",D000427,Meloxicam,Meloxicam(멜록시캄),멜록시캄,멕시캡슐(멜록시캄)(수출명: Momeloxe Cap.),20040923,200402093,[M086439]멜록시캄,,단일,20140109,_,,특정연령대금기
20240913,"미황색의 내용물이 충진된 상,하부 담녹색의 경질캡슐제",01140,해열.진통.소염제,영일제약(주),전문의약품,"경질캡슐제, 산제",D000427,Meloxicam,Meloxicam(멜록시캄),멜록시캄,메카론캡슐(멜록시캄),20041228,200402310,[M086439]멜록시캄,,단일,20140109,_,,특정연령대금기
20260323,적갈색의 장방형 필름코팅정,06290,기타의 화학요법제,(주)테라젠이텍스,전문의약품,필름코팅정,D000793,Levofloxacin Hydrate,Levofloxacin Hydrate(레보플록사신수화물),레보플록사신수화물,레포리아정250mg(레보플록사신수화물)(수출용),20040518,200402430,[M251128]레보플록사신수화물,,단일,20140109,"- 안전성 및 유효성 미확립- 퀴놀론계 항균제는 몇몇 어린 동물종에서 관절병증, 뼈연골증을 유발",,특정연령대금기
20240913,"황색분말을 충전한 상,하부 담녹색의 경질캡슐제",01140,해열.진통.소염제,미래바이오제약(주),전문의약품,"경질캡슐제, 산제",D000427,Meloxicam,Meloxicam(멜록시캄),멜록시캄,멜캄캡슐(멜록시캄),20041111,200402564,[M086439]멜록시캄,,단일,20140109,_,,특정연령대금기
20240913,미황색 분말이 충전된 상하 연녹색의 경질캡슐제,01140,해열.진통.소염제,신일제약(주),전문의약품,"경질캡슐제, 산제",D000427,Meloxicam,Meloxicam(멜록시캄),멜록시캄,엑시캄캡슐7.5밀리그람(멜록시캄),20040917,200402583,[M086439]멜록시캄,,단일,20140109,_,,특정연령대금기
20240913,"연한 노란색의 분말이 들어있는 상부 연한 녹색, 하부 노란색의 경질캡슐제",01140,해열.진통.소염제,한미약품(주),전문의약품,"경질캡슐제, 산제",D000427,Meloxicam,Meloxicam(멜록시캄),멜록시캄,메록스캄캡슐15밀리그램(멜록시캄),20040510,200402675,[M086439]멜록시캄,,단일,20140109,_,,특정연령대금기
20240913,황색 분말이 충전된 상·하부 담녹색의 경질캡슐,01140,해열.진통.소염제,(주)한국파비스제약,전문의약품,"경질캡슐제, 산제",D000427,Meloxicam,Meloxicam(멜록시캄),멜록시캄,멜로칸캡슐(멜록시캄),20041124,200402696,[M086439]멜록시캄,,단일,20140109,_,,특정연령대금기
20100621,알콜냄새가 나는 맑은 유백색의 겔,02640,진통.진양.수렴.소염제,(주)한국파비스제약,일반의약품,피부용겔제,D000672,Ketoprofen,Ketoprofen(케토프로펜),케토프로펜,케펜겔(케토프로펜),20040414,200402711,[M051464]케토프로펜,,단일,20140109,_,,특정연령대금기
20220331,검정색의 점착성의 고체를 부직포 위에 도포하고 부직점착테이프를 고정시킨 후 박리지를 덮은 카타플라스마제,02640,진통.진양.수렴.소염제,광동제약(주),일반의약품,카타플라스마제,D000672,Ketoprofen,Ketoprofen(케토프로펜),케토프로펜,케토플러스카타플라스마(케토프로펜),20040614,200402789,[M051464]케토프로펜,,단일,20140109,_,,특정연령대금기
20250211,담청색의 원형 정제,02180,동맥경화용제,위더스제약(주),전문의약품,나정,D000419,Lovastatin,Lovastatin(로바스타틴),로바스타틴,로바이틴정(로바스타틴),20041012,200402848,[M083392]로바스타틴,,단일,20140109,안전성 및 유효성 미확립,,특정연령대금기
20220331,제1형: 이 약은 무색 또는 담황색의 점착성의 고체를 부직포 위에 도포한 특유한 향기를 가진 카타플라스마제이다제2형: 이 약은 무색 또는 담황색의 점착성의 고체를 부직포 위에 도포하고 부직점착테이프를 고정시킨 후 박리지를 덮은 카타플라스마제이다,02640,진통.진양.수렴.소염제,(주)티디에스팜,일반의약품,카타플라스마제,D000672,Ketoprofen,Ketoprofen(케토프로펜),케토프로펜,파프케이플러스카타플라스마(케토프로펜),20040219,200403011,[M051464]케토프로펜/[M051464]케토프로펜,,단일,20140109,_,,특정연령대금기
20260323,백색의 원형 필름코팅정제,06290,기타의 화학요법제,구주제약(주),전문의약품,필름코팅정,D000793,Levofloxacin Hydrate,Levofloxacin Hydrate(레보플록사신수화물),레보플록사신수화물,유니레보정(레보플록사신수화물),20040903,200403041,[M251128]레보플록사신수화물,,단일,20140109,"- 안전성 및 유효성 미확립- 퀴놀론계 항균제는 몇몇 어린 동물종에서 관절병증, 뼈연골증을 유발",,특정연령대금기
20240913,미황색 분말이 충진된 상 하부 담녹색의 경질캡슐제,01140,해열.진통.소염제,구주제약(주),전문의약품,"경질캡슐제, 산제",D000427,Meloxicam,Meloxicam(멜록시캄),멜록시캄,모비드캡슐(멜록시캄),20041123,200403085,[M086439]멜록시캄,,단일,20140109,_,,특정연령대금기
20240913,"미황색 분말이 충진된 상,하부 담녹색의 경질 캡슐",01140,해열.진통.소염제,(주)휴온스,전문의약품,"경질캡슐제, 산제",D000427,Meloxicam,Meloxicam(멜록시캄),멜록시캄,모콕스캡슐7.5밀리그람(멜록시캄),20040611,200403184,[M086439]멜록시캄,,단일,20140109,_,,특정연령대금기
20240913,"미황색 가루가 든 상,하 담녹색 캡슐제",01140,해열.진통.소염제,명문제약(주),전문의약품,"경질캡슐제, 산제",D000427,Meloxicam,Meloxicam(멜록시캄),멜록시캄,메디콕스캡슐(멜록시캄)(수출명:마이멜록캡슐(MYMELOXECapsule)),20040507,200403238,[M086439]멜록시캄,,단일,20140109,_,,특정연령대금기
20210119,알루미늄포에 든 포도향의 무색 내지 미황색 시럽제,01410,항히스타민제,삼익제약(주),일반의약품,액상시럽제,D000708,Loratadine,Loratadine(로라타딘),로라타딘,새로딘시럽(로라타딘),20040902,200403428,[M082724]로라타딘,,단일,20140109,_,,특정연령대금기
20240913,"미황색 가루가 든 상,하부 담녹색의 경질캡슐제",01140,해열.진통.소염제,삼익제약(주),전문의약품,"경질캡슐제, 산제",D000427,Meloxicam,Meloxicam(멜록시캄),멜록시캄,"아모리아캡슐(멜록시캄)(수출명 : Amolex Cap., Mepedo Cap.)",20041026,200403461,[M086439]멜록시캄,,단일,20140109,_,,특정연령대금기
20240913,미황색 가루가 든 상하부 담녹색의 경질캡슐제,01140,해열.진통.소염제,한림제약(주),전문의약품,"경질캡슐제, 산제",D000427,Meloxicam,Meloxicam(멜록시캄),멜록시캄,류멜캡슐7.5밀리그램(멜록시캄),20040914,200403532,[M086439]멜록시캄,,단일,20140109,_,,특정연령대금기
20240913,미황색 가루가 든 상하 담녹색 경질캡슐제,01140,해열.진통.소염제,(주)경보제약,전문의약품,"경질캡슐제, 산제",D000427,Meloxicam,Meloxicam(멜록시캄),멜록시캄,케이빅캡슐7.5밀리그램(멜록시캄),20041105,200403739,[M086439]멜록시캄,,단일,20140109,_,,특정연령대금기
20250811,백색의 타원형 필름코팅정제,06290,기타의 화학요법제,한국코러스(주),전문의약품,필름코팅정,D000523,Lomefloxacin Hydrochloride,Lomefloxacin Hydrochloride(염산로메플록사신),염산로메플록사신,코러스염산로메플록사신정(수출용),20041104,200403774,[M084914]염산로메플록사신,,단일,20140109,- 안전성 및 유효성 미확립- 몇몇 어린 동물종을 이용한 동물실험결과 관절이상이 보고됨,,특정연령대금기
20260323,백색의 원형 필름 코팅제,06290,기타의 화학요법제,한국프라임제약(주),전문의약품,필름코팅정,D000793,Levofloxacin,Levofloxacin(레보플록사신),레보플록사신,레보플정(레보플록사신)(수출용),20040708,200404008,[M085584]레보플록사신,,단일,20140109,"- 안전성 및 유효성 미확립- 퀴놀론계 항균제는 몇몇 어린 동물종에서 관절병증, 뼈연골증을 유발",,특정연령대금기
20240913,연한 노란색 가루가 든 상·하 연한 녹색의 경질 캡슐제,01140,해열.진통.소염제,한국프라임제약(주),전문의약품,"경질캡슐제, 산제",D000427,Meloxicam,Meloxicam(멜록시캄),멜록시캄,모르빅캡슐(멜록시캄),20041007,200404040,[M086439]멜록시캄,,단일,20140109,_,,특정연령대금기
20250811,흰색의 타원형 필름코팅정,06290,기타의 화학요법제,주식회사제뉴원사이언스,전문의약품,필름코팅정,D000523,Lomefloxacin Hydrochloride,Lomefloxacin Hydrochloride(로메플록사신염산염),로메플록사신염산염,제뉴원로메플록사신염산염정,20040529,200404647,[M229183]로메플록사신염산염,,단일,20140109,- 안전성 및 유효성 미확립- 몇몇 어린 동물종을 이용한 동물실험결과 관절이상이 보고됨,,특정연령대금기
20240913,미황색의 내용물이 충진된 상하부 녹색의 경질캡슐제,01140,해열.진통.소염제,(주)킵스바이오파마,전문의약품,"경질캡슐제, 산제",D000427,Meloxicam,Meloxicam(멜록시캄),멜록시캄,멜록삼캡슐(멜록시캄),20041222,200404859,[M086439]멜록시캄,,단일,20140109,_,,특정연령대금기
20240913,황색분말이 충전된 상하부 담녹색의 경질캡슐,01140,해열.진통.소염제,(주)셀릭스,전문의약품,"경질캡슐제, 산제",D000427,Meloxicam,Meloxicam(멜록시캄),멜록시캄,멜록시젠캡슐(멜록시캄),20041125,200411043,[M086439]멜록시캄,,단일,20140109,_,,특정연령대금기
20240913,"미황색의 가루가 든 상,하 담녹색 캡슐제",01140,해열.진통.소염제,동광제약(주),전문의약품,"경질캡슐제, 산제",D000427,Meloxicam,Meloxicam(멜록시캄),멜록시캄,멜콕시캡슐(멜록시캄),20050127,200500171,[M086439]멜록시캄,,단일,20140109,_,,특정연령대금기
20260323,엷은 초록색을 띤 노란색의 투명한 용액이 무색투명한 수액용 플라스틱 용기에 충전된 수액용 주사제,06290,기타의 화학요법제,동광제약(주),전문의약품,용액주사제,D000793,Levofloxacin Hydrate,Levofloxacin Hydrate(레보플록사신수화물),레보플록사신수화물,레펙신주(레보플록사신수화물),20050127,200500187,[M251128]레보플록사신수화물,,단일,20140109,"- 안전성 및 유효성 미확립- 퀴놀론계 항균제는 몇몇 어린 동물종에서 관절병증, 뼈연골증을 유발",,특정연령대금기
20260309,흰색의 크림제,01210,국소마취제,삼성제약(주),전문의약품,피부크림제,D000709,Lidocaine,Lidocaine(리도카인),리도카인,레스카인크림,20050826,200500350,[M040131]리도카인/[M087237]프릴로카인,[D000622]Prilocaine(프릴로카인),복합,20140109,- 흡수에 대한 자료가 불완전하므로 소아의 생식기 점막에는 적용하지 말 것- 메트헤모글로빈의 일시적 증가 보고,,특정연령대금기
20240913,"미황색 가루가 든 상부 담녹색, 하부 황색 캡슐제",01140,해열.진통.소염제,국제약품(주),전문의약품,"경질캡슐제, 산제",D000427,Meloxicam,Meloxicam(멜록시캄),멜록시캄,멜록시펜캡슐15밀리그람(멜록시캄),20050331,200500388,[M086439]멜록시캄,,단일,20140109,_,,특정연령대금기
20260309,흰색 무취의 크림제,01210,국소마취제,동성제약(주),전문의약품,피부크림제,D000709,Lidocaine,Lidocaine(리도카인),리도카인,리프릴크림,20050809,200500865,[M040131]리도카인/[M087237]프릴로카인,[D000622]Prilocaine(프릴로카인),복합,20140109,- 흡수에 대한 자료가 불완전하므로 소아의 생식기 점막에는 적용하지 말 것- 메트헤모글로빈의 일시적 증가 보고,,특정연령대금기
20260323,엷은 녹색을 띤 황색의 맑은 액이 든 무색투명한 바이알 주사제,06290,기타의 화학요법제,(주)에이프로젠바이오로직스,전문의약품,용액주사제,D000793,Levofloxacin Hydrate,Levofloxacin Hydrate(레보플록사신수화물),레보플록사신수화물,레보프록신주(레보플록사신수화물),20050215,200500919,[M251128]레보플록사신수화물,,단일,20140109,"- 안전성 및 유효성 미확립- 퀴놀론계 항균제는 몇몇 어린 동물종에서 관절병증, 뼈연골증을 유발",,특정연령대금기
20240913,"연한 노란색 가루가 든 상부 연한 녹색, 하부 황색의 경질 캡슐제",01140,해열.진통.소염제,진양제약(주),전문의약품,"경질캡슐제, 산제",D000427,Meloxicam,Meloxicam(멜록시캄),멜록시캄,모리캄캡슐15mg(멜록시캄),20050113,200501307,[M086439]멜록시캄,,단일,20140109,_,,특정연령대금기
20260323,1. 엷은 녹색을 띈 황색의 맑은 액이 든 무색투명한 바이알 주사제2. 엷은 초록색을 띈 노란색의 투명한 용액이 무색투명한 수액용 플라스틱 용기에 충전된 수액용 주사제,06290,기타의 화학요법제,한국유니온제약(주),전문의약품,용액주사제,D000793,Levofloxacin Hydrate,Levofloxacin Hydrate(레보플록사신수화물),레보플록사신수화물,프로신주(레보플록사신수화물),20050118,200501434,[M251128]레보플록사신수화물,,단일,20140109,"- 안전성 및 유효성 미확립- 퀴놀론계 항균제는 몇몇 어린 동물종에서 관절병증, 뼈연골증을 유발",,특정연령대금기
20070205,흰색의 원형 정제,01410,항히스타민제,한국유니온제약(주),전문의약품,나정,D000708,Loratadine,Loratadine(로라타딘),로라타딘,뉴로딘정(로라타딘)(수출용)(수출명: Clorad-10 Tab.),20050527,200501493,[M082724]로라타딘,,단일,20140109,_,,특정연령대금기
20260323,녹색을 띤 황색의 투명한 액이 들어있는 주사용 유리 바이알,06290,기타의 화학요법제,(주)한국파마,전문의약품,용액주사제,D000793,Levofloxacin Hydrate,Levofloxacin Hydrate(레보플록사신수화물),레보플록사신수화물,레브록신주(레보플록사신수화물),20050203,200501546,[M251128]레보플록사신수화물,,단일,20140109,"- 안전성 및 유효성 미확립- 퀴놀론계 항균제는 몇몇 어린 동물종에서 관절병증, 뼈연골증을 유발",,특정연령대금기
20191007,연한 청색의 사각형 정제,01410,항히스타민제,(주)한국파마,전문의약품,나정,D000708,Loratadine,Loratadine(로라타딘),로라타딘,알딘정(로라타딘)(수출용)(수출명:아타딘정),20051110,200501565,[M082724]로라타딘,,단일,20140109,_,,특정연령대금기
20240913,연한 노란색 가루가 든 상.하 연한 녹색의 경질캡슐제,01140,해열.진통.소염제,(주)팜젠사이언스,전문의약품,"경질캡슐제, 산제",D000427,Meloxicam,Meloxicam(멜록시캄),멜록시캄,멜리카캡슐(멜록시캄),20050105,200502058,[M086439]멜록시캄,,단일,20140109,_,,특정연령대금기
20240913,"미황색의 과립이 충진된 상,하부 담녹색의 경질캡슐제",01140,해열.진통.소염제,하나제약(주),전문의약품,"경질캡슐제, 과립제",D000427,Meloxicam,Meloxicam(멜록시캄),멜록시캄,메모빅캡슐7.5밀리그람(멜록시캄),20051018,200502090,[M086439]멜록시캄,,단일,20140109,_,,특정연령대금기
20240913,미황색 가루가 든 상하부 담녹색의 경질캡슐,01140,해열.진통.소염제,(주)바스칸바이오제약,전문의약품,"경질캡슐제, 산제",D000427,Meloxicam,Meloxicam(멜록시캄),멜록시캄,하모빅캡슐(멜록시캄),20050118,200502259,[M086439]멜록시캄,,단일,20140109,_,,특정연령대금기
20200925,이 약은 투명 내지 반투명의 점착성 물질을 지지체에 도포하고 고체면에 고체피복물을 덮은 첩부제이다.,02640,진통.진양.수렴.소염제,(주)티디에스팜,일반의약품,카타플라스마제,D000672,Ketoprofen,Ketoprofen(케토프로펜),케토프로펜,케로펜플라스타(케토프로펜),20050901,200502519,[M051464]케토프로펜/[M051464]케토프로펜/[M051464]케토프로펜,,단일,20140109,_,,특정연령대금기
20260309,흰색의 크림제,01210,국소마취제,(주)티디에스팜,전문의약품,피부크림제,D000709,Lidocaine,Lidocaine(리도카인),리도카인,마네신크림,20050622,200502526,[M040131]리도카인/[M087237]프릴로카인,[D000622]Prilocaine(프릴로카인),복합,20140109,- 흡수에 대한 자료가 불완전하므로 소아의 생식기 점막에는 적용하지 말 것- 메트헤모글로빈의 일시적 증가 보고,,특정연령대금기
20240913,미황색가루가 든 상하 담녹색의 경질캡슐,01140,해열.진통.소염제,풍림무약(주),전문의약품,"경질캡슐제, 산제",D000427,Meloxicam,Meloxicam(멜록시캄),멜록시캄,메로캄캡슐(멜록시캄),20050222,200502732,[M086439]멜록시캄,,단일,20140109,_,,특정연령대금기
20260323,엷은 녹색을 띤 황색의 맑은 액이 든 무색투명한 바이알 주사제  ,06290,기타의 화학요법제,유니메드제약(주),전문의약품,용액주사제,D000793,Levofloxacin Hydrate,Levofloxacin Hydrate(레보플록사신수화물),레보플록사신수화물,렉타신주(레보플록사신수화물),20050324,200503079,[M251128]레보플록사신수화물,,단일,20140109,"- 안전성 및 유효성 미확립- 퀴놀론계 항균제는 몇몇 어린 동물종에서 관절병증, 뼈연골증을 유발",,특정연령대금기
20260309,흰색의 크림제,01210,국소마취제,시믹씨엠오코리아주식회사,전문의약품,피부크림제,D000709,Lidocaine,Lidocaine(리도카인),리도카인,아나신크림,20050420,200503285,[M040131]리도카인/[M087237]프릴로카인,[D000622]Prilocaine(프릴로카인),복합,20140109,- 흡수에 대한 자료가 불완전하므로 소아의 생식기 점막에는 적용하지 말 것- 메트헤모글로빈의 일시적 증가 보고,,특정연령대금기
20130925,연한 분홍색 또는 분홍색의 점착성 고체를 부직포 위에 도포하고 뒷면에 밀착포를 부착한 특유한 향기를 가진 카타플라스마제,02640,진통.진양.수렴.소염제,대화제약(주),일반의약품,카타플라스마제,D000672,Ketoprofen,Ketoprofen(케토프로펜),케토프로펜,케토엑스투카타플라스마(케토프로펜),20050103,200503336,[M051464]케토프로펜,,단일,20140109,_,,특정연령대금기
20260323,이 약은 복숭아색의 장방형 필름코팅정이다.,06290,기타의 화학요법제,제일약품(주),전문의약품,필름코팅정,D000793,Levofloxacin,Levofloxacin(레보플록사신),레보플록사신,크라비트정500밀리그람(레보플록사신),20060123,200600109,[M085584]레보플록사신,,단일,20140109,"- 안전성 및 유효성 미확립- 퀴놀론계 항균제는 몇몇 어린 동물종에서 관절병증, 뼈연골증을 유발",,특정연령대금기
20260309,흰색의 크림제,01210,국소마취제,(주)휴온스,전문의약품,피부크림제,D000709,Lidocaine,Lidocaine(리도카인),리도카인,프카인크림,20060410,200600548,[M040131]리도카인/[M087237]프릴로카인,[D000622]Prilocaine(프릴로카인),복합,20140109,- 흡수에 대한 자료가 불완전하므로 소아의 생식기 점막에는 적용하지 말 것- 메트헤모글로빈의 일시적 증가 보고,,특정연령대금기
20150413,제1처방: 미황색의 점착성 물질을 살구색 린트포상에 도포하여 점착면에 박리지를 덮은 첩부제제2처방: 미황색의 점착성 물질을 살구색 부직포상에 도포하여 점착면에 박리지를 덮은 첩부제,02640,진통.진양.수렴.소염제,(주)녹십자,일반의약품,지지체가있는첩부제,D000672,Ketoprofen,Ketoprofen(케토프로펜),케토프로펜,"제놀골드플라스타(케토프로펜)(수출, 군납명:케넨서플라스타)",20060217,200600572,[M051464]케토프로펜/[M051464]케토프로펜,,단일,20140109,_,,특정연령대금기
20120316,미백색의 점착성 고체를 부직포상에 도포한 방향성을 가진 카타플라스마제로서 밀착포가 접합되어 있습니다,02640,진통.진양.수렴.소염제,(주)녹십자,일반의약품,카타플라스마제,D000672,Ketoprofen,Ketoprofen(케토프로펜),케토프로펜,제놀탑에스카타플라스마(케토프로펜),20060227,200600575,[M051464]케토프로펜/[M051464]케토프로펜/[M051464]케토프로펜,,단일,20140109,_,,특정연령대금기
20260309,흰색의 크림제,01210,국소마취제,주식회사제뉴원사이언스,전문의약품,피부크림제,D000709,Lidocaine,Lidocaine(리도카인),리도카인,엔카인크림,20060118,200600806,[M040131]리도카인/[M087237]프릴로카인,[D000622]Prilocaine(프릴로카인),복합,20140109,- 흡수에 대한 자료가 불완전하므로 소아의 생식기 점막에는 적용하지 말 것- 메트헤모글로빈의 일시적 증가 보고,,특정연령대금기
20221206,백색의 분말이 든 상·하부 백색의 경질캡슐,02370,정장제,(주)씨엠지제약,전문의약품,"경질캡슐제, 산제",D000222,Loperamide Hydrochloride,Loperamide Hydrochloride(염산로페라미드),염산로페라미드,마페드캡슐(염산로페라미드)(수출용),20060530,200604302,[M050356]염산로페라미드,,단일,20140109,_,,특정연령대금기
20130619,이 약은 무색의 점착성물질을 살색의 린트포에 도포하여(바르고) 고체면에 박리지를 덮은 첩부제이다,02640,진통.진양.수렴.소염제,신신제약(주),일반의약품,지지체가있는첩부제,D000672,Ketoprofen,Ketoprofen(케토프로펜),케토프로펜,신신케토크린24플라스타(케토프로펜),20060821,200607885,[M051464]케토프로펜,,단일,20140109,_,,특정연령대금기
20130802,무색투명한 용액이 든 갈색투명한 앰플,01140,해열.진통.소염제,명문제약(주),전문의약품,용액주사제,D000672,Ketoprofen,Ketoprofen(케토프로펜),케토프로펜,명문케토프로펜주사(수출용)(수출명 : Ketofron),20061124,200608036,[M051464]케토프로펜,,단일,20140109,- 안전성 및 유효성 미확립- 벤질알코올은 조숙아에서 치명적인 가쁜 호흡증상과 연관이 있는 것으로 보고됨,,특정연령대금기
20240913,"황색 또는 미황색 분말이 든 상,하 청록색의 경질캡슐제",01140,해열.진통.소염제,경동제약(주),전문의약품,"경질캡슐제, 산제",D000427,Meloxicam,Meloxicam(멜록시캄),멜록시캄,멜릭스캡슐(멜록시캄),20061121,200608121,[M086439]멜록시캄,,단일,20140109,_,,특정연령대금기
20260323,흰색의 원형 필름코팅정제,06290,기타의 화학요법제,(주)하원제약,전문의약품,필름코팅정,D000793,Levofloxacin,Levofloxacin(레보플록사신),레보플록사신,네오록스정100mg(레보플록사신)(수출용),20060727,200608214,[M085584]레보플록사신,,단일,20140109,"- 안전성 및 유효성 미확립- 퀴놀론계 항균제는 몇몇 어린 동물종에서 관절병증, 뼈연골증을 유발",,특정연령대금기
20240913,미황색분말이 충전된 상하부 담녹색의 경질캡슐제,01140,해열.진통.소염제,(주)유영제약,전문의약품,"경질캡슐제, 산제",D000427,Meloxicam,Meloxicam(멜록시캄),멜록시캄,목시캄캡슐(멜록시캄),20060824,200608275,[M086439]멜록시캄,,단일,20140109,_,,특정연령대금기
20140917,백색의 부직포에 백색의 점착성 물질이 도포되고 박리지를 부착한 경고제,02640,진통.진양.수렴.소염제,(주)재우스팜,일반의약품,지지체가있는첩부제,D000672,Ketoprofen,Ketoprofen(케토프로펜),케토프로펜,케로팝경고제(케토프로펜),20060913,200610741,[M051464]케토프로펜,,단일,20140109,_,,특정연령대금기
20260309,흰색의 크림제,01210,국소마취제,(주)동구바이오제약,전문의약품,피부크림제,D000709,Lidocaine,Lidocaine(리도카인),리도카인,리카르로크림,20070122,200700875,[M040131]리도카인/[M087237]프릴로카인/[M040131]리도카인/[M087237]프릴로카인,[D000622]Prilocaine(프릴로카인),복합,20140109,- 흡수에 대한 자료가 불완전하므로 소아의 생식기 점막에는 적용하지 말 것- 메트헤모글로빈의 일시적 증가 보고,,특정연령대금기
20180914,이 약은 무색 반투명의 점착성 물질을 지지체에 도포하고 고체면에 고체피복물을 덮은 첩부제이다.,02640,진통.진양.수렴.소염제,아이큐어(주),일반의약품,지지체가있는첩부제,D000672,Ketoprofen,Ketoprofen(케토프로펜),케토프로펜,"케논에스플라스타(케토프로펜) 수출명: 케논에스플라스타(Kenon-S Plaster), 케토플라스트패취(Ketoplast Patch), 케토밴드(Ketoband), 케토티디디에스 플라스타( Keto-TDDS Plaster), 케토덤플라스타(Ketoderm Plaster)",20070201,200701444,[M051464]케토프로펜/[M051464]케토프로펜/[M051464]케토프로펜/[M051464]케토프로펜/[M051464]케토프로펜/[M051464]케토프로펜,,단일,20140109,_,,특정연령대금기
20260323,[내수용]: 복숭아색의 장방형 필름코팅정[수출용]: 분홍색의 장방형 필름코팅정,06290,기타의 화학요법제,일동제약(주),전문의약품,필름코팅정,D000793,Levofloxacin Hydrate,Levofloxacin Hydrate(레보플록사신수화물),레보플록사신수화물,레보펙신정500밀리그램(레보플록사신수화물),20070320,200703280,[M251128]레보플록사신수화물/[M251128]레보플록사신수화물,,단일,20140109,"- 안전성 및 유효성 미확립- 퀴놀론계 항균제는 몇몇 어린 동물종에서 관절병증, 뼈연골증을 유발",,특정연령대금기
20260323,이 약은 진분홍색의 장방형 필름코팅정이다 ,06290,기타의 화학요법제,제일약품(주),전문의약품,필름코팅정,D000793,Levofloxacin,Levofloxacin(레보플록사신),레보플록사신,크라비트정250밀리그람(레보플록사신),20060123,200704488,[M085584]레보플록사신,,단일,20140109,"- 안전성 및 유효성 미확립- 퀴놀론계 항균제는 몇몇 어린 동물종에서 관절병증, 뼈연골증을 유발",,특정연령대금기
20240913,미황색 가루가 든 상하부 담녹색 캡슐제,01140,해열.진통.소염제,유니메드제약(주),전문의약품,"경질캡슐제, 산제",D000427,Meloxicam,Meloxicam(멜록시캄),멜록시캄,유니콕스캡슐7.5밀리그램(멜록시캄),20070430,200704969,[M086439]멜록시캄/[M086439]멜록시캄,,단일,20140109,_,,특정연령대금기
20260323,백색-미백색의 장방형 필름코팅정,06290,기타의 화학요법제,천우신약(주),전문의약품,필름코팅정,D000793,Levofloxacin,Levofloxacin(레보플록사신),레보플록사신,레이보신정(레보플록사신)(수출용),20070503,200705151,[M085584]레보플록사신,,단일,20140109,"- 안전성 및 유효성 미확립- 퀴놀론계 항균제는 몇몇 어린 동물종에서 관절병증, 뼈연골증을 유발",,특정연령대금기
20260323,백색～미백색 장방형 필름코팅 정제,06290,기타의 화학요법제,성원애드콕제약(주),전문의약품,필름코팅정,D000793,Levofloxacin Hydrate,Levofloxacin Hydrate(레보플록사신수화물),레보플록사신수화물,성원애드콕레보플록사신500mg정(레보플록사신)(수출용),20070508,200705239,[M251128]레보플록사신수화물,,단일,20140109,"- 안전성 및 유효성 미확립- 퀴놀론계 항균제는 몇몇 어린 동물종에서 관절병증, 뼈연골증을 유발",,특정연령대금기
20120501,무색 반투명의 점착성 물질을 지지체에 도포하고(바르고) 고체면에 박리지를 덮은 첩부제이다.,02640,진통.진양.수렴.소염제,현대약품(주),일반의약품,지지체가있는첩부제,D000672,Ketoprofen,Ketoprofen(케토프로펜),케토프로펜,케프로텍플라스타(케토프로펜),20070515,200705581,[M051464]케토프로펜/[M051464]케토프로펜,,단일,20140109,_,,특정연령대금기
20191001,흰색의 타원형 정제,01410,항히스타민제,(주)하원제약,전문의약품,나정,D000708,Loratadine,Loratadine(로라타딘),로라타딘,로라진정(로라타딘)(수출용),20070516,200705613,[M082724]로라타딘,,단일,20140109,_,,특정연령대금기
20200109,무색투명의 점착성물질을 린트포에 도포하여 고체면에 박리지를 덮은 첩부제,02640,진통.진양.수렴.소염제,(주)텔콘알에프제약,일반의약품,지지체가있는첩부제,D000672,Ketoprofen,Ketoprofen(케토프로펜),케토프로펜,케토진첩부제(케토프로펜),20070801,200708955,[M051464]케토프로펜,,단일,20140109,_,,특정연령대금기
20190115,무색 투명 또는 반투명의 점착성 물질을 연주황색 부직포에 도포하여 고체면에 고체피복물을 덮은 첩부제이다. 19.0cm×11.8cm : 무색 투명 또는 반투명의 점착성 물질을 연주황색 부직포에 도포하고 고체면에 고체피복물을 덮은 중앙이 빈 다이아몬드 모양의 첩부제이다.,02640,진통.진양.수렴.소염제,아이큐어(주),일반의약품,지지체가있는첩부제,D000672,Ketoprofen,Ketoprofen(케토프로펜),케토프로펜,"케논엘플라스타(케토프로펜)[수출명:케논-엘(Kenon-L),케토덤-엘(Ketoderm-L),케노덤(Kenoderm),페노덤(Fenoderm),케이트란스(Ketrans),케토플라스트-엘(Ketoplast-L)]",20070810,200709423,[M051464]케토프로펜/[M051464]케토프로펜/[M051464]케토프로펜/[M051464]케토프로펜/[M051464]케토프로펜/[M051464]케토프로펜/[M051464]케토프로펜/[M051464]케토프로펜/[M051464]케토프로펜/[M051464]케토프로펜/[M051464]케토프로펜/[M051464]케토프로펜,,단일,20140109,_,,특정연령대금기
20200812,무색 투명 또는 반투명의 점착성 물질을 연주황색 부직포에 도포하여 고체면에 고체피복물을 덮은 첩부제,02640,진통.진양.수렴.소염제,(주)종근당,일반의약품,지지체가있는첩부제,D000672,Ketoprofen,Ketoprofen(케토프로펜),케토프로펜,케펨플라스타(케토프로펜),20070829,200709963,[M051464]케토프로펜/[M051464]케토프로펜,,단일,20140109,_,,특정연령대금기
20260323,진분홍색의 장방형 필름코팅정,06290,기타의 화학요법제,일동제약(주),전문의약품,필름코팅정,D000793,Levofloxacin Hydrate,Levofloxacin Hydrate(레보플록사신수화물),레보플록사신수화물,레보펙신정250밀리그램(레보플록사신수화물),20070928,200710882,[M251128]레보플록사신수화물,,단일,20140109,"- 안전성 및 유효성 미확립- 퀴놀론계 항균제는 몇몇 어린 동물종에서 관절병증, 뼈연골증을 유발",,특정연령대금기
20200319,· 9cm x 13cm : 연한 분홍색 또는 분홍색의 점착성 고체를 부직포 위에 도포하고 뒷면에 밀착포를 부착한 특유한 향기를 가진 카타플라스마제,02640,진통.진양.수렴.소염제,일동제약(주),일반의약품,카타플라스마제,D000672,Ketoprofen,Ketoprofen(케토프로펜),케토프로펜,케노펜쿨링카타플라스마(케토프로펜),20071005,200711079,[M051464]케토프로펜,,단일,20140109,_,,특정연령대금기
20260323,흰색의 장방형 필름코팅정제,06290,기타의 화학요법제,영풍제약(주),전문의약품,필름코팅정,D000793,Levofloxacin,Levofloxacin(레보플록사신),레보플록사신,디안플록스정(레보플록사신)(수출용)(Dianflox tab.),20070918,200711322,[M085584]레보플록사신/[M251128]레보플록사신수화물,,단일,20140109,"- 안전성 및 유효성 미확립- 퀴놀론계 항균제는 몇몇 어린 동물종에서 관절병증, 뼈연골증을 유발",,특정연령대금기
20191101,무색투명한 용액이 든 갈색투명한 앰플제,01140,해열.진통.소염제,대한약품공업(주),전문의약품,용액주사제,D000672,Ketoprofen,Ketoprofen(케토프로펜),케토프로펜,대한케토프로펜주사액(케토프로펜)(수출용)(수출명:KERONBE Inj.),20071231,200713899,[M051464]케토프로펜,,단일,20140109,- 안전성 및 유효성 미확립- 벤질알코올은 조숙아에서 치명적인 가쁜 호흡증상과 연관이 있는 것으로 보고됨,,특정연령대금기
20260323,진분홍색의 장방형 필름코팅정,06290,기타의 화학요법제,(주)동구바이오제약,전문의약품,필름코팅정,D000793,Levofloxacin Hydrate,Levofloxacin Hydrate(레보플록사신수화물),레보플록사신수화물,동구레보플록사신수화물정250mg,20080108,200800332,[M251128]레보플록사신수화물,,단일,20140109,"- 안전성 및 유효성 미확립- 퀴놀론계 항균제는 몇몇 어린 동물종에서 관절병증, 뼈연골증을 유발",,특정연령대금기
20260323,분홍색의 장방형 필름코팅정,06290,기타의 화학요법제,(주)동구바이오제약,전문의약품,필름코팅정,D000793,Levofloxacin Hydrate,Levofloxacin Hydrate(레보플록사신수화물),레보플록사신수화물,동구레보플록사신수화물정500mg,20080108,200800333,[M251128]레보플록사신수화물,,단일,20140109,"- 안전성 및 유효성 미확립- 퀴놀론계 항균제는 몇몇 어린 동물종에서 관절병증, 뼈연골증을 유발",,특정연령대금기
20260323,흰색의 원형 필름코팅정제,06290,기타의 화학요법제,삼익제약(주),전문의약품,필름코팅정,D000793,Levofloxacin Hydrate,Levofloxacin Hydrate(레보플록사신수화물),레보플록사신수화물,삼익레보플록사신정(레보플록사신수화물)(수출명 : Beeocuracin Tab.)(수출용),20080111,200800506,[M251128]레보플록사신수화물,,단일,20140109,"- 안전성 및 유효성 미확립- 퀴놀론계 항균제는 몇몇 어린 동물종에서 관절병증, 뼈연골증을 유발",,특정연령대금기
20260309,흰색의 크림제,01210,국소마취제,(주)파마리서치,전문의약품,피부크림제,D000709,Lidocaine,Lidocaine(리도카인),리도카인,듀오카인크림,20080130,200801307,[M040131]리도카인/[M087237]프릴로카인,[D000622]Prilocaine(프릴로카인),복합,20140109,- 흡수에 대한 자료가 불완전하므로 소아의 생식기 점막에는 적용하지 말 것- 메트헤모글로빈의 일시적 증가 보고,,특정연령대금기
20240522,엷은 황색의 투명한 액체가 충전된 갈색 앰플제,01140,해열.진통.소염제,대한약품공업(주),전문의약품,용액주사제,D000274,Ketorolac Tromethamine,Ketorolac Tromethamine(케토롤락트로메타민염),케토롤락트로메타민염,대한케토롤락트로메타민주,20080219,200801933,[M222885]케토롤락트로메타민염,,단일,20140109,안전성 및 유효성 미확립,,특정연령대금기
20180104,연한 분홍색 또는 분홍색의 점착성 고체를 부직포 위에 도포하고 뒷면에 밀착포를 부착한 특유한 향기를 가진 카타플라스마제,02640,진통.진양.수렴.소염제,(주)보령,일반의약품,카타플라스마제,D000672,Ketoprofen,Ketoprofen(케토프로펜),케토프로펜,맨담케토쿨카타플라스마(케토프로펜),20080227,200802243,[M051464]케토프로펜,,단일,20140109,_,,특정연령대금기
20110620,연한 분홍색 또는 분홍색의 점착성 고체를 부직포 위에 도포하고(바르고) 뒷면에 밀착포를 부착한 특유한 향기를 가진 카타플라스마제,02640,진통.진양.수렴.소염제,제일헬스사이언스(주),일반의약품,카타플라스마제,D000672,Ketoprofen,Ketoprofen(케토프로펜),케토프로펜,제일파프케이카타플라스마(케토프로펜),20080331,200803538,[M051464]케토프로펜,,단일,20140109,_,,특정연령대금기
20240913,황색 내지 미황색 가루가 들어있는 상.하부 담녹색의 경질캡슐,01140,해열.진통.소염제,한국유니온제약(주),전문의약품,"경질캡슐제, 산제",D000427,Meloxicam,Meloxicam(멜록시캄),멜록시캄,뉴록캄캡슐(멜록시캄)(수출용),20080401,200803581,[M086439]멜록시캄,,단일,20140109,_,,특정연령대금기
20260323,흰색의 장방형 필름코팅정,06290,기타의 화학요법제,(주)동구바이오제약,전문의약품,필름코팅정,D000793,Levofloxacin,Levofloxacin(레보플록사신),레보플록사신,뉴모신정750mg(레보플록사신)(수출용),20080414,200804034,[M085584]레보플록사신,,단일,20140109,"- 안전성 및 유효성 미확립- 퀴놀론계 항균제는 몇몇 어린 동물종에서 관절병증, 뼈연골증을 유발",,특정연령대금기
20260323,"수출용1,2,3, : 노란색의 장방형 필름코팅정 수출용4 : 연한 분홍색의 장방형 필름코팅정",06290,기타의 화학요법제,삼천당제약(주),전문의약품,필름코팅정,D000793,Levofloxacin,Levofloxacin(레보플록사신),레보플록사신,레보스타정500mg(레보플록사신)(수출용),20080415,200804144,[M085584]레보플록사신/[M085584]레보플록사신,,단일,20140109,"- 안전성 및 유효성 미확립- 퀴놀론계 항균제는 몇몇 어린 동물종에서 관절병증, 뼈연골증을 유발",,특정연령대금기
20260323,진분홍색의 장방형 필름코팅정,06290,기타의 화학요법제,유니메드제약(주),전문의약품,필름코팅정,D000793,Levofloxacin Hydrate,Levofloxacin Hydrate(레보플록사신수화물),레보플록사신수화물,렉타신정250밀리그램(레보플록사신수화물),20080417,200804225,[M251128]레보플록사신수화물,,단일,20140109,"- 안전성 및 유효성 미확립- 퀴놀론계 항균제는 몇몇 어린 동물종에서 관절병증, 뼈연골증을 유발",,특정연령대금기
20260323,분홍 내지 연분홍색의 장방형 필름코팅정,06290,기타의 화학요법제,한미약품(주),전문의약품,필름코팅정,D000793,Levofloxacin Hydrate,Levofloxacin Hydrate(레보플록사신수화물),레보플록사신수화물,레복사신정500밀리그램(레보플록사신수화물),20080526,200805811,[M251128]레보플록사신수화물,,단일,20140109,"- 안전성 및 유효성 미확립- 퀴놀론계 항균제는 몇몇 어린 동물종에서 관절병증, 뼈연골증을 유발",,특정연령대금기
20260323,흰색～미황백색의 원형필름코팅정,06290,기타의 화학요법제,신풍제약(주),전문의약품,필름코팅정,D000793,Levofloxacin,Levofloxacin(레보플록사신),레보플록사신,레포신정100밀리그램(레보플록사신),20080530,200806028,[M085584]레보플록사신,,단일,20140109,"- 안전성 및 유효성 미확립- 퀴놀론계 항균제는 몇몇 어린 동물종에서 관절병증, 뼈연골증을 유발",,특정연령대금기
20260309,흰색의 크림제,01210,국소마취제,(주)비보존제약,전문의약품,피부크림제,D000709,Lidocaine,Lidocaine(리도카인),리도카인,제이프로크림,20080617,200806611,[M040131]리도카인/[M087237]프릴로카인,[D000622]Prilocaine(프릴로카인),복합,20140109,- 흡수에 대한 자료가 불완전하므로 소아의 생식기 점막에는 적용하지 말 것- 메트헤모글로빈의 일시적 증가 보고,,특정연령대금기
20100530,무색투명한 겔제,02640,진통.진양.수렴.소염제,(주)씨엠지제약,일반의약품,피부용겔제,D000672,Ketoprofen,Ketoprofen(케토프로펜),케토프로펜,아마프로겔3%(케토프로펜),20080630,200807239,[M051464]케토프로펜,,단일,20140109,_,,특정연령대금기
20220331,이 약은 무색 또는 담황색의 점착성의 고체를 부직포 위에 도포하고 부직점착테이프를 고정시킨 후 박리지를 덮은 카타플라스마제이다,02640,진통.진양.수렴.소염제,제이더블유중외제약(주),일반의약품,카타플라스마제,D000672,Ketoprofen,Ketoprofen(케토프로펜),케토프로펜,노펜스트롱카타플라스마(케토프로펜),20080801,200808304,[M051464]케토프로펜,,단일,20140109,_,,특정연령대금기
20260309,흰색의 크림제,01210,국소마취제,오스틴제약(주),전문의약품,피부크림제,D000709,Lidocaine,Lidocaine(리도카인),리도카인,엠에스크림,20080926,200809853,[M040131]리도카인/[M087237]프릴로카인,[D000622]Prilocaine(프릴로카인),복합,20140109,- 흡수에 대한 자료가 불완전하므로 소아의 생식기 점막에는 적용하지 말 것- 메트헤모글로빈의 일시적 증가 보고,,특정연령대금기
20240913,"노란색 가루가 든 상,하 밝은 초록색 캡슐",01140,해열.진통.소염제,한국베링거인겔하임(주),전문의약품,"경질캡슐제, 산제",D000427,Meloxicam,Meloxicam(멜록시캄),멜록시캄,모빅캡슐7.5밀리그램(멜록시캄),20090128,200900844,[M086439]멜록시캄,,단일,20140109,_,,특정연령대금기
20240913,"노란색 가루가 든 상부 밝은 초록색, 하부 노란색 캡슐",01140,해열.진통.소염제,한국베링거인겔하임(주),전문의약품,"경질캡슐제, 산제",D000427,Meloxicam,Meloxicam(멜록시캄),멜록시캄,모빅캡슐15밀리그램(멜록시캄),20090128,200900845,[M086439]멜록시캄,,단일,20140109,_,,특정연령대금기
20260323,[내수용]엷은 녹색을 띤 황색의 맑은 액이 든 플라스틱용기 주사제[수출용]엷은 녹색을 띤 황색의 맑은 액이 든 유리 주사제,06290,기타의 화학요법제,대한약품공업(주),전문의약품,용액주사제,D000793,Levofloxacin Hydrate,Levofloxacin Hydrate(레보플록사신수화물),레보플록사신수화물,레프퀸인퓨전주(레보플록사신수화물),20090602,200903888,[M251128]레보플록사신수화물,,단일,20140109,"- 안전성 및 유효성 미확립- 퀴놀론계 항균제는 몇몇 어린 동물종에서 관절병증, 뼈연골증을 유발",,특정연령대금기
20260323,진분홍색의 장방형 필름코팅정,06290,기타의 화학요법제,한국유니온제약(주),전문의약품,필름코팅정,D000793,Levofloxacin,Levofloxacin(레보플록사신),레보플록사신,프로신정250밀리그램(레보플록사신)(수출용),20090713,200905257,[M085584]레보플록사신,,단일,20140109,"- 안전성 및 유효성 미확립- 퀴놀론계 항균제는 몇몇 어린 동물종에서 관절병증, 뼈연골증을 유발",,특정연령대금기
20200630,흰색의 타원형 정제,01410,항히스타민제,바이엘코리아(주),일반의약품,나정,D000708,Loratadine,Loratadine(로라타딘),로라타딘,클라리틴정(로라타딘),20090720,200905692,[M082724]로라타딘,,단일,20140109,_,,특정연령대금기
20260323,분홍 내지 진분홍색의 장방형 필름코팅정,06290,기타의 화학요법제,한미약품(주),전문의약품,필름코팅정,D000793,Levofloxacin Hydrate,Levofloxacin Hydrate(레보플록사신수화물),레보플록사신수화물,레복사신정250밀리그램(레보플록사신수화물),20090727,200905938,[M251128]레보플록사신수화물,,단일,20140109,"- 안전성 및 유효성 미확립- 퀴놀론계 항균제는 몇몇 어린 동물종에서 관절병증, 뼈연골증을 유발",,특정연령대금기
20120419,흰색의 원형필름코팅정제,01140,해열.진통.소염제,한국코러스(주),전문의약품,필름코팅정,D000274,Ketorolac Tromethamine,Ketorolac Tromethamine(케토롤락트로메타민),케토롤락트로메타민,케롤민정(케토롤락트로메타민)(수출용)(수출명:①Ketorolac-Asteria Tab. ②Kerolmin Tab.),20100507,201003391,[M084703]케토롤락트로메타민,,단일,20140109,안전성 및 유효성 미확립,,특정연령대금기
20260323,흰색의 원형 필름코팅정,06290,기타의 화학요법제,한국코러스(주),전문의약품,필름코팅정,D000793,Levofloxacin,Levofloxacin(레보플록사신),레보플록사신,렉사신정100mg(레보플록사신)(수출용)(수출명: ① Lexacin Tab. 100mg ② Levorex Tab.100mg ③ Levofloxacin-Asteria Tab.100mg),20100507,201003392,[M085584]레보플록사신,,단일,20140109,"- 안전성 및 유효성 미확립- 퀴놀론계 항균제는 몇몇 어린 동물종에서 관절병증, 뼈연골증을 유발",,특정연령대금기
20260323,흰색의 장방형 필름코팅정,06290,기타의 화학요법제,한국코러스(주),전문의약품,필름코팅정,D000793,Levofloxacin,Levofloxacin(레보플록사신),레보플록사신,렉사신정(레보플록사신)(수출용)(수출명: ① Lexacin Tab. ② Levorex Tab. ③ Levofloxacin-Asteria Tab.),20100507,201003399,[M085584]레보플록사신,,단일,20140109,"- 안전성 및 유효성 미확립- 퀴놀론계 항균제는 몇몇 어린 동물종에서 관절병증, 뼈연골증을 유발",,특정연령대금기
20260323,엷은 녹색을 띤 황색의 맑은 액이 든 무색투명한 바이알 주사제,06290,기타의 화학요법제,안국약품(주),전문의약품,용액주사제,D000793,Levofloxacin,Levofloxacin(레보플록사신),레보플록사신,안국레보플록사신주(수출용),20100601,201003822,[M085584]레보플록사신,,단일,20140109,"- 안전성 및 유효성 미확립- 퀴놀론계 항균제는 몇몇 어린 동물종에서 관절병증, 뼈연골증을 유발",,특정연령대금기
20260323,흰색의 원형 필름코팅정,06290,기타의 화학요법제,한국코러스(주),전문의약품,필름코팅정,D000793,Levofloxacin,Levofloxacin(레보플록사신),레보플록사신,렉사신정250mg(레보플록사신)(수출용)(수출명: ① Lexacin Tab.250mg ② Levorex Tab.250mg ③ Levofloxacin-Asteria Tab.250mg),20100622,201004128,[M085584]레보플록사신,,단일,20140109,"- 안전성 및 유효성 미확립- 퀴놀론계 항균제는 몇몇 어린 동물종에서 관절병증, 뼈연골증을 유발",,특정연령대금기
20240913,"[내수용] 미황색의 내용물이 충진된 상,하부 녹색의 경질캡슐제[수출용] 황색 내지 미황색 가루가 들어있는 상.하부 담녹색의 경질캡슐",01140,해열.진통.소염제,(주)휴온스생명과학,전문의약품,"경질캡슐제, 산제",D000427,Meloxicam,Meloxicam(멜록시캄),멜록시캄,멜록신캡슐(멜록시캄),20100708,201004440,[M086439]멜록시캄/[M086439]멜록시캄,,단일,20140109,_,,특정연령대금기
20130806,엷은 황색의 투명한 액이 든 갈색투명한 앰플주사제,01140,해열.진통.소염제,(주)제일제약,전문의약품,용액주사제,D000274,Ketorolac Tromethamine,Ketorolac Tromethamine(케토롤락트로메타민),케토롤락트로메타민,케톨락주(케토롤락트로메타민)(수출용),20110113,201100186,[M084703]케토롤락트로메타민,,단일,20140109,안전성 및 유효성 미확립,,특정연령대금기
20260323,분홍색의 장방형 필름코팅정,06290,기타의 화학요법제,위더스제약(주),전문의약품,필름코팅정,D000793,Levofloxacin Hydrate,Levofloxacin Hydrate(레보플록사신수화물),레보플록사신수화물,위더스레보플록사신정500밀리그램(레보플록사신수화물),20110826,201105697,[M251128]레보플록사신수화물/[M251128]레보플록사신수화물,,단일,20140109,"- 안전성 및 유효성 미확립- 퀴놀론계 항균제는 몇몇 어린 동물종에서 관절병증, 뼈연골증을 유발",,특정연령대금기
20240913,연한 노란색의 분말이 들어있는 상하부 연한 녹색의 경질캡슐제,01140,해열.진통.소염제,한미약품(주),전문의약품,"경질캡슐제, 산제",D000427,Meloxicam,Meloxicam(멜록시캄),멜록시캄,메록스캄캡슐7.5밀리그램(멜록시캄),20111130,201110513,[M086439]멜록시캄,,단일,20140109,_,,특정연령대금기
20240913,"미황색 가루가 든 상부 담녹색, 하부 황색 경질캡슐제",01140,해열.진통.소염제,삼익제약(주),전문의약품,"경질캡슐제, 산제",D000427,Meloxicam,Meloxicam(멜록시캄),멜록시캄,아모리아캡슐15mg(멜록시캄)(수출용),20120430,201203624,[M086439]멜록시캄,,단일,20140109,_,,특정연령대금기
20240913,연한 노란색 가루가 든 상·하 연한 녹색의 경질 캡슐제,01140,해열.진통.소염제,삼일제약(주),전문의약품,"경질캡슐제, 산제",D000427,Meloxicam,Meloxicam(멜록시캄),멜록시캄,멜로덱스캡슐7.5밀리그램(멜록시캄),20120911,201206751,[M086439]멜록시캄,,단일,20140109,_,,특정연령대금기
20240913,"미황색 가루가 든 상부 담녹색, 하부 황색 캡슐제",01140,해열.진통.소염제,동국제약(주),전문의약품,"경질캡슐제, 산제",D000427,Meloxicam,Meloxicam(멜록시캄),멜록시캄,멜시빅캡슐15밀리그램(멜록시캄),20120921,201206870,[M086439]멜록시캄,,단일,20140109,_,,특정연령대금기
20240913,"미황색 가루가 든 상, 하부 담녹색 캡슐제",01140,해열.진통.소염제,동국제약(주),전문의약품,"경질캡슐제, 산제",D000427,Meloxicam,Meloxicam(멜록시캄),멜록시캄,멜시빅캡슐7.5밀리그램(멜록시캄),20120921,201206871,[M086439]멜록시캄,,단일,20140109,_,,특정연령대금기
20240913,"연한 노란색 가루가 든 상부 연한 녹색, 하부 황색의 경질 캡슐제",01140,해열.진통.소염제,삼일제약(주),전문의약품,"경질캡슐제, 산제",D000427,Meloxicam,Meloxicam(멜록시캄),멜록시캄,멜로덱스캡슐15밀리그램(멜록시캄),20120921,201206872,[M086439]멜록시캄,,단일,20140109,_,,특정연령대금기
20260323,황색 원형의 필름코팅정,06290,기타의 화학요법제,(주)킵스바이오파마,전문의약품,필름코팅정,D000793,Levofloxacin Hydrate,Levofloxacin Hydrate(레보플록사신수화물),레보플록사신수화물,글로비트정(레보플록사신수화물),20121005,201207060,[M251128]레보플록사신수화물,,단일,20140109,"- 안전성 및 유효성 미확립- 퀴놀론계 항균제는 몇몇 어린 동물종에서 관절병증, 뼈연골증을 유발",,특정연령대금기
20240913,"미황색 가루가 충전된 상부 담녹색, 하부 노란색의 경질캡슐제",01140,해열.진통.소염제,한림제약(주),전문의약품,"경질캡슐제, 산제",D000427,Meloxicam,Meloxicam(멜록시캄),멜록시캄,류멜캡슐15밀리그램(멜록시캄),20121008,201207083,[M086439]멜록시캄,,단일,20140109,_,,특정연령대금기
20260323,흰색-미백색의 필름코팅정,06290,기타의 화학요법제,동국제약(주),전문의약품,필름코팅정,D000793,Levofloxacin Hydrate,Levofloxacin Hydrate(레보플록사신수화물),레보플록사신수화물,레보라신정(레보플록사신수화물),20121023,201207402,[M251128]레보플록사신수화물,,단일,20140109,"- 안전성 및 유효성 미확립- 퀴놀론계 항균제는 몇몇 어린 동물종에서 관절병증, 뼈연골증을 유발",,특정연령대금기
20240913,미황색분말이 충전된 상하 연녹색의 경질캡슐제,01140,해열.진통.소염제,(주)새한제약,전문의약품,"경질캡슐제, 산제",D000427,Meloxicam,Meloxicam(멜록시캄),멜록시캄,트록시캄캡슐7.5밀리그램(멜록시캄),20121029,201207487,[M086439]멜록시캄,,단일,20140109,_,,특정연령대금기
20260323,흰색의 원형 필름코팅정제,06290,기타의 화학요법제,하나제약(주),전문의약품,필름코팅정,D000793,Levofloxacin Hydrate,Levofloxacin Hydrate(레보플록사신수화물),레보플록사신수화물,레나신정(레보플록사신수화물),20121226,201210744,[M251128]레보플록사신수화물,,단일,20140109,"- 안전성 및 유효성 미확립- 퀴놀론계 항균제는 몇몇 어린 동물종에서 관절병증, 뼈연골증을 유발",,특정연령대금기
20240913,"미황색가루가 든 상,하 담녹색의 캡슐제",01140,해열.진통.소염제,대웅바이오(주),전문의약품,"경질캡슐제, 산제",D000427,Meloxicam,Meloxicam(멜록시캄),멜록시캄,대웅바이오멜록시캄캡슐7.5밀리그램,20130103,201300020,[M086439]멜록시캄,,단일,20140109,_,,특정연령대금기
20240913,"미황색가루가 든 상부 담녹색, 하부 황색 캡슐제",01140,해열.진통.소염제,대웅바이오(주),전문의약품,"경질캡슐제, 산제",D000427,Meloxicam,Meloxicam(멜록시캄),멜록시캄,대웅바이오멜록시캄캡슐15밀리그램,20130108,201300144,[M086439]멜록시캄,,단일,20140109,_,,특정연령대금기
20260323,흰색의 원형 필름코팅정,06290,기타의 화학요법제,(주)휴온스,전문의약품,필름코팅정,D000793,Levofloxacin Hydrate,Levofloxacin Hydrate(레보플록사신수화물),레보플록사신수화물,레보바이정(레보플록사신수화물),20130124,201302165,[M251128]레보플록사신수화물,,단일,20140109,"- 안전성 및 유효성 미확립- 퀴놀론계 항균제는 몇몇 어린 동물종에서 관절병증, 뼈연골증을 유발",,특정연령대금기
20260323,흰색-미백색의 원형 필름코팅정,06290,기타의 화학요법제,환인제약(주),전문의약품,필름코팅정,D000793,Levofloxacin Hydrate,Levofloxacin Hydrate(레보플록사신수화물),레보플록사신수화물,환인레보플록사신정100밀리그램(레보플록사신수화물),20130129,201302619,[M251128]레보플록사신수화물,,단일,20140109,"- 안전성 및 유효성 미확립- 퀴놀론계 항균제는 몇몇 어린 동물종에서 관절병증, 뼈연골증을 유발",,특정연령대금기
20260309,흰색의 크림제,01210,국소마취제,(주)씨엠지제약,전문의약품,피부크림제,D000709,Lidocaine,Lidocaine(리도카인),리도카인,엠마듀오크림,20130130,201302800,[M040131]리도카인/[M087237]프릴로카인,[D000622]Prilocaine(프릴로카인),복합,20140109,- 흡수에 대한 자료가 불완전하므로 소아의 생식기 점막에는 적용하지 말 것- 메트헤모글로빈의 일시적 증가 보고,,특정연령대금기
20240913,"미황색가루가 든 상,하 담녹색의 캡슐제",01140,해열.진통.소염제,에스피씨(주),전문의약품,"경질캡슐제, 산제",D000427,Meloxicam,Meloxicam(멜록시캄),멜록시캄,이노시캄캡슐(멜록시캄),20130205,201303831,[M086439]멜록시캄,,단일,20140109,_,,특정연령대금기
20240913,연한 노란색 가루가 든 상·하 연한 녹색의 경질 캡슐제,01140,해열.진통.소염제,한국휴텍스제약(주),전문의약품,"경질캡슐제, 산제",D000427,Meloxicam,Meloxicam(멜록시캄),멜록시캄,모빅시캄캡슐(멜록시캄),20130321,201306346,[M086439]멜록시캄,,단일,20140109,_,,특정연령대금기
20260323,엷은 녹색을 띈 황색의 맑은 액이 든 무색투명한 바이알 주사제,06290,기타의 화학요법제,(주)테라젠이텍스,전문의약품,용액주사제,D000793,Levofloxacin Hydrate,Levofloxacin Hydrate(레보플록사신수화물),레보플록사신수화물,레포리아주(레보플록사신수화물)(수출용),20130418,201306988,[M251128]레보플록사신수화물,,단일,20140109,"- 안전성 및 유효성 미확립- 퀴놀론계 항균제는 몇몇 어린 동물종에서 관절병증, 뼈연골증을 유발",,특정연령대금기
20240913,"미황색 가루가 든 상부 담녹색, 하부 황색 캡슐제",01140,해열.진통.소염제,(주)제뉴파마,전문의약품,"경질캡슐제, 산제",D000427,Meloxicam,Meloxicam(멜록시캄),멜록시캄,파마빅캡슐15밀리그램(멜록시캄),20130419,201306990,[M086439]멜록시캄,,단일,20140109,_,,특정연령대금기
20240913,연한 노랑색의 내용물이 충전된 상·하부 담녹색의 경질캡슐,01140,해열.진통.소염제,알리코제약(주),전문의약품,"경질캡슐제, 산제",D000427,Meloxicam,Meloxicam(멜록시캄),멜록시캄,캠록스캡슐15mg(멜록시캄)(수출용),20130514,201307313,[M086439]멜록시캄,,단일,20140109,_,,특정연령대금기
20260323,황색 원형의 필름코팅정,06290,기타의 화학요법제,이연제약(주),전문의약품,필름코팅정,D000793,Levofloxacin Hydrate,Levofloxacin Hydrate(레보플록사신수화물),레보플록사신수화물,크라박터정(레보플록사신수화물),20130702,201307960,[M251128]레보플록사신수화물,,단일,20140109,"- 안전성 및 유효성 미확립- 퀴놀론계 항균제는 몇몇 어린 동물종에서 관절병증, 뼈연골증을 유발",,특정연령대금기
20240913,"미황색 가루가 든 상부 담녹색, 하부 황색의 경질캡슐제",01140,해열.진통.소염제,제일약품(주),전문의약품,"경질캡슐제, 산제",D000427,Meloxicam,Meloxicam(멜록시캄),멜록시캄,멜로시드캡슐15밀리그램(멜록시캄),20130703,201307991,[M086439]멜록시캄,,단일,20140109,_,,특정연령대금기
20240913,"미황색 가루가 든 상, 하 담녹색의 경질캡슐제",01140,해열.진통.소염제,제일약품(주),전문의약품,"경질캡슐제, 산제",D000427,Meloxicam,Meloxicam(멜록시캄),멜록시캄,멜로시드캡슐7.5밀리그램(멜록시캄),20130704,201308010,[M086439]멜록시캄,,단일,20140109,_,,특정연령대금기
20260323,흰색의 원형 필름코팅정,06290,기타의 화학요법제,(주)퍼슨,전문의약품,필름코팅정,D000793,Levofloxacin Hydrate,Levofloxacin Hydrate(레보플록사신수화물),레보플록사신수화물,레노보정(레보플록사신수화물),20130830,201309123,[M251128]레보플록사신수화물,,단일,20140109,"- 안전성 및 유효성 미확립- 퀴놀론계 항균제는 몇몇 어린 동물종에서 관절병증, 뼈연골증을 유발",,특정연령대금기
20210402,엷은 황색의 투명한 액이 든 갈색투명한 앰플주사제,01140,해열.진통.소염제,한국유니온제약(주),전문의약품,용액주사제,D000274,Ketorolac Tromethamine,Ketorolac Tromethamine(케토롤락트로메타민),케토롤락트로메타민,유니온케토롤락트로메타민주(수출용),20130911,201309291,[M084703]케토롤락트로메타민,,단일,20140109,안전성 및 유효성 미확립,,특정연령대금기
20260323,이 약은 백색-미황색의 원형 필름코팅정이다,06290,기타의 화학요법제,(주)대웅제약,전문의약품,필름코팅정,D000793,Levofloxacin Hydrate,Levofloxacin Hydrate(레보플록사신수화물),레보플록사신수화물,대웅레보플록사신정100밀리그램(레보플록사신수화물),20130925,201309425,[M251128]레보플록사신수화물,,단일,20140109,"- 안전성 및 유효성 미확립- 퀴놀론계 항균제는 몇몇 어린 동물종에서 관절병증, 뼈연골증을 유발",,특정연령대금기
20260323,분홍색의 장방형 필름코팅정,06290,기타의 화학요법제,(주)화이트생명과학,전문의약품,필름코팅정,D000793,Levofloxacin Hydrate,Levofloxacin Hydrate(레보플록사신수화물),레보플록사신수화물,하이록신정500mg(레보플록사신수화물),20131021,201309833,[M251128]레보플록사신수화물,,단일,20140109,"- 안전성 및 유효성 미확립- 퀴놀론계 항균제는 몇몇 어린 동물종에서 관절병증, 뼈연골증을 유발",,특정연령대금기
20260323,흰색 ~ 미백색의 원형 필름코팅정,06290,기타의 화학요법제,한국휴텍스제약(주),전문의약품,필름코팅정,D000793,Levofloxacin Hydrate,Levofloxacin Hydrate(레보플록사신수화물),레보플록사신수화물,크라프록신정100mg(레보플록사신수화물),20131217,201310716,[M251128]레보플록사신수화물,,단일,20140109,"- 안전성 및 유효성 미확립- 퀴놀론계 항균제는 몇몇 어린 동물종에서 관절병증, 뼈연골증을 유발",,특정연령대금기
20260323,엷은 녹색을 띈 황색의 맑은 액이 든 무색투명한 바이알 주사제,06290,기타의 화학요법제,명문제약(주),전문의약품,용액주사제,D000793,Levofloxacin Hydrate,Levofloxacin Hydrate(레보플록사신수화물),레보플록사신수화물,레지닌주(레보플록사신수화물)(수출용),20140304,201401011,[M251128]레보플록사신수화물,,단일,20140109,"- 안전성 및 유효성 미확립- 퀴놀론계 항균제는 몇몇 어린 동물종에서 관절병증, 뼈연골증을 유발",,특정연령대금기
20260323,백색∼미백색의 원형 필름코팅정,06290,기타의 화학요법제,(주)바이넥스,전문의약품,필름코팅정,D000793,Levofloxacin Hydrate,Levofloxacin Hydrate(레보플록사신수화물),레보플록사신수화물,레보트라정(레보플록사신수화물),20140324,201401334,[M251128]레보플록사신수화물,,단일,20140109,"- 안전성 및 유효성 미확립- 퀴놀론계 항균제는 몇몇 어린 동물종에서 관절병증, 뼈연골증을 유발",,특정연령대금기
20240522,엷은 황색의 투명 액체가 든 갈색 앰플 주사제,01140,해열.진통.소염제,아주약품(주),전문의약품,용액주사제,D000274,Ketorolac Tromethamine,Ketorolac Tromethamine(케토롤락트로메타민염),케토롤락트로메타민염,케트로민주(케토롤락트로메타민염)(수출용),20140624,201402788,[M222885]케토롤락트로메타민염,,단일,20140109,안전성 및 유효성 미확립,,특정연령대금기
20260323,진분홍색의 장방형 필름코팅정,06290,기타의 화학요법제,(주)화이트생명과학,전문의약품,필름코팅정,D000793,Levofloxacin Hydrate,Levofloxacin Hydrate(레보플록사신수화물),레보플록사신수화물,하이록신정250mg(레보플록사신수화물),20140626,201402851,[M251128]레보플록사신수화물,,단일,20140109,"- 안전성 및 유효성 미확립- 퀴놀론계 항균제는 몇몇 어린 동물종에서 관절병증, 뼈연골증을 유발",,특정연령대금기
20260323,미황색의 원형 필름코팅정,06290,기타의 화학요법제,(주)알피바이오,전문의약품,필름코팅정,D000793,Levofloxacin Hydrate,Levofloxacin Hydrate(레보플록사신수화물),레보플록사신수화물,알피레보플록사신정100밀리그램(레보플록사신수화물),20140716,201403186,[M251128]레보플록사신수화물,,단일,20140109,"- 안전성 및 유효성 미확립- 퀴놀론계 항균제는 몇몇 어린 동물종에서 관절병증, 뼈연골증을 유발",,특정연령대금기
20260323,백색~미백색의 원형 필름코팅정,06290,기타의 화학요법제,(주)화이트생명과학,전문의약품,필름코팅정,D000793,Levofloxacin Hydrate,Levofloxacin Hydrate(레보플록사신수화물),레보플록사신수화물,하이록신정100mg(레보플록사신수화물),20140722,201403287,[M251128]레보플록사신수화물,,단일,20140109,"- 안전성 및 유효성 미확립- 퀴놀론계 항균제는 몇몇 어린 동물종에서 관절병증, 뼈연골증을 유발",,특정연령대금기
20260323,흰색의 원형 필름코팅정,06290,기타의 화학요법제,(주)이든파마,전문의약품,필름코팅정,D000793,Levofloxacin Hydrate,Levofloxacin Hydrate(레보플록사신수화물),레보플록사신수화물,레보플로정(레보플록사신수화물),20140822,201403940,[M251128]레보플록사신수화물,,단일,20140109,"- 안전성 및 유효성 미확립- 퀴놀론계 항균제는 몇몇 어린 동물종에서 관절병증, 뼈연골증을 유발",,특정연령대금기
20260323,백색-미백색의 원형 필름코팅정,06290,기타의 화학요법제,(주)휴비스트제약,전문의약품,필름코팅정,D000793,Levofloxacin Hydrate,Levofloxacin Hydrate(레보플록사신수화물),레보플록사신수화물,휴록사신정100mg(레보플록사신수화물),20140822,201403944,[M251128]레보플록사신수화물,,단일,20140109,"- 안전성 및 유효성 미확립- 퀴놀론계 항균제는 몇몇 어린 동물종에서 관절병증, 뼈연골증을 유발",,특정연령대금기
20200922,흰색의 타원형 정제,01410,항히스타민제,(주)셀릭스,일반의약품,나정,D000708,Loratadine,Loratadine(로라타딘),로라타딘,로라젠정(로라타딘),20140912,201404206,[M082724]로라타딘,,단일,20140109,_,,특정연령대금기
20260323,연한 적갈색 장방형의 필름코팅정,06290,기타의 화학요법제,(주)테라젠이텍스,전문의약품,필름코팅정,D000793,Levofloxacin Hydrate,Levofloxacin Hydrate(레보플록사신수화물),레보플록사신수화물,레포리아정500mg(레보플록사신수화물)(수출용),20140929,201404444,[M251128]레보플록사신수화물,,단일,20140109,"- 안전성 및 유효성 미확립- 퀴놀론계 항균제는 몇몇 어린 동물종에서 관절병증, 뼈연골증을 유발",,특정연령대금기
20260323,흰색 또는 미백색의 원형 필름코팅정제,06290,기타의 화학요법제,(주)테라젠이텍스,전문의약품,필름코팅정,D000793,Levofloxacin Hydrate,Levofloxacin Hydrate(레보플록사신수화물),레보플록사신수화물,레포리아정100mg(레보플록사신수화물)(수출용),20140929,201404445,[M251128]레보플록사신수화물,,단일,20140109,"- 안전성 및 유효성 미확립- 퀴놀론계 항균제는 몇몇 어린 동물종에서 관절병증, 뼈연골증을 유발",,특정연령대금기
20260323,백색∼미백색의 원형 필름코팅정,06290,기타의 화학요법제,한화제약(주),전문의약품,필름코팅정,D000793,Levofloxacin Hydrate,Levofloxacin Hydrate(레보플록사신수화물),레보플록사신수화물,레크로신정(레보플록사신수화물),20141013,201404678,[M251128]레보플록사신수화물,,단일,20140109,"- 안전성 및 유효성 미확립- 퀴놀론계 항균제는 몇몇 어린 동물종에서 관절병증, 뼈연골증을 유발",,특정연령대금기
20260323,노란 분홍색의 장방형 필름코팅정,06290,기타의 화학요법제,(주)에이프로젠바이오로직스,전문의약품,필름코팅정,D000793,Levofloxacin Hydrate,Levofloxacin Hydrate(레보플록사신수화물),레보플록사신수화물,에이프로젠레보플록사신정500밀리그램(레보플록사신수화물)(수출용),20141022,201404833,[M251128]레보플록사신수화물,,단일,20140109,"- 안전성 및 유효성 미확립- 퀴놀론계 항균제는 몇몇 어린 동물종에서 관절병증, 뼈연골증을 유발",,특정연령대금기
20221206,"미황색의 가루가 든 상, 하부 흰색의 경질캡슐",02370,정장제,(주)화이트생명과학,일반의약품,"경질캡슐제, 산제",D000222,Loperamide Hydrochloride,Loperamide Hydrochloride(로페라미드염산염),로페라미드염산염,로피딘캡슐(로페라미드염산염)(수출용),20141024,201404888,[M222992]로페라미드염산염,,단일,20140109,_,,특정연령대금기
20260323,흰색의 원형 필름코팅제,06290,기타의 화학요법제,건일바이오팜주식회사,전문의약품,필름코팅정,D000793,Levofloxacin Hydrate,Levofloxacin Hydrate(레보플록사신수화물),레보플록사신수화물,리플록신정100밀리그램(레보플록사신수화물),20141028,201404979,[M251128]레보플록사신수화물,,단일,20140109,"- 안전성 및 유효성 미확립- 퀴놀론계 항균제는 몇몇 어린 동물종에서 관절병증, 뼈연골증을 유발",,특정연령대금기
20260323,흰색의 장방형 필름코팅정,06290,기타의 화학요법제,알리코제약(주),전문의약품,필름코팅정,D000793,Levofloxacin Hydrate,Levofloxacin Hydrate(레보플록사신수화물),레보플록사신수화물,레보파신정500mg(레보플록사신수화물)(수출용) (수출명:BORAFLOX tab.),20141121,201405442,[M251128]레보플록사신수화물,,단일,20140109,"- 안전성 및 유효성 미확립- 퀴놀론계 항균제는 몇몇 어린 동물종에서 관절병증, 뼈연골증을 유발",,특정연령대금기
20260323,연한 적갈색 장방형의 필름코팅정,06290,기타의 화학요법제,한국프라임제약(주),전문의약품,필름코팅정,D000793,Levofloxacin Hydrate,Levofloxacin Hydrate(레보플록사신수화물),레보플록사신수화물,레보플정500밀리그램(레보플록사신수화물)(수출용),20141128,201405594,[M251128]레보플록사신수화물/[M251128]레보플록사신수화물,,단일,20140109,"- 안전성 및 유효성 미확립- 퀴놀론계 항균제는 몇몇 어린 동물종에서 관절병증, 뼈연골증을 유발",,특정연령대금기
20260323,흰색의 장방형 필름코팅정제,06290,기타의 화학요법제,국제약품(주),전문의약품,필름코팅정,D000793,Levofloxacin Hydrate,Levofloxacin Hydrate(레보플록사신수화물),레보플록사신수화물,레보카신정750밀리그램(레보플록사신수화물),20141223,201406037,[M251128]레보플록사신수화물,,단일,20140109,"- 안전성 및 유효성 미확립- 퀴놀론계 항균제는 몇몇 어린 동물종에서 관절병증, 뼈연골증을 유발",,특정연령대금기
20260323,흰색의 장방형 필름코팅정,06290,기타의 화학요법제,코오롱제약(주),전문의약품,필름코팅정,D000793,Levofloxacin Hydrate,Levofloxacin Hydrate(레보플록사신수화물),레보플록사신수화물,레보플러스정750밀리그램(레보플록사신수화물),20141229,201406125,[M251128]레보플록사신수화물,,단일,20140109,"- 안전성 및 유효성 미확립- 퀴놀론계 항균제는 몇몇 어린 동물종에서 관절병증, 뼈연골증을 유발",,특정연령대금기
20240522,엷은 황색의 투명한 액체가 든 갈색 앰플 주사제,01140,해열.진통.소염제,이연제약(주),전문의약품,용액주사제,D000274,Ketorolac Tromethamine,Ketorolac Tromethamine(케토롤락트로메타민),케토롤락트로메타민,케톨민주(케토롤락트로메타민),20150115,201500216,[M084703]케토롤락트로메타민,,단일,20140109,안전성 및 유효성 미확립,,특정연령대금기
20200106,무색 내지 연한 파란색의 투명한 내용액을 함유한 파란색의 투명한 타원형 연질캡슐,01410,항히스타민제,(주)알피바이오,일반의약품,"연질캡슐제, 액상",D000708,Loratadine,Loratadine(로라타딘),로라타딘,클리어딘연질캡슐(로라타딘),20150227,201501029,[M082724]로라타딘,,단일,20140109,_,,특정연령대금기
20210120,흰색의 원형 정제,01410,항히스타민제,태극제약(주),일반의약품,나정,D000708,Loratadine,Loratadine(로라타딘),로라타딘,제라타딘정(로라타딘),20150320,201501483,[M082724]로라타딘,,단일,20140109,_,,특정연령대금기
20260323,백색~미백색의 원형 필름코팅정,06290,기타의 화학요법제,익수제약(주),전문의약품,필름코팅정,D000793,Levofloxacin Hydrate,Levofloxacin Hydrate(레보플록사신수화물),레보플록사신수화물,레사크라정100밀리그램(레보플록사신수화물),20150427,201502450,[M251128]레보플록사신수화물,,단일,20140109,"- 안전성 및 유효성 미확립- 퀴놀론계 항균제는 몇몇 어린 동물종에서 관절병증, 뼈연골증을 유발",,특정연령대금기
20260323,녹색을 띤 밝은 노란색의 투명한 액이 들어있는 반투명 플라스틱병 주사제,06290,기타의 화학요법제,명문제약(주),전문의약품,용액주사제,D000793,Levofloxacin Hydrate,Levofloxacin Hydrate(레보플록사신수화물),레보플록사신수화물,타레린주500밀리그램(레보플록사신수화물),20150626,201504161,[M251128]레보플록사신수화물,,단일,20140109,"- 안전성 및 유효성 미확립- 퀴놀론계 항균제는 몇몇 어린 동물종에서 관절병증, 뼈연골증을 유발",,특정연령대금기
20260323,엷은 녹색을 띈 황색의 맑은 액이 든 무색투명한 바이알 주사제,06290,기타의 화학요법제,대한뉴팜(주),전문의약품,용액주사제,D000793,Levofloxacin Hydrate,Levofloxacin Hydrate(레보플록사신수화물),레보플록사신수화물,셀비텐주(레보플록사신수화물)(수출용),20150630,201504243,[M251128]레보플록사신수화물,,단일,20140109,"- 안전성 및 유효성 미확립- 퀴놀론계 항균제는 몇몇 어린 동물종에서 관절병증, 뼈연골증을 유발",,특정연령대금기
20260309,흰색의 크림제,01210,국소마취제,(주)휴비스트제약,전문의약품,피부크림제,D000709,Lidocaine,Lidocaine(리도카인),리도카인,뷰티카인크림(수출명 : Beautycaine Cream),20150721,201504971,[M040131]리도카인/[M087237]프릴로카인,[D000622]Prilocaine(프릴로카인),복합,20140109,- 흡수에 대한 자료가 불완전하므로 소아의 생식기 점막에는 적용하지 말 것- 메트헤모글로빈의 일시적 증가 보고,,특정연령대금기
20260323,흰색의 원형 필름코팅정,06290,기타의 화학요법제,(주)테라젠이텍스,전문의약품,필름코팅정,D000793,Levofloxacin Hydrate,Levofloxacin Hydrate(레보플록사신수화물),레보플록사신수화물,레프렉스정100mg(레보플록사신수화물),20150827,201506122,[M251128]레보플록사신수화물,,단일,20140109,"- 안전성 및 유효성 미확립- 퀴놀론계 항균제는 몇몇 어린 동물종에서 관절병증, 뼈연골증을 유발",,특정연령대금기
20260323,엷은 녹색을 띤 황색의 맑은 액이 든 무색투명한 바이알 주사제,06290,기타의 화학요법제,삼성제약(주),전문의약품,용액주사제,D000793,Levofloxacin Hydrate,Levofloxacin Hydrate(레보플록사신수화물),레보플록사신수화물,삼성레보플록사신주(레보플록사신수화물),20150910,201506488,[M251128]레보플록사신수화물,,단일,20140109,"- 안전성 및 유효성 미확립- 퀴놀론계 항균제는 몇몇 어린 동물종에서 관절병증, 뼈연골증을 유발",,특정연령대금기
20260323,엷은 녹색을 띈 황색의 맑은 액이 든 무색투명한 바이알 주사제,06290,기타의 화학요법제,(주)하원제약,전문의약품,용액주사제,D000793,Levofloxacin Hydrate,Levofloxacin Hydrate(레보플록사신수화물),레보플록사신수화물,하원레보플록사신주(레보플록사신수화물),20150923,201506689,[M251128]레보플록사신수화물,,단일,20140109,"- 안전성 및 유효성 미확립- 퀴놀론계 항균제는 몇몇 어린 동물종에서 관절병증, 뼈연골증을 유발",,특정연령대금기
20201221,무색 내지 연한 파란색의 투명한 내용액을 함유한 파란색의 투명한 타원형 연질캡슐,01410,항히스타민제,한솔신약(주),일반의약품,"연질캡슐제, 액상",D000708,Loratadine,Loratadine(로라타딘),로라타딘,로라딘연질캡슐(로라타딘),20151113,201507693,[M082724]로라타딘,,단일,20140109,_,,특정연령대금기
20260323,[내수용]분홍색의 장방형 필름코팅정                                                             [수출용]연한 적갈색 장방형의 필름코팅정,06290,기타의 화학요법제,(주)씨엠지제약,전문의약품,필름코팅정,D000793,Levofloxacin Hydrate,Levofloxacin Hydrate(레보플록사신수화물),레보플록사신수화물,레플록신정500mg(레보플록사신),20151207,201508138,[M251128]레보플록사신수화물/[M251128]레보플록사신수화물,,단일,20140109,"- 안전성 및 유효성 미확립- 퀴놀론계 항균제는 몇몇 어린 동물종에서 관절병증, 뼈연골증을 유발",,특정연령대금기
20200903,무색의 투명한 내용액을 함유한 초록색의 투명한 타원형 연질캡슐,01410,항히스타민제,동화약품(주),일반의약품,"연질캡슐제, 액상",D000708,Loratadine,Loratadine(로라타딘),로라타딘,플로라딘연질캡슐(로라타딘),20160125,201600490,[M082724]로라타딘,,단일,20140109,_,,특정연령대금기
20250811,노란색의 원형 필름코팅정,06290,기타의 화학요법제,코오롱제약(주),전문의약품,필름코팅정,D000523,Lomefloxacin Hydrochloride,Lomefloxacin Hydrochloride(로메플록사신염산염),로메플록사신염산염,로맥사신정100mg(로메플록사신염산염),20160330,201601702,[M229183]로메플록사신염산염,,단일,20140109,- 안전성 및 유효성 미확립- 몇몇 어린 동물종을 이용한 동물실험결과 관절이상이 보고됨,,특정연령대금기
20260323,흰색의 장방형 필름코팅정제,06290,기타의 화학요법제,(주)테라젠이텍스,전문의약품,필름코팅정,D000793,Levofloxacin Hydrate,Levofloxacin Hydrate(레보플록사신수화물),레보플록사신수화물,레포리아정750mg(레보플록사신수화물)(수출용),20160421,201602214,[M251128]레보플록사신수화물,,단일,20140109,"- 안전성 및 유효성 미확립- 퀴놀론계 항균제는 몇몇 어린 동물종에서 관절병증, 뼈연골증을 유발",,특정연령대금기
20260309,흰색의 크림제,01210,국소마취제,구주제약(주),전문의약품,피부크림제,D000709,Lidocaine,Lidocaine(리도카인),리도카인,웰스카인플러스크림,20160510,201602583,[M040131]리도카인/[M087237]프릴로카인,[D000622]Prilocaine(프릴로카인),복합,20140109,- 흡수에 대한 자료가 불완전하므로 소아의 생식기 점막에는 적용하지 말 것- 메트헤모글로빈의 일시적 증가 보고,,특정연령대금기
20260309,흰색의 크림제,01210,국소마취제,대한뉴팜(주),전문의약품,피부크림제,D000709,Lidocaine,Lidocaine(리도카인),리도카인,플랑셀크림(수출용),20160526,201602962,[M040131]리도카인/[M087237]프릴로카인,[D000622]Prilocaine(프릴로카인),복합,20140109,- 흡수에 대한 자료가 불완전하므로 소아의 생식기 점막에는 적용하지 말 것- 메트헤모글로빈의 일시적 증가 보고,,특정연령대금기
20260309,흰색의 크림제,01210,국소마취제,(주)텔콘알에프제약,전문의약품,피부크림제,D000709,Lidocaine,Lidocaine(리도카인),리도카인,레이카인크림,20160530,201603047,[M040131]리도카인/[M087237]프릴로카인,[D000622]Prilocaine(프릴로카인),복합,20140109,- 흡수에 대한 자료가 불완전하므로 소아의 생식기 점막에는 적용하지 말 것- 메트헤모글로빈의 일시적 증가 보고,,특정연령대금기
20260323,흰색 - 미백색의 원형 필름코팅정,06290,기타의 화학요법제,(주)셀트리온제약,전문의약품,필름코팅정,D000793,Levofloxacin Hydrate,Levofloxacin Hydrate(레보플록사신수화물),레보플록사신수화물,셀트리온레보플록사신정100밀리그램(레보플록사신수화물),20160531,201603130,[M251128]레보플록사신수화물,,단일,20140109,"- 안전성 및 유효성 미확립- 퀴놀론계 항균제는 몇몇 어린 동물종에서 관절병증, 뼈연골증을 유발",,특정연령대금기
20250930,무색투명한 용액이 무색투명한 유리 프리필드시린지에 든 주사제로서 1회용 주사침이 첨부되어있다.,03990,따로 분류되지 않는 대사성 의약품,삼성제약(주),전문의약품,용액주사제,D000668,Ibandronate Sodium Monohydrate,Ibandronate Sodium Monohydrate(이반드론산나트륨일수화물),이반드론산나트륨일수화물,삼성이반드론산주(이반드론산나트륨일수화물),20160719,201604442,[M102556]이반드론산나트륨일수화물,,단일,20140109,안전성 및 유효성 미확립,,특정연령대금기
20250930,흰색 내지 거의 흰색의 장방형 필름코팅정,03990,따로 분류되지 않는 대사성 의약품,한국유니온제약(주),전문의약품,필름코팅정,D000668,Ibandronate Sodium Monohydrate,Ibandronate Sodium Monohydrate(이반드론산나트륨일수화물),이반드론산나트륨일수화물,유니비바정150밀리그램(이반드론산나트륨일수화물)(수출용),20160810,201604875,[M102556]이반드론산나트륨일수화물,,단일,20140109,안전성 및 유효성 미확립,,특정연령대금기
20250930,무색투명한 용액이 무색투명한 유리 프리필드시린지에 든 주사제로서 1회용 주사침이 첨부되어있다.,03990,따로 분류되지 않는 대사성 의약품,하나제약(주),전문의약품,용액주사제,D000668,Ibandronate Sodium Monohydrate,Ibandronate Sodium Monohydrate(이반드론산나트륨일수화물),이반드론산나트륨일수화물,하니반주(이반드론산나트륨일수화물)(프리필드),20160831,201605329,[M102556]이반드론산나트륨일수화물,,단일,20140109,안전성 및 유효성 미확립,,특정연령대금기
20260323,진분홍색의 장방형 필름코팅정,06290,기타의 화학요법제,신신제약(주),전문의약품,필름코팅정,D000793,Levofloxacin Hydrate,Levofloxacin Hydrate(레보플록사신수화물),레보플록사신수화물,유로레보정250mg(레보플록사신수화물),20161209,201607032,[M251128]레보플록사신수화물,,단일,20140109,"- 안전성 및 유효성 미확립- 퀴놀론계 항균제는 몇몇 어린 동물종에서 관절병증, 뼈연골증을 유발",,특정연령대금기
20191217,흰색의 직사각형 구강붕해필름 ,01410,항히스타민제,(주)씨엘팜,일반의약품,구강붕해정,D000708,Loratadine,Loratadine(로라타딘),로라타딘,알지스탑구강붕해필름(로라타딘),20161215,201607109,[M082724]로라타딘,,단일,20140109,_,,특정연령대금기
20260323,진분홍색의 장방형 필름코팅정,06290,기타의 화학요법제,대웅바이오(주),전문의약품,필름코팅정,D000793,Levofloxacin Hydrate,Levofloxacin Hydrate(레보플록사신수화물),레보플록사신수화물,크라보신정250밀리그램(레보플록사신수화물),20161221,201607197,[M251128]레보플록사신수화물,,단일,20140109,"- 안전성 및 유효성 미확립- 퀴놀론계 항균제는 몇몇 어린 동물종에서 관절병증, 뼈연골증을 유발",,특정연령대금기
20260309,흰색의 크림제,01210,국소마취제,(주)에이치피앤씨,전문의약품,피부크림제,D000709,Lidocaine,Lidocaine(리도카인),리도카인,아네카인크림,20161230,201607403,[M040131]리도카인/[M087237]프릴로카인,[D000622]Prilocaine(프릴로카인),복합,20140109,- 흡수에 대한 자료가 불완전하므로 소아의 생식기 점막에는 적용하지 말 것- 메트헤모글로빈의 일시적 증가 보고,,특정연령대금기
20260323,엷은 녹색을 띈 황색의 맑은 액이 든 무색투명한 바이알 주사제,06290,기타의 화학요법제,(주)유영제약,전문의약품,용액주사제,D000793,Levofloxacin Hydrate,Levofloxacin Hydrate(레보플록사신수화물),레보플록사신수화물,유영레보플록사신주(레보플록사신수화물),20170112,201700257,[M251128]레보플록사신수화물,,단일,20140109,"- 안전성 및 유효성 미확립- 퀴놀론계 항균제는 몇몇 어린 동물종에서 관절병증, 뼈연골증을 유발",,특정연령대금기
20250930,무색투명한 용액이 무색투명한 유리 프리필드시린지에 든 주사제로서 1회용 주사침이 첨부되어있다.,03990,따로 분류되지 않는 대사성 의약품,(주)한국팜비오,전문의약품,용액주사제,D000668,Ibandronate Sodium Monohydrate,Ibandronate Sodium Monohydrate(이반드론산나트륨일수화물),이반드론산나트륨일수화물,팜비바주(이반드론산나트륨일수화물),20170125,201700475,[M102556]이반드론산나트륨일수화물,,단일,20140109,안전성 및 유효성 미확립,,특정연령대금기
20240522,엷은 황색의 투명한 액체가 든 갈색 앰플 주사제,01140,해열.진통.소염제,삼진제약(주),전문의약품,용액주사제,D000274,Ketorolac Tromethamine,Ketorolac Tromethamine(케토롤락트로메타민),케토롤락트로메타민,케라신주(케토롤락트로메타민),20170131,201700525,[M084703]케토롤락트로메타민,,단일,20140109,안전성 및 유효성 미확립,,특정연령대금기
20250930,무색투명한 용액이 무색투명한 유리 프리필드시린지에 든 주사제로서 1회용 주사침이 첨부되어있다.,03990,따로 분류되지 않는 대사성 의약품,(주)화이트생명과학,전문의약품,용액주사제,D000668,Ibandronate Sodium Monohydrate,Ibandronate Sodium Monohydrate(이반드론산나트륨일수화물),이반드론산나트륨일수화물,보네조아주(이반드론산나트륨일수화물),20170215,201700825,[M102556]이반드론산나트륨일수화물,,단일,20140109,안전성 및 유효성 미확립,,특정연령대금기
20250930,무색투명한 용액이 무색투명한 유리 프리필드시린지에 든 주사제로서 1회용 주사침이 첨부되어있다.,03990,따로 분류되지 않는 대사성 의약품,(주)넥스팜코리아,전문의약품,용액주사제,D000668,Ibandronate Sodium Monohydrate,Ibandronate Sodium Monohydrate(이반드론산나트륨일수화물),이반드론산나트륨일수화물,넥스팜이반드론주(이반드론산나트륨일수화물),20170228,201701085,[M102556]이반드론산나트륨일수화물,,단일,20140109,안전성 및 유효성 미확립,,특정연령대금기
20260323,분홍색의 장방형 필름코팅정,06290,기타의 화학요법제,한국휴텍스제약(주),전문의약품,필름코팅정,D000793,Levofloxacin Hydrate,Levofloxacin Hydrate(레보플록사신수화물),레보플록사신수화물,크라프록신정500mg(레보플록사신수화물),20170327,201701431,[M251128]레보플록사신수화물,,단일,20140109,"- 안전성 및 유효성 미확립- 퀴놀론계 항균제는 몇몇 어린 동물종에서 관절병증, 뼈연골증을 유발",,특정연령대금기
20260323,분홍색의 장방형 필름코팅정,06290,기타의 화학요법제,주식회사더유제약,전문의약품,필름코팅정,D000793,Levofloxacin Hydrate,Levofloxacin Hydrate(레보플록사신수화물),레보플록사신수화물,레보에프정500밀리그램(레보플록사신수화물),20170331,201701554,[M251128]레보플록사신수화물,,단일,20140109,"- 안전성 및 유효성 미확립- 퀴놀론계 항균제는 몇몇 어린 동물종에서 관절병증, 뼈연골증을 유발",,특정연령대금기
20260323,진분홍색의 장방형 필름코팅정,06290,기타의 화학요법제,명문제약(주),전문의약품,필름코팅정,D000793,Levofloxacin Hydrate,Levofloxacin Hydrate(레보플록사신수화물),레보플록사신수화물,레보푸라신정250밀리그램(레보플록사신수화물),20170403,201701601,[M251128]레보플록사신수화물,,단일,20140109,"- 안전성 및 유효성 미확립- 퀴놀론계 항균제는 몇몇 어린 동물종에서 관절병증, 뼈연골증을 유발",,특정연령대금기
20250930,무색투명한 용액이 무색투명한 유리 프리필드시린지에 든 주사제로서 1회용 주사침이 첨부되어 있다.,03990,따로 분류되지 않는 대사성 의약품,(주)한국파마,전문의약품,용액주사제,D000668,Ibandronate Sodium Monohydrate,Ibandronate Sodium Monohydrate(이반드론산나트륨일수화물),이반드론산나트륨일수화물,이반지나주(이반드론산나트륨일수화물),20170421,201702034,[M102556]이반드론산나트륨일수화물,,단일,20140109,안전성 및 유효성 미확립,,특정연령대금기
20260323,진분홍색의 장방형 필름코팅정,06290,기타의 화학요법제,(주)알피바이오,전문의약품,필름코팅정,D000793,Levofloxacin Hydrate,Levofloxacin Hydrate(레보플록사신수화물),레보플록사신수화물,알피레보플록사신정250mg(레보플록사신수화물),20170515,201702349,[M251128]레보플록사신수화물,,단일,20140109,"- 안전성 및 유효성 미확립- 퀴놀론계 항균제는 몇몇 어린 동물종에서 관절병증, 뼈연골증을 유발",,특정연령대금기
20260323,엷은 녹색을 띤 황색의 맑은 액이 든 무색투명한 바이알 주사제,06290,기타의 화학요법제,한국코러스(주),전문의약품,용액주사제,D000793,Levofloxacin Hydrate,Levofloxacin Hydrate(레보플록사신수화물),레보플록사신수화물,케이레보주(레보플록사신수화물),20170918,201707114,[M251128]레보플록사신수화물,,단일,20140109,"- 안전성 및 유효성 미확립- 퀴놀론계 항균제는 몇몇 어린 동물종에서 관절병증, 뼈연골증을 유발",,특정연령대금기
20260323,분홍색의 장방형 필름코팅정,06290,기타의 화학요법제,대한뉴팜(주),전문의약품,필름코팅정,D000793,Levofloxacin Hydrate,Levofloxacin Hydrate(레보플록사신수화물),레보플록사신수화물,레비신정500mg(레보플록사신수화물),20171123,201708021,[M251128]레보플록사신수화물,,단일,20140109,"- 안전성 및 유효성 미확립- 퀴놀론계 항균제는 몇몇 어린 동물종에서 관절병증, 뼈연골증을 유발",,특정연령대금기
20260323,진분홍색의 장방형 필름코팅정,06290,기타의 화학요법제,한국코러스(주),전문의약품,필름코팅정,D000793,Levofloxacin Hydrate,Levofloxacin Hydrate(레보플록사신수화물),레보플록사신수화물,레보타신정250밀리그램(레보플록사신수화물)(수출용),20180109,201800126,[M251128]레보플록사신수화물,,단일,20140109,"- 안전성 및 유효성 미확립- 퀴놀론계 항균제는 몇몇 어린 동물종에서 관절병증, 뼈연골증을 유발",,특정연령대금기
20260323,복숭아색의 장방형 필름코팅정,06290,기타의 화학요법제,한국코러스(주),전문의약품,필름코팅정,D000793,Levofloxacin Hydrate,Levofloxacin Hydrate(레보플록사신수화물),레보플록사신수화물,레보타신정500밀리그램(레보플록사신수화물)(수출용),20180109,201800127,[M251128]레보플록사신수화물,,단일,20140109,"- 안전성 및 유효성 미확립- 퀴놀론계 항균제는 몇몇 어린 동물종에서 관절병증, 뼈연골증을 유발",,특정연령대금기
20250930,무색투명한 용액이 무색투명한 유리 프리필드시린지에 든 주사제로서 1회용 주사침이 첨부되어있다.,03990,따로 분류되지 않는 대사성 의약품,(주)팜젠사이언스,전문의약품,용액주사제,D000668,Ibandronate Sodium Monohydrate,Ibandronate Sodium Monohydrate(이반드론산나트륨일수화물),이반드론산나트륨일수화물,본비스주(이반드론산나트륨일수화물),20180118,201800259,[M102556]이반드론산나트륨일수화물,,단일,20140109,안전성 및 유효성 미확립,,특정연령대금기
20260323,연한 적갈색 장방형의 필름코팅정,06290,기타의 화학요법제,(주)넥스팜코리아,전문의약품,필름코팅정,D000793,Levofloxacin Hydrate,Levofloxacin Hydrate(레보플록사신수화물),레보플록사신수화물,레폭사신정500mg(레보플록사신수화물)(수출용)(수출명: Huritan Tablet),20180122,201800278,[M251128]레보플록사신수화물,,단일,20140109,"- 안전성 및 유효성 미확립- 퀴놀론계 항균제는 몇몇 어린 동물종에서 관절병증, 뼈연골증을 유발",,특정연령대금기
20200813,무색 반투명의 점착성 물질을 지지체에 도포하고(바르고) 고체면에 박리지를 덮은 첩부제이다.,02640,진통.진양.수렴.소염제,(주)티디에스팜,일반의약품,지지체가있는첩부제,D000672,Ketoprofen,Ketoprofen(케토프로펜),케토프로펜,케로펜디플라스타(케토프로펜),20180205,201800707,[M051464]케토프로펜/[M051464]케토프로펜/[M051464]케토프로펜/[M051464]케토프로펜,,단일,20140109,_,,특정연령대금기
20260323,분홍색의 장방형 필름코팅정,06290,기타의 화학요법제,건일제약(주),전문의약품,필름코팅정,D000793,Levofloxacin Hydrate,Levofloxacin Hydrate(레보플록사신수화물),레보플록사신수화물,레보건정500밀리그램(레보플록사신수화물),20180307,201801057,[M251128]레보플록사신수화물,,단일,20140109,"- 안전성 및 유효성 미확립- 퀴놀론계 항균제는 몇몇 어린 동물종에서 관절병증, 뼈연골증을 유발",,특정연령대금기
20250930,무색투명한 용액이 무색투명한 유리 프리필드시린지에 든 주사제로서 1회용 주사침이 첨부되어있다.,03990,따로 분류되지 않는 대사성 의약품,(주)바스칸바이오제약,전문의약품,용액주사제,D000668,Ibandronate Sodium Monohydrate,Ibandronate Sodium Monohydrate(이반드론산나트륨일수화물),이반드론산나트륨일수화물,본바로주(이반드론산나트륨일수화물),20180427,201801801,[M102556]이반드론산나트륨일수화물,,단일,20140109,안전성 및 유효성 미확립,,특정연령대금기
20260323,백색~미백색의 원형 필름코팅정제,06290,기타의 화학요법제,한국코러스(주),전문의약품,필름코팅정,D000793,Levofloxacin Hydrate,Levofloxacin Hydrate(레보플록사신수화물),레보플록사신수화물,레보타신정100밀리그램(레보플록사신수화물),20180503,201801895,[M251128]레보플록사신수화물,,단일,20140109,"- 안전성 및 유효성 미확립- 퀴놀론계 항균제는 몇몇 어린 동물종에서 관절병증, 뼈연골증을 유발",,특정연령대금기
20250930,무색투명한 용액이 무색투명한 유리 프리필드시린지에 든 주사제로서 1회용 주사침이 첨부되어있다.,03990,따로 분류되지 않는 대사성 의약품,(주)휴비스트제약,전문의약품,용액주사제,D000668,Ibandronate Sodium Monohydrate,Ibandronate Sodium Monohydrate(이반드론산나트륨일수화물),이반드론산나트륨일수화물,오스테포스주사(이반드론산나트륨일수화물),20180509,201801955,[M102556]이반드론산나트륨일수화물,,단일,20140109,안전성 및 유효성 미확립,,특정연령대금기
20200121,무색 내지 연한 파란색의 투명한 내용액을 함유한 파란색의 투명한 타원형 연질캡슐,01410,항히스타민제,제일헬스사이언스(주),일반의약품,"연질캡슐제, 액상",D000708,Loratadine,Loratadine(로라타딘),로라타딘,제일알지싹로라연질캡슐(로라타딘),20180806,201803206,[M082724]로라타딘,,단일,20140109,_,,특정연령대금기
20260323,엷은 녹색을 띈 황색의 맑은 액이 든 무색투명한 바이알 주사제,06290,기타의 화학요법제,(주)넥스팜코리아,전문의약품,용액주사제,D000793,Levofloxacin Hydrate,Levofloxacin Hydrate(레보플록사신수화물),레보플록사신수화물,레폭사신주(레보플록사신수화물),20180809,201803262,[M251128]레보플록사신수화물,,단일,20140109,"- 안전성 및 유효성 미확립- 퀴놀론계 항균제는 몇몇 어린 동물종에서 관절병증, 뼈연골증을 유발",,특정연령대금기
20250930,무색투명한 용액이 무색투명한 유리 프리필드시린지에 든 주사제로서 1회용 주사침이 첨부되어있다.,03990,따로 분류되지 않는 대사성 의약품,(주)일화,전문의약품,용액주사제,D000668,Ibandronate Sodium Monohydrate,Ibandronate Sodium Monohydrate(이반드론산나트륨일수화물),이반드론산나트륨일수화물,이반본주(이반드론산나트륨일수화물),20180813,201803290,[M102556]이반드론산나트륨일수화물,,단일,20140109,안전성 및 유효성 미확립,,특정연령대금기
20181016,연한 분홍색 또는 분홍색의 점착성 고체를 부직포 위에 도포하고 뒷면에 밀착포를 부착한 특유한 향기를 가진 카타플라스마제,02640,진통.진양.수렴.소염제,일동제약(주),일반의약품,지지체가있는첩부제,D000672,Ketoprofen,Ketoprofen(케토프로펜),케토프로펜,캐롤쿨링더블파워카타플라스마(케토프로펜) ,20180828,201803486,[M051464]케토프로펜,,단일,20140109,_,,특정연령대금기
20190826,무색 반투명의 점착성 물질을 지지체에 도포(바르다)하고 고체면에 박리(벗겨내기)지를 덮은 첩부제,02640,진통.진양.수렴.소염제,(주)유한양행,일반의약품,지지체가있는첩부제,D000672,Ketoprofen,Ketoprofen(케토프로펜),케토프로펜,안티푸라민케토플라스타(케토프로펜),20181004,201803902,[M051464]케토프로펜,,단일,20140109,_,,특정연령대금기
20220331,무색 또는 담황색의 점착성의 고체를 부직포 위에 도포(바르다)하고 부직점착테이프를 고정시킨 후 박리(벗겨내기)지를 덮은 카타플라스마제,02640,진통.진양.수렴.소염제,(주)유한양행,일반의약품,카타플라스마제,D000672,Ketoprofen,Ketoprofen(케토프로펜),케토프로펜,안티푸라민케토카타플라스마(케토프로펜),20181018,201804122,[M051464]케토프로펜,,단일,20140109,_,,특정연령대금기
20260323,엷은 녹색을 띤 황색의 맑은 액이 든 무색투명한 바이알 주사제,06290,기타의 화학요법제,코스맥스파마(주),전문의약품,용액주사제,D000793,Levofloxacin Hydrate,Levofloxacin Hydrate(레보플록사신수화물),레보플록사신수화물,레보플주(레보플록사신수화물),20190114,201900159,[M088567]레보플록사신수화물,,단일,20140109,"- 안전성 및 유효성 미확립- 퀴놀론계 항균제는 몇몇 어린 동물종에서 관절병증, 뼈연골증을 유발",,특정연령대금기
20250930,무색투명한 용액이 무색투명한 유리 프리필드시린지에 든 주사제로서 1회용 주사침이 첨부되어있다.,03990,따로 분류되지 않는 대사성 의약품,(주)아이월드제약,전문의약품,용액주사제,D000668,Ibandronate Sodium Monohydrate,Ibandronate Sodium Monohydrate(이반드론산나트륨일수화물),이반드론산나트륨일수화물,본바넬주(이반드론산나트륨일수화물),20190122,201900324,[M102556]이반드론산나트륨일수화물,,단일,20140109,안전성 및 유효성 미확립,,특정연령대금기
20250930,무색투명한 액이 무색투명한 프리필드시린지에 든 주사제로서 1회용 주사침이 첨부되어있다.,03990,따로 분류되지 않는 대사성 의약품,한국코러스(주),전문의약품,용액주사제,D000668,Ibandronate Sodium Monohydrate,Ibandronate Sodium Monohydrate(이반드론산나트륨일수화물),이반드론산나트륨일수화물,이바론주(이반드론산나트륨일수화물),20190226,201901186,[M102556]이반드론산나트륨일수화물,,단일,20140109,안전성 및 유효성 미확립,,특정연령대금기
20260323,흰색-미백색의 원형 필름코팅정,06290,기타의 화학요법제,에이치엘비제약(주),전문의약품,필름코팅정,D000793,Levofloxacin Hydrate,Levofloxacin Hydrate(레보플록사신수화물),레보플록사신수화물,레플로신정100밀리그램(레보플록사신수화물),20190321,201901699,[M251128]레보플록사신수화물,,단일,20140109,"- 안전성 및 유효성 미확립- 퀴놀론계 항균제는 몇몇 어린 동물종에서 관절병증, 뼈연골증을 유발",,특정연령대금기
20260323,분홍색의 장방형 필름코팅정,06290,기타의 화학요법제,코스맥스파마(주),전문의약품,필름코팅정,D000793,Levofloxacin Hydrate,Levofloxacin Hydrate(레보플록사신수화물),레보플록사신수화물,레보투정500밀리그램(레보플록사신수화물),20190328,201901896,[M251128]레보플록사신수화물,,단일,20140109,"- 안전성 및 유효성 미확립- 퀴놀론계 항균제는 몇몇 어린 동물종에서 관절병증, 뼈연골증을 유발",,특정연령대금기
20260323,백색-미백색의 원형 필름코팅정,06290,기타의 화학요법제,코스맥스파마(주),전문의약품,필름코팅정,D000793,Levofloxacin Hydrate,Levofloxacin Hydrate(레보플록사신수화물),레보플록사신수화물,레보투정100밀리그램(레보플록사신수화물),20190328,201901897,[M251128]레보플록사신수화물,,단일,20140109,"- 안전성 및 유효성 미확립- 퀴놀론계 항균제는 몇몇 어린 동물종에서 관절병증, 뼈연골증을 유발",,특정연령대금기
20260323,진분홍색의 장방형 필름코팅정,06290,기타의 화학요법제,(주)휴온스,전문의약품,필름코팅정,D000793,Levofloxacin Hydrate,Levofloxacin Hydrate(레보플록사신수화물),레보플록사신수화물,레보바이정250밀리그램(레보플록사신수화물),20190409,201902151,[M251128]레보플록사신수화물,,단일,20140109,"- 안전성 및 유효성 미확립- 퀴놀론계 항균제는 몇몇 어린 동물종에서 관절병증, 뼈연골증을 유발",,특정연령대금기
20260323,복숭아색의 장방형 필름코팅정,06290,기타의 화학요법제,(주)휴온스,전문의약품,필름코팅정,D000793,Levofloxacin Hydrate,Levofloxacin Hydrate(레보플록사신수화물),레보플록사신수화물,레보바이정500밀리그램(레보플록사신수화물),20190409,201902152,[M251128]레보플록사신수화물,,단일,20140109,"- 안전성 및 유효성 미확립- 퀴놀론계 항균제는 몇몇 어린 동물종에서 관절병증, 뼈연골증을 유발",,특정연령대금기
20260323,분홍색의 장방형 필름코팅정,06290,기타의 화학요법제,(주)인트로바이오파마,전문의약품,필름코팅정,D000793,Levofloxacin Hydrate,Levofloxacin Hydrate(레보플록사신수화물),레보플록사신수화물,레보에이블정500밀리그램(레보플록사신수화물),20190409,201902167,[M251128]레보플록사신수화물,,단일,20140109,"- 안전성 및 유효성 미확립- 퀴놀론계 항균제는 몇몇 어린 동물종에서 관절병증, 뼈연골증을 유발",,특정연령대금기
20260323, 백색-미백색의 원형 필름코팅정,06290,기타의 화학요법제,대웅바이오(주),전문의약품,필름코팅정,D000793,Levofloxacin Hydrate,Levofloxacin Hydrate(레보플록사신수화물),레보플록사신수화물,크라보신정100밀리그램(레보플록사신수화물),20190409,201902168,[M251128]레보플록사신수화물,,단일,20140109,"- 안전성 및 유효성 미확립- 퀴놀론계 항균제는 몇몇 어린 동물종에서 관절병증, 뼈연골증을 유발",,특정연령대금기
20260323,분홍색의 장방형 필름코팅정,06290,기타의 화학요법제,주식회사큐엘파마,전문의약품,필름코팅정,D000793,Levofloxacin Hydrate,Levofloxacin Hydrate(레보플록사신수화물),레보플록사신수화물,유로펜타정500mg(레보플록사신수화물),20190419,201902439,[M251128]레보플록사신수화물,,단일,20140109,"- 안전성 및 유효성 미확립- 퀴놀론계 항균제는 몇몇 어린 동물종에서 관절병증, 뼈연골증을 유발",,특정연령대금기
20260323,흰색의 원형필름코팅정,06290,기타의 화학요법제,(주)보령바이오파마,전문의약품,필름코팅정,D000793,Levofloxacin Hydrate,Levofloxacin Hydrate(레보플록사신수화물),레보플록사신수화물,크레보트정(레보플록사신수화물),20190607,201903771,[M251128]레보플록사신수화물,,단일,20140109,"- 안전성 및 유효성 미확립- 퀴놀론계 항균제는 몇몇 어린 동물종에서 관절병증, 뼈연골증을 유발",,특정연령대금기
20260323,흰색 - 미백색의 원형 필름코팅정,06290,기타의 화학요법제,건일제약(주),전문의약품,필름코팅정,D000793,Levofloxacin Hydrate,Levofloxacin Hydrate(레보플록사신수화물),레보플록사신수화물,레보건정100밀리그램(레보플록사신수화물),20190612,201903825,[M251128]레보플록사신수화물,,단일,20140109,"- 안전성 및 유효성 미확립- 퀴놀론계 항균제는 몇몇 어린 동물종에서 관절병증, 뼈연골증을 유발",,특정연령대금기
20260323,분홍색의 장방형 필름코팅정,06290,기타의 화학요법제,(주)한풍제약,전문의약품,필름코팅정,D000793,Levofloxacin Hydrate,Levofloxacin Hydrate(레보플록사신수화물),레보플록사신수화물,레보나정500밀리그램(레보플록사신수화물),20190614,201903867,[M251128]레보플록사신수화물,,단일,20140109,"- 안전성 및 유효성 미확립- 퀴놀론계 항균제는 몇몇 어린 동물종에서 관절병증, 뼈연골증을 유발",,특정연령대금기
20260323,백색-미백색의 원형 필름코팅정 ,06290,기타의 화학요법제,(주)한풍제약,전문의약품,필름코팅정,D000793,Levofloxacin Hydrate,Levofloxacin Hydrate(레보플록사신수화물),레보플록사신수화물,레보나정100밀리그램(레보플록사신수화물) ,20190614,201903868,[M251128]레보플록사신수화물,,단일,20140109,"- 안전성 및 유효성 미확립- 퀴놀론계 항균제는 몇몇 어린 동물종에서 관절병증, 뼈연골증을 유발",,특정연령대금기
20260309,흰색의 크림제,01210,국소마취제,대화제약(주),전문의약품,피부크림제,D000709,Lidocaine,Lidocaine(리도카인),리도카인,프리오칸5%크림,20190702,201904500,[M040131]리도카인/[M087237]프릴로카인,[D000622]Prilocaine(프릴로카인),복합,20140109,- 흡수에 대한 자료가 불완전하므로 소아의 생식기 점막에는 적용하지 말 것- 메트헤모글로빈의 일시적 증가 보고,,특정연령대금기
20260323,엷은 초록색을 띤 노란색의 투명한 용액이 무색투명한 수액용 플라스틱 용기에 충전된 수액용 주사제,06290,기타의 화학요법제,주식회사제뉴원사이언스,전문의약품,용액주사제,D000793,Levofloxacin Hydrate,Levofloxacin Hydrate(레보플록사신수화물),레보플록사신수화물,제뉴원레보플록사신주(레보플록사신수화물),20190809,201905641,[M251128]레보플록사신수화물,,단일,20140109,"- 안전성 및 유효성 미확립- 퀴놀론계 항균제는 몇몇 어린 동물종에서 관절병증, 뼈연골증을 유발",,특정연령대금기
20260323,분홍색의 장방형 필름코팅정,06290,기타의 화학요법제,일성아이에스(주),전문의약품,필름코팅정,D000793,Levofloxacin Hydrate,Levofloxacin Hydrate(레보플록사신수화물),레보플록사신수화물,레보플라정500밀리그램(레보플록사신수화물),20190902,201906213,[M251128]레보플록사신수화물,,단일,20140109,"- 안전성 및 유효성 미확립- 퀴놀론계 항균제는 몇몇 어린 동물종에서 관절병증, 뼈연골증을 유발",,특정연령대금기
20260323,흰색-미백색의 원형 필름코팅정 ,06290,기타의 화학요법제,일성아이에스(주),전문의약품,필름코팅정,D000793,Levofloxacin Hydrate,Levofloxacin Hydrate(레보플록사신수화물),레보플록사신수화물,레보플라정100밀리그램(레보플록사신수화물),20190905,201906311,[M251128]레보플록사신수화물,,단일,20140109,"- 안전성 및 유효성 미확립- 퀴놀론계 항균제는 몇몇 어린 동물종에서 관절병증, 뼈연골증을 유발",,특정연령대금기
20260323,진분홍색의 장방형 필름코팅정,06290,기타의 화학요법제,건일제약(주),전문의약품,필름코팅정,D000793,Levofloxacin Hydrate,Levofloxacin Hydrate(레보플록사신수화물),레보플록사신수화물,레보건정250밀리그램(레보플록사신수화물) ,20190926,201906844,[M251128]레보플록사신수화물,,단일,20140109,"- 안전성 및 유효성 미확립- 퀴놀론계 항균제는 몇몇 어린 동물종에서 관절병증, 뼈연골증을 유발",,특정연령대금기
20260323,진분홍색의 장방형 필름코팅정,06290,기타의 화학요법제,풍림무약(주),전문의약품,필름코팅정,D000793,Levofloxacin Hydrate,Levofloxacin Hydrate(레보플록사신수화물),레보플록사신수화물,레보사신정250밀리그램(레보플록사신수화물),20190930,201906940,[M251128]레보플록사신수화물,,단일,20140109,"- 안전성 및 유효성 미확립- 퀴놀론계 항균제는 몇몇 어린 동물종에서 관절병증, 뼈연골증을 유발",,특정연령대금기
20221206,"흰색 분말이 든 상부 등황색, 하부 유백색의 경질캡슐제",02370,정장제,미래바이오제약(주),일반의약품,"경질캡슐제, 산제",D000222,Loperamide Hydrochloride,Loperamide Hydrochloride(로페라미드염산염),로페라미드염산염,로페리캡슐(로페라미드염산염),20191011,201907189,[M222992]로페라미드염산염,,단일,20140109,_,,특정연령대금기
20240522,연한 노란색의 투명한 액체가 든 갈색앰플 주사제,01140,해열.진통.소염제,한국유니온제약(주),전문의약품,용액주사제,D000274,Ketorolac Tromethamine,Ketorolac Tromethamine(케토롤락트로메타민염),케토롤락트로메타민염,유니온케토롤락주(케토롤락트로메타민염),20191030,201907574,[M222885]케토롤락트로메타민염,,단일,20140109,안전성 및 유효성 미확립,,특정연령대금기
20260323,엷은 녹색을 띤 황색의 맑은 액이 든 무색투명한 바이알 주사제,06290,기타의 화학요법제,(주)다산제약,전문의약품,용액주사제,D000793,Levofloxacin Hydrate,Levofloxacin Hydrate(레보플록사신수화물),레보플록사신수화물,하이레보주(레보플록사신수화물),20200213,202000924,[M251128]레보플록사신수화물,,단일,20140109,"- 안전성 및 유효성 미확립- 퀴놀론계 항균제는 몇몇 어린 동물종에서 관절병증, 뼈연골증을 유발",,특정연령대금기
20260309,흰색의 크림제,01210,국소마취제,주식회사더유제약,전문의약품,피부크림제,D000709,Lidocaine,Lidocaine(리도카인),리도카인,롱엠씨크림,20200218,202001087,[M040131]리도카인/[M087237]프릴로카인,[D000622]Prilocaine(프릴로카인),복합,20140109,- 흡수에 대한 자료가 불완전하므로 소아의 생식기 점막에는 적용하지 말 것- 메트헤모글로빈의 일시적 증가 보고,,특정연령대금기
20250930,무색투명한 용액이 무색투명한 유리 프리필드시린지에 든 주사제로서 1회용 주사침이 첨부되어있다.,03990,따로 분류되지 않는 대사성 의약품,주식회사케이에스제약,전문의약품,용액주사제,D000668,Ibandronate Sodium Monohydrate,Ibandronate Sodium Monohydrate(이반드론산나트륨일수화물),이반드론산나트륨일수화물,보니반주(이반드론산나트륨일수화물),20200224,202001286,[M102556]이반드론산나트륨일수화물,,단일,20140109,안전성 및 유효성 미확립,,특정연령대금기
20260323,진분홍색의 장방형 필름코팅정,06290,기타의 화학요법제,건일바이오팜주식회사,전문의약품,필름코팅정,D000793,Levofloxacin Hydrate,Levofloxacin Hydrate(레보플록사신수화물),레보플록사신수화물,리플록신정250밀리그램(레보플록사신수화물),20200227,202001396,[M251128]레보플록사신수화물,,단일,20140109,"- 안전성 및 유효성 미확립- 퀴놀론계 항균제는 몇몇 어린 동물종에서 관절병증, 뼈연골증을 유발",,특정연령대금기
20260323,백색-미백색의 원형 필름코팅정,06290,기타의 화학요법제,(주)다산제약,전문의약품,필름코팅정,D000793,Levofloxacin Hydrate,Levofloxacin Hydrate(레보플록사신수화물),레보플록사신수화물,하이레보정100밀리그램(레보플록사신수화물),20200318,202001902,[M251128]레보플록사신수화물,,단일,20140109,"- 안전성 및 유효성 미확립- 퀴놀론계 항균제는 몇몇 어린 동물종에서 관절병증, 뼈연골증을 유발",,특정연령대금기
20260323,분홍색의 장방형 필름코팅정,06290,기타의 화학요법제,건일바이오팜주식회사,전문의약품,필름코팅정,D000793,Levofloxacin Hydrate,Levofloxacin Hydrate(레보플록사신수화물),레보플록사신수화물,리플록신정500밀리그램(레보플록사신수화물),20200416,202002669,[M251128]레보플록사신수화물,,단일,20140109,"- 안전성 및 유효성 미확립- 퀴놀론계 항균제는 몇몇 어린 동물종에서 관절병증, 뼈연골증을 유발",,특정연령대금기
20260309,흰색의 크림제,01210,국소마취제,(주)에이프로젠바이오로직스,전문의약품,피부크림제,D000709,Lidocaine,Lidocaine(리도카인),리도카인,듀카인크림,20200416,202002670,[M040131]리도카인/[M087237]프릴로카인,[D000622]Prilocaine(프릴로카인),복합,20140109,- 흡수에 대한 자료가 불완전하므로 소아의 생식기 점막에는 적용하지 말 것- 메트헤모글로빈의 일시적 증가 보고,,특정연령대금기
20260323,백색-미백색의 원형 필름코팅정 ,06290,기타의 화학요법제,주식회사케이에스제약,전문의약품,필름코팅정,D000793,Levofloxacin Hydrate,Levofloxacin Hydrate(레보플록사신수화물),레보플록사신수화물,레보프사정100밀리그램(레보플록사신수화물),20200428,202003099,[M251128]레보플록사신수화물,,단일,20140109,"- 안전성 및 유효성 미확립- 퀴놀론계 항균제는 몇몇 어린 동물종에서 관절병증, 뼈연골증을 유발",,특정연령대금기
20260323,분홍색의 장방형 필름코팅정,06290,기타의 화학요법제,(주)다산제약,전문의약품,필름코팅정,D000793,Levofloxacin Hydrate,Levofloxacin Hydrate(레보플록사신수화물),레보플록사신수화물,하이레보정500밀리그램(레보플록사신수화물),20200707,202004914,[M251128]레보플록사신수화물,,단일,20140109,"- 안전성 및 유효성 미확립- 퀴놀론계 항균제는 몇몇 어린 동물종에서 관절병증, 뼈연골증을 유발",,특정연령대금기
20260309,흰색의 크림제,01210,국소마취제,(주)팜젠사이언스,전문의약품,피부크림제,D000709,Lidocaine,Lidocaine(리도카인),리도카인,리쥬셀플러스크림,20201113,202007865,[M040131]리도카인/[M087237]프릴로카인,[D000622]Prilocaine(프릴로카인),복합,20140109,- 흡수에 대한 자료가 불완전하므로 소아의 생식기 점막에는 적용하지 말 것- 메트헤모글로빈의 일시적 증가 보고,,특정연령대금기
20260323,흰색의 원형 필름코팅정,06290,기타의 화학요법제,(주)동구바이오제약,전문의약품,필름코팅정,D000793,Levofloxacin,Levofloxacin(레보플록사신),레보플록사신,동구레보신정250mg(레보플록사신)(수출용),20250508,202501122,[M085584]레보플록사신,,단일,20140109,"- 안전성 및 유효성 미확립- 퀴놀론계 항균제는 몇몇 어린 동물종에서 관절병증, 뼈연골증을 유발",,특정연령대금기
,연한 분홍색 또는 분홍색의 점착성 고체를 부직포 위에 도포하고 뒷면에 밀착포를 부착한 특유한 향기를 가진 카타플라스마제,02640,진통.진양.수렴.소염제,제일헬스사이언스(주),일반의약품,카타플라스마제,D000672,Ketoprofen,Ketoprofen(케토프로펜),케토프로펜,제일케토파워카타플라스마(케토프로펜),20170803,201706431,[M051464]케토프로펜,,단일,20140109,_,,특정연령대금기
,무색 투명 또는 반투명의 점착성 물질을 연주황색 부직포에 도포하여 고체면에 고체피복물을 덮은 첩부제이다. 19.0cm×11.8cm : 무색 투명 또는 반투명의 점착성 물질을 연주황색 부직포에 도포하고 고체면에 고체피복물을 덮은 중앙이 빈 다이아몬드 모양의 첩부제이다.,02640,진통.진양.수렴.소염제,동국제약(주),일반의약품,지지체가있는첩부제,D000672,Ketoprofen,Ketoprofen(케토프로펜),케토프로펜,사라펜플라스타(케토프로펜),20180717,201802978,[M051464]케토프로펜/[M051464]케토프로펜/[M051464]케토프로펜,,단일,20140109,_,,특정연령대금기
,무색 투명 또는 반투명의 점착성 물질을 연주황색 부직포에 도포하여 고체면에 박리지를 덮은 첩부제이다.,02640,진통.진양.수렴.소염제,경남제약(주),일반의약품,지지체가있는첩부제,D000672,Ketoprofen,Ketoprofen(케토프로펜),케토프로펜,파워스탑스키니플라스타(케토프로펜),20181203,201804892,[M051464]케토프로펜,,단일,20140109,_,,특정연령대금기
,무색투명한 겔제,02640,진통.진양.수렴.소염제,(주)시어스제약,일반의약품,피부용겔제,D000672,Ketoprofen,Ketoprofen(케토프로펜),케토프로펜,케프겔(케토프로펜),20200102,202000009,[M051464]케토프로펜,,단일,20140109,_,,특정연령대금기
,제1형: 이 약은 흰색 점착성의 고체를 부직포 위에 도포한 특유한 향기를 가진 카타플라스마제제2형: 이 약은 흰색 점착성의 고체를 부직포 위에 도포하고 뒷면에 밀착포를 고정시킨 특유한 향기를 가진 카타플라스마제,02640,진통.진양.수렴.소염제,아이큐어(주),일반의약품,카타플라스마제,D000672,Ketoprofen,Ketoprofen(케토프로펜),케토프로펜,아이파프케어팝카타플라스마(케토프로펜),20200311,202001662,[M051464]케토프로펜/[M051464]케토프로펜,,단일,20140109,_,,특정연령대금기
,이 약은 무색 반투명의 점착성 물질을 지지체에 도포하고 고체면에 고체피복물을 덮은 첩부제이다.,02640,진통.진양.수렴.소염제,에스케이케미칼(주),일반의약품,지지체가있는첩부제,D000672,Ketoprofen,Ketoprofen(케토프로펜),케토프로펜,트라스트핑거플라스타(케토프로펜),20200422,202002866,[M051464]케토프로펜/[M051464]케토프로펜/[M051464]케토프로펜/[M051464]케토프로펜/[M051464]케토프로펜/[M051464]케토프로펜,,단일,20140109,_,,특정연령대금기
,연한 분홍색 또는 분홍색의 점착성 고체를 부직포 위에 도포하고 뒷면에 밀착포를 부착한 특유한 향기를 가진 카타플라스마제,02640,진통.진양.수렴.소염제,현대약품(주),일반의약품,카타플라스마제,D000672,Ketoprofen,Ketoprofen(케토프로펜),케토프로펜,케프로텍카타플라스마(케토프로펜),20200709,202004950,[M051464]케토프로펜,,단일,20140109,_,,특정연령대금기
,무색투명한 겔제,02640,진통.진양.수렴.소염제,(주)경보제약,일반의약품,피부용겔제,D000672,Ketoprofen,Ketoprofen(케토프로펜),케토프로펜,플라톱겔(케토프로펜),20211019,202107009,[M051464]케토프로펜,,단일,20140109,_,,특정연령대금기
,무색 투명 겔제,02640,진통.진양.수렴.소염제,(주)종근당,일반의약품,피부용겔제,D000672,Ketoprofen,Ketoprofen(케토프로펜),케토프로펜,케펨겔(케토프로펜),20240111,202400086,[M051464]케토프로펜,,단일,20140109,_,,특정연령대금기
,흰색의 원형필름코팅정제,01140,해열.진통.소염제,한국코러스(주),전문의약품,필름코팅정,D000274,Ketorolac Tromethamine,Ketorolac Tromethamine(케토롤락트로메타민),케토롤락트로메타민,케롤민정20밀리그람(케토롤락트로메타민)(수출용),20110415,201102310,[M084703]케토롤락트로메타민,,단일,20140109,안전성 및 유효성 미확립,,특정연령대금기
,엷은 황색의 투명 액체가 든 갈색 앰플 주사,01140,해열.진통.소염제,한국코러스(주),전문의약품,용액주사제,D000274,Ketorolac Tromethamine,Ketorolac Tromethamine(케토롤락트로메타민),케토롤락트로메타민,케롤민주(케토롤락트로메타민)(수출용),20120305,201201370,[M084703]케토롤락트로메타민,,단일,20140109,안전성 및 유효성 미확립,,특정연령대금기
,십자눈금이 새겨져 있는 분홍색의 원형 정제,01190,기타의 중추신경용약,명인제약(주),전문의약품,나정,D000302,Levodopa,Levodopa(레보도파),레보도파,"명도파정50/200밀리그램(벤세라지드, 레보도파)",20210514,202103852,[M223046]벤세라지드염산염/[M040122]레보도파,[D000563]Benserazide(벤세라지드),복합,20140109,- 안전성 및 유효성 미확립- 동물실험에서 벤세라지드에 의해 골격기형이 나타남,,특정연령대금기
,십자눈금이 새겨져 있는 분홍색의 원형 정제,01190,기타의 중추신경용약,명인제약(주),전문의약품,나정,D000302,Levodopa,Levodopa(레보도파),레보도파,"명도파정25/100밀리그램(벤세라지드, 레보도파)",20210603,202104353,[M223046]벤세라지드염산염/[M040122]레보도파,[D000563]Benserazide(벤세라지드),복합,20140109,- 안전성 및 유효성 미확립- 동물실험에서 벤세라지드에 의해 골격기형이 나타남,,특정연령대금기
,분홍색의 원형 정제,01190,기타의 중추신경용약,명인제약(주),전문의약품,나정,D000302,Levodopa,Levodopa(레보도파),레보도파,"명도파정12.5/50밀리그램(벤세라지드, 레보도파)",20230517,202301581,[M223046]벤세라지드염산염/[M040122]레보도파,[D000563]Benserazide(벤세라지드),복합,20140109,- 안전성 및 유효성 미확립- 동물실험에서 벤세라지드에 의해 골격기형이 나타남,,특정연령대금기
,분홍색의 원형 정제,01190,기타의 중추신경용약,삼일제약(주),전문의약품,나정,D000302,Levodopa,Levodopa(레보도파),레보도파,"원도파정12.5/50밀리그램(벤세라지드, 레보도파)",20250924,202502527,[M040122]레보도파/[M223046]벤세라지드염산염,[D000563]Benserazide(벤세라지드),복합,20140109,- 안전성 및 유효성 미확립- 동물실험에서 벤세라지드에 의해 골격기형이 나타남,,특정연령대금기
,십자눈금이 새겨져 있는 분홍색의 원형 정제,01190,기타의 중추신경용약,삼일제약(주),전문의약품,나정,D000302,Levodopa,Levodopa(레보도파),레보도파,"원도파정25/100밀리그램(벤세라지드, 레보도파)",20250924,202502528,[M040122]레보도파/[M223046]벤세라지드염산염,[D000563]Benserazide(벤세라지드),복합,20140109,- 안전성 및 유효성 미확립- 동물실험에서 벤세라지드에 의해 골격기형이 나타남,,특정연령대금기
,십자눈금이 새겨져 있는 분홍색의 원형 정제,01190,기타의 중추신경용약,삼일제약(주),전문의약품,나정,D000302,Levodopa,Levodopa(레보도파),레보도파,"원도파정50/200밀리그램(벤세라지드, 레보도파)",20250924,202502529,[M040122]레보도파/[M223046]벤세라지드염산염,[D000563]Benserazide(벤세라지드),복합,20140109,- 안전성 및 유효성 미확립- 동물실험에서 벤세라지드에 의해 골격기형이 나타남,,특정연령대금기
,백색의 크림제,01210,국소마취제,(주)퍼슨,전문의약품,피부크림제,D000709,Lidocaine,Lidocaine(리도카인),리도카인,엠비카인10%크림(수출용),20191122,201908047,[M040131]리도카인/[M087237]프릴로카인,[D000622]Prilocaine(프릴로카인),복합,20140109,- 흡수에 대한 자료가 불완전하므로 소아의 생식기 점막에는 적용하지 말 것- 메트헤모글로빈의 일시적 증가 보고,,특정연령대금기
,흰색의 크림제,01210,국소마취제,주식회사제뉴원사이언스,전문의약품,피부크림제,D000709,Lidocaine,Lidocaine(리도카인),리도카인,엔카인크림(수출용),20250321,202500655,[M040131]리도카인/[M087237]프릴로카인,[D000622]Prilocaine(프릴로카인),복합,20140109,- 흡수에 대한 자료가 불완전하므로 소아의 생식기 점막에는 적용하지 말 것- 메트헤모글로빈의 일시적 증가 보고,,특정연령대금기
,흰색가루가 함유된 흰색의 경질캡슐제,02370,정장제,(주)에이프로젠바이오로직스,일반의약품,"경질캡슐제, 정제",D000222,Loperamide Hydrochloride,Loperamide Hydrochloride(로페라미드염산염),로페라미드염산염,로페스탑캡슐(로페라미드염산염),20241202,202402832,[M222992]로페라미드염산염,,단일,20140109,_,,특정연령대금기
,흰색가루가 함유된 흰색의 경질캡슐제,02370,정장제,(주)씨엠지제약,일반의약품,"경질캡슐제, 산제",D000222,Loperamide Hydrochloride,Loperamide Hydrochloride(로페라미드염산염),로페라미드염산염,다이어스탑캡슐(로페라미드염산염),20250108,202500070,[M222992]로페라미드염산염,,단일,20140109,_,,특정연령대금기
,흰색가루가 함유된 흰색의 경질캡슐제,02370,정장제,(주)넥스팜코리아,일반의약품,"경질캡슐제, 공캡슐",D000222,Loperamide Hydrochloride,Loperamide Hydrochloride(로페라미드염산염),로페라미드염산염,티엔로페린캡슐(로페라미드염산염),20260212,202600414,[M222992]로페라미드염산염,,단일,20140109,_,,특정연령대금기
,무색 내지 연한 파란색의 투명한 내용액을 함유한 파란색의 투명한 타원형 연질캡슐,01410,항히스타민제,현대약품(주),일반의약품,"연질캡슐제, 액상",D000708,Loratadine,Loratadine(로라타딘),로라타딘,시노타딘연질캡슐(로라타딘),20191220,201908562,[M082724]로라타딘,,단일,20140109,_,,특정연령대금기
,흰색의 타원형 정제,01410,항히스타민제,엔비케이제약(주),일반의약품,나정,D000708,Loratadine,Loratadine(로라타딘),로라타딘,로타인정(로라타딘),20220802,202203169,[M082724]로라타딘,,단일,20140109,_,,특정연령대금기
,무색 내지 연한 파란색의 투명한 내용액을 함유한 파란색의 투명한 타원형 연질캡슐,01410,항히스타민제,경방신약(주),일반의약품,"연질캡슐제, 액상",D000708,Loratadine,Loratadine(로라타딘),로라타딘,에치팡연질캡슐(로라타딘),20230131,202300418,[M082724]로라타딘,,단일,20140109,_,,특정연령대금기
,무색 내지 연한 파란색의 투명한 내용액을 함유한 파란색의 투명한 타원형 연질캡슐,01410,항히스타민제,(주)에이프로젠바이오로직스,일반의약품,"연질캡슐제, 액상",D000708,Loratadine,Loratadine(로라타딘),로라타딘,로라샷연질캡슐(로라타딘),20230809,202302370,[M082724]로라타딘,,단일,20140109,_,,특정연령대금기
,무색 내지 연한 파란색의 투명한 액이 든 파란색의 타원형 연질캡슐,01410,항히스타민제,(주)필인터내셔널,일반의약품,"연질캡슐제, 액상",D000708,Loratadine,Loratadine(로라타딘),로라타딘,필로라딘연질캡슐(로라타딘),20241127,202402805,[M082724]로라타딘,,단일,20140109,_,,특정연령대금기
,무색투명한 액체가 든 갈색앰플의 주사제,01170,정신신경용제,삼진제약(주),전문의약품,용액주사제,D000218,Lorazepam,Lorazepam(로라제팜),로라제팜,삼진로라제팜주,19820902,198200943,[M088374]로라제팜,,단일,20140109,벤질알코올은 조숙아에서 치명적인 가쁜 호흡증상과 연관이 있는 것으로 보고됨,,특정연령대금기
20140103,흰색의 원형 필름코팅정,02390,기타의 소화기관용약,동화약품(주),전문의약품,필름코팅정,D000425,Metoclopramide,Metoclopramide(메토클로프라미드),메토클로프라미드,맥페란정(메토클로프라미드),19720210,197200484,[M050465]메토클로프라미드,,단일,20140109,추체외로장애 위험성 증가,,특정연령대금기
20240809,엷은 적색의 필름코팅정 ,01170,정신신경용제,일성아이에스(주),전문의약품,필름코팅정,D000466,Nortriptyline Hydrochloride,Nortriptyline Hydrochloride(염산노르트립틸린),염산노르트립틸린,센시발정10밀리그램(염산노르트립틸린),19730117,197300150,[M050132]염산노르트립틸린,,단일,20140109,안전성 및 유효성 미확립,,특정연령대금기
20240809,흰색의 필름코팅정,01170,정신신경용제,일성아이에스(주),전문의약품,필름코팅정,D000466,Nortriptyline Hydrochloride,Nortriptyline Hydrochloride(염산노르트립틸린),염산노르트립틸린,센시발정25밀리그램(염산노르트립틸린),19730117,197300151,[M050132]염산노르트립틸린,,단일,20140109,안전성 및 유효성 미확립,,특정연령대금기
20180306,무색투명한 앰플 주사제,01190,기타의 중추신경용약,삼진제약(주),전문의약품,용액주사제,D000307,Piracetam,Piracetam(피라세탐),피라세탐,라세탐주(피라세탐)(수출용),19780204,197800288,[M101651]피라세탐,,단일,20140109,_,,특정연령대금기
20241025,흰색 또는 담황색의 분말로 된 산제,02190,기타의 순환계용약,알보젠코리아(주),전문의약품,현탁액용산제,D000210,Calcium Polystyrene Sulfonate,Calcium Polystyrene Sulfonate(폴리스티렌설폰산칼슘),폴리스티렌설폰산칼슘,카리메트산(폴리스티렌설폰산칼슘),19840925,198400403,[M081346]폴리스티렌설폰산칼슘,,단일,20230705,_,,특정연령대금기
20170929,분홍색의 원형 정제,01170,정신신경용제,명인제약(주),전문의약품,나정,D000781,Perphenazine,Perphenazine(페르페나진),페르페나진,명인페르페나진정4밀리그램,19850812,198500622,[M091367]페르페나진,,단일,20140109,추체외로증상 특히 운동장애가 나타나기 쉬움,,특정연령대금기
20220327,담황갈색의 필름코팅정제,06290,기타의 화학요법제,(주)동구바이오제약,전문의약품,필름코팅정,D000605,Norfloxacin,Norfloxacin(노르플록사신),노르플록사신,뉴사달정100mg(노르플록사신)(수출용),19851223,198500810,[M081284]노르플록사신,,단일,20140109,"- 안전성 및 유효성 미확립- 퀴놀론계 항균제는 몇몇 어린 동물종에서 관절병증, 뼈연골증을 유발함",,특정연령대금기
20251211,"노란색의 가루가 든 상부 주홍색, 하부 미황색 불투명의 경질캡슐",06150,"주로 그람양성, 음성균, 리케치아, 비루스에 작용하는 것",에스케이케미칼(주),전문의약품,"경질캡슐제, 산제",D000127,Minocycline Hydrochloride,Minocycline Hydrochloride(미노사이클린염산염),미노사이클린염산염,미노씬캡슐50mg(미노사이클린염산염),19850615,198501028,[M223036]미노사이클린염산염,,단일,20140109,"소아 등(특히 치아 형성기인 12세 미만의 소아)에 투여 시, 치아의 착색·법랑질 형성 부전, 또는 일과성 골발육 부전을 일으킬 수 있음","다만, 다른 약을 사용할 수 없거나 효과가 없는 경우에만 8세 이상 신중투여",특정연령대금기
20220327,백색의 막대상 제피정 ,06290,기타의 화학요법제,대화제약(주),전문의약품,필름코팅정,D000605,Norfloxacin,Norfloxacin(노르플록사신),노르플록사신,유리스코정400밀리그람(노르플록사신)(수출용)(수출명:DAE HWA NORFLOXACIN 400mg),19880206,198601049,[M081284]노르플록사신,,단일,20140109,"- 안전성 및 유효성 미확립- 퀴놀론계 항균제는 몇몇 어린 동물종에서 관절병증, 뼈연골증을 유발함",,특정연령대금기
20260323,흰색의 원형 필름코팅정제,06290,기타의 화학요법제,(주)일화,전문의약품,필름코팅정,D000666,Ofloxacin,Ofloxacin(오플록사신),오플록사신,파비드정(오플록사신),19870917,198700537,[M081639]오플록사신,,단일,20140109,- 안전성 및 유효성 미확립- 몇몇 어린 동물종에서 관절이상을 유발함,,특정연령대금기
20260323,백색내지 미황백색의 원형 필름코팅정,06290,기타의 화학요법제,알보젠코리아(주),전문의약품,필름코팅정,D000666,Ofloxacin,Ofloxacin(오플록사신),오플록사신,투록신정(오플록사신),19870918,198701772,[M081639]오플록사신,,단일,20140109,- 안전성 및 유효성 미확립- 몇몇 어린 동물종에서 관절이상을 유발함,,특정연령대금기
20220331,무색 투명한 액이 든 갈색앰플의 주사제,02390,기타의 소화기관용약,동화약품(주),전문의약품,용액주사제,D000425,Metoclopramide Hydrochloride Hydrate,Metoclopramide Hydrochloride Hydrate(메토클로프라미드염산염수화물),메토클로프라미드염산염수화물,맥페란주사액2밀리리터(메토클로프라미드염산염수화물),19880531,198800560,[M223013]메토클로프라미드염산염수화물,,단일,20140109,추체외로장애 위험성 증가,,특정연령대금기
20240522,앰플 : 엷은 노란색 액이 갈색 앰플에 든 주사제,01140,해열.진통.소염제,신풍제약(주),전문의약품,용액주사제,D000309,Piroxicam,Piroxicam(피록시캄),피록시캄,로시덴주(피록시캄)(수출용),19890123,198900082,[M071634]피록시캄,,단일,20140109,벤질알코올은 조숙아에게서 치명적인 가쁜 호흡증상과 연관이 있는 것으로 보고됨,,특정연령대금기
20260323,백색내지 미황백색의 원형 필름코팅정,06290,기타의 화학요법제,동화약품(주),전문의약품,필름코팅정,D000666,Ofloxacin,Ofloxacin(오플록사신),오플록사신,동화오플록사신정,19890412,198900665,[M081639]오플록사신,,단일,20140109,- 안전성 및 유효성 미확립- 몇몇 어린 동물종에서 관절이상을 유발함,,특정연령대금기
20240522,내수용갈색앰플내에 연황색의 액체가 들어 있는 주사제수출용연황색의 액체가 든 무색 투명한 앰플 주사제,01140,해열.진통.소염제,(주)휴온스,전문의약품,용액주사제,D000309,Piroxicam,Piroxicam(피록시캄),피록시캄,"휴온스피록시캄근육주사(수출명:CAMADOLinj.,CAMROX20mgInj.)",19900507,199002080,[M071634]피록시캄,,단일,20140109,벤질알코올은 조숙아에게서 치명적인 가쁜 호흡증상과 연관이 있는 것으로 보고됨,,특정연령대금기
20260323,백색의 원형 필름제피정,06290,기타의 화학요법제,일동제약(주),전문의약품,필름코팅정,D000666,Ofloxacin,Ofloxacin(오플록사신),오플록사신,에펙신정100밀리그램(오플록사신),19910327,199100426,[M081639]오플록사신,,단일,20140109,- 안전성 및 유효성 미확립- 몇몇 어린 동물종에서 관절이상을 유발함,,특정연령대금기
20260323,백색내지 미황색의 필름코팅정,06290,기타의 화학요법제,삼천당제약(주),전문의약품,필름코팅정,D000666,Ofloxacin,Ofloxacin(오플록사신),오플록사신,삼천당오플록사신정,19911026,199100970,[M081639]오플록사신,,단일,20140109,- 안전성 및 유효성 미확립- 몇몇 어린 동물종에서 관절이상을 유발함,,특정연령대금기
20260323,흰색내지 미황흰색의 원형 필름코팅정,06290,기타의 화학요법제,(주)비보존제약,전문의약품,필름코팅정,D000666,Ofloxacin,Ofloxacin(오플록사신),오플록사신,오비드정(오플록사신),19911216,199101034,[M081639]오플록사신,,단일,20140109,- 안전성 및 유효성 미확립- 몇몇 어린 동물종에서 관절이상을 유발함,,특정연령대금기
20260323,흰색 또는 연한 노란색의 원형 필름코팅정제,06290,기타의 화학요법제,한미약품(주),전문의약품,필름코팅정,D000666,Ofloxacin,Ofloxacin(오플록사신),오플록사신,오로신정100밀리그램(오플록사신),19911210,199102137,[M081639]오플록사신,,단일,20140109,- 안전성 및 유효성 미확립- 몇몇 어린 동물종에서 관절이상을 유발함,,특정연령대금기
20260323,흰색의 원형 필름코팅정,06290,기타의 화학요법제,영풍제약(주),전문의약품,필름코팅정,D000666,Ofloxacin,Ofloxacin(오플록사신),오플록사신,영풍오플록사신정100밀리그램,19910826,199102449,[M081639]오플록사신,,단일,20140109,- 안전성 및 유효성 미확립- 몇몇 어린 동물종에서 관절이상을 유발함,,특정연령대금기
20260323,백색 내지 미황백색의 원형필름 코팅정제,06290,기타의 화학요법제,신풍제약(주),전문의약품,필름코팅정,D000666,Ofloxacin,Ofloxacin(오플록사신),오플록사신,"푸가신정(오플록사신)(수출용)(수출명:SP OFLOXACIN Tablets 200mg,SHINPOONG FUGACIN Tablets,SHINPOONG FUGACIN Film coated tablet)",19920327,199200096,[M081639]오플록사신,,단일,20140109,- 안전성 및 유효성 미확립- 몇몇 어린 동물종에서 관절이상을 유발함,,특정연령대금기
20260323,흰색의 원형 필름코팅정,06290,기타의 화학요법제,위더스제약(주),전문의약품,필름코팅정,D000666,Ofloxacin,Ofloxacin(오플록사신),오플록사신,타록시드정100밀리그램(오플록사신),19920410,199200490,[M081639]오플록사신,,단일,20140109,- 안전성 및 유효성 미확립- 몇몇 어린 동물종에서 관절이상을 유발함,,특정연령대금기
20200121,갈색앰플내에 엷은황갈색-엷은황색의맑은액이든주사제,01140,해열.진통.소염제,(주)제일제약,전문의약품,용액주사제,D000309,Piroxicam,Piroxicam(피록시캄),피록시캄,제일제약피록시캄주사액(수출용),19920108,199200650,[M071634]피록시캄,,단일,20140109,벤질알코올은 조숙아에게서 치명적인 가쁜 호흡증상과 연관이 있는 것으로 보고됨,,특정연령대금기
20260323,흰색의 장방형 필름코팅정제,06290,기타의 화학요법제,대우제약(주),전문의약품,필름코팅정,D000666,Ofloxacin,Ofloxacin(오플록사신),오플록사신,텔비트정200밀리그램(오플록사신)(수출용),19920512,199200698,[M081639]오플록사신,,단일,20140109,- 안전성 및 유효성 미확립- 몇몇 어린 동물종에서 관절이상을 유발함,,특정연령대금기
20260323,흰색 내지 미황흰색의 원형 필름코팅정제,06290,기타의 화학요법제,대우제약(주),전문의약품,필름코팅정,D000666,Ofloxacin,Ofloxacin(오플록사신),오플록사신,텔비트정100밀리그람(오플록사신),19920512,199200705,[M081639]오플록사신,,단일,20140109,- 안전성 및 유효성 미확립- 몇몇 어린 동물종에서 관절이상을 유발함,,특정연령대금기
20260323,담황색의 원형 필름코팅정제  (변경전 :  백색내지 미황색의 필름코팅정 )   ,06290,기타의 화학요법제,영일제약(주),전문의약품,필름코팅정,D000666,Ofloxacin,Ofloxacin(오플록사신),오플록사신,"영일오플록사신정(수출명:오사신정,타비드정)",19920128,199201876,[M081639]오플록사신,,단일,20140109,- 안전성 및 유효성 미확립- 몇몇 어린 동물종에서 관절이상을 유발함,,특정연령대금기
20260323,흰색의 원형 필름코팅정,06290,기타의 화학요법제,신일제약(주),전문의약품,필름코팅정,D000666,Ofloxacin,Ofloxacin(오플록사신),오플록사신,신일오플록사신정(수출명:FOCINATTab.),19920211,199202052,[M081639]오플록사신,,단일,20140109,- 안전성 및 유효성 미확립- 몇몇 어린 동물종에서 관절이상을 유발함,,특정연령대금기
20200521,백색-미백색의 장방형 필름코팅정,06290,기타의 화학요법제,(주)씨엠지제약,전문의약품,필름코팅정,D000424,Pefloxacin Methanesulfonate,Pefloxacin Methanesulfonate(메탄설폰산페플록사신),메탄설폰산페플록사신,"키신달정(메탄설폰산페플록사신)(수출용)(수출명1:키시정,수출명2:씨피케이페플록사신정)",19920122,199202246,[M081951]메탄설폰산페플록사신,,단일,20140109,"- 안전성 및 유효성 미확립- 퀴놀론계 항균제는 몇몇 어린 동물종에서 관절병증, 뼈연골증을 유발함",,특정연령대금기
20260323,백색원형의 필름코팅정,06290,기타의 화학요법제,유니메드제약(주),전문의약품,필름코팅정,D000666,Ofloxacin,Ofloxacin(오플록사신),오플록사신,옥타신정(오플록사신),19920706,199202946,[M081639]오플록사신,,단일,20140109,- 안전성 및 유효성 미확립- 몇몇 어린 동물종에서 관절이상을 유발함,,특정연령대금기
20260323,백색 내지 미황백색의 원형 필름코팅정,06290,기타의 화학요법제,아주약품(주),전문의약품,필름코팅정,D000666,Ofloxacin,Ofloxacin(오플록사신),오플록사신,프락신정100밀리그람(오플록사신),19930823,199300815,[M081639]오플록사신,,단일,20140109,- 안전성 및 유효성 미확립- 몇몇 어린 동물종에서 관절이상을 유발함,,특정연령대금기
20260323,흰색 원형의 필름코팅정,06290,기타의 화학요법제,(주)동구바이오제약,전문의약품,필름코팅정,D000666,Ofloxacin,Ofloxacin(오플록사신),오플록사신,다비드정100밀리그램(오플록사신),19930921,199301429,[M081639]오플록사신,,단일,20140109,- 안전성 및 유효성 미확립- 몇몇 어린 동물종에서 관절이상을 유발함,,특정연령대금기
20240522,갈색앰플내에 연황색의 액체가 들어 있는 주사제,01140,해열.진통.소염제,위더스제약(주),전문의약품,용액주사제,D000309,Piroxicam,Piroxicam(피록시캄),피록시캄,위더스피록시캄주사액,19930607,199302453,[M071634]피록시캄,,단일,20140109,벤질알코올은 조숙아에게서 치명적인 가쁜 호흡증상과 연관이 있는 것으로 보고됨,,특정연령대금기
20260323,백색의 필름코팅한 원형의 정제,06290,기타의 화학요법제,구주제약(주),전문의약품,필름코팅정,D000666,Ofloxacin,Ofloxacin(오플록사신),오플록사신,구주오플록사신정200밀리그람(수출명:Beeflor),19930629,199302663,[M081639]오플록사신,,단일,20140109,- 안전성 및 유효성 미확립- 몇몇 어린 동물종에서 관절이상을 유발함,,특정연령대금기
20260323,백색원형의 장방형 필름코팅정,06290,기타의 화학요법제,유니메드제약(주),전문의약품,필름코팅정,D000666,Ofloxacin,Ofloxacin(오플록사신),오플록사신,옥타신정200밀리그람(오플록사신)(수출용),19930419,199303299,[M081639]오플록사신,,단일,20140109,- 안전성 및 유효성 미확립- 몇몇 어린 동물종에서 관절이상을 유발함,,특정연령대금기
20260323,미황백색의 필름코팅정,06290,기타의 화학요법제,동광제약(주),전문의약품,필름코팅정,D000666,Ofloxacin,Ofloxacin(오플록사신),오플록사신,동광오플록사신정,19940521,199400179,[M081639]오플록사신,,단일,20140109,- 안전성 및 유효성 미확립- 몇몇 어린 동물종에서 관절이상을 유발함,,특정연령대금기
20260323,수출용 1 : 백색 내지 미황백색의 타원형 필름코팅정제수출용 2 : 흰색의 장방형 필름코팅정제,06290,기타의 화학요법제,대원제약(주),전문의약품,필름코팅정,D000666,Ofloxacin,Ofloxacin(오플록사신),오플록사신,대원오플록사신정200mg(수출용),19940720,199401160,[M081639]오플록사신/[M081639]오플록사신,,단일,20140109,- 안전성 및 유효성 미확립- 몇몇 어린 동물종에서 관절이상을 유발함,,특정연령대금기
20260323,흰색의 원형 또는 장방형 필름코팅정제,06290,기타의 화학요법제,(주)팜젠사이언스,전문의약품,필름코팅정,D000666,Ofloxacin,Ofloxacin(오플록사신),오플록사신,팜젠오플록사신정200mg(수출용),19941118,199401592,[M081639]오플록사신/[M081639]오플록사신/[M081639]오플록사신,,단일,20140109,- 안전성 및 유효성 미확립- 몇몇 어린 동물종에서 관절이상을 유발함,,특정연령대금기
20260323,흰색의 원형 필름코팅정제,06290,기타의 화학요법제,(주)한국파비스제약,전문의약품,필름코팅정,D000666,Ofloxacin,Ofloxacin(오플록사신),오플록사신,파비스오플록사신정,19941015,199401661,[M081639]오플록사신,,단일,20140109,- 안전성 및 유효성 미확립- 몇몇 어린 동물종에서 관절이상을 유발함,,특정연령대금기
20260323,흰색의 장방형 필름코팅정,06290,기타의 화학요법제,(주)휴온스,전문의약품,필름코팅정,D000666,Ofloxacin,Ofloxacin(오플록사신),오플록사신,오베나신정200mg(오플록사신)(수출용),19940924,199401911,[M081639]오플록사신,,단일,20140109,- 안전성 및 유효성 미확립- 몇몇 어린 동물종에서 관절이상을 유발함,,특정연령대금기
20260323,백색내지 미황백색의 원형 필름코팅정,06290,기타의 화학요법제,한국코러스(주),전문의약품,필름코팅정,D000666,Ofloxacin,Ofloxacin(오플록사신),오플록사신,코러스오플록사신100밀리그람정(수출용),19940628,199402353,[M081639]오플록사신,,단일,20140109,- 안전성 및 유효성 미확립- 몇몇 어린 동물종에서 관절이상을 유발함,,특정연령대금기
20260323,백색의 원형 필름코팅정제,06290,기타의 화학요법제,한국코러스(주),전문의약품,필름코팅정,D000666,Ofloxacin,Ofloxacin(오플록사신),오플록사신,"코러스오플록사신정200mg(수출명:TOFLOXIN TAB.,KroflinTab.,Korucin Tab.,Superox Tab.)",19940628,199402367,[M081639]오플록사신/[M081639]오플록사신,,단일,20140109,- 안전성 및 유효성 미확립- 몇몇 어린 동물종에서 관절이상을 유발함,,특정연령대금기
20260323,미황색의 액이 든 무색 바이알 주사제.,06290,기타의 화학요법제,일동제약(주),전문의약품,용액주사제,D000666,Ofloxacin,Ofloxacin(오플록사신),오플록사신,에펙신주(오플록사신),19951018,199500311,[M081639]오플록사신,,단일,20140109,- 안전성 및 유효성 미확립- 몇몇 어린 동물종에서 관절이상을 유발함,,특정연령대금기
20220331,무색 투명한 유리용기에 든 무색-담황색의 등명한 액으로 쓴맛과 짠맛이 있다.,02390,기타의 소화기관용약,(주)제일제약,전문의약품,용액주사제,D000425,Metoclopramide Hydrochloride Hydrate,Metoclopramide Hydrochloride Hydrate(메토클로프라미드염산염수화물),메토클로프라미드염산염수화물,멕쿨주(메토클로프라미드염산염),19950408,199500497,[M223013]메토클로프라미드염산염수화물,,단일,20140109,추체외로장애 위험성 증가,,특정연령대금기
20240522,미황색의 액체가 충진된 갈색앰플 주사제,01140,해열.진통.소염제,대화제약(주),전문의약품,용액주사제,D000309,Piroxicam,Piroxicam(피록시캄),피록시캄,대화피록시캄주(피록시캄)(수출용)(수출명:PIC-20INJ.),19950615,199501546,[M071634]피록시캄,,단일,20140109,벤질알코올은 조숙아에게서 치명적인 가쁜 호흡증상과 연관이 있는 것으로 보고됨,,특정연령대금기
20260323,국내용: 백색의 원형 필름코팅정수출용: 백색의 장방형 필름코팅정,06290,기타의 화학요법제,한국넬슨제약(주),전문의약품,필름코팅정,D000666,Ofloxacin,Ofloxacin(오플록사신),오플록사신,넬슨오플록사신정200밀리그람(수출명:OXLACEFTab)(수출명:OFLOXACEFTab.)(수출명:OFLOMORETab)(수출명:NESALICEFTab.),19951006,199501728,[M081639]오플록사신,,단일,20140109,- 안전성 및 유효성 미확립- 몇몇 어린 동물종에서 관절이상을 유발함,,특정연령대금기
20260323,백색 내지 미황백색의 원형 필름코팅정,06290,기타의 화학요법제,(주)유영제약,전문의약품,필름코팅정,D000666,Ofloxacin,Ofloxacin(오플록사신),오플록사신,네가박트정200밀리그램(오플록사신)(수출용),19950524,199502431,[M081639]오플록사신,,단일,20140109,- 안전성 및 유효성 미확립- 몇몇 어린 동물종에서 관절이상을 유발함,,특정연령대금기
20260323,흰색의 장방형 필름코팅정제,06290,기타의 화학요법제,삼익제약(주),전문의약품,필름코팅정,D000666,Ofloxacin,Ofloxacin(오플록사신),오플록사신,삼익오플록사신정,19950925,199502582,[M081639]오플록사신,,단일,20140109,- 안전성 및 유효성 미확립- 몇몇 어린 동물종에서 관절이상을 유발함,,특정연령대금기
20180302,무색 내지 엷은 황색의 투명한 액이 든 갈색 투명한 앰플주사제,01170,정신신경용제,(주)제일제약,전문의약품,용액주사제,D000781,Perphenazine Hydrochloride,Perphenazine Hydrochloride(페르페나진염산염),페르페나진염산염,페로친주(페르페나진염산염)(수출용),19960212,199600631,[M232514]페르페나진염산염,,단일,20140109,추체외로증상 특히 운동장애가 나타나기 쉬움,,특정연령대금기
20260323,흰색내지 미황백색의 원형 필름코팅정,06290,기타의 화학요법제,한국넬슨제약(주),전문의약품,필름코팅정,D000666,Ofloxacin,Ofloxacin(오플록사신),오플록사신,넬슨오플록사신정100밀리그램(오플록사신),19960701,199602013,[M081639]오플록사신,,단일,20140109,- 안전성 및 유효성 미확립- 몇몇 어린 동물종에서 관절이상을 유발함,,특정연령대금기
20260323,흰색의 원형 필름코팅정(수출용: 백색의 원형 필름코팅정제),06290,기타의 화학요법제,대한뉴팜(주),전문의약품,필름코팅정,D000666,Ofloxacin,Ofloxacin(오플록사신),오플록사신,엑센정(오플록사신),19960406,199603322,[M081639]오플록사신/[M081639]오플록사신/[M081639]오플록사신,,단일,20140109,- 안전성 및 유효성 미확립- 몇몇 어린 동물종에서 관절이상을 유발함,,특정연령대금기
20260323,백색의 필름코팅정,06290,기타의 화학요법제,(주)동구바이오제약,전문의약품,필름코팅정,D000666,Ofloxacin,Ofloxacin(오플록사신),오플록사신,다비드정200밀리그람(오플록사신)[수출명:FUKOOCIN](수출용),19970926,199701480,[M081639]오플록사신,,단일,20140109,- 안전성 및 유효성 미확립- 몇몇 어린 동물종에서 관절이상을 유발함,,특정연령대금기
20220327,백색 분말이 든 상.하-주황색의 캅셀제이다.,06290,기타의 화학요법제,(주)한국파마,전문의약품,"경질캡슐제, 산제",D000605,Norfloxacin,Norfloxacin(노르플록사신),노르플록사신,파마노르플록사신캡슐200밀리그람(수출용),19970804,199701631,[M081284]노르플록사신,,단일,20140109,"- 안전성 및 유효성 미확립- 퀴놀론계 항균제는 몇몇 어린 동물종에서 관절병증, 뼈연골증을 유발함",,특정연령대금기
20220327,"백색 분말이 든 상-청남색, 하-백색의 캅셀제이다.",06290,기타의 화학요법제,(주)한국파마,전문의약품,"경질캡슐제, 산제",D000605,Norfloxacin,Norfloxacin(노르플록사신),노르플록사신,"파마노르플록사신캡슐400밀리그람(수출명: 노르플록스캡슐400, 노르신캡슐400밀리그람. 유로사신캡슐)(수출용)",19970804,199701632,[M081284]노르플록사신,,단일,20140109,"- 안전성 및 유효성 미확립- 퀴놀론계 항균제는 몇몇 어린 동물종에서 관절병증, 뼈연골증을 유발함",,특정연령대금기
20220327,(수출용1) 회색의 장방형 필름 코팅정(수출용2) 흰색의 장방형 필름 코팅정,06290,기타의 화학요법제,(주)휴온스,전문의약품,필름코팅정,D000605,Norfloxacin,Norfloxacin(노르플록사신),노르플록사신,"휴온스노르플록사신정400mg(수출명 : UNINOX Tab., NORBEK Tablet.)(수출용)",19971209,199702940,[M081284]노르플록사신/[M081284]노르플록사신,,단일,20140109,"- 안전성 및 유효성 미확립- 퀴놀론계 항균제는 몇몇 어린 동물종에서 관절병증, 뼈연골증을 유발함",,특정연령대금기
20220327,백색의 원형 필름코팅정제이다. ,06290,기타의 화학요법제,한국코러스(주),전문의약품,필름코팅정,D000605,Norfloxacin,Norfloxacin(노르플록사신),노르플록사신,노플록신정200밀리그람(노르플록사신)(수출용),19970429,199703359,[M081284]노르플록사신,,단일,20140109,"- 안전성 및 유효성 미확립- 퀴놀론계 항균제는 몇몇 어린 동물종에서 관절병증, 뼈연골증을 유발함",,특정연령대금기
20220327,백색의 장방형 필름코팅정제,06290,기타의 화학요법제,한국코러스(주),전문의약품,필름코팅정,D000605,Norfloxacin,Norfloxacin(노르플록사신),노르플록사신,노플록신정400밀리그람(노르플록사신)(수출명 : Nofexin)(수출용),19970429,199703360,[M081284]노르플록사신,,단일,20140109,"- 안전성 및 유효성 미확립- 퀴놀론계 항균제는 몇몇 어린 동물종에서 관절병증, 뼈연골증을 유발함",,특정연령대금기
20260323,백색의 원형필름코팅정제(베트남수출용:백색의 장방형 필름코팅정제),06290,기타의 화학요법제,대한뉴팜(주),전문의약품,필름코팅정,D000666,Ofloxacin,Ofloxacin(오플록사신),오플록사신,엑센정200mg(오플록사신)(수출명:TRUTACINTab.)(수출용),19970612,199703543,[M081639]오플록사신/[M081639]오플록사신,,단일,20140109,- 안전성 및 유효성 미확립- 몇몇 어린 동물종에서 관절이상을 유발함,,특정연령대금기
20260323,흰색 내지 미황백색의 원형 필름코팅정제,06290,기타의 화학요법제,한국프라임제약(주),전문의약품,필름코팅정,D000666,Ofloxacin,Ofloxacin(오플록사신),오플록사신,안플레임정(오플록사신),19970603,199703570,[M081639]오플록사신,,단일,20140109,- 안전성 및 유효성 미확립- 몇몇 어린 동물종에서 관절이상을 유발함,,특정연령대금기
20250823,흰색-엷은 황갈색의 반점이 있는 방추형 좌약 ,02390,기타의 소화기관용약,한국페링제약(주),전문의약품,"항문용좌제, 수용성",D000631,Mesalazine,Mesalazine(메살라진),메살라진,펜타사좌약(메살라진),19971206,199704520,[M083890]메살라진,,단일,20140109,-,,특정연령대금기
20221011,황색의 장방형 장용성 필름코팅정,02390,기타의 소화기관용약,(주)휴온스,전문의약품,장용성필름코팅정,D000631,Mesalazine,Mesalazine(메살라진),메살라진,메진정500mg(메살라진)(수출용),19990831,199903215,[M083890]메살라진,,단일,20140109,_,,특정연령대금기
20220327,백색의 타원형의 필름코팅정제,06290,기타의 화학요법제,대한뉴팜(주),전문의약품,필름코팅정,D000605,Norfloxacin,Norfloxacin(노르플록사신),노르플록사신,노프린정(노르플록사신)(수출용),19990720,199904124,[M081284]노르플록사신,,단일,20140109,"- 안전성 및 유효성 미확립- 퀴놀론계 항균제는 몇몇 어린 동물종에서 관절병증, 뼈연골증을 유발함",,특정연령대금기
20170302,볼록한 적색의 원형정제,03960,당뇨병용제,노보노디스크제약(주) ,전문의약품,나정,D000418,Repaglinide,Repaglinide(레파글리니드),레파글리니드,노보넘정2.0밀리그람(레파글리니드),19990421,199907080,[M088889]레파글리니드,,단일,20140109,안전성 및 유효성 미확립,,특정연령대금기
20170302,볼록한 황색의 원형정제,03960,당뇨병용제,노보노디스크제약(주) ,전문의약품,나정,D000418,Repaglinide,Repaglinide(레파글리니드),레파글리니드,노보넘정1.0밀리그람(레파글리니드),19990421,199907081,[M088889]레파글리니드,,단일,20140109,안전성 및 유효성 미확립,,특정연령대금기
20260323,백색의 장방형 필름코팅정제이다,06290,기타의 화학요법제,(주)한국파마,전문의약품,필름코팅정,D000666,Ofloxacin,Ofloxacin(오플록사신),오플록사신,"파마오플록사신정200밀리그람(수출명:프록스아비드정, 오플락정)(수출용)",20000512,200001756,[M081639]오플록사신,,단일,20140109,- 안전성 및 유효성 미확립- 몇몇 어린 동물종에서 관절이상을 유발함,,특정연령대금기
20200420,흰색 내지 연노랑색의 분말이 충전된 상하 황분홍색의 불투명 경질캡슐,01170,정신신경용제,부광약품(주),전문의약품,"경질캡슐제, 산제",D000326,Milnacipran Hydrochloride,Milnacipran Hydrochloride(밀나시프란염산염),밀나시프란염산염,익셀캡슐25밀리그램(밀나시프란염산염),20000501,200001931,[M251320]밀나시프란염산염,,단일,20140109,안전성 및 유효성 미확립,,특정연령대금기
20200420,"흰색 내지 연노랑색의 분말이 충전된 상의 황분홍색, 하의 밝은 적갈색의 불투명 경질캡슐",01170,정신신경용제,부광약품(주),전문의약품,"경질캡슐제, 산제",D000326,Milnacipran Hydrochloride,Milnacipran Hydrochloride(밀나시프란염산염),밀나시프란염산염,익셀캡슐50밀리그램(밀나시프란염산염),20000501,200001932,[M251320]밀나시프란염산염,,단일,20140109,안전성 및 유효성 미확립,,특정연령대금기
20180413,전질균등한 백색 내지 미백색의 크림 ,02640,진통.진양.수렴.소염제,한국오가논(주),전문의약품,피부크림제,D000633,Mometasone Furoate,Mometasone Furoate(모메타손푸로에이트),모메타손푸로에이트,에로콤크림(모메타손푸로에이트),20000414,200008955,[M070188]모메타손푸로에이트,,단일,20140109,"소아는 체중당 체표면적의 비율이 성인보다 커서 코르티코이드로 인해 HPA축(시상하부-뇌하수체-부신 축) 억제, 쿠싱증후군, 발육장애, 두개내압항진 등이 나타나기 쉬움",,특정연령대금기
20240522,엷은 황색의 액이 들어있는 갈색의 앰플,01140,해열.진통.소염제,한국유니온제약(주),전문의약품,용액주사제,D000309,Piroxicam,Piroxicam(피록시캄),피록시캄,유니온피록시캄주,20010426,200101498,[M071634]피록시캄,,단일,20140109,벤질알코올은 조숙아에게서 치명적인 가쁜 호흡증상과 연관이 있는 것으로 보고됨,,특정연령대금기
20180110,무색-미황색 액이 든 갈색 앰플 (수출용 : 무색투명한 액이 들어있는 무색투명한 앰플),01190,기타의 중추신경용약,(주)한국파마,전문의약품,용액주사제,D000307,Piracetam,Piracetam(피라세탐),피라세탐,피-세탐주사(피라세탐)(수출용),20010917,200101536,[M101651]피라세탐/[M101651]피라세탐,,단일,20140109,_,,특정연령대금기
20241025,백색 또는 담황색의 분말로 된 산제이다.,02190,기타의 순환계용약,하이플생명과학(주),전문의약품,현탁액용산제,D000210,Calcium Polystyrene Sulfonate,Calcium Polystyrene Sulfonate(폴리스티렌설폰산칼슘),폴리스티렌설폰산칼슘,카슈트산(폴리스티렌설폰산칼슘),20010131,200102202,[M081346]폴리스티렌설폰산칼슘,,단일,20230705,_,,특정연령대금기
20241025,박하향: 박하향과 감미가 있는 담황색의 현탁액바나나향: 바나나향과 감미가 있는 담황색의 현탁액,02190,기타의 순환계용약,하이플생명과학(주),전문의약품,경구용현탁액제,D000210,Calcium Polystyrene Sulfonate,Calcium Polystyrene Sulfonate(폴리스티렌설폰산칼슘),폴리스티렌설폰산칼슘,카슈트현탁액(폴리스티렌설폰산칼슘),20010712,200102214,[M081346]폴리스티렌설폰산칼슘/[M081346]폴리스티렌설폰산칼슘,,단일,20230705,_,,특정연령대금기
20200730,무색 투명한 액체가 들어있는 갈색 앰플,01140,해열.진통.소염제,대한뉴팜(주),전문의약품,용액주사제,D000309,Piroxicam,Piroxicam(피록시캄),피록시캄,헬렌주20mg(피록시캄)(수출용),20010806,200103725,[M071634]피록시캄,,단일,20140109,벤질알코올은 조숙아에게서 치명적인 가쁜 호흡증상과 연관이 있는 것으로 보고됨,,특정연령대금기
20260323,1. 백색의 장방형 필름코팅정제2. 백색의 원형 필름코팅정제,06290,기타의 화학요법제,한국프라임제약(주),전문의약품,필름코팅정,D000666,Ofloxacin,Ofloxacin(오플록사신),오플록사신,안플레임정200밀리그램(오플록사신)(수출용),20010917,200103860,[M081639]오플록사신/[M081639]오플록사신,,단일,20140109,- 안전성 및 유효성 미확립- 몇몇 어린 동물종에서 관절이상을 유발함,,특정연령대금기
20241025,"이 약은 냄새가 없거나 또는 약간 특이한 냄새가 있으며, 맛은 달고, 색깔은 담황백색~담황색의 젤리이다.                                                    ",02190,기타의 순환계용약,제이더블유중외제약(주),전문의약품,젤리형겔,D000210,Calcium Polystyrene Sulfonate,Calcium Polystyrene Sulfonate(폴리스티렌설폰산칼슘),폴리스티렌설폰산칼슘,아가메이트젤리(폴리스티렌설폰산칼슘),20011113,200108883,[M081346]폴리스티렌설폰산칼슘,,단일,20230705,_,,특정연령대금기
20090827,무색투명한 액이 무색투명한 앰플 또는 바이알에 든 주사제(수출용: 무색투명한 액이 들어 있는 갈색앰플),01190,기타의 중추신경용약,(주)제일제약,전문의약품,용액주사제,D000307,Piracetam,Piracetam(피라세탐),피라세탐,피라탐주200mg/mL(피라세탐),20020413,200200514,[M101651]피라세탐,,단일,20140109,_,,특정연령대금기
20241025,흰색 또는 담황색의 과립제 ,02190,기타의 순환계용약,알보젠코리아(주),전문의약품,과립제,D000210,Calcium Polystyrene Sulfonate,Calcium Polystyrene Sulfonate(폴리스티렌설폰산칼슘),폴리스티렌설폰산칼슘,카리메트과립(폴리스티렌설폰산칼슘),20020501,200200768,[M081346]폴리스티렌설폰산칼슘,,단일,20230705,_,,특정연령대금기
20200521,전질균등한 흰색 크림,02640,진통.진양.수렴.소염제,(주)동구바이오제약,전문의약품,피부크림제,D000633,Mometasone Furoate,Mometasone Furoate(모메타손푸로에이트),모메타손푸로에이트,더모타손엠엘이크림(모메타손푸로에이트),20020410,200201124,[M070188]모메타손푸로에이트/[M070188]모메타손푸로에이트,,단일,20140109,"소아는 체중당 체표면적의 비율이 성인보다 커서 코르티코이드로 인해 HPA축(시상하부-뇌하수체-부신 축) 억제, 쿠싱증후군, 발육장애, 두개내압항진 등이 나타나기 쉬움",,특정연령대금기
20170418,(수출용 1) 무색투명한 액이 들어있는 무색투명한 앰플(수출용 2) 무색투명한 액이 들어있는 무색의 앰플,01190,기타의 중추신경용약,한국유니온제약(주),전문의약품,용액주사제,D000307,Piracetam,Piracetam(피라세탐),피라세탐,유니세탐주(피라세탐)(수출용),20020618,200201299,[M101651]피라세탐/[M101651]피라세탐,,단일,20140109,_,,특정연령대금기
20260323,흰색의 장방형 필름코팅정제,06290,기타의 화학요법제,(주)테라젠이텍스,전문의약품,필름코팅정,D000666,Ofloxacin,Ofloxacin(오플록사신),오플록사신,옥사비드정(오플록사신)(수출용),20021114,200201985,[M081639]오플록사신,,단일,20140109,- 안전성 및 유효성 미확립- 몇몇 어린 동물종에서 관절이상을 유발함,,특정연령대금기
20260323,흰색의 장방형 필름코팅정,06290,기타의 화학요법제,(주)바스칸바이오제약,전문의약품,필름코팅정,D000666,Ofloxacin,Ofloxacin(오플록사신),오플록사신,오펙신정(오플록사신)(수출용),20020918,200202286,[M081639]오플록사신,,단일,20140109,- 안전성 및 유효성 미확립- 몇몇 어린 동물종에서 관절이상을 유발함,,특정연령대금기
20170807,수출용 1 : 흰색의 장방형 필름코팅정수출용 2 : 황색 또는 미황색의 장방형 필름코팅정,01190,기타의 중추신경용약,(주)서울제약,전문의약품,필름코팅정,D000307,Piracetam,Piracetam(피라세탐),피라세탐,뉴로탐정800mg(피라세탐)(수출용),20021121,200202848,[M101651]피라세탐/[M101651]피라세탐,,단일,20140109,_,,특정연령대금기
20140130,백색의 크림제,02690,기타의 외피용약,한국메나리니(주),전문의약품,피부크림제,D000108,Pimecrolimus,Pimecrolimus(피메크로리무스),피메크로리무스,엘리델크림1%(피메크로리무스),20021129,200209697,[M097515]피메크로리무스,,단일,20140109,- 안전성 및 유효성 미확립- 영아의 면역기계 발달에 미치는 영향은 알려지지 않았음,,특정연령대금기
20200707,전질균등한 흰색크림,02640,진통.진양.수렴.소염제,동광제약(주),전문의약품,피부크림제,D000633,Mometasone Furoate,Mometasone Furoate(모메타손푸로에이트),모메타손푸로에이트,모리코트크림(모메타손푸로에이트) ,20030422,200300107,[M070188]모메타손푸로에이트,,단일,20140109,"소아는 체중당 체표면적의 비율이 성인보다 커서 코르티코이드로 인해 HPA축(시상하부-뇌하수체-부신 축) 억제, 쿠싱증후군, 발육장애, 두개내압항진 등이 나타나기 쉬움",,특정연령대금기
20200707,흰색 또는 흰색에 거의 가까운 불투명한 연고,02640,진통.진양.수렴.소염제,동광제약(주),전문의약품,피부연고제,D000633,Mometasone Furoate,Mometasone Furoate(모메타손푸로에이트),모메타손푸로에이트,모리코트연고(모메타손푸로에이트),20030801,200300112,[M070188]모메타손푸로에이트,,단일,20140109,"소아는 체중당 체표면적의 비율이 성인보다 커서 코르티코이드로 인해 HPA축(시상하부-뇌하수체-부신 축) 억제, 쿠싱증후군, 발육장애, 두개내압항진 등이 나타나기 쉬움",,특정연령대금기
20200521,전질균등한 백색 크림,02640,진통.진양.수렴.소염제,(주)바이넥스,전문의약품,피부크림제,D000633,Mometasone Furoate,Mometasone Furoate(모메타손푸로에이트),모메타손푸로에이트,인푸라크림(모메타손푸로에이트),20030424,200300447,[M070188]모메타손푸로에이트,,단일,20140109,"소아는 체중당 체표면적의 비율이 성인보다 커서 코르티코이드로 인해 HPA축(시상하부-뇌하수체-부신 축) 억제, 쿠싱증후군, 발육장애, 두개내압항진 등이 나타나기 쉬움",,특정연령대금기
20200521,전질균등한 백색 크림,02640,진통.진양.수렴.소염제,태극제약(주),전문의약품,피부크림제,D000633,Mometasone Furoate,Mometasone Furoate(모메타손푸로에이트),모메타손푸로에이트,라벨리아크림(모메타손푸로에이트),20030930,200300833,[M070188]모메타손푸로에이트,,단일,20140109,"소아는 체중당 체표면적의 비율이 성인보다 커서 코르티코이드로 인해 HPA축(시상하부-뇌하수체-부신 축) 억제, 쿠싱증후군, 발육장애, 두개내압항진 등이 나타나기 쉬움",,특정연령대금기
20200521,흰색의 크림제,02640,진통.진양.수렴.소염제,(주)메디카코리아,전문의약품,피부크림제,D000633,Mometasone Furoate,Mometasone Furoate(모메타손푸로에이트),모메타손푸로에이트,테리손크림(모메타손푸로에이트),20031203,200301015,[M070188]모메타손푸로에이트,,단일,20140109,"소아는 체중당 체표면적의 비율이 성인보다 커서 코르티코이드로 인해 HPA축(시상하부-뇌하수체-부신 축) 억제, 쿠싱증후군, 발육장애, 두개내압항진 등이 나타나기 쉬움",,특정연령대금기
20200521,내수용) 전질균등한 흰색의 크림제수출용) 전질 균등한 흰색 무취의 크림제,02640,진통.진양.수렴.소염제,(주)한국파마,전문의약품,피부크림제,D000633,Mometasone Furoate,Mometasone Furoate(모메타손푸로에이트),모메타손푸로에이트,더미손크림(모메타손푸로에이트),20031020,200301215,[M070188]모메타손푸로에이트/[M070188]모메타손푸로에이트,,단일,20140109,"소아는 체중당 체표면적의 비율이 성인보다 커서 코르티코이드로 인해 HPA축(시상하부-뇌하수체-부신 축) 억제, 쿠싱증후군, 발육장애, 두개내압항진 등이 나타나기 쉬움",,특정연령대금기
20210125,흰색의 크림제,02640,진통.진양.수렴.소염제,에이치엘비제약(주),전문의약품,피부크림제,D000633,Mometasone Furoate,Mometasone Furoate(모메타손푸로에이트),모메타손푸로에이트,에이치엘비모메타손크림(모메타손푸로에이트),20030926,200301374,[M070188]모메타손푸로에이트,,단일,20140109,"소아는 체중당 체표면적의 비율이 성인보다 커서 코르티코이드로 인해 HPA축(시상하부-뇌하수체-부신 축) 억제, 쿠싱증후군, 발육장애, 두개내압항진 등이 나타나기 쉬움",,특정연령대금기
20200521,흰색의 크림제,02640,진통.진양.수렴.소염제,오스틴제약(주),전문의약품,피부크림제,D000633,Mometasone Furoate,Mometasone Furoate(모메타손푸로에이트),모메타손푸로에이트,모메손크림(모메타손푸로에이트),20031013,200301485,[M070188]모메타손푸로에이트,,단일,20140109,"소아는 체중당 체표면적의 비율이 성인보다 커서 코르티코이드로 인해 HPA축(시상하부-뇌하수체-부신 축) 억제, 쿠싱증후군, 발육장애, 두개내압항진 등이 나타나기 쉬움",,특정연령대금기
20200521,전질이 균등한 흰색 크림,02640,진통.진양.수렴.소염제,대화제약(주),전문의약품,피부크림제,D000633,Mometasone Furoate,Mometasone Furoate(모메타손푸로에이트),모메타손푸로에이트,프레타손크림(모메타손푸로에이트),20030303,200301497,[M070188]모메타손푸로에이트,,단일,20140109,"소아는 체중당 체표면적의 비율이 성인보다 커서 코르티코이드로 인해 HPA축(시상하부-뇌하수체-부신 축) 억제, 쿠싱증후군, 발육장애, 두개내압항진 등이 나타나기 쉬움",,특정연령대금기
20260323,흰색의 장방형 필름코팅정,06290,기타의 화학요법제,대화제약(주),전문의약품,필름코팅정,D000666,Ofloxacin,Ofloxacin(오플록사신),오플록사신,"대화오플록사신정200밀리그람(수출용)(수출명:DAEHWAOFLOXACIN200mgtab,PHILALPIL)",20030918,200301503,[M081639]오플록사신,,단일,20140109,- 안전성 및 유효성 미확립- 몇몇 어린 동물종에서 관절이상을 유발함,,특정연령대금기
20260323,백색 장방형의 필름코팅정,06290,기타의 화학요법제,영일제약(주),전문의약품,필름코팅정,D000666,Ofloxacin,Ofloxacin(오플록사신),오플록사신,영일오플록사신정200mg(수출용)(수출명:TabidTab.200mg),20031029,200301572,[M081639]오플록사신,,단일,20140109,- 안전성 및 유효성 미확립- 몇몇 어린 동물종에서 관절이상을 유발함,,특정연령대금기
20040423,"백색의 분말이 충진된 상부는 연등색, 하부는 담황색의 경질캡슐",01190,기타의 중추신경용약,(주)테라젠이텍스,전문의약품,"경질캡슐제, 산제",D000307,Piracetam,Piracetam(피라세탐),피라세탐,"피라젬캡슐400밀리그람(피라세탐)(수출용)(수출명:DACERAMCaps400mg,PIRANCAPCap.400mg)",20030515,200301641,[M101651]피라세탐,,단일,20140109,_,,특정연령대금기
20120608,상부 주황색 하부 백색의 캡슐제,01190,기타의 중추신경용약,알파제약(주),전문의약품,"경질캡슐제, 산제",D000307,Piracetam,Piracetam(피라세탐),피라세탐,"알파피라세탐캡슐(수출용)[수출명:피락탐캡슐,알피탐캡슐]",20031229,200301999,[M101651]피라세탐,,단일,20140109,_,,특정연령대금기
20150623,무색 투명한 액이 들어있는 갈색 앰플,01190,기타의 중추신경용약,(주)휴온스,전문의약품,용액주사제,D000307,Piracetam,Piracetam(피라세탐),피라세탐,"아이라탐주사(피라세탐)(수출용)(수출명 : PIRAJECT INJ., PIRANJECT INJ.,AEYEROP Inj., SEOBA Inj.)",20030409,200302123,[M101651]피라세탐,,단일,20140109,_,,특정연령대금기
20130704,황색의 장방형 필름코팅정,01190,기타의 중추신경용약,(주)휴온스,전문의약품,필름코팅정,D000307,Piracetam,Piracetam(피라세탐),피라세탐,휴온스피라세탐정800㎎(수출용),20030707,200302135,[M101651]피라세탐,,단일,20140109,_,,특정연령대금기
20220327,백색의 원형 필름코팅정,06290,기타의 화학요법제,대한뉴팜(주),전문의약품,필름코팅정,D000605,Norfloxacin,Norfloxacin(노르플록사신),노르플록사신,노프린정200밀리그람(노르플록사신)(수출용),20030527,200302533,[M081284]노르플록사신,,단일,20140109,"- 안전성 및 유효성 미확립- 퀴놀론계 항균제는 몇몇 어린 동물종에서 관절병증, 뼈연골증을 유발함",,특정연령대금기
20250823,흰색 불투명한 폴리에틸렌 용기에 들어있는 갈색현탁액,02390,기타의 소화기관용약,(주)대웅제약,전문의약품,관장제,D000631,Mesalazine,Mesalazine(메살라진),메살라진,아사콜관장액4그람/100밀리리터(메살라진),20030731,200307868,[M083890]메살라진,,단일,20140109,안전성 및 유효성 미확립,,특정연령대금기
20250823,회갈색의 방추형 좌약,02390,기타의 소화기관용약,(주)대웅제약,전문의약품,"항문용좌제, 지용성",D000631,Mesalazine,Mesalazine(메살라진),메살라진,아사콜좌약500밀리그람(메살라진),20031121,200307870,[M083890]메살라진,,단일,20140109,-,,특정연령대금기
20250823,적갈색의 장방형 장용코팅정,02390,기타의 소화기관용약,(주)대웅제약,전문의약품,장용성필름코팅정,D000631,Mesalazine,Mesalazine(메살라진),메살라진,아사콜디알정400밀리그람(메살라진),20040325,200400465,[M083890]메살라진,,단일,20140109,_,,특정연령대금기
20200521,흰색 또는 엷은 황색의 로션제,02640,진통.진양.수렴.소염제,태극제약(주),전문의약품,피부로션제,D000633,Mometasone Furoate,Mometasone Furoate(모메타손푸로에이트),모메타손푸로에이트,라벨리아로션(모메타손푸로에이트),20040715,200401148,[M070188]모메타손푸로에이트,,단일,20140109,"소아는 체중당 체표면적의 비율이 성인보다 커서 코르티코이드로 인해 HPA축(시상하부-뇌하수체-부신 축) 억제, 쿠싱증후군, 발육장애, 두개내압항진 등이 나타나기 쉬움",,특정연령대금기
20200521,흰색 또는 엷은 황색의 로션제,02640,진통.진양.수렴.소염제,(주)동구바이오제약,전문의약품,피부로션제,D000633,Mometasone Furoate,Mometasone Furoate(모메타손푸로에이트),모메타손푸로에이트,더모타손엠엘이로션(모메타손푸로에이트),20040520,200401482,[M070188]모메타손푸로에이트,,단일,20140109,"소아는 체중당 체표면적의 비율이 성인보다 커서 코르티코이드로 인해 HPA축(시상하부-뇌하수체-부신 축) 억제, 쿠싱증후군, 발육장애, 두개내압항진 등이 나타나기 쉬움",,특정연령대금기
20260323,백색의 장방형 필름코팅정,06290,기타의 화학요법제,한국유니온제약(주),전문의약품,필름코팅정,D000666,Ofloxacin,Ofloxacin(오플록사신),오플록사신,유니온오플록사신정200mg(수출용),20040922,200401657,[M081639]오플록사신,,단일,20140109,- 안전성 및 유효성 미확립- 몇몇 어린 동물종에서 관절이상을 유발함,,특정연령대금기
20260323,흰색의 원형 필름코팅정,06290,기타의 화학요법제,(주)셀릭스,전문의약품,필름코팅정,D000666,Ofloxacin,Ofloxacin(오플록사신),오플록사신,셀릭스오플록사신정100밀리그램,20040708,200401862,[M081639]오플록사신,,단일,20140109,- 안전성 및 유효성 미확립- 몇몇 어린 동물종에서 관절이상을 유발함,,특정연령대금기
20050422,백색의 장방형 정제,01190,기타의 중추신경용약,대화제약(주),전문의약품,나정,D000307,Piracetam,Piracetam(피라세탐),피라세탐,"게리탐정400mg(피라세탐)(수출명:GERITAM,PILOTEL)(수출용)",20040528,200402118,[M101651]피라세탐,,단일,20140109,_,,특정연령대금기
20260323,흰색내지 미황백색의 원형 필름코팅정,06290,기타의 화학요법제,(주)팜젠사이언스,전문의약품,필름코팅정,D000666,Ofloxacin,Ofloxacin(오플록사신),오플록사신,팜젠오플록사신정,20040803,200402467,[M081639]오플록사신,,단일,20140109,- 안전성 및 유효성 미확립- 몇몇 어린 동물종에서 관절이상을 유발함,,특정연령대금기
20260323,백색의 장방형 필름코팅정 ,06290,기타의 화학요법제,(주)휴온스,전문의약품,필름코팅정,D000666,Ofloxacin,Ofloxacin(오플록사신),오플록사신,오베나신정400밀리그램(오플록사신)(수출용),20040209,200403118,[M081639]오플록사신,,단일,20140109,- 안전성 및 유효성 미확립- 몇몇 어린 동물종에서 관절이상을 유발함,,특정연령대금기
20210118,[내수용]전질균등한 백색무취의 크림제[수출용]전질균등한 흰색 크림,02640,진통.진양.수렴.소염제,주식회사제뉴원사이언스,전문의약품,피부크림제,D000633,Mometasone Furoate,Mometasone Furoate(모메타손푸로에이트),모메타손푸로에이트,제뉴원모메타손크림(모메타손푸로에이트),20040324,200404664,[M070188]모메타손푸로에이트/[M070188]모메타손푸로에이트,,단일,20140109,"소아는 체중당 체표면적의 비율이 성인보다 커서 코르티코이드로 인해 HPA축(시상하부-뇌하수체-부신 축) 억제, 쿠싱증후군, 발육장애, 두개내압항진 등이 나타나기 쉬움",,특정연령대금기
20260323,백색내지 미황백색의 원형 필름코팅정,06290,기타의 화학요법제,주식회사제뉴원사이언스,전문의약품,필름코팅정,D000666,Ofloxacin,Ofloxacin(오플록사신),오플록사신,제뉴원오플록사신정,20040619,200404693,[M081639]오플록사신,,단일,20140109,- 안전성 및 유효성 미확립- 몇몇 어린 동물종에서 관절이상을 유발함,,특정연령대금기
20170811,약간 둥근 다이아몬드형의 푸른색 필름코팅정,02590,기타의 비뇨생식기관 및 항문용약,비아트리스코리아(주),전문의약품,필름코팅정,D000246,Sildenafil Citrate,Sildenafil Citrate(실데나필시트르산염),실데나필시트르산염,비아그라정50밀리그람(실데나필시트르산염),20040503,200410082,[M252789]실데나필시트르산염,,단일,20140109,_,,특정연령대금기
20170811,약간 둥근 다이아몬드형의 푸른색 필름코팅정,02590,기타의 비뇨생식기관 및 항문용약,비아트리스코리아(주),전문의약품,필름코팅정,D000246,Sildenafil Citrate,Sildenafil Citrate(실데나필시트르산염),실데나필시트르산염,비아그라정100밀리그람(실데나필시트르산염),20040503,200410083,[M252789]실데나필시트르산염,,단일,20140109,_,,특정연령대금기
20260323,백색내지 미황백색의 원형 필름코팅정,06290,기타의 화학요법제,(주)셀트리온제약,전문의약품,필름코팅정,D000666,Ofloxacin,Ofloxacin(오플록사신),오플록사신,셀트리온오플록신정100밀리그램(오플록사신),20050930,200500476,[M081639]오플록사신,,단일,20140109,- 안전성 및 유효성 미확립- 몇몇 어린 동물종에서 관절이상을 유발함,,특정연령대금기
20201228,흰색의 전질 균등한 로션제,02640,진통.진양.수렴.소염제,위더스제약(주),전문의약품,피부로션제,D000633,Mometasone Furoate,Mometasone Furoate(모메타손푸로에이트),모메타손푸로에이트,큐어덤로션(모메타손푸로에이트),20050629,200502369,[M070188]모메타손푸로에이트,,단일,20140109,"소아는 체중당 체표면적의 비율이 성인보다 커서 코르티코이드로 인해 HPA축(시상하부-뇌하수체-부신 축) 억제, 쿠싱증후군, 발육장애, 두개내압항진 등이 나타나기 쉬움",,특정연령대금기
20160927,무색투명한 액이 들어있는 갈색앰플,01190,기타의 중추신경용약,대한뉴팜(주),전문의약품,용액주사제,D000307,Piracetam,Piracetam(피라세탐),피라세탐,대한뉴팜피라세탐주(수출용),20050802,200503160,[M101651]피라세탐/[M101651]피라세탐/[M101651]피라세탐,,단일,20140109,_,,특정연령대금기
20260323,흰색의장방형필름코팅정제,06290,기타의 화학요법제,한국코러스(주),전문의약품,필름코팅정,D000666,Ofloxacin,Ofloxacin(오플록사신),오플록사신,코러스오플록사신정400mg(수출용),20060110,200600657,[M081639]오플록사신,,단일,20140109,- 안전성 및 유효성 미확립- 몇몇 어린 동물종에서 관절이상을 유발함,,특정연령대금기
20260323,백색의 타원형 필름코팅정,06290,기타의 화학요법제,천우신약(주),전문의약품,필름코팅정,D000666,Ofloxacin,Ofloxacin(오플록사신),오플록사신,인터메딕오플록사신정(수출용)(수출명:BELOX tablet),20060714,200606976,[M081639]오플록사신,,단일,20140109,- 안전성 및 유효성 미확립- 몇몇 어린 동물종에서 관절이상을 유발함,,특정연령대금기
20140509,무색 투명한 액이 들어있는 갈색 앰플,01190,기타의 중추신경용약,(주)테라젠이텍스,전문의약품,용액주사제,D000307,Piracetam,Piracetam(피라세탐),피라세탐,이텍스피라세탐주1그람(피라세탐)(수출용),20061128,200612029,[M101651]피라세탐/[M101651]피라세탐,,단일,20140109,_,,특정연령대금기
20260323,백색 내지 미황색의 필름코팅정,06290,기타의 화학요법제,삼천당제약(주),전문의약품,필름코팅정,D000666,Ofloxacin,Ofloxacin(오플록사신),오플록사신,"삼천당오플록사신정200밀리그람(수출명:오퍼스정200밀리그람, ofus200)(수출용)",20070208,200701745,[M081639]오플록사신,,단일,20140109,- 안전성 및 유효성 미확립- 몇몇 어린 동물종에서 관절이상을 유발함,,특정연령대금기
20221205,백색의 원형 필름코팅정제,06290,기타의 화학요법제,일동제약(주),전문의약품,필름코팅정,D000666,Ofloxacin,Ofloxacin(오플록사신),오플록사신,에펙신정200밀리그램(오플록사신)(수출용),20070221,200702240,[M081639]오플록사신/[M081639]오플록사신,,단일,20140109,- 안전성 및 유효성 미확립- 몇몇 어린 동물종에서 관절이상을 유발함,,특정연령대금기
20180209,"백색의 분말이 충진된 상부 녹색, 하부 백색의 경질캡슐제",01190,기타의 중추신경용약,천우신약(주),전문의약품,"경질캡슐제, 산제",D000307,Piracetam,Piracetam(피라세탐),피라세탐,천우 피라세탐캡슐(수출용)(수출명 : CIRBRAIN Cap.),20070503,200705144,[M101651]피라세탐,,단일,20140109,_,,특정연령대금기
20090320,무색투명한 액이 들어있는 갈색앰플,01190,기타의 중추신경용약,화일약품(주),전문의약품,용액주사제,D000307,Piracetam,Piracetam(피라세탐),피라세탐,피리마쓰주(피라세탐)(수출명: Pirimas Inj.)(수출용),20070507,200705178,[M101651]피라세탐,,단일,20140109,_,,특정연령대금기
20260323,흰색의 장방형 필름코팅정제,06290,기타의 화학요법제,삼익제약(주),전문의약품,필름코팅정,D000666,Ofloxacin,Ofloxacin(오플록사신),오플록사신,"삼익오플록사신정200mg(수출용)(수출명: ABITACIN Tab., OXACIN Tab.)",20070710,200707959,[M081639]오플록사신,,단일,20140109,- 안전성 및 유효성 미확립- 몇몇 어린 동물종에서 관절이상을 유발함,,특정연령대금기
20160407,오렌지색의 탄환형 필름코팅정,02590,기타의 비뇨생식기관 및 항문용약,에스케이케미칼(주),전문의약품,필름코팅정,D000128,Mirodenafil Hydrochloride,Mirodenafil Hydrochloride(염산미로데나필),염산미로데나필,엠빅스정50밀리그램(미로데나필염산염),20070718,200708298,[M214384]염산미로데나필,,단일,20140109,_,,특정연령대금기
20180330,무색~미황색의 용액이 든 갈색 앰플제,01190,기타의 중추신경용약,대한약품공업(주),전문의약품,용액주사제,D000307,Piracetam,Piracetam(피라세탐),피라세탐,브레세탐주(피라세탐)(수출용),20070803,200709019,[M101651]피라세탐,,단일,20140109,_,,특정연령대금기
20240522,엷은 황색의 용액이 든 갈색 앰플,01140,해열.진통.소염제,대한약품공업(주),전문의약품,용액주사제,D000309,Piroxicam,Piroxicam(피록시캄),피록시캄,대한피록시캄주,20071231,200713905,[M071634]피록시캄/[M071634]피록시캄,,단일,20140109,벤질알코올은 조숙아에게서 치명적인 가쁜 호흡증상과 연관이 있는 것으로 보고됨,,특정연령대금기
20201221,흰색의 원형 필름코팅정,01170,정신신경용제,(주)종근당,전문의약품,필름코팅정,D000357,Olanzapine,Olanzapine(올란자핀),올란자핀,싸이렉사정10밀리그램(올란자핀)(수출용),20080722,200808004,[M089222]올란자핀,,단일,20140109,"(정제)- 안전성 및 유효성 미확립- 체중증가, 진정, 총콜레스테롤, 중성지방, LDL콜레스테롤, 프로락틴과 간 아미노트랜스퍼라제 수치가 성인에 비해 증가(주사제)- 안전성 및 유효성 미확립",,특정연령대금기
20191209,흰색의 원형 필름코팅정,01170,정신신경용제,명인제약(주),전문의약품,필름코팅정,D000357,Olanzapine,Olanzapine(올란자핀),올란자핀,뉴로자핀정5밀리그램(올란자핀),20080910,200809388,[M089222]올란자핀,,단일,20140109,"(정제)- 안전성 및 유효성 미확립- 체중증가, 진정, 총콜레스테롤, 중성지방, LDL콜레스테롤, 프로락틴과 간 아미노트랜스퍼라제 수치가 성인에 비해 증가(주사제)- 안전성 및 유효성 미확립",,특정연령대금기
20200226,흰색 혹은 연한 회색의 원형 필름코팅정제,01170,정신신경용제,환인제약(주),전문의약품,필름코팅정,D000357,Olanzapine,Olanzapine(올란자핀),올란자핀,자이레핀정10밀리그램(올란자핀),20081020,200810513,[M089222]올란자핀,,단일,20140109,"(정제)- 안전성 및 유효성 미확립- 체중증가, 진정, 총콜레스테롤, 중성지방, LDL콜레스테롤, 프로락틴과 간 아미노트랜스퍼라제 수치가 성인에 비해 증가(주사제)- 안전성 및 유효성 미확립",,특정연령대금기
20260323,흰색의 장방형 필름코팅정제,06290,기타의 화학요법제,알파제약(주),전문의약품,필름코팅정,D000666,Ofloxacin,Ofloxacin(오플록사신),오플록사신,알파오플록사신정(수출용),20090108,200900321,[M081639]오플록사신,,단일,20140109,- 안전성 및 유효성 미확립- 몇몇 어린 동물종에서 관절이상을 유발함,,특정연령대금기
20260323,"[수출용1], [수출용2]: 흰색 장방형의 필름코팅정제",06290,기타의 화학요법제,(주)휴온스생명과학,전문의약품,필름코팅정,D000666,Ofloxacin,Ofloxacin(오플록사신),오플록사신,인팍신정200mg(오플록사신)(수출용),20090226,200901534,[M081639]오플록사신/[M081639]오플록사신,,단일,20140109,- 안전성 및 유효성 미확립- 몇몇 어린 동물종에서 관절이상을 유발함,,특정연령대금기
20210131,흰색의 원형 필름코팅 정제,01170,정신신경용제,삼일제약(주),전문의약품,필름코팅정,D000357,Olanzapine,Olanzapine(올란자핀),올란자핀,산도스올란자핀정10밀리그램,20090428,200903065,[M089222]올란자핀,,단일,20140109,"(정제)- 안전성 및 유효성 미확립- 체중증가, 진정, 총콜레스테롤, 중성지방, LDL콜레스테롤, 프로락틴과 간 아미노트랜스퍼라제 수치가 성인에 비해 증가(주사제)- 안전성 및 유효성 미확립",,특정연령대금기
20210131,흰색의 원형 필름코팅정제,01170,정신신경용제,삼일제약(주),전문의약품,필름코팅정,D000357,Olanzapine,Olanzapine(올란자핀),올란자핀,산도스올란자핀정5밀리그램,20090428,200903067,[M089222]올란자핀,,단일,20140109,"(정제)- 안전성 및 유효성 미확립- 체중증가, 진정, 총콜레스테롤, 중성지방, LDL콜레스테롤, 프로락틴과 간 아미노트랜스퍼라제 수치가 성인에 비해 증가(주사제)- 안전성 및 유효성 미확립",,특정연령대금기
20210131,흰색의 원형 필름코팅정제,01170,정신신경용제,삼일제약(주),전문의약품,필름코팅정,D000357,Olanzapine,Olanzapine(올란자핀),올란자핀,산도스올란자핀정2.5밀리그램,20090430,200903078,[M089222]올란자핀,,단일,20140109,"(정제)- 안전성 및 유효성 미확립- 체중증가, 진정, 총콜레스테롤, 중성지방, LDL콜레스테롤, 프로락틴과 간 아미노트랜스퍼라제 수치가 성인에 비해 증가(주사제)- 안전성 및 유효성 미확립",,특정연령대금기
20140630,"[수출용1,2] 무색투명한 액이 들어있는 갈색 앰플 [수출용3] 무색투명한 액이 들어있는 무색투명한 앰플",01190,기타의 중추신경용약,익수제약(주),전문의약품,용액주사제,D000307,Piracetam,Piracetam(피라세탐),피라세탐,데세프주(피라세탐)(수출용)(Daecef Inj),20090904,200906708,[M101651]피라세탐/[M101651]피라세탐,,단일,20140109,_,,특정연령대금기
20191202,흰색의 원형 필름코팅정,01170,정신신경용제,현대약품(주),전문의약품,필름코팅정,D000357,Olanzapine,Olanzapine(올란자핀),올란자핀,올라핀정5밀리그램(올란자핀),20091030,200907811,[M089222]올란자핀,,단일,20140109,"(정제)- 안전성 및 유효성 미확립- 체중증가, 진정, 총콜레스테롤, 중성지방, LDL콜레스테롤, 프로락틴과 간 아미노트랜스퍼라제 수치가 성인에 비해 증가(주사제)- 안전성 및 유효성 미확립",,특정연령대금기
20190930,흰색의 원형 필름코팅정,01170,정신신경용제,현대약품(주),전문의약품,필름코팅정,D000357,Olanzapine,Olanzapine(올란자핀),올란자핀,올라핀정10밀리그램(올란자핀),20091030,200907819,[M089222]올란자핀,,단일,20140109,"(정제)- 안전성 및 유효성 미확립- 체중증가, 진정, 총콜레스테롤, 중성지방, LDL콜레스테롤, 프로락틴과 간 아미노트랜스퍼라제 수치가 성인에 비해 증가(주사제)- 안전성 및 유효성 미확립",,특정연령대금기
20191218,흰색의 원형 필름코팅정,01170,정신신경용제,(주)종근당,전문의약품,필름코팅정,D000357,Olanzapine,Olanzapine(올란자핀),올란자핀,싸이렉사정5밀리그램(올란자핀)(수출용),20091224,200909126,[M089222]올란자핀,,단일,20140109,"(정제)- 안전성 및 유효성 미확립- 체중증가, 진정, 총콜레스테롤, 중성지방, LDL콜레스테롤, 프로락틴과 간 아미노트랜스퍼라제 수치가 성인에 비해 증가(주사제)- 안전성 및 유효성 미확립",,특정연령대금기
20210617,적갈색 타원형의 서방형 장용필름코팅정제,02390,기타의 소화기관용약,한국다케다제약(주),전문의약품,서방성장용필름코팅정,D000631,Mesalazine,Mesalazine(메살라진),메살라진,메자반트엑스엘장용정1200밀리그램(메살라진),20100305,201001891,[M083890]메살라진,,단일,20140109,_,,특정연령대금기
20191209,흰색의 원형 필름코팅정,01170,정신신경용제,명인제약(주),전문의약품,필름코팅정,D000357,Olanzapine,Olanzapine(올란자핀),올란자핀,뉴로자핀정10밀리그램(올란자핀),20100331,201002395,[M089222]올란자핀,,단일,20140109,"(정제)- 안전성 및 유효성 미확립- 체중증가, 진정, 총콜레스테롤, 중성지방, LDL콜레스테롤, 프로락틴과 간 아미노트랜스퍼라제 수치가 성인에 비해 증가(주사제)- 안전성 및 유효성 미확립",,특정연령대금기
20191209,흰색의 원형 필름코팅정,01170,정신신경용제,명인제약(주),전문의약품,필름코팅정,D000357,Olanzapine,Olanzapine(올란자핀),올란자핀,뉴로자핀정2.5밀리그램(올란자핀),20100331,201002396,[M089222]올란자핀,,단일,20140109,"(정제)- 안전성 및 유효성 미확립- 체중증가, 진정, 총콜레스테롤, 중성지방, LDL콜레스테롤, 프로락틴과 간 아미노트랜스퍼라제 수치가 성인에 비해 증가(주사제)- 안전성 및 유효성 미확립",,특정연령대금기
20200317,흰색의 원형 필름코팅정제,01170,정신신경용제,한림제약(주),전문의약품,필름코팅정,D000357,Olanzapine,Olanzapine(올란자핀),올란자핀,자이자핀정10밀리그램(올란자핀),20100421,201002996,[M089222]올란자핀,,단일,20140109,"(정제)- 안전성 및 유효성 미확립- 체중증가, 진정, 총콜레스테롤, 중성지방, LDL콜레스테롤, 프로락틴과 간 아미노트랜스퍼라제 수치가 성인에 비해 증가(주사제)- 안전성 및 유효성 미확립",,특정연령대금기
20200327,흰색의 원형 필름코팅정,01170,정신신경용제,에이치케이이노엔(주),전문의약품,필름코팅정,D000357,Olanzapine,Olanzapine(올란자핀),올란자핀,에이프렉사정10밀리그램(올란자핀),20100715,201004538,[M089222]올란자핀,,단일,20140109,"(정제)- 안전성 및 유효성 미확립- 체중증가, 진정, 총콜레스테롤, 중성지방, LDL콜레스테롤, 프로락틴과 간 아미노트랜스퍼라제 수치가 성인에 비해 증가(주사제)- 안전성 및 유효성 미확립",,특정연령대금기
20200327,흰색의 원형 필름코팅정,01170,정신신경용제,에이치케이이노엔(주),전문의약품,필름코팅정,D000357,Olanzapine,Olanzapine(올란자핀),올란자핀,에이프렉사정2.5밀리그램(올란자핀),20101022,201006442,[M089222]올란자핀,,단일,20140109,"(정제)- 안전성 및 유효성 미확립- 체중증가, 진정, 총콜레스테롤, 중성지방, LDL콜레스테롤, 프로락틴과 간 아미노트랜스퍼라제 수치가 성인에 비해 증가(주사제)- 안전성 및 유효성 미확립",,특정연령대금기
20200327,흰색의 원형 필름코팅정,01170,정신신경용제,에이치케이이노엔(주),전문의약품,필름코팅정,D000357,Olanzapine,Olanzapine(올란자핀),올란자핀,에이프렉사정5밀리그램(올란자핀),20101022,201006443,[M089222]올란자핀,,단일,20140109,"(정제)- 안전성 및 유효성 미확립- 체중증가, 진정, 총콜레스테롤, 중성지방, LDL콜레스테롤, 프로락틴과 간 아미노트랜스퍼라제 수치가 성인에 비해 증가(주사제)- 안전성 및 유효성 미확립",,특정연령대금기
20200226,흰색 혹은 연한 회색의 원형필름코팅정제,01170,정신신경용제,환인제약(주),전문의약품,필름코팅정,D000357,Olanzapine,Olanzapine(올란자핀),올란자핀,자이레핀정5밀리그램(올란자핀),20101129,201007233,[M089222]올란자핀,,단일,20140109,"(정제)- 안전성 및 유효성 미확립- 체중증가, 진정, 총콜레스테롤, 중성지방, LDL콜레스테롤, 프로락틴과 간 아미노트랜스퍼라제 수치가 성인에 비해 증가(주사제)- 안전성 및 유효성 미확립",,특정연령대금기
20200226,흰색 혹은 연한 회색의 원형필름코팅정제,01170,정신신경용제,환인제약(주),전문의약품,필름코팅정,D000357,Olanzapine,Olanzapine(올란자핀),올란자핀,자이레핀정2.5밀리그램(올란자핀),20101129,201007234,[M089222]올란자핀,,단일,20140109,"(정제)- 안전성 및 유효성 미확립- 체중증가, 진정, 총콜레스테롤, 중성지방, LDL콜레스테롤, 프로락틴과 간 아미노트랜스퍼라제 수치가 성인에 비해 증가(주사제)- 안전성 및 유효성 미확립",,특정연령대금기
20200420,흰색 내지 크림흰색의 분말이 든 상하 연갈색 불투명 경질캡슐,01170,정신신경용제,부광약품(주),전문의약품,"경질캡슐제, 산제",D000326,Milnacipran Hydrochloride,Milnacipran Hydrochloride(밀나시프란염산염),밀나시프란염산염,익셀캡슐12.5밀리그램(밀나시프란염산염),20101224,201007695,[M251320]밀나시프란염산염,,단일,20140109,안전성 및 유효성 미확립,,특정연령대금기
20200228,흰색의 원형 필름코팅정,01170,정신신경용제,한림제약(주),전문의약품,필름코팅정,D000357,Olanzapine,Olanzapine(올란자핀),올란자핀,자이자핀정5밀리그램(올란자핀),20101230,201007770,[M089222]올란자핀,,단일,20140109,"(정제)- 안전성 및 유효성 미확립- 체중증가, 진정, 총콜레스테롤, 중성지방, LDL콜레스테롤, 프로락틴과 간 아미노트랜스퍼라제 수치가 성인에 비해 증가(주사제)- 안전성 및 유효성 미확립",,특정연령대금기
20191028,무색-미황색의 용액을 함유한 갈색 앰플제임,01140,해열.진통.소염제,명인제약(주),전문의약품,용액주사제,D000309,Piroxicam,Piroxicam(피록시캄),피록시캄,일라탐주(피록시캄)(수출용),20110111,201100130,[M071634]피록시캄,,단일,20140109,벤질알코올은 조숙아에게서 치명적인 가쁜 호흡증상과 연관이 있는 것으로 보고됨,,특정연령대금기
20170901,연한 노란색의 원형 구강붕해정,01170,정신신경용제,고려제약(주),전문의약품,구강붕해정,D000357,Olanzapine,Olanzapine(올란자핀),올란자핀,자이피스오디정 10밀리그램(올란자핀),20110304,201101116,[M089222]올란자핀,,단일,20140109,"(정제)- 안전성 및 유효성 미확립- 체중증가, 진정, 총콜레스테롤, 중성지방, LDL콜레스테롤, 프로락틴과 간 아미노트랜스퍼라제 수치가 성인에 비해 증가(주사제)- 안전성 및 유효성 미확립",,특정연령대금기
20200131,흰색의 원형 필름코팅정,01170,정신신경용제,동화약품(주),전문의약품,필름코팅정,D000357,Olanzapine,Olanzapine(올란자핀),올란자핀,올자핀정10밀리그램(올란자핀),20110331,201101853,[M089222]올란자핀,,단일,20140109,"(정제)- 안전성 및 유효성 미확립- 체중증가, 진정, 총콜레스테롤, 중성지방, LDL콜레스테롤, 프로락틴과 간 아미노트랜스퍼라제 수치가 성인에 비해 증가(주사제)- 안전성 및 유효성 미확립",,특정연령대금기
20200716,흰색의 원형 필름코팅정,01170,정신신경용제,동화약품(주),전문의약품,필름코팅정,D000357,Olanzapine,Olanzapine(올란자핀),올란자핀,올자핀정2.5밀리그램(올란자핀),20110426,201102619,[M089222]올란자핀,,단일,20140109,"(정제)- 안전성 및 유효성 미확립- 체중증가, 진정, 총콜레스테롤, 중성지방, LDL콜레스테롤, 프로락틴과 간 아미노트랜스퍼라제 수치가 성인에 비해 증가(주사제)- 안전성 및 유효성 미확립",,특정연령대금기
20200716,흰색의 원형 필름코팅정,01170,정신신경용제,동화약품(주),전문의약품,필름코팅정,D000357,Olanzapine,Olanzapine(올란자핀),올란자핀,올자핀정5밀리그램(올란자핀),20110429,201102755,[M089222]올란자핀,,단일,20140109,"(정제)- 안전성 및 유효성 미확립- 체중증가, 진정, 총콜레스테롤, 중성지방, LDL콜레스테롤, 프로락틴과 간 아미노트랜스퍼라제 수치가 성인에 비해 증가(주사제)- 안전성 및 유효성 미확립",,특정연령대금기
20170713,볼록한 적색의 원형정제,03960,당뇨병용제,(주)다림바이오텍,전문의약품,나정,D000418,Repaglinide,Repaglinide(레파글리니드),레파글리니드,레파넘정2밀리그람(레파글리니드),20110429,201102762,[M088889]레파글리니드,,단일,20140109,안전성 및 유효성 미확립,,특정연령대금기
20170713,볼록한 황색의 원형정제,03960,당뇨병용제,(주)다림바이오텍,전문의약품,나정,D000418,Repaglinide,Repaglinide(레파글리니드),레파글리니드,레파넘정1밀리그램(레파글리니드),20110531,201103607,[M088889]레파글리니드,,단일,20140109,안전성 및 유효성 미확립,,특정연령대금기
20181017,옅은 노랑색의 장방형 필름코팅정,01190,기타의 중추신경용약,(주)테라젠이텍스,전문의약품,필름코팅정,D000307,Piracetam,Piracetam(피라세탐),피라세탐,피라젬정800mg(피라세탐)(수출용),20111004,201107631,[M101651]피라세탐,,단일,20140109,_,,특정연령대금기
20200828,연한 노란색의 타원형 구강붕해정,01170,정신신경용제,고려제약(주),전문의약품,구강붕해정,D000357,Olanzapine,Olanzapine(올란자핀),올란자핀,자이피스오디정 5밀리그램(올란자핀),20111031,201109301,[M089222]올란자핀,,단일,20140109,"(정제)- 안전성 및 유효성 미확립- 체중증가, 진정, 총콜레스테롤, 중성지방, LDL콜레스테롤, 프로락틴과 간 아미노트랜스퍼라제 수치가 성인에 비해 증가(주사제)- 안전성 및 유효성 미확립",,특정연령대금기
20160407,흰색 반투명의 사각형 구강붕해필름,02590,기타의 비뇨생식기관 및 항문용약,에스케이케미칼(주),전문의약품,구강붕해정,D000128,Mirodenafil,Mirodenafil(미로데나필),미로데나필,엠빅스에스구강붕해필름50밀리그램(미로데나필),20111201,201110541,[M253534]미로데나필,,단일,20140109,_,,특정연령대금기
20170713,볼록한 흰색의 원형 정제,03960,당뇨병용제,(주)다림바이오텍,전문의약품,나정,D000418,Repaglinide,Repaglinide(레파글리니드),레파글리니드,레파넘정0.5밀리그램(레파글리니드),20111229,201112299,[M088889]레파글리니드,,단일,20140109,안전성 및 유효성 미확립,,특정연령대금기
20221011,황색의 원형 장용성 필름코팅정,02390,기타의 소화기관용약,대한뉴팜(주),전문의약품,장용성필름코팅정,D000631,Mesalazine,Mesalazine(메살라민),메살라민,대한뉴팜메살라민정250밀리그램(수출용),20120315,201201615,[M088568]메살라민,,단일,20140109,_,,특정연령대금기
20221011,황색의 원형 장용성 필름코팅정,02390,기타의 소화기관용약,대한뉴팜(주),전문의약품,장용성필름코팅정,D000631,Mesalazine,Mesalazine(메살라민),메살라민,대한뉴팜메살라민정500밀리그램(수출용),20120315,201201616,[M088568]메살라민,,단일,20140109,_,,특정연령대금기
20170909,파랑색의 육각형 필름코팅정,02590,기타의 비뇨생식기관 및 항문용약,알보젠코리아(주),전문의약품,필름코팅정,D000246,Sildenafil Citrate,Sildenafil Citrate(실데나필시트르산염),실데나필시트르산염,프리야정100밀리그램(실데나필시트르산염),20120320,201201693,[M252789]실데나필시트르산염,,단일,20140109,_,,특정연령대금기
20200710,내수용 : 파랑색의 육각형 필름코팅정,02590,기타의 비뇨생식기관 및 항문용약,한국유니온제약(주),전문의약품,필름코팅정,D000246,Sildenafil Citrate,Sildenafil Citrate(실데나필시트르산염),실데나필시트르산염,유니그라정100밀리그램(실데나필시트르산염),20120320,201201694,[M252789]실데나필시트르산염,,단일,20140109,_,,특정연령대금기
20241025,박하향과 감미가 있는 담황색의 현탁액,02190,기타의 순환계용약,(주)휴온스,전문의약품,경구용현탁액제,D000210,Calcium Polystyrene Sulfonate,Calcium Polystyrene Sulfonate(폴리스티렌설폰산칼슘),폴리스티렌설폰산칼슘,휴온스카로스현탁액(폴리스티렌설폰산칼슘),20120330,201202274,[M081346]폴리스티렌설폰산칼슘,,단일,20230705,_,,특정연령대금기
20170909,이약은 백색 내지 미황색의 세립제이다,02590,기타의 비뇨생식기관 및 항문용약,건일제약(주),전문의약품,세립,D000246,Sildenafil,Sildenafil(실데나필),실데나필,세리비아세립50밀리그램(실데나필),20120403,201202447,[M253237]실데나필,,단일,20140109,_,,특정연령대금기
20170909,이약은 백색 내지 미황색의 세립제이다,02590,기타의 비뇨생식기관 및 항문용약,건일제약(주),전문의약품,세립,D000246,Sildenafil,Sildenafil(실데나필),실데나필,세리비아세립100밀리그램(실데나필),20120403,201202448,[M253237]실데나필,,단일,20140109,_,,특정연령대금기
20170909,약간 둥근 육각형의 파란색 필름코팅정,02590,기타의 비뇨생식기관 및 항문용약,한미약품(주),전문의약품,필름코팅정,D000246,Sildenafil Citrate,Sildenafil Citrate(실데나필시트르산염),실데나필시트르산염,팔팔정50밀리그램(실데나필시트르산염),20120430,201203612,[M252789]실데나필시트르산염,,단일,20140109,_,,특정연령대금기
20170909,약간 둥근 육각형의 파란색 필름코팅정,02590,기타의 비뇨생식기관 및 항문용약,한미약품(주),전문의약품,필름코팅정,D000246,Sildenafil Citrate,Sildenafil Citrate(실데나필시트르산염),실데나필시트르산염,팔팔정100밀리그램(실데나필시트르산염),20120430,201203613,[M252789]실데나필시트르산염,,단일,20140109,_,,특정연령대금기
20170909,분할선을 가진 연두색의 모서리가 둥근 삼각형 필름코팅정,02590,기타의 비뇨생식기관 및 항문용약,(주)대웅제약,전문의약품,필름코팅정,D000246,Sildenafil Citrate,Sildenafil Citrate(실데나필시트르산염),실데나필시트르산염,누리그라정100밀리그램(실데나필시트르산염),20120501,201203744,[M252789]실데나필시트르산염,,단일,20140109,_,,특정연령대금기
20170909,분할선을 가진 연두색의 모서리가 둥근 삼각형 필름코팅정,02590,기타의 비뇨생식기관 및 항문용약,(주)대웅제약,전문의약품,필름코팅정,D000246,Sildenafil Citrate,Sildenafil Citrate(실데나필시트르산염),실데나필시트르산염,누리그라정50밀리그램(실데나필시트르산염),20120501,201203745,[M252789]실데나필시트르산염,,단일,20140109,_,,특정연령대금기
20160407,흰색 반투명의 사각형 구강붕해필름,02590,기타의 비뇨생식기관 및 항문용약,에스케이케미칼(주),전문의약품,구강붕해정,D000128,Mirodenafil,Mirodenafil(미로데나필),미로데나필,엠빅스에스구강붕해필름100밀리그램(미로데나필),20121130,201209012,[M253534]미로데나필,,단일,20140109,_,,특정연령대금기
20241025,백색 또는 담황색의 과립제,02190,기타의 순환계용약,하이플생명과학(주),전문의약품,과립제,D000210,Calcium Polystyrene Sulfonate,Calcium Polystyrene Sulfonate(폴리스티렌설폰산칼슘),폴리스티렌설폰산칼슘,카슈트과립(폴리스티렌설폰산칼슘),20130118,201301613,[M081346]폴리스티렌설폰산칼슘,,단일,20230705,_,,특정연령대금기
20180321,옅은 노랑색의 장방형 필름코팅정,01190,기타의 중추신경용약,(주)마더스제약,전문의약품,필름코팅정,D000307,Piracetam,Piracetam(피라세탐),피라세탐,마더스피라세탐정800mg(피라세탐)(수출명:Mother’s Piracetam Tablet 800mg)(수출용),20130218,201305271,[M101651]피라세탐,,단일,20140109,_,,특정연령대금기
20240913,엷은 노란색의 편평한 원형 구강붕해정,01140,해열.진통.소염제,(주)엔엠제약,전문의약품,구강붕해정,D000427,Meloxicam,Meloxicam(멜록시캄),멜록시캄,멜로디구강붕해정7.5밀리그램(멜로시캄),20130731,201308618,[M086439]멜록시캄,,단일,20140109,_,,특정연령대금기
20240913,엷은 노란색의 편평한 원형 구강붕해정,01140,해열.진통.소염제,(주)엔엠제약,전문의약품,구강붕해정,D000427,Meloxicam,Meloxicam(멜록시캄),멜록시캄,멜로디구강붕해정15밀리그램(멜로시캄),20130731,201308619,[M086439]멜록시캄,,단일,20140109,_,,특정연령대금기
20241025,알루미늄 호일 파우치에 든 박하향과 감미가 있는 담황색의 현탁액,02190,기타의 순환계용약,제이더블유중외제약(주),전문의약품,경구용현탁액제,D000210,Calcium Polystyrene Sulfonate,Calcium Polystyrene Sulfonate(폴리스티렌설폰산칼슘),폴리스티렌설폰산칼슘,아가메이트현탁액(폴리스티렌설폰산칼슘),20130829,201309062,[M081346]폴리스티렌설폰산칼슘,,단일,20230705,_,,특정연령대금기
20240913,"노란색 가루가 든 상부 연녹색, 하부 연녹색의 경질 캡슐제",01140,해열.진통.소염제,(주)화이트생명과학,전문의약품,"경질캡슐제, 산제",D000427,Meloxicam,Meloxicam(멜록시캄),멜록시캄,이콕스캡슐7.5밀리그램(멜록시캄),20130913,201309344,[M086439]멜록시캄,,단일,20140109,_,,특정연령대금기
20260323,흰색의 원형 필름코팅정,06290,기타의 화학요법제,화일약품(주),전문의약품,필름코팅정,D000666,Ofloxacin,Ofloxacin(오플록사신),오플록사신,오플라정(오플록사신),20130923,201309390,[M081639]오플록사신,,단일,20140109,- 안전성 및 유효성 미확립- 몇몇 어린 동물종에서 관절이상을 유발함,,특정연령대금기
20191029,담황색 액체가 든 갈색앰플 주사제,01140,해열.진통.소염제,(주)비씨월드제약,전문의약품,용액주사제,D000309,Piroxicam,Piroxicam(피록시캄),피록시캄,비씨피록시캄주사(수출용),20131004,201309565,[M071634]피록시캄/[M071634]피록시캄,,단일,20140109,벤질알코올은 조숙아에게서 치명적인 가쁜 호흡증상과 연관이 있는 것으로 보고됨,,특정연령대금기
20241025,알루미늄 호일 파우치에 든 박하향과 감미가 있는 담황색의 현탁액,02190,기타의 순환계용약,주식회사제뉴원사이언스,전문의약품,경구용현탁액제,D000210,Calcium Polystyrene Sulfonate,Calcium Polystyrene Sulfonate(폴리스티렌설폰산칼슘),폴리스티렌설폰산칼슘,카슈웰현탁액(폴리스티렌설폰산칼슘),20131029,201309944,[M081346]폴리스티렌설폰산칼슘,,단일,20230705,_,,특정연령대금기
20241025,박하향: 박하향과 감미가 있는 담황색의 현탁액바나나향: 바나나향과 감미가 있는 담황색의 현탁액,02190,기타의 순환계용약,대원제약(주),전문의약품,경구용현탁액제,D000210,Calcium Polystyrene Sulfonate,Calcium Polystyrene Sulfonate(폴리스티렌설폰산칼슘),폴리스티렌설폰산칼슘,로포타현탁액(폴리스티렌설폰산칼슘),20131127,201310332,[M081346]폴리스티렌설폰산칼슘/[M081346]폴리스티렌설폰산칼슘,,단일,20230705,_,,특정연령대금기
20240913,미황색 가루가 든 상·하부 담녹색의 캡슐제,01140,해열.진통.소염제,(주)테라젠이텍스,전문의약품,"경질캡슐제, 산제",D000427,Meloxicam,Meloxicam(멜록시캄),멜록시캄,멜로텍스캡슐 7.5mg(멜록시캄),20131209,201310587,[M086439]멜록시캄,,단일,20140109,_,,특정연령대금기
20240913,"미황색가루가 든 상,하 담녹색의 캡슐제",01140,해열.진통.소염제,대한뉴팜(주),전문의약품,"경질캡슐제, 산제",D000427,Meloxicam,Meloxicam(멜록시캄),멜록시캄,메록캄캡슐(멜록시캄),20131231,201310962,[M086439]멜록시캄,,단일,20140109,_,,특정연령대금기
20240913,황색 내지 미황색 가루가 들어있는 상.하부 담녹색의 경질캡슐,01140,해열.진통.소염제,위더스제약(주),전문의약품,"경질캡슐제, 산제",D000427,Meloxicam,Meloxicam(멜록시캄),멜록시캄,모비록캄캡슐7.5mg(멜록시캄),20140513,201402206,[M086439]멜록시캄,,단일,20140109,_,,특정연령대금기
20240913,미황색 가루가 든 상하부 담녹색의 캡슐제,01140,해열.진통.소염제,영풍제약(주),전문의약품,"경질캡슐제, 산제",D000427,Meloxicam,Meloxicam(멜록시캄),멜록시캄,모빅스캄캡슐(멜록시캄),20140528,201402414,[M086439]멜록시캄,,단일,20140109,_,,특정연령대금기
20240913,미황색 가루가 든 상하부 담녹색의 경질캡슐제,01140,해열.진통.소염제,화일약품(주),전문의약품,"경질캡슐제, 산제",D000427,Meloxicam,Meloxicam(멜록시캄),멜록시캄,록시칼캡슐(멜록시캄),20140528,201402419,[M086439]멜록시캄,,단일,20140109,_,,특정연령대금기
20240913,"미황색가루가 든 상,하 담녹색의 캡슐제",01140,해열.진통.소염제,성원애드콕제약(주),전문의약품,"경질캡슐제, 산제",D000427,Meloxicam,Meloxicam(멜록시캄),멜록시캄,모빅캄캡슐(멜록시캄),20140704,201402969,[M086439]멜록시캄,,단일,20140109,_,,특정연령대금기
20240913,"미황색의 내용물이 충진된 상,하부 담녹색의 경질캡슐제",01140,해열.진통.소염제,(주)씨엠지제약,전문의약품,"경질캡슐제, 산제",D000427,Meloxicam,Meloxicam(멜록시캄),멜록시캄,씨엠지멜록시캄캡슐7.5mg,20140929,201404438,[M086439]멜록시캄,,단일,20140109,_,,특정연령대금기
20200521,전질균등한 흰색 크림,02640,진통.진양.수렴.소염제,이연제약(주),전문의약품,피부크림제,D000633,Mometasone Furoate,Mometasone Furoate(모메타손푸로에이트),모메타손푸로에이트,피엘타손크림(모메타손푸로에이트),20140929,201404457,[M070188]모메타손푸로에이트,,단일,20140109,"소아는 체중당 체표면적의 비율이 성인보다 커서 코르티코이드로 인해 HPA축(시상하부-뇌하수체-부신 축) 억제, 쿠싱증후군, 발육장애, 두개내압항진 등이 나타나기 쉬움",,특정연령대금기
20200521,흰색 또는 엷은 황색의 로션제,02640,진통.진양.수렴.소염제,풍림무약(주),전문의약품,피부로션제,D000633,Mometasone Furoate,Mometasone Furoate(모메타손푸로에이트),모메타손푸로에이트,큐모타손로션(모메타손푸로에이트),20141031,201405067,[M070188]모메타손푸로에이트,,단일,20140109,"소아는 체중당 체표면적의 비율이 성인보다 커서 코르티코이드로 인해 HPA축(시상하부-뇌하수체-부신 축) 억제, 쿠싱증후군, 발육장애, 두개내압항진 등이 나타나기 쉬움",,특정연령대금기
20200521,전질균등한 백색 크림,02640,진통.진양.수렴.소염제,풍림무약(주),전문의약품,피부크림제,D000633,Mometasone Furoate,Mometasone Furoate(모메타손푸로에이트),모메타손푸로에이트,큐모타손크림(모메타손푸로에이트),20141031,201405088,[M070188]모메타손푸로에이트,,단일,20140109,"소아는 체중당 체표면적의 비율이 성인보다 커서 코르티코이드로 인해 HPA축(시상하부-뇌하수체-부신 축) 억제, 쿠싱증후군, 발육장애, 두개내압항진 등이 나타나기 쉬움",,특정연령대금기
20260323,흰색 내지 미황색의 필름코팅정 ,06290,기타의 화학요법제,(주)넥스팜코리아,전문의약품,필름코팅정,D000666,Ofloxacin,Ofloxacin(오플록사신),오플록사신,웰플록스케이정(오플록사신)(수출용)(수출명 : WELLFLOX-K Tab.),20141114,201405311,[M081639]오플록사신,,단일,20140109,- 안전성 및 유효성 미확립- 몇몇 어린 동물종에서 관절이상을 유발함,,특정연령대금기
20200521,전질균등한 흰색 크림,02640,진통.진양.수렴.소염제,제이더블유생명과학(주),전문의약품,피부크림제,D000633,Mometasone Furoate,Mometasone Furoate(모메타손푸로에이트),모메타손푸로에이트,모메덤크림(모메타손푸로에이트),20141121,201405441,[M070188]모메타손푸로에이트,,단일,20140109,"소아는 체중당 체표면적의 비율이 성인보다 커서 코르티코이드로 인해 HPA축(시상하부-뇌하수체-부신 축) 억제, 쿠싱증후군, 발육장애, 두개내압항진 등이 나타나기 쉬움",,특정연령대금기
20260323,흰색의 원형 필름코팅정제,06290,기타의 화학요법제,한국휴텍스제약(주),전문의약품,필름코팅정,D000666,Ofloxacin,Ofloxacin(오플록사신),오플록사신,오라록신정100mg(오플록사신),20141127,201405581,[M081639]오플록사신,,단일,20140109,- 안전성 및 유효성 미확립- 몇몇 어린 동물종에서 관절이상을 유발함,,특정연령대금기
20200521,전질균등한 흰색 크림,02640,진통.진양.수렴.소염제,(주)화이트생명과학,전문의약품,피부크림제,D000633,Mometasone Furoate,Mometasone Furoate(모메타손푸로에이트),모메타손푸로에이트,더메타손크림(모메타손푸로에이트),20141201,201405661,[M070188]모메타손푸로에이트,,단일,20140109,"소아는 체중당 체표면적의 비율이 성인보다 커서 코르티코이드로 인해 HPA축(시상하부-뇌하수체-부신 축) 억제, 쿠싱증후군, 발육장애, 두개내압항진 등이 나타나기 쉬움",,특정연령대금기
20241025,내수용 : 요구르트향과 감미가 있는 흰색 또는 담황색의 과립제수촐용 : 오렌지향이 있는 흰색 또는 담황색의 과립제,02190,기타의 순환계용약,(주)넥스팜코리아,전문의약품,과립제,D000210,Calcium Polystyrene Sulfonate,Calcium Polystyrene Sulfonate(폴리스티렌설폰산칼슘),폴리스티렌설폰산칼슘,카립트과립(폴리스티렌설폰산칼슘)(수출명: KALIBT GRANULE),20150105,201500021,[M081346]폴리스티렌설폰산칼슘/[M081346]폴리스티렌설폰산칼슘,,단일,20230705,_,,특정연령대금기
20200612,흰색의 원형 필름코팅정제,01170,정신신경용제,(주)한국파마,전문의약품,필름코팅정,D000357,Olanzapine,Olanzapine(올란자핀),올란자핀,올자펙스정10밀리그램(올란자핀),20150128,201500444,[M089222]올란자핀,,단일,20140109,"(정제)- 안전성 및 유효성 미확립- 체중증가, 진정, 총콜레스테롤, 중성지방, LDL콜레스테롤, 프로락틴과 간 아미노트랜스퍼라제 수치가 성인에 비해 증가(주사제)- 안전성 및 유효성 미확립",,특정연령대금기
20200612,흰색의 원형 필름코팅정제,01170,정신신경용제,(주)한국파마,전문의약품,필름코팅정,D000357,Olanzapine,Olanzapine(올란자핀),올란자핀,올자펙스정5밀리그램(올란자핀),20150128,201500445,[M089222]올란자핀,,단일,20140109,"(정제)- 안전성 및 유효성 미확립- 체중증가, 진정, 총콜레스테롤, 중성지방, LDL콜레스테롤, 프로락틴과 간 아미노트랜스퍼라제 수치가 성인에 비해 증가(주사제)- 안전성 및 유효성 미확립",,특정연령대금기
20240913,"미황색의 내용물이 충진된 상,하부 담녹색의 경질캡슐제",01140,해열.진통.소염제,에이치엘비제약(주),전문의약품,"경질캡슐제, 산제",D000427,Meloxicam,Meloxicam(멜록시캄),멜록시캄,씨빅캡슐7.5밀리그램(멜록시캄),20150129,201500480,[M086439]멜록시캄,,단일,20140109,_,,특정연령대금기
20200925,흰색의 크림,02640,진통.진양.수렴.소염제,(주)다산제약,전문의약품,피부크림제,D000633,Mometasone Furoate,Mometasone Furoate(모메타손푸로에이트),모메타손푸로에이트,모멘타손크림(모메타손푸로에이트),20150203,201500594,[M070188]모메타손푸로에이트,,단일,20140109,"소아는 체중당 체표면적의 비율이 성인보다 커서 코르티코이드로 인해 HPA축(시상하부-뇌하수체-부신 축) 억제, 쿠싱증후군, 발육장애, 두개내압항진 등이 나타나기 쉬움",,특정연령대금기
20200521,전질균등한 흰색의 크림,02640,진통.진양.수렴.소염제,(주)테라젠이텍스,전문의약품,피부크림제,D000633,Mometasone Furoate,Mometasone Furoate(모메타손푸로에이트),모메타손푸로에이트,메이손크림(모메타손푸로에이트),20150302,201501072,[M070188]모메타손푸로에이트,,단일,20140109,"소아는 체중당 체표면적의 비율이 성인보다 커서 코르티코이드로 인해 HPA축(시상하부-뇌하수체-부신 축) 억제, 쿠싱증후군, 발육장애, 두개내압항진 등이 나타나기 쉬움",,특정연령대금기
20200521,전질균등한 흰색무취의 크림제,02640,진통.진양.수렴.소염제,삼천당제약(주),전문의약품,피부크림제,D000633,Mometasone Furoate,Mometasone Furoate(모메타손푸로에이트),모메타손푸로에이트,크린티손크림(모메타손푸로에이트),20150312,201501300,[M070188]모메타손푸로에이트,,단일,20140109,"소아는 체중당 체표면적의 비율이 성인보다 커서 코르티코이드로 인해 HPA축(시상하부-뇌하수체-부신 축) 억제, 쿠싱증후군, 발육장애, 두개내압항진 등이 나타나기 쉬움",,특정연령대금기
20200521,흰색 또는 엷은 황색의 로션제,02640,진통.진양.수렴.소염제,(주)테라젠이텍스,전문의약품,피부로션제,D000633,Mometasone Furoate,Mometasone Furoate(모메타손푸로에이트),모메타손푸로에이트,메이손로션(모메타손푸로에이트),20150330,201501652,[M070188]모메타손푸로에이트,,단일,20140109,"소아는 체중당 체표면적의 비율이 성인보다 커서 코르티코이드로 인해 HPA축(시상하부-뇌하수체-부신 축) 억제, 쿠싱증후군, 발육장애, 두개내압항진 등이 나타나기 쉬움",,특정연령대금기
20200521,전질 균등한 흰색 무취의 크림제,02640,진통.진양.수렴.소염제,(주)에이프로젠바이오로직스,전문의약품,피부크림제,D000633,Mometasone Furoate,Mometasone Furoate(모메타손푸로에이트),모메타손푸로에이트,모메탄크림(모메타손푸로에이트),20150406,201501852,[M070188]모메타손푸로에이트,,단일,20140109,"소아는 체중당 체표면적의 비율이 성인보다 커서 코르티코이드로 인해 HPA축(시상하부-뇌하수체-부신 축) 억제, 쿠싱증후군, 발육장애, 두개내압항진 등이 나타나기 쉬움",,특정연령대금기
20240913,"미황색 분말이 충진된 상,하부 담녹색의 경질 캡슐",01140,해열.진통.소염제,(주)휴온스메디텍,전문의약품,"경질캡슐제, 산제",D000427,Meloxicam,Meloxicam(멜록시캄),멜록시캄,휴니즈멜록시캄캡슐7.5mg,20150514,201502925,[M086439]멜록시캄,,단일,20140109,_,,특정연령대금기
20240913,"연한 노란색 가루가 든 상,하 연한 녹색의 경질캡슐",01140,해열.진통.소염제,조아제약(주),전문의약품,"경질캡슐제, 산제",D000427,Meloxicam,Meloxicam(멜록시캄),멜록시캄,멜록캡슐7.5mg(멜록시캄),20150608,201503642,[M086439]멜록시캄,,단일,20140109,_,,특정연령대금기
20200521,전질균등한 흰색무취의 크림제,02640,진통.진양.수렴.소염제,(주)제뉴파마,전문의약품,피부크림제,D000633,Mometasone Furoate,Mometasone Furoate(모메타손푸로에이트),모메타손푸로에이트,프로몬크림(모메타손푸로에이트),20150716,201504893,[M070188]모메타손푸로에이트,,단일,20140109,"소아는 체중당 체표면적의 비율이 성인보다 커서 코르티코이드로 인해 HPA축(시상하부-뇌하수체-부신 축) 억제, 쿠싱증후군, 발육장애, 두개내압항진 등이 나타나기 쉬움",,특정연령대금기
20260323,흰색의 원형 필름코팅정,06290,기타의 화학요법제,(주)휴비스트제약,전문의약품,필름코팅정,D000666,Ofloxacin,Ofloxacin(오플록사신),오플록사신,오록사신정100밀리그램(오플록사신),20150924,201506769,[M081639]오플록사신,,단일,20140109,- 안전성 및 유효성 미확립- 몇몇 어린 동물종에서 관절이상을 유발함,,특정연령대금기
20241025,알루미늄 호일 파우치에 든 박하향과 감미가 있는 담황색의 현탁액,02190,기타의 순환계용약,(주)엘지화학,전문의약품,경구용현탁액제,D000210,Calcium Polystyrene Sulfonate,Calcium Polystyrene Sulfonate(폴리스티렌설폰산칼슘),폴리스티렌설폰산칼슘,네스티칼현탁액(폴리스티렌설폰산칼슘),20150925,201506806,[M081346]폴리스티렌설폰산칼슘,,단일,20230705,_,,특정연령대금기
20200521,흰색 또는 엷은 황색의 로션제,02640,진통.진양.수렴.소염제,(주)티디에스팜,전문의약품,피부로션제,D000633,Mometasone Furoate,Mometasone Furoate(모메타손푸로에이트),모메타손푸로에이트,모멘트로션(모메타손푸로에이트),20151002,201507015,[M070188]모메타손푸로에이트,,단일,20140109,"소아는 체중당 체표면적의 비율이 성인보다 커서 코르티코이드로 인해 HPA축(시상하부-뇌하수체-부신 축) 억제, 쿠싱증후군, 발육장애, 두개내압항진 등이 나타나기 쉬움",,특정연령대금기
20201209,흰색의 양면이 볼록한 원형 필름코팅정제,01170,정신신경용제,(주)한독테바,전문의약품,필름코팅정,D000357,Olanzapine,Olanzapine(올란자핀),올란자핀,테바올란자핀정10밀리그램,20151113,201507717,[M089222]올란자핀,,단일,20140109,"(정제)- 안전성 및 유효성 미확립- 체중증가, 진정, 총콜레스테롤, 중성지방, LDL콜레스테롤, 프로락틴과 간 아미노트랜스퍼라제 수치가 성인에 비해 증가(주사제)- 안전성 및 유효성 미확립",,특정연령대금기
20201209,흰색의 양면이 볼록한 원형 필름코팅정제,01170,정신신경용제,(주)한독테바,전문의약품,필름코팅정,D000357,Olanzapine,Olanzapine(올란자핀),올란자핀,테바올란자핀정5밀리그램,20151113,201507718,[M089222]올란자핀,,단일,20140109,"(정제)- 안전성 및 유효성 미확립- 체중증가, 진정, 총콜레스테롤, 중성지방, LDL콜레스테롤, 프로락틴과 간 아미노트랜스퍼라제 수치가 성인에 비해 증가(주사제)- 안전성 및 유효성 미확립",,특정연령대금기
20201209,흰색의 양면이 볼록한 원형 필름코팅정제,01170,정신신경용제,(주)한독테바,전문의약품,필름코팅정,D000357,Olanzapine,Olanzapine(올란자핀),올란자핀,테바올란자핀정2.5밀리그램,20151113,201507719,[M089222]올란자핀,,단일,20140109,"(정제)- 안전성 및 유효성 미확립- 체중증가, 진정, 총콜레스테롤, 중성지방, LDL콜레스테롤, 프로락틴과 간 아미노트랜스퍼라제 수치가 성인에 비해 증가(주사제)- 안전성 및 유효성 미확립",,특정연령대금기
20240913,"미황색가루가 든 상,하 담녹색의 캡슐제",01140,해열.진통.소염제,(주)씨티씨바이오,전문의약품,"경질캡슐제, 산제",D000427,Meloxicam,Meloxicam(멜록시캄),멜록시캄,멜로빅캡슐7.5mg(멜록시캄),20151120,201507776,[M086439]멜록시캄,,단일,20140109,_,,특정연령대금기
20201210,연한 파란색의 양면이 볼록한 타원형 필름코팅정제,01170,정신신경용제,(주)한독테바,전문의약품,필름코팅정,D000357,Olanzapine,Olanzapine(올란자핀),올란자핀,테바올란자핀정15밀리그램,20151127,201507969,[M089222]올란자핀,,단일,20140109,"(정제)- 안전성 및 유효성 미확립- 체중증가, 진정, 총콜레스테롤, 중성지방, LDL콜레스테롤, 프로락틴과 간 아미노트랜스퍼라제 수치가 성인에 비해 증가(주사제)- 안전성 및 유효성 미확립",,특정연령대금기
20201117,흰색의 원형 필름코팅정,01170,정신신경용제,(주)제뉴파마,전문의약품,필름코팅정,D000357,Olanzapine,Olanzapine(올란자핀),올란자핀,피엠에스올란자핀정2.5밀리그램(올란자핀),20151127,201507984,[M089222]올란자핀,,단일,20140109,"(정제)- 안전성 및 유효성 미확립- 체중증가, 진정, 총콜레스테롤, 중성지방, LDL콜레스테롤, 프로락틴과 간 아미노트랜스퍼라제 수치가 성인에 비해 증가(주사제)- 안전성 및 유효성 미확립",,특정연령대금기
20201117,흰색의 원형 필름코팅정,01170,정신신경용제,(주)제뉴파마,전문의약품,필름코팅정,D000357,Olanzapine,Olanzapine(올란자핀),올란자핀,피엠에스올란자핀정5밀리그램(올란자핀),20151127,201507985,[M089222]올란자핀,,단일,20140109,"(정제)- 안전성 및 유효성 미확립- 체중증가, 진정, 총콜레스테롤, 중성지방, LDL콜레스테롤, 프로락틴과 간 아미노트랜스퍼라제 수치가 성인에 비해 증가(주사제)- 안전성 및 유효성 미확립",,특정연령대금기
20201117,흰색의 원형 필름코팅정,01170,정신신경용제,(주)제뉴파마,전문의약품,필름코팅정,D000357,Olanzapine,Olanzapine(올란자핀),올란자핀,피엠에스올란자핀정10밀리그램(올란자핀),20151127,201507986,[M089222]올란자핀,,단일,20140109,"(정제)- 안전성 및 유효성 미확립- 체중증가, 진정, 총콜레스테롤, 중성지방, LDL콜레스테롤, 프로락틴과 간 아미노트랜스퍼라제 수치가 성인에 비해 증가(주사제)- 안전성 및 유효성 미확립",,특정연령대금기
20200521,전질균등한 흰색 무취의 크림제,02640,진통.진양.수렴.소염제,한국코러스(주),전문의약품,피부크림제,D000633,Mometasone Furoate,Mometasone Furoate(모메타손푸로에이트),모메타손푸로에이트,메타손크림(모메타손푸로에이트),20151230,201508518,[M070188]모메타손푸로에이트,,단일,20140109,"소아는 체중당 체표면적의 비율이 성인보다 커서 코르티코이드로 인해 HPA축(시상하부-뇌하수체-부신 축) 억제, 쿠싱증후군, 발육장애, 두개내압항진 등이 나타나기 쉬움",,특정연령대금기
20200521,전질균등한 흰색 크림,02640,진통.진양.수렴.소염제,성원애드콕제약(주),전문의약품,피부크림제,D000633,Mometasone Furoate,Mometasone Furoate(모메타손푸로에이트),모메타손푸로에이트,모메솔크림(모메타손푸로에이트),20160114,201600249,[M070188]모메타손푸로에이트,,단일,20140109,"소아는 체중당 체표면적의 비율이 성인보다 커서 코르티코이드로 인해 HPA축(시상하부-뇌하수체-부신 축) 억제, 쿠싱증후군, 발육장애, 두개내압항진 등이 나타나기 쉬움",,특정연령대금기
20191001,흰색의 원형 필름코팅정,01170,정신신경용제,제이더블유중외제약(주),전문의약품,필름코팅정,D000357,Olanzapine,Olanzapine(올란자핀),올란자핀,제이더블유올란자핀정2.5mg(수출명:Olanzapine Tablet 2.5mg SANWA)(수출용),20160212,201600803,[M089222]올란자핀,,단일,20140109,"(정제)- 안전성 및 유효성 미확립- 체중증가, 진정, 총콜레스테롤, 중성지방, LDL콜레스테롤, 프로락틴과 간 아미노트랜스퍼라제 수치가 성인에 비해 증가(주사제)- 안전성 및 유효성 미확립",,특정연령대금기
20191001,흰색의 원형 필름코팅정,01170,정신신경용제,제이더블유중외제약(주),전문의약품,필름코팅정,D000357,Olanzapine,Olanzapine(올란자핀),올란자핀,제이더블유올란자핀정5mg(수출명:Olanzapine Tablet 5mg SANWA)(수출용),20160212,201600804,[M089222]올란자핀,,단일,20140109,"(정제)- 안전성 및 유효성 미확립- 체중증가, 진정, 총콜레스테롤, 중성지방, LDL콜레스테롤, 프로락틴과 간 아미노트랜스퍼라제 수치가 성인에 비해 증가(주사제)- 안전성 및 유효성 미확립",,특정연령대금기
20191001,할선이 있는 흰색의 원형 필름코팅정,01170,정신신경용제,제이더블유중외제약(주),전문의약품,필름코팅정,D000357,Olanzapine,Olanzapine(올란자핀),올란자핀,제이더블유올란자핀정10mg(수출명:Olanzapine Tablet 10mg SANWA)(수출용),20160212,201600805,[M089222]올란자핀,,단일,20140109,"(정제)- 안전성 및 유효성 미확립- 체중증가, 진정, 총콜레스테롤, 중성지방, LDL콜레스테롤, 프로락틴과 간 아미노트랜스퍼라제 수치가 성인에 비해 증가(주사제)- 안전성 및 유효성 미확립",,특정연령대금기
20191001,할선이 있는 흰색의 타원형 필름코팅정,01170,정신신경용제,제이더블유중외제약(주),전문의약품,필름코팅정,D000357,Olanzapine,Olanzapine(올란자핀),올란자핀,제이더블유올란자핀정20mg(수출명:Olanzapine Tablet 20mg SANWA)(수출용),20160212,201600806,[M089222]올란자핀,,단일,20140109,"(정제)- 안전성 및 유효성 미확립- 체중증가, 진정, 총콜레스테롤, 중성지방, LDL콜레스테롤, 프로락틴과 간 아미노트랜스퍼라제 수치가 성인에 비해 증가(주사제)- 안전성 및 유효성 미확립",,특정연령대금기
20240913,연한 노란색 가루가 든 상·하 연한 녹색의 경질 캡슐제,01140,해열.진통.소염제,한국코러스(주),전문의약품,"경질캡슐제, 산제",D000427,Meloxicam,Meloxicam(멜록시캄),멜록시캄,멜록캄캡슐7.5밀리그램(멜록시캄),20160216,201600894,[M086439]멜록시캄,,단일,20140109,_,,특정연령대금기
20240913,"연한 노란색 가루가 든 상부 연한 녹색, 하부 황색의 경질 캡슐제",01140,해열.진통.소염제,(주)셀트리온제약,전문의약품,"경질캡슐제, 산제",D000427,Meloxicam,Meloxicam(멜록시캄),멜록시캄,메로빅캡슐15밀리그램(멜록시캄),20160224,201601027,[M086439]멜록시캄,,단일,20140109,_,,특정연령대금기
20200521,전질균등한 흰색무취의 크림제,02640,진통.진양.수렴.소염제,(주)휴비스트제약,전문의약품,피부크림제,D000633,Mometasone Furoate,Mometasone Furoate(모메타손푸로에이트),모메타손푸로에이트,모타손크림(모메타손푸로에이트),20160224,201601028,[M070188]모메타손푸로에이트,,단일,20140109,"소아는 체중당 체표면적의 비율이 성인보다 커서 코르티코이드로 인해 HPA축(시상하부-뇌하수체-부신 축) 억제, 쿠싱증후군, 발육장애, 두개내압항진 등이 나타나기 쉬움",,특정연령대금기
20260323,흰색의 원형 필름코팅정,06290,기타의 화학요법제,아이큐어(주),전문의약품,필름코팅정,D000666,Ofloxacin,Ofloxacin(오플록사신),오플록사신,오플록정100밀리그램(오플록사신),20160226,201601053,[M081639]오플록사신,,단일,20140109,- 안전성 및 유효성 미확립- 몇몇 어린 동물종에서 관절이상을 유발함,,특정연령대금기
20240913,"노란색 가루가 든 상부 연록색, 하부 연황색의 캡슐제",01140,해열.진통.소염제,(주)화이트생명과학,전문의약품,"경질캡슐제, 산제",D000427,Meloxicam,Meloxicam(멜록시캄),멜록시캄,이콕스캡슐15밀리그램(멜록시캄),20160226,201601085,[M086439]멜록시캄,,단일,20140109,_,,특정연령대금기
20240913,미황색 가루가 든 상·하부 담녹색의 캡슐제,01140,해열.진통.소염제,(주)비보존제약,전문의약품,"경질캡슐제, 산제",D000427,Meloxicam,Meloxicam(멜록시캄),멜록시캄,멜빅캄캡슐7.5밀리그램(멜록시캄),20160314,201601481,[M086439]멜록시캄,,단일,20140109,_,,특정연령대금기
20240913,"미황색의 내용물이 충진된 상,하부 녹색의 경질캡슐제",01140,해열.진통.소염제,아이큐어(주),전문의약품,"경질캡슐제, 산제",D000427,Meloxicam,Meloxicam(멜록시캄),멜록시캄,메로시캡슐7.5밀리그램(멜록시캄),20160615,201603488,[M086439]멜록시캄,,단일,20140109,_,,특정연령대금기
20260323,흰색의 원형 필름코팅정,06290,기타의 화학요법제,이연제약(주),전문의약품,필름코팅정,D000666,Ofloxacin,Ofloxacin(오플록사신),오플록사신,리록신정(오플록사신),20160621,201603714,[M081639]오플록사신,,단일,20140109,- 안전성 및 유효성 미확립- 몇몇 어린 동물종에서 관절이상을 유발함,,특정연령대금기
20260323,백색 내지 미황백색의 원형 필름코팅정,06290,기타의 화학요법제,(주)휴온스메디텍,전문의약품,필름코팅정,D000666,Ofloxacin,Ofloxacin(오플록사신),오플록사신,오플로정(오플록사신),20160627,201603948,[M081639]오플록사신,,단일,20140109,- 안전성 및 유효성 미확립- 몇몇 어린 동물종에서 관절이상을 유발함,,특정연령대금기
20240913,연한 노란색 가루가 든 상˙하 연한 녹색의 경질 캡슐제,01140,해열.진통.소염제,정우신약(주),전문의약품,"경질캡슐제, 산제",D000427,Meloxicam,Meloxicam(멜록시캄),멜록시캄,모아캄시캡슐7.5mg(멜록시캄),20160725,201604574,[M086439]멜록시캄,,단일,20140109,_,,특정연령대금기
20200521,흰색 또는 엷은 황색의 로션제,02640,진통.진양.수렴.소염제,(주)휴비스트제약,전문의약품,피부로션제,D000633,Mometasone Furoate,Mometasone Furoate(모메타손푸로에이트),모메타손푸로에이트,모타손로션(모메타손푸로에이트),20160906,201605451,[M070188]모메타손푸로에이트,,단일,20140109,"소아는 체중당 체표면적의 비율이 성인보다 커서 코르티코이드로 인해 HPA축(시상하부-뇌하수체-부신 축) 억제, 쿠싱증후군, 발육장애, 두개내압항진 등이 나타나기 쉬움",,특정연령대금기
20241025,알루미늄 호일 파우치에 든 박하향과 감미가 있는 담황색의 현탁액,02190,기타의 순환계용약,(주)제뉴파마,전문의약품,경구용현탁액제,D000210,Calcium Polystyrene Sulfonate,Calcium Polystyrene Sulfonate(폴리스티렌설폰산칼슘),폴리스티렌설폰산칼슘,카리드현탁액(폴리스티렌설폰산칼슘),20161206,201606966,[M081346]폴리스티렌설폰산칼슘,,단일,20230705,_,,특정연령대금기
20240913,미황색의 분말이 든 상·하부 담녹색의 경질캡슐,01140,해열.진통.소염제,(주)한국피엠지제약,전문의약품,"경질캡슐제, 산제",D000427,Meloxicam,Meloxicam(멜록시캄),멜록시캄,모릭스캡슐7.5밀리그램(멜록시캄),20170329,201701501,[M086439]멜록시캄,,단일,20140109,_,,특정연령대금기
20241025,요구르트향과 감미가 있는 흰색 또는 담황색의 과립제,02190,기타의 순환계용약,(주)이든파마,전문의약품,과립제,D000210,Calcium Polystyrene Sulfonate,Calcium Polystyrene Sulfonate(폴리스티렌설폰산칼슘),폴리스티렌설폰산칼슘,엠피카로우과립(폴리스티렌설폰산칼슘),20170525,201702565,[M081346]폴리스티렌설폰산칼슘,,단일,20230705,_,,특정연령대금기
20220331,무색~담황색의 투명한 액이 든 무색 투명한 앰플 주사제,02390,기타의 소화기관용약,대한약품공업(주),전문의약품,용액주사제,D000425,Metoclopramide Hydrochloride Hydrate,Metoclopramide Hydrochloride Hydrate(메토클로프라미드염산염수화물),메토클로프라미드염산염수화물,가스트로메토주(메토클로프라미드염산염수화물),20170710,201705482,[M223013]메토클로프라미드염산염수화물,,단일,20140109,추체외로장애 위험성 증가,,특정연령대금기
20241025,연한 노란색의 점성이 있는 현탁액으로 내용물은 냄새가 없거나 약간 특이한 냄새가 있다.,02190,기타의 순환계용약,한국코와(주),전문의약품,경구용현탁액제,D000210,Calcium Polystyrene Sulfonate,Calcium Polystyrene Sulfonate(폴리스티렌설폰산칼슘),폴리스티렌설폰산칼슘,카리메트현탁액(폴리스티렌설폰산칼슘),20170829,201706859,[M081346]폴리스티렌설폰산칼슘,,단일,20230705,_,,특정연령대금기
20240913,노란색 가루가 든 상.하부 담녹색의 경질캡슐  ,01140,해열.진통.소염제,(주)중헌제약,전문의약품,"경질캡슐제, 산제",D000427,Meloxicam,Meloxicam(멜록시캄),멜록시캄,록캄캡슐(멜록시캄),20170829,201706872,[M086439]멜록시캄,,단일,20140109,_,,특정연령대금기
20200521,흰색 또는 엷은 황색의 로션제,02640,진통.진양.수렴.소염제,(주)옵투스제약,전문의약품,피부로션제,D000633,Mometasone Furoate,Mometasone Furoate(모메타손푸로에이트),모메타손푸로에이트,에스지모메존로션(모메타손푸로에이트),20170928,201707278,[M070188]모메타손푸로에이트,,단일,20140109,"소아는 체중당 체표면적의 비율이 성인보다 커서 코르티코이드로 인해 HPA축(시상하부-뇌하수체-부신 축) 억제, 쿠싱증후군, 발육장애, 두개내압항진 등이 나타나기 쉬움",,특정연령대금기
20240913,미황색분말이 충전된 상하부 담녹색의 경질캡슐제,01140,해열.진통.소염제,(주)인트로바이오파마,전문의약품,"경질캡슐제, 산제",D000427,Meloxicam,Meloxicam(멜록시캄),멜록시캄,아멜록스캡슐7.5밀리그램(멜록시캄),20170929,201707312,[M086439]멜록시캄,,단일,20140109,_,,특정연령대금기
20200521,흰색 또는 연한 황색의 로션제,02640,진통.진양.수렴.소염제,(주)제뉴파마,전문의약품,피부로션제,D000633,Mometasone Furoate,Mometasone Furoate(모메타손푸로에이트),모메타손푸로에이트,프로몬로션(모메타손푸로에이트),20180511,201802015,[M070188]모메타손푸로에이트,,단일,20140109,"소아는 체중당 체표면적의 비율이 성인보다 커서 코르티코이드로 인해 HPA축(시상하부-뇌하수체-부신 축) 억제, 쿠싱증후군, 발육장애, 두개내압항진 등이 나타나기 쉬움",,특정연령대금기
20241025,알루미늄 호일 파우치에 든 요구르트향과 감미가 있는 미황색 ∼ 담황색의 현탁액,02190,기타의 순환계용약,(주)퍼슨,전문의약품,경구용현탁액제,D000210,Calcium Polystyrene Sulfonate,Calcium Polystyrene Sulfonate(폴리스티렌설폰산칼슘),폴리스티렌설폰산칼슘,케이로우현탁액(폴리스티렌설폰산칼슘),20180524,201802160,[M081346]폴리스티렌설폰산칼슘,,단일,20230705,_,,특정연령대금기
20240913,"황색 분말이 충전된 상,하부 담녹색의 경질 캡슐",01140,해열.진통.소염제,(주)이든파마,전문의약품,"경질캡슐제, 산제",D000427,Meloxicam,Meloxicam(멜록시캄),멜록시캄,모비든캡슐(멜록시캄),20180611,201802418,[M086439]멜록시캄,,단일,20140109,_,,특정연령대금기
20241025,알루미늄 호일 파우치에 든 박하향과 감미가 있는 담황색의 현탁액,02190,기타의 순환계용약,(주)보령,전문의약품,경구용현탁액제,D000210,Calcium Polystyrene Sulfonate,Calcium Polystyrene Sulfonate(폴리스티렌설폰산칼슘),폴리스티렌설폰산칼슘,케이슈머현탁액(폴리스티렌설폰산칼슘),20180821,201803404,[M081346]폴리스티렌설폰산칼슘,,단일,20230705,_,,특정연령대금기
20200521,전질균등한 백색 크림,02640,진통.진양.수렴.소염제,(주)경보제약,전문의약품,피부크림제,D000633,Mometasone Furoate,Mometasone Furoate(모메타손푸로에이트),모메타손푸로에이트,모메스킨크림(모메타손푸로에이트),20180914,201803720,[M070188]모메타손푸로에이트,,단일,20140109,"소아는 체중당 체표면적의 비율이 성인보다 커서 코르티코이드로 인해 HPA축(시상하부-뇌하수체-부신 축) 억제, 쿠싱증후군, 발육장애, 두개내압항진 등이 나타나기 쉬움",,특정연령대금기
20240913,연한 노란색 가루가 든 상·하 연한 녹색의 경질캡슐제,01140,해열.진통.소염제,일양바이오팜(주),전문의약품,"경질캡슐제, 산제",D000427,Meloxicam,Meloxicam(멜록시캄),멜록시캄,멜로캅캡슐7.5밀리그램(멜록시캄),20180928,201803847,[M086439]멜록시캄,,단일,20140109,_,,특정연령대금기
20240913,"미황색의 내용물이 충진 된 상,하부 담녹색의 경질캡슐제",01140,해열.진통.소염제,(주)오스코리아제약,전문의약품,"경질캡슐제, 산제",D000427,Meloxicam,Meloxicam(멜록시캄),멜록시캄,모스캄캡슐(멜록시캄),20181031,201804310,[M086439]멜록시캄,,단일,20140109,_,,특정연령대금기
20240913,황색 내지 미황색 가루가 들어있는 상.하부 담녹색의 경질캡슐,01140,해열.진통.소염제,코스맥스파마(주),전문의약품,"경질캡슐제, 산제",D000427,Meloxicam,Meloxicam(멜록시캄),멜록시캄,메로윈캡슐7.5밀리그램(멜록시캄),20181228,201805357,[M086439]멜록시캄,,단일,20140109,_,,특정연령대금기
20240913,"미황색의 내용물이 충진된 상,하부 담녹색의 경질캡슐제",01140,해열.진통.소염제,하이플생명과학(주),전문의약품,"경질캡슐제, 산제",D000427,Meloxicam,Meloxicam(멜록시캄),멜록시캄,모록시캄캡슐(멜록시캄),20190416,201902343,[M086439]멜록시캄,,단일,20140109,_,,특정연령대금기
20240913,"미황색의 내용물이 충진된 상,하부 녹색의 경질캡슐제",01140,해열.진통.소염제,(주)보령바이오파마,전문의약품,"경질캡슐제, 산제",D000427,Meloxicam,Meloxicam(멜록시캄),멜록시캄,멜록시카캡슐7.5밀리그램(멜록시캄),20190418,201902411,[M086439]멜록시캄,,단일,20140109,_,,특정연령대금기
20200521,흰색의 크림제,02640,진통.진양.수렴.소염제,시믹씨엠오코리아주식회사,전문의약품,피부크림제,D000633,Mometasone Furoate,Mometasone Furoate(모메타손푸로에이트),모메타손푸로에이트,모메론크림(모메타손푸로에이트),20190419,201902448,[M070188]모메타손푸로에이트,,단일,20140109,"소아는 체중당 체표면적의 비율이 성인보다 커서 코르티코이드로 인해 HPA축(시상하부-뇌하수체-부신 축) 억제, 쿠싱증후군, 발육장애, 두개내압항진 등이 나타나기 쉬움",,특정연령대금기
20260323,흰색 내지 미황백색의 원형 필름코팅정,06290,기타의 화학요법제,(주)서울제약,전문의약품,필름코팅정,D000666,Ofloxacin,Ofloxacin(오플록사신),오플록사신,서울오플록사신정,20190424,201902566,[M081639]오플록사신,,단일,20140109,- 안전성 및 유효성 미확립- 몇몇 어린 동물종에서 관절이상을 유발함,,특정연령대금기
20240913,"미황색의 분말이 충진된 상, 하부 담녹색의 경질캡슐제",01140,해열.진통.소염제,지엘파마(주),전문의약품,"경질캡슐제, 산제",D000427,Meloxicam,Meloxicam(멜록시캄),멜록시캄,멜로딘캡슐(멜록시캄),20190503,201902872,[M086439]멜록시캄,,단일,20140109,_,,특정연령대금기
20240913,"미황색의 분말이 충진된 상, 하부 담녹색의 경질캡슐제",01140,해열.진통.소염제,(주)시어스제약,전문의약품,"경질캡슐제, 산제",D000427,Meloxicam,Meloxicam(멜록시캄),멜록시캄,멜로그린캡슐7.5밀리그램(멜록시캄),20190520,201903234,[M086439]멜록시캄,,단일,20140109,_,,특정연령대금기
20240913,"미황색의 내용물이 충진된 상,하부 녹색의 경질캡슐제",01140,해열.진통.소염제,(주)다산제약,전문의약품,"경질캡슐제, 산제",D000427,Meloxicam,Meloxicam(멜록시캄),멜록시캄,뉴록시캄캡슐7.5밀리그램(멜록시캄),20190604,201903721,[M086439]멜록시캄,,단일,20140109,_,,특정연령대금기
20260323,담황색의 원형 필름코팅 정제 ,06290,기타의 화학요법제,코스맥스파마(주),전문의약품,필름코팅정,D000666,Ofloxacin,Ofloxacin(오플록사신),오플록사신,투프로정100밀리그램(오플록사신),20190625,201904339,[M081639]오플록사신,,단일,20140109,- 안전성 및 유효성 미확립- 몇몇 어린 동물종에서 관절이상을 유발함,,특정연령대금기
20240913,연한 노란색 가루가 든 상·하 연한 녹색의 경질 캡슐제,01140,해열.진통.소염제,(주)한풍제약,전문의약품,"경질캡슐제, 산제",D000427,Meloxicam,Meloxicam(멜록시캄),멜록시캄,멜록트캡슐7.5밀리그램(멜록시캄),20190708,201904589,[M086439]멜록시캄,,단일,20140109,_,,특정연령대금기
20260323,백색 내지 미황백색의 원형 필름코팅정,06290,기타의 화학요법제,지엘파마(주),전문의약품,필름코팅정,D000666,Ofloxacin,Ofloxacin(오플록사신),오플록사신,지엘오플록사신정100밀리그램,20190710,201904655,[M081639]오플록사신,,단일,20140109,- 안전성 및 유효성 미확립- 몇몇 어린 동물종에서 관절이상을 유발함,,특정연령대금기
20240913,"연한 노란색 가루가 든 상,하 연한 녹색의 경질캡슐",01140,해열.진통.소염제,한국유니온제약(주),전문의약품,"경질캡슐제, 산제",D000427,Meloxicam,Meloxicam(멜록시캄),멜록시캄,유니캄캡슐7.5밀리그램(멜록시캄),20190716,201904762,[M086439]멜록시캄,,단일,20140109,_,,특정연령대금기
20240913,"미황색의 내용물이 충진된 상,하부 녹색의 경질캡슐제",01140,해열.진통.소염제,(주)셀비온,전문의약품,"경질캡슐제, 산제",D000427,Meloxicam,Meloxicam(멜록시캄),멜록시캄,엔티시캄캡슐7.5밀리그램(멜록시캄),20190805,201905522,[M086439]멜록시캄,,단일,20140109,_,,특정연령대금기
20210122,흰색 또는 연한 황색의 로션제,02640,진통.진양.수렴.소염제,주식회사제뉴원사이언스,전문의약품,피부로션제,D000633,Mometasone Furoate,Mometasone Furoate(모메타손푸로에이트),모메타손푸로에이트,제뉴원모메타손로션(모메타손푸로에이트),20190828,201906105,[M070188]모메타손푸로에이트,,단일,20140109,"소아는 체중당 체표면적의 비율이 성인보다 커서 코르티코이드로 인해 HPA축(시상하부-뇌하수체-부신 축) 억제, 쿠싱증후군, 발육장애, 두개내압항진 등이 나타나기 쉬움",,특정연령대금기
20200521,흰색 또는 엷은 황색의 로션제,02640,진통.진양.수렴.소염제,주식회사더유제약,전문의약품,피부로션제,D000633,Mometasone Furoate,Mometasone Furoate(모메타손푸로에이트),모메타손푸로에이트,모멘타로션(모메타손푸로에이트),20190917,201906472,[M070188]모메타손푸로에이트,,단일,20140109,"소아는 체중당 체표면적의 비율이 성인보다 커서 코르티코이드로 인해 HPA축(시상하부-뇌하수체-부신 축) 억제, 쿠싱증후군, 발육장애, 두개내압항진 등이 나타나기 쉬움",,특정연령대금기
20240913,"미황색가루가 든 상,하 담녹색의 캡슐제",01140,해열.진통.소염제,(주)아리제약,전문의약품,"경질캡슐제, 산제",D000427,Meloxicam,Meloxicam(멜록시캄),멜록시캄,아록시캄캡슐7.5밀리그램(멜록시캄),20191010,201907166,[M086439]멜록시캄,,단일,20140109,_,,특정연령대금기
20200521,흰색의 크림,02640,진통.진양.수렴.소염제,(주)퍼슨,전문의약품,피부크림제,D000633,Mometasone Furoate,Mometasone Furoate(모메타손푸로에이트),모메타손푸로에이트,모메코트크림(모메타손푸로에이트),20191025,201907463,[M070188]모메타손푸로에이트,,단일,20140109,"소아는 체중당 체표면적의 비율이 성인보다 커서 코르티코이드로 인해 HPA축(시상하부-뇌하수체-부신 축) 억제, 쿠싱증후군, 발육장애, 두개내압항진 등이 나타나기 쉬움",,특정연령대금기
20210119,전질균등한 흰색 크림,02640,진통.진양.수렴.소염제,주식회사큐엘파마,전문의약품,피부크림제,D000633,Mometasone Furoate,Mometasone Furoate(모메타손푸로에이트),모메타손푸로에이트,큐메타손크림(모메타손푸로에이트),20191112,201907884,[M070188]모메타손푸로에이트,,단일,20140109,"소아는 체중당 체표면적의 비율이 성인보다 커서 코르티코이드로 인해 HPA축(시상하부-뇌하수체-부신 축) 억제, 쿠싱증후군, 발육장애, 두개내압항진 등이 나타나기 쉬움",,특정연령대금기
20240913,"미황색의 내용물이 충진된 상,하부 녹색의 경질캡슐제 ",01140,해열.진통.소염제,(주)라이트팜텍,전문의약품,"경질캡슐제, 산제",D000427,Meloxicam,Meloxicam(멜록시캄),멜록시캄,멜록시엠캡슐7.5밀리그램(멜록시캄),20191127,201908115,[M086439]멜록시캄,,단일,20140109,_,,특정연령대금기
20240913,"연한 노란색 가루가 든 상,하 연한 녹색의 경질 캡슐제",01140,해열.진통.소염제,(주)엘앤씨바이오 ,전문의약품,"경질캡슐제, 산제",D000427,Meloxicam,Meloxicam(멜록시캄),멜록시캄,메가록시캄캡슐7.5밀리그램(멜록시캄),20200213,202000927,[M086439]멜록시캄,,단일,20140109,_,,특정연령대금기
20200521,흰색 또는 엷은 황색의 로션제,02640,진통.진양.수렴.소염제,한국휴텍스제약(주),전문의약품,피부로션제,D000633,Mometasone Furoate,Mometasone Furoate(모메타손푸로에이트),모메타손푸로에이트,코코타손로션(모메타손푸로에이트),20200214,202001024,[M070188]모메타손푸로에이트,,단일,20140109,"소아는 체중당 체표면적의 비율이 성인보다 커서 코르티코이드로 인해 HPA축(시상하부-뇌하수체-부신 축) 억제, 쿠싱증후군, 발육장애, 두개내압항진 등이 나타나기 쉬움",,특정연령대금기
20240913,"연한 노란색 가루가 든 상부 연한 녹색, 하부 황색의 경질캡슐",01140,해열.진통.소염제,(주)한국피엠지제약,전문의약품,"경질캡슐제, 산제",D000427,Meloxicam,Meloxicam(멜록시캄),멜록시캄,모릭스캡슐15밀리그램(멜록시캄),20200317,202001860,[M086439]멜록시캄,,단일,20140109,_,,특정연령대금기
20240913,"미황색의 내용물이 충진된 상,하부 녹색의 경질캡슐제",01140,해열.진통.소염제,엔비케이제약(주),전문의약품,"경질캡슐제, 산제",D000427,Meloxicam,Meloxicam(멜록시캄),멜록시캄,멜로틴캡슐7.5mg(멜록시캄),20200528,202003989,[M086439]멜록시캄,,단일,20140109,_,,특정연령대금기
20240913,"연한 노란색 가루가 든 상부 연한 녹색, 하부 황색의 경질 캡슐제",01140,해열.진통.소염제,엔비케이제약(주),전문의약품,"경질캡슐제, 산제",D000427,Meloxicam,Meloxicam(멜록시캄),멜록시캄,멜로틴캡슐15mg(멜록시캄),20200528,202004002,[M086439]멜록시캄,,단일,20140109,_,,특정연령대금기
,황색의 원형 정제,01150,"각성제,흥분제",환인제약(주),전문의약품,나정,D000229,Methylphenidate Hydrochloride,Methylphenidate Hydrochloride(메틸페니데이트염산염),메틸페니데이트염산염,페니드정5밀리그램(메틸페니데이트염산염),19891227,198902796,[M223025]메틸페니데이트염산염,,단일,20140109,안전성 및 유효성 미확립,,특정연령대금기
20251211,"노란색의 가루가 든 상부 주홍색, 하부 미황색 불투명의 경질캡슐",06150,"주로 그람양성, 음성균, 리케치아, 비루스에 작용하는 것",(주)메디카코리아,전문의약품,"경질캡슐제, 산제",D000127,Minocycline Hydrochloride,Minocycline Hydrochloride(미노사이클린염산염),미노사이클린염산염,미노클캡슐50밀리그램(미노사이클린염산염),20220801,202203142,[M223036]미노사이클린염산염,,단일,20140109,"소아 등(특히 치아 형성기인 12세 미만의 소아)에 투여 시, 치아의 착색·법랑질 형성 부전, 또는 일과성 골발육 부전을 일으킬 수 있음","다만, 다른 약을 사용할 수 없거나 효과가 없는 경우에만 8세 이상 신중투여",특정연령대금기
20251211,"노란색의 가루가 든 상부 주홍색, 하부 미황색 불투명의 경질캡슐",06150,"주로 그람양성, 음성균, 리케치아, 비루스에 작용하는 것",주식회사더유제약,전문의약품,"경질캡슐제, 산제",D000127,Minocycline Hydrochloride,Minocycline Hydrochloride(미노사이클린염산염),미노사이클린염산염,미노젠캡슐50밀리그램(미노사이클린염산염),20250109,202500078,[M223036]미노사이클린염산염,,단일,20140109,"소아 등(특히 치아 형성기인 12세 미만의 소아)에 투여 시, 치아의 착색·법랑질 형성 부전, 또는 일과성 골발육 부전을 일으킬 수 있음","다만, 다른 약을 사용할 수 없거나 효과가 없는 경우에만 8세 이상 신중투여",특정연령대금기
,백색의 원형 정제,01150,"각성제,흥분제",환인제약(주),전문의약품,나정,D000229,Methylphenidate Hydrochloride,Methylphenidate Hydrochloride(메틸페니데이트염산염),메틸페니데이트염산염,페니드정10밀리그램(메틸페니데이트염산염),19891227,198902797,[M223025]메틸페니데이트염산염,,단일,20140109,안전성 및 유효성 미확립,,특정연령대금기
,흰색 원형 정제,01150,"각성제,흥분제",명인제약(주),전문의약품,나정,D000229,Methylphenidate Hydrochloride,Methylphenidate Hydrochloride(메틸페니데이트염산염),메틸페니데이트염산염,페로스핀정10밀리그램(메틸페니데이트염산염),20070510,200705351,[M223025]메틸페니데이트염산염,,단일,20140109,안전성 및 유효성 미확립,,특정연령대금기
,속방의 흰색 펠렛과 장용의 파란색 펠렛이 든 상하부 흰색의 경질 캡슐제,01150,"각성제,흥분제",명인제약(주),전문의약품,"장용성캡슐제, 펠렛",D000229,Methylphenidate Hydrochloride,Methylphenidate Hydrochloride(메틸페니데이트염산염),메틸페니데이트염산염,메디키넷리타드캡슐5mg(메틸페니데이트염산염),20111222,201111086,[M223025]메틸페니데이트염산염/[M223025]메틸페니데이트염산염,,단일,20140109,안전성 및 유효성 미확립,,특정연령대금기
,"속방의 흰색 펠렛과 장용의 파란색 펠렛이 든 상부 어두운 보라색, 하부 회색의 경질캡슐제",01150,"각성제,흥분제",명인제약(주),전문의약품,"장용성캡슐제, 펠렛",D000229,Methylphenidate Hydrochloride,Methylphenidate Hydrochloride(메틸페니데이트염산염),메틸페니데이트염산염,메디키넷리타드캡슐40mg(메틸페니데이트염산염),20111222,201111087,[M223025]메틸페니데이트염산염/[M223025]메틸페니데이트염산염,,단일,20140109,안전성 및 유효성 미확립,,특정연령대금기
,"속방의 흰색 펠렛과 장용의 파란색 펠렛이 든 상부 분홍색, 하부 흰색의 경질캡슐제",01150,"각성제,흥분제",명인제약(주),전문의약품,"장용성캡슐제, 펠렛",D000229,Methylphenidate Hydrochloride,Methylphenidate Hydrochloride(메틸페니데이트염산염),메틸페니데이트염산염,메디키넷리타드캡슐10mg(메틸페니데이트염산염),20111222,201111088,[M223025]메틸페니데이트염산염/[M223025]메틸페니데이트염산염,,단일,20140109,안전성 및 유효성 미확립,,특정연령대금기
,속방의 흰색 펠렛과 장용의 파란색 펠렛이 든 상하부 옅은 보라색의 경질캡슐제,01150,"각성제,흥분제",명인제약(주),전문의약품,"장용성캡슐제, 펠렛",D000229,Methylphenidate Hydrochloride,Methylphenidate Hydrochloride(메틸페니데이트염산염),메틸페니데이트염산염,메디키넷리타드캡슐20mg(메틸페니데이트염산염),20111222,201111091,[M223025]메틸페니데이트염산염/[M223025]메틸페니데이트염산염,,단일,20140109,안전성 및 유효성 미확립,,특정연령대금기
,"속방의 흰색 펠렛과 장용의 파란색 펠렛이 든 상부 어두운 보라색, 하부 밝은 회색의 경질캡슐제",01150,"각성제,흥분제",명인제약(주),전문의약품,"장용성캡슐제, 펠렛",D000229,Methylphenidate Hydrochloride,Methylphenidate Hydrochloride(메틸페니데이트염산염),메틸페니데이트염산염,메디키넷리타드캡슐30mg(메틸페니데이트염산염),20111222,201111093,[M223025]메틸페니데이트염산염/[M223025]메틸페니데이트염산염,,단일,20140109,안전성 및 유효성 미확립,,특정연령대금기
,흰색의 장방형 필름코팅 정제,01150,"각성제,흥분제",(주)한국얀센,전문의약품,서방성필름코팅정,D000229,Methylphenidate Hydrochloride,Methylphenidate Hydrochloride(메틸페니데이트염산염),메틸페니데이트염산염,콘서타OROS서방정36밀리그램(메틸페니데이트염산염),20150311,201501271,[M223025]메틸페니데이트염산염/[M223025]메틸페니데이트염산염/[M223025]메틸페니데이트염산염,,단일,20140109,안전성 및 유효성 미확립,,특정연령대금기
,적갈색의 장방형 필름코팅 정제,01150,"각성제,흥분제",(주)한국얀센,전문의약품,서방성필름코팅정,D000229,Methylphenidate Hydrochloride,Methylphenidate Hydrochloride(메틸페니데이트염산염),메틸페니데이트염산염,콘서타OROS서방정54밀리그램(메틸페니데이트염산염),20150311,201501273,[M223025]메틸페니데이트염산염/[M223025]메틸페니데이트염산염/[M223025]메틸페니데이트염산염,,단일,20140109,안전성 및 유효성 미확립,,특정연령대금기
,노란색의 원형 정제,01150,"각성제,흥분제",명인제약(주),전문의약품,나정,D000229,Methylphenidate Hydrochloride,Methylphenidate Hydrochloride(메틸페니데이트염산염),메틸페니데이트염산염,페로스핀정5밀리그램(메틸페니데이트염산염),20160204,201600735,[M223025]메틸페니데이트염산염,,단일,20140109,안전성 및 유효성 미확립,,특정연령대금기
,백색의 원형 정제,01150,"각성제,흥분제",환인제약(주),전문의약품,나정,D000229,Methylphenidate Hydrochloride,Methylphenidate Hydrochloride(메틸페니데이트염산염),메틸페니데이트염산염,페니드정10밀리그램(메틸페니데이트염산염)(Penid Tab. 10mg),20190225,201901159,[M223025]메틸페니데이트염산염,,단일,20140109,안전성 및 유효성 미확립,,특정연령대금기
,노란색의 장방형 필름코팅 정제,01150,"각성제,흥분제",(주)한국얀센,전문의약품,서방성필름코팅정,D000229,Methylphenidate Hydrochloride,Methylphenidate Hydrochloride(메틸페니데이트염산염),메틸페니데이트염산염,콘서타OROS서방정18밀리그램(메틸페니데이트염산염),20200722,202005265,[M223025]메틸페니데이트염산염/[M223025]메틸페니데이트염산염/[M223025]메틸페니데이트염산염,,단일,20140109,안전성 및 유효성 미확립,,특정연령대금기
,회색의 장방형 필름코팅 정제,01150,"각성제,흥분제",(주)한국얀센,전문의약품,서방성필름코팅정,D000229,Methylphenidate Hydrochloride,Methylphenidate Hydrochloride(메틸페니데이트염산염),메틸페니데이트염산염,콘서타OROS서방정27밀리그램(메틸페니데이트염산염),20200722,202005266,[M223025]메틸페니데이트염산염/[M223025]메틸페니데이트염산염/[M223025]메틸페니데이트염산염,,단일,20140109,안전성 및 유효성 미확립,,특정연령대금기
,무색~담황색의 투명한 액이 든 무색 투명한 앰플 주사제,02390,기타의 소화기관용약,제일약품(주),전문의약품,용액주사제,D000425,Metoclopramide Hydrochloride Hydrate,Metoclopramide Hydrochloride Hydrate(메토클로프라미드염산염수화물),메토클로프라미드염산염수화물,제일약품메토클로프라미드염산염수화물주(수출용),20210520,202104009,[M223013]메토클로프라미드염산염수화물,,단일,20140109,추체외로장애 위험성 증가,,특정연령대금기
,흰색 또는 엷은 황색의 로션제,02640,진통.진양.수렴.소염제,(주)라이트팜텍,전문의약품,피부로션제,D000633,Mometasone Furoate,Mometasone Furoate(모메타손푸로에이트),모메타손푸로에이트,제이모메손로션(모메타손푸로에이트),20190404,201902038,[M070188]모메타손푸로에이트,,단일,20140109,"소아는 체중당 체표면적의 비율이 성인보다 커서 코르티코이드로 인해 HPA축(시상하부-뇌하수체-부신 축) 억제, 쿠싱증후군, 발육장애, 두개내압항진 등이 나타나기 쉬움",,특정연령대금기
,흰색 무취의 연고제,02640,진통.진양.수렴.소염제,주식회사더유제약,전문의약품,피부연고제,D000633,Mometasone Furoate,Mometasone Furoate(모메타손푸로에이트),모메타손푸로에이트,모멘타연고(모메타손푸로에이트),20200428,202003159,[M070188]모메타손푸로에이트,,단일,20140109,"소아는 체중당 체표면적의 비율이 성인보다 커서 코르티코이드로 인해 HPA축(시상하부-뇌하수체-부신 축) 억제, 쿠싱증후군, 발육장애, 두개내압항진 등이 나타나기 쉬움",,특정연령대금기
,흰색 또는 연한 황색의 로션제,02640,진통.진양.수렴.소염제,(주)메디카코리아,전문의약품,피부로션제,D000633,Mometasone Furoate,Mometasone Furoate(모메타손푸로에이트),모메타손푸로에이트,테리손로션(모메타손푸로에이트),20200526,202003817,[M070188]모메타손푸로에이트,,단일,20140109,"소아는 체중당 체표면적의 비율이 성인보다 커서 코르티코이드로 인해 HPA축(시상하부-뇌하수체-부신 축) 억제, 쿠싱증후군, 발육장애, 두개내압항진 등이 나타나기 쉬움",,특정연령대금기
,전질균등한 흰색 크림 ,02640,진통.진양.수렴.소염제,주식회사더유제약,전문의약품,피부크림제,D000633,Mometasone Furoate,Mometasone Furoate(모메타손푸로에이트),모메타손푸로에이트,모멘타크림(모메타손푸로에이트),20200803,202005607,[M070188]모메타손푸로에이트,,단일,20140109,"소아는 체중당 체표면적의 비율이 성인보다 커서 코르티코이드로 인해 HPA축(시상하부-뇌하수체-부신 축) 억제, 쿠싱증후군, 발육장애, 두개내압항진 등이 나타나기 쉬움",,특정연령대금기
,전질 균등한 흰색 무취의 크림제,02640,진통.진양.수렴.소염제,(주)엘앤씨바이오 ,전문의약품,피부크림제,D000633,Mometasone Furoate,Mometasone Furoate(모메타손푸로에이트),모메타손푸로에이트,모멘타솔크림(모메타손푸로에이트),20210910,202106493,[M070188]모메타손푸로에이트,,단일,20140109,"소아는 체중당 체표면적의 비율이 성인보다 커서 코르티코이드로 인해 HPA축(시상하부-뇌하수체-부신 축) 억제, 쿠싱증후군, 발육장애, 두개내압항진 등이 나타나기 쉬움",,특정연령대금기
,보라색의 장방형 필름코팅정제,06290,기타의 화학요법제,알파제약(주),전문의약품,필름코팅정,D000783,Nalidixic Acid,Nalidixic Acid(날리딕스산),날리딕스산,나리디신정500밀리그람(날리딕스산)(수출용)[수출명:ALDICINTABLET],20040203,200402887,[M040054]날리딕스산,,단일,20140109,"두개내압을 상승시켜 두통, 구토 등의 증상이 나타날 수 있음",,특정연령대금기
,보라색의 장방형 필름코팅정,06290,기타의 화학요법제,천우신약(주),전문의약품,필름코팅정,D000783,Nalidixic Acid,Nalidixic Acid(날리딕스산),날리딕스산,딕스정(날리딕스산)(수출용)(수출명:IntermedicNalidixicacidtablet),20050920,200501315,[M040054]날리딕스산/[M040054]날리딕스산,,단일,20140109,"두개내압을 상승시켜 두통, 구토 등의 증상이 나타날 수 있음",,특정연령대금기
,보라색의 장방형 필름코팅정제,06290,기타의 화학요법제,영풍제약(주),전문의약품,필름코팅정,D000783,Nalidixic Acid,Nalidixic Acid(날리딕스산),날리딕스산,영풍날리딕스산정500mg(수출용),20080314,200802869,[M040054]날리딕스산,,단일,20140109,"두개내압을 상승시켜 두통, 구토 등의 증상이 나타날 수 있음",,특정연령대금기
,필름코팅된 백색의 원형정제,01170,정신신경용제,(주)보령,전문의약품,필름코팅정,D000357,Olanzapine,Olanzapine(올란자핀),올란자핀,자이프렉사정2.5밀리그램(올란자핀),20240327,202400667,[M089222]올란자핀,,단일,20140109,"(정제)- 안전성 및 유효성 미확립- 체중증가, 진정, 총콜레스테롤, 중성지방, LDL콜레스테롤, 프로락틴과 간 아미노트랜스퍼라제 수치가 성인에 비해 증가(주사제)- 안전성 및 유효성 미확립",,특정연령대금기
,필름코팅된 백색의 원형정제,01170,정신신경용제,(주)보령,전문의약품,필름코팅정,D000357,Olanzapine,Olanzapine(올란자핀),올란자핀,자이프렉사정5밀리그램(올란자핀),20240327,202400668,[M089222]올란자핀,,단일,20140109,"(정제)- 안전성 및 유효성 미확립- 체중증가, 진정, 총콜레스테롤, 중성지방, LDL콜레스테롤, 프로락틴과 간 아미노트랜스퍼라제 수치가 성인에 비해 증가(주사제)- 안전성 및 유효성 미확립",,특정연령대금기
,필름코팅된 백색의 원형정제,01170,정신신경용제,(주)보령,전문의약품,필름코팅정,D000357,Olanzapine,Olanzapine(올란자핀),올란자핀,자이프렉사정10밀리그램(올란자핀),20240327,202400669,[M089222]올란자핀,,단일,20140109,"(정제)- 안전성 및 유효성 미확립- 체중증가, 진정, 총콜레스테롤, 중성지방, LDL콜레스테롤, 프로락틴과 간 아미노트랜스퍼라제 수치가 성인에 비해 증가(주사제)- 안전성 및 유효성 미확립",,특정연령대금기
,황색의 둥근 동결건조된 정제,01170,정신신경용제,한국릴리(유),전문의약품,구강붕해정,D000357,Olanzapine Micronized,Olanzapine Micronized(미세올란자핀),미세올란자핀,자이프렉사자이디스확산정5밀리그램(미세올란자핀),20240401,202400728,[M233301]미세올란자핀,,단일,20140109,"(정제)- 안전성 및 유효성 미확립- 체중증가, 진정, 총콜레스테롤, 중성지방, LDL콜레스테롤, 프로락틴과 간 아미노트랜스퍼라제 수치가 성인에 비해 증가(주사제)- 안전성 및 유효성 미확립",,특정연령대금기
,황색의 둥근 동결건조된 정제,01170,정신신경용제,한국릴리(유),전문의약품,구강붕해정,D000357,Olanzapine Micronized,Olanzapine Micronized(미세올란자핀),미세올란자핀,자이프렉사자이디스확산정10밀리그램(미세올란자핀),20240401,202400729,[M233301]미세올란자핀,,단일,20140109,"(정제)- 안전성 및 유효성 미확립- 체중증가, 진정, 총콜레스테롤, 중성지방, LDL콜레스테롤, 프로락틴과 간 아미노트랜스퍼라제 수치가 성인에 비해 증가(주사제)- 안전성 및 유효성 미확립",,특정연령대금기
,흰색의 원형 필름코팅정,01170,정신신경용제,한림제약(주),전문의약품,필름코팅정,D000357,Olanzapine,Olanzapine(올란자핀),올란자핀,자이자핀정2.5밀리그램(올란자핀),20241104,202402585,[M089222]올란자핀,,단일,20140109,"(정제)- 안전성 및 유효성 미확립- 체중증가, 진정, 총콜레스테롤, 중성지방, LDL콜레스테롤, 프로락틴과 간 아미노트랜스퍼라제 수치가 성인에 비해 증가(주사제)- 안전성 및 유효성 미확립",,특정연령대금기
,흰색의 원형 필름코팅정,01170,정신신경용제,(주)한국파마,전문의약품,필름코팅정,D000357,Olanzapine,Olanzapine(올란자핀),올란자핀,올자펙스정2.5밀리그램(올란자핀),20250730,202501982,[M089222]올란자핀,,단일,20140109,"(정제)- 안전성 및 유효성 미확립- 체중증가, 진정, 총콜레스테롤, 중성지방, LDL콜레스테롤, 프로락틴과 간 아미노트랜스퍼라제 수치가 성인에 비해 증가(주사제)- 안전성 및 유효성 미확립",,특정연령대금기
,흰색의 양면이 볼록한 원형 서방성 필름코팅정,08210,합성마약,한국먼디파마 유한회사,전문의약품,서방성필름코팅정,D000356,Oxycodone Hydrochloride,Oxycodone Hydrochloride(옥시코돈염산염),옥시코돈염산염,옥시콘틴서방정10밀리그램(옥시코돈염산염),20000901,200009386,[M238042]옥시코돈염산염,,단일,20140109,안전성 및 유효성 미확립,,특정연령대금기
,분홍색의 양면이 볼록한 원형 서방성 필름코팅정,08210,합성마약,한국먼디파마 유한회사,전문의약품,서방성필름코팅정,D000356,Oxycodone Hydrochloride,Oxycodone Hydrochloride(옥시코돈염산염),옥시코돈염산염,옥시콘틴서방정20밀리그램(옥시코돈염산염),20000901,200009387,[M238042]옥시코돈염산염,,단일,20140109,안전성 및 유효성 미확립,,특정연령대금기
,노란색의 양면이 볼록한 원형 서방성 필름코팅정,08210,합성마약,한국먼디파마 유한회사,전문의약품,서방성필름코팅정,D000356,Oxycodone Hydrochloride,Oxycodone Hydrochloride(옥시코돈염산염),옥시코돈염산염,옥시콘틴서방정40밀리그램(옥시코돈염산염),20000901,200009388,[M238042]옥시코돈염산염,,단일,20140109,안전성 및 유효성 미확립,,특정연령대금기
,흰색의 원형정제,08210,합성마약,유니메드제약(주),전문의약품,나정,D000356,Oxycodone Hydrochloride,Oxycodone Hydrochloride(옥시코돈염산염),옥시코돈염산염,아이알코돈정5밀리그램(옥시코돈염산염),20011015,200109958,[M238042]옥시코돈염산염,,단일,20140109,안전성 및 유효성 미확립,,특정연령대금기
,흰색의 원형 정제,08210,합성마약,하나제약(주),전문의약품,나정,D000356,Oxycodone Hydrochloride,Oxycodone Hydrochloride(옥시코돈염산염),옥시코돈염산염,오코돈정5밀리그램(옥시코돈염산염),20021029,200210687,[M238042]옥시코돈염산염,,단일,20140109,안전성 및 유효성 미확립,,특정연령대금기
,녹색의 양면이 볼록한 원형 서방성 필름코팅정,08210,합성마약,한국먼디파마 유한회사,전문의약품,서방성필름코팅정,D000356,Oxycodone Hydrochloride,Oxycodone Hydrochloride(옥시코돈염산염),옥시코돈염산염,옥시콘틴서방정80mg(옥시코돈염산염),20090331,200902333,[M238042]옥시코돈염산염,,단일,20140109,안전성 및 유효성 미확립,,특정연령대금기
,무색 투명한 멸균용액이 든 앰플.,08210,합성마약,한국먼디파마 유한회사,전문의약품,용액주사제,D000356,Oxycodone Hydrochloride,Oxycodone Hydrochloride(옥시코돈염산염),옥시코돈염산염,옥시넘주사10mg/ml(옥시코돈염산염),20090331,200902334,[M238042]옥시코돈염산염,,단일,20140109,안전성 및 유효성 미확립,,특정연령대금기
,흰색의 원형 정제,08210,합성마약,명문제약(주),전문의약품,나정,D000356,Oxycodone Hydrochloride,Oxycodone Hydrochloride(옥시코돈염산염),옥시코돈염산염,엠피돈정5mg(옥시코돈염산염)(수출용),20110624,201103944,[M238042]옥시코돈염산염,,단일,20140109,안전성 및 유효성 미확립,,특정연령대금기
,흰색의 장방형 정제,08210,합성마약,유니메드제약(주),전문의약품,나정,D000356,Oxycodone Hydrochloride,Oxycodone Hydrochloride(옥시코돈염산염),옥시코돈염산염,아이알코돈정10밀리그램(옥시코돈염산염),20120201,201200682,[M238042]옥시코돈염산염,,단일,20140109,안전성 및 유효성 미확립,,특정연령대금기
,분홍색의 원형 서방성 제피정,08210,합성마약,명문제약(주),전문의약품,서방성필름코팅정,D000356,Oxycodone Hydrochloride,Oxycodone Hydrochloride(옥시코돈염산염),옥시코돈염산염,엠피돈서방정20mg(옥시코돈염산염)(수출용),20130306,201306040,[M238042]옥시코돈염산염,,단일,20140109,안전성 및 유효성 미확립,,특정연령대금기
,흰색의 원형 서방성 필름코팅정,08210,합성마약,하나제약(주),전문의약품,서방성필름코팅정,D000356,Oxycodone Hydrochloride,Oxycodone Hydrochloride(옥시코돈염산염),옥시코돈염산염,오코돈서방정10밀리그램(옥시코돈염산염),20130523,201307450,[M238042]옥시코돈염산염,,단일,20140109,안전성 및 유효성 미확립,,특정연령대금기
,분홍색의 원형 서방성 필름코팅정,08210,합성마약,하나제약(주),전문의약품,서방성필름코팅정,D000356,Oxycodone Hydrochloride,Oxycodone Hydrochloride(옥시코돈염산염),옥시코돈염산염,오코돈서방정20밀리그램(옥시코돈염산염),20130523,201307451,[M238042]옥시코돈염산염,,단일,20140109,안전성 및 유효성 미확립,,특정연령대금기
,노란색의 원형 서방성 필름코팅정,08210,합성마약,하나제약(주),전문의약품,서방성필름코팅정,D000356,Oxycodone Hydrochloride,Oxycodone Hydrochloride(옥시코돈염산염),옥시코돈염산염,오코돈서방정40밀리그램(옥시코돈염산염),20140224,201400848,[M238042]옥시코돈염산염,,단일,20140109,안전성 및 유효성 미확립,,특정연령대금기
,분홍색의 원형 서방성 제피정,08210,합성마약,명문제약(주),전문의약품,서방성필름코팅정,D000356,Oxycodone Hydrochloride,Oxycodone Hydrochloride(옥시코돈염산염),옥시코돈염산염,엠피돈서방정20mg(옥시코돈염산염)(수출용),20141215,201405885,[M238042]옥시코돈염산염,,단일,20140109,안전성 및 유효성 미확립,,특정연령대금기
,노란색의 양면이 볼록한 원형 서방성 필름코팅정,08210,합성마약,명문제약(주),전문의약품,서방성필름코팅정,D000356,Oxycodone Hydrochloride,Oxycodone Hydrochloride(옥시코돈염산염),옥시코돈염산염,엠피돈서방정40mg(옥시코돈염산염)(수출용),20160705,201604156,[M238042]옥시코돈염산염,,단일,20140109,안전성 및 유효성 미확립,,특정연령대금기
,흰색의 양면이 볼록한 원형 서방성 필름코팅정,08210,합성마약,명문제약(주),전문의약품,서방성필름코팅정,D000356,Oxycodone Hydrochloride,Oxycodone Hydrochloride(옥시코돈염산염),옥시코돈염산염,엠피돈서방정10mg(옥시코돈염산염)(수출용),20160705,201604157,[M238042]옥시코돈염산염,,단일,20140109,안전성 및 유효성 미확립,,특정연령대금기
,노란색의 양면이 볼록한 원형 서방성 필름코팅정,08210,합성마약,명문제약(주),전문의약품,서방성필름코팅정,D000356,Oxycodone Hydrochloride,Oxycodone Hydrochloride(옥시코돈염산염),옥시코돈염산염,엠피돈서방정40mg(옥시코돈염산염),20160714,201604319,[M238042]옥시코돈염산염,,단일,20140109,안전성 및 유효성 미확립,,특정연령대금기
,흰색의 양면이 볼록한 원형 서방성 필름코팅정,08210,합성마약,명문제약(주),전문의약품,서방성필름코팅정,D000356,Oxycodone Hydrochloride,Oxycodone Hydrochloride(옥시코돈염산염),옥시코돈염산염,엠피돈서방정10mg(옥시코돈염산염),20160714,201604320,[M238042]옥시코돈염산염,,단일,20140109,안전성 및 유효성 미확립,,특정연령대금기
,청색의 원형 정제,08210,합성마약,하나제약(주),전문의약품,나정,D000356,Oxycodone Hydrochloride,Oxycodone Hydrochloride(옥시코돈염산염),옥시코돈염산염,오코돈정10밀리그램(옥시코돈염산염),20160825,201605077,[M238042]옥시코돈염산염,,단일,20140109,안전성 및 유효성 미확립,,특정연령대금기
,무색투명한 멸균용액이 든 앰플,08210,합성마약,하나제약(주),전문의약품,용액주사제,D000356,Oxycodone Hydrochloride,Oxycodone Hydrochloride(옥시코돈염산염),옥시코돈염산염,오코돈주사10mg/mL(옥시코돈염산염),20170810,201706519,[M238042]옥시코돈염산염,,단일,20140109,안전성 및 유효성 미확립,,특정연령대금기
,흰색의 팔각형 정제 ,08210,합성마약,유니메드제약(주),전문의약품,나정,D000356,Oxycodone Hydrochloride,Oxycodone Hydrochloride(옥시코돈염산염),옥시코돈염산염,아이알코돈정20밀리그램(옥시코돈염산염) ,20200821,202005937,[M238042]옥시코돈염산염,,단일,20140109,안전성 및 유효성 미확립,,특정연령대금기
,백색 원형의 정제,01230,자율신경제,알보젠코리아(주),전문의약품,나정,D000701,Phendimetrazine Tartrate,Phendimetrazine Tartrate(펜디메트라진타르타르산염),펜디메트라진타르타르산염,푸링정(펜디메트라진타르타르산염),19980616,199806846,[M230784]펜디메트라진타르타르산염,,단일,20140109,안전성 및 유효성 미확립,,특정연령대금기
,흰색의 원형 정제,01230,자율신경제,조아제약(주),전문의약품,나정,D000701,Phendimetrazine Tartrate,Phendimetrazine Tartrate(펜디메트라진타르타르산염),펜디메트라진타르타르산염,엔슬림정(펜디메트라진타르타르산염),20020902,200210718,[M230784]펜디메트라진타르타르산염,,단일,20140109,안전성 및 유효성 미확립,,특정연령대금기
,흰색의 원형 정제,01230,자율신경제,(주)바이넥스,전문의약품,나정,D000701,Phendimetrazine Tartrate,Phendimetrazine Tartrate(펜디메트라진타르타르산염),펜디메트라진타르타르산염,펜디씬정(펜디메트라진타르타르산염),20040705,200410824,[M230784]펜디메트라진타르타르산염,,단일,20140109,안전성 및 유효성 미확립,,특정연령대금기
,백색의 원형 정제,01230,자율신경제,(주)팜젠사이언스,전문의약품,나정,D000701,Phendimetrazine Tartrate,Phendimetrazine Tartrate(펜디메트라진타르타르산염),펜디메트라진타르타르산염,페티노정(펜디메트라진타르타르산염),20041208,200410854,[M230784]펜디메트라진타르타르산염,,단일,20140109,안전성 및 유효성 미확립,,특정연령대금기
,흰색의 원형정제,01230,자율신경제,주식회사제뉴원사이언스,전문의약품,나정,D000701,Phendimetrazine Tartrate,Phendimetrazine Tartrate(펜디메트라진타르타르산염),펜디메트라진타르타르산염,펜트라정(펜디메트라진타르타르산염),20041221,200410866,[M230784]펜디메트라진타르타르산염,,단일,20140109,안전성 및 유효성 미확립,,특정연령대금기
,흰색의 원형 정제,01230,자율신경제,대원제약(주),전문의약품,나정,D000701,Phendimetrazine Tartrate,Phendimetrazine Tartrate(펜디메트라진타르타르산염),펜디메트라진타르타르산염,펜디라진정(펜디메트라진타르타르산염),20051109,200512146,[M230784]펜디메트라진타르타르산염,,단일,20140109,안전성 및 유효성 미확립,,특정연령대금기
,흰색의 원형정제,01230,자율신경제,(주)한국파마,전문의약품,나정,D000701,Phendimetrazine Tartrate,Phendimetrazine Tartrate(펜디메트라진타르타르산염),펜디메트라진타르타르산염,아드펜정(펜디메트라진타르타르산염),20051109,200512153,[M230784]펜디메트라진타르타르산염,,단일,20140109,안전성 및 유효성 미확립,,특정연령대금기
,흰색의 원형정제,01230,자율신경제,명문제약(주),전문의약품,나정,D000701,Phendimetrazine Tartrate,Phendimetrazine Tartrate(펜디메트라진타르타르산염),펜디메트라진타르타르산염,펜타씬정(펜디메트라진타르타르산염),20051122,200512155,[M230784]펜디메트라진타르타르산염,,단일,20140109,안전성 및 유효성 미확립,,특정연령대금기
,흰색 내지 미백색의 원형 정제,01230,자율신경제,(주)휴온스,전문의약품,나정,D000701,Phendimetrazine Tartrate,Phendimetrazine Tartrate(펜디메트라진타르타르산염),펜디메트라진타르타르산염,펜디정(펜디메트라진타르타르산염),20050804,200512168,[M230784]펜디메트라진타르타르산염,,단일,20140109,안전성 및 유효성 미확립,,특정연령대금기
,흰색의 원형 정제,01230,자율신경제,영일제약(주),전문의약품,나정,D000701,Phendimetrazine Tartrate,Phendimetrazine Tartrate(펜디메트라진타르타르산염),펜디메트라진타르타르산염,다이트린정(펜디메트라진타르타르산염),20051017,200512174,[M230784]펜디메트라진타르타르산염,,단일,20140109,안전성 및 유효성 미확립,,특정연령대금기
,흰색의 원형 정제,01230,자율신경제,(주)셀릭스,전문의약품,나정,D000701,Phendimetrazine Tartrate,Phendimetrazine Tartrate(펜디메트라진타르타르산염),펜디메트라진타르타르산염,펜디라정(펜디메트라진타르타르산염),20060410,200604148,[M230784]펜디메트라진타르타르산염,,단일,20140109,안전성 및 유효성 미확립,,특정연령대금기
,흰색의 원형정제,01230,자율신경제,대한뉴팜(주),전문의약품,나정,D000701,Phendimetrazine Tartrate,Phendimetrazine Tartrate(펜디메트라진타르타르산염),펜디메트라진타르타르산염,펜틴정(펜디메트라진타르타르산염),20060306,200604157,[M230784]펜디메트라진타르타르산염,,단일,20140109,안전성 및 유효성 미확립,,특정연령대금기
,백색의 원형정제,01230,자율신경제,(주)비보존제약,전문의약품,나정,D000701,Phendimetrazine Tartrate,Phendimetrazine Tartrate(펜디메트라진타르타르산염),펜디메트라진타르타르산염,디에트정(펜디메트라진타르타르산염),20060329,200604158,[M230784]펜디메트라진타르타르산염,,단일,20140109,안전성 및 유효성 미확립,,특정연령대금기
,백색의 원형정제,01230,자율신경제,동국제약(주),전문의약품,나정,D000701,Phendimetrazine Tartrate,Phendimetrazine Tartrate(펜디메트라진타르타르산염),펜디메트라진타르타르산염,라이트진정(펜디메트라진타르타르산염),20060123,200604159,[M230784]펜디메트라진타르타르산염,,단일,20140109,안전성 및 유효성 미확립,,특정연령대금기
,흰색의 원형정제,01230,자율신경제,태극제약(주),전문의약품,나정,D000701,Phendimetrazine Tartrate,Phendimetrazine Tartrate(펜디메트라진타르타르산염),펜디메트라진타르타르산염,페닝정(펜디메트라진타르타르산염),20060220,200604162,[M230784]펜디메트라진타르타르산염,,단일,20140109,안전성 및 유효성 미확립,,특정연령대금기
,흰색의 원형정제,01230,자율신경제,(주)제뉴파마,전문의약품,나정,D000701,Phendimetrazine Tartrate,Phendimetrazine Tartrate(펜디메트라진타르타르산염),펜디메트라진타르타르산염,펜홀드정(펜디메트라진타르타르산염),20060306,200604167,[M230784]펜디메트라진타르타르산염,,단일,20140109,안전성 및 유효성 미확립,,특정연령대금기
,흰색 원형의 정제,01230,자율신경제,하나제약(주),전문의약품,나정,D000701,Phendimetrazine Tartrate,Phendimetrazine Tartrate(펜디메트라진타르타르산염),펜디메트라진타르타르산염,펜슬림정(펜디메트라진타르타르산염),20070620,200707106,[M230784]펜디메트라진타르타르산염,,단일,20140109,안전성 및 유효성 미확립,,특정연령대금기
,흰색의 원형 정제,01230,자율신경제,구주제약(주),전문의약품,나정,D000701,Phendimetrazine Tartrate,Phendimetrazine Tartrate(펜디메트라진타르타르산염),펜디메트라진타르타르산염,펜디민정(펜디메트라진타르타르산염),20080605,200806249,[M230784]펜디메트라진타르타르산염,,단일,20140109,안전성 및 유효성 미확립,,특정연령대금기
,흰색의 원형정제,01230,자율신경제,제이더블유신약(주),전문의약품,나정,D000701,Phendimetrazine Tartrate,Phendimetrazine Tartrate(펜디메트라진타르타르산염),펜디메트라진타르타르산염,펜디예뜨정(펜디메트라진타르타르산염),20080626,200807061,[M230784]펜디메트라진타르타르산염,,단일,20140109,안전성 및 유효성 미확립,,특정연령대금기
,흰색의 원형 정제,01230,자율신경제,한국프라임제약(주),전문의약품,나정,D000701,Phendimetrazine Tartrate,Phendimetrazine Tartrate(펜디메트라진타르타르산염),펜디메트라진타르타르산염,펜디멘정(펜디메트라진타르타르산염),20091207,200908479,[M230784]펜디메트라진타르타르산염,,단일,20140109,안전성 및 유효성 미확립,,특정연령대금기
,흰색의 원형정제,01230,자율신경제,(주)서울제약,전문의약품,나정,D000701,Phendimetrazine Tartrate,Phendimetrazine Tartrate(펜디메트라진타르타르산염),펜디메트라진타르타르산염,펜디진정35mg(펜디메트라진타르타르산염),20100524,201003646,[M230784]펜디메트라진타르타르산염,,단일,20140109,안전성 및 유효성 미확립,,특정연령대금기
,흰색의 원형 정제,01230,자율신경제,(주)에이프로젠바이오로직스,전문의약품,나정,D000701,Phendimetrazine Tartrate,Phendimetrazine Tartrate(펜디메트라진타르타르산염),펜디메트라진타르타르산염,펜디펜정(펜디메트라진타르타르산염),20110309,201101167,[M230784]펜디메트라진타르타르산염,,단일,20140109,안전성 및 유효성 미확립,,특정연령대금기
,흰색의 사각형 정제,01230,자율신경제,알보젠코리아(주),전문의약품,나정,D000701,Phendimetrazine Tartrate,Phendimetrazine Tartrate(펜디메트라진타르타르산염),펜디메트라진타르타르산염,푸링세미정(펜디메트라진타르타르산염),20160728,201604676,[M230784]펜디메트라진타르타르산염,,단일,20140109,안전성 및 유효성 미확립,,특정연령대금기
,흰색 내지 미백색의 오각형 정제,01230,자율신경제,(주)휴온스,전문의약품,나정,D000701,Phendimetrazine Tartrate,Phendimetrazine Tartrate(펜디메트라진타르타르산염),펜디메트라진타르타르산염,펜디세미정(펜디메트라진타르타르산염),20170426,201702111,[M230784]펜디메트라진타르타르산염,,단일,20140109,안전성 및 유효성 미확립,,특정연령대금기
,백색의 나비넥타이 모양의 정제,01230,자율신경제,알보젠코리아(주),전문의약품,나정,D000795,Phentermine Hydrochloride,Phentermine Hydrochloride(펜터민염산염),펜터민염산염,푸리민정37.5밀리그램(펜터민염산염),20030812,200308495,[M238557]펜터민염산염,,단일,20140109,안전성 및 유효성 미확립,,특정연령대금기
,백색의 가운데가 오목한 장방형 정제,01230,자율신경제,광동제약(주),전문의약품,나정,D000795,Phentermine Hydrochloride,Phentermine Hydrochloride(펜터민염산염),펜터민염산염,아디펙스정37.5밀리그램(펜터민염산염),20030929,200308497,[M238557]펜터민염산염,,단일,20140109,안전성 및 유효성 미확립,,특정연령대금기
,흰색의 나비넥타이 모양의 정제,01230,자율신경제,대원제약(주),전문의약품,나정,D000795,Phentermine Hydrochloride,Phentermine Hydrochloride(펜터민염산염),펜터민염산염,펜키니정(펜터민염산염),20041230,200410823,[M238557]펜터민염산염,,단일,20140109,안전성 및 유효성 미확립,,특정연령대금기
,흰색의 나비넥타이모양의 정제,01230,자율신경제,(주)바이넥스,전문의약품,나정,D000795,Phentermine Hydrochloride,Phentermine Hydrochloride(펜터민염산염),펜터민염산염,펜트민정(펜터민염산염),20040906,200410826,[M238557]펜터민염산염,,단일,20140109,안전성 및 유효성 미확립,,특정연령대금기
,백색 내지 유백색의 타원형 정제,01230,자율신경제,(주)휴온스,전문의약품,나정,D000795,Phentermine Hydrochloride,Phentermine Hydrochloride(펜터민염산염),펜터민염산염,휴터민정(펜터민염산염),20040817,200410853,[M238557]펜터민염산염,,단일,20140109,안전성 및 유효성 미확립,,특정연령대금기
,백색 - 미백색의 장방형 정제,01230,자율신경제,영일제약(주),전문의약품,나정,D000795,Phentermine Hydrochloride,Phentermine Hydrochloride(펜터민염산염),펜터민염산염,펜민정(펜터민염산염),20041007,200410855,[M238557]펜터민염산염,,단일,20140109,안전성 및 유효성 미확립,,특정연령대금기
,흰색의 장방형 정제,01230,자율신경제,대한뉴팜(주),전문의약품,나정,D000795,Phentermine Hydrochloride,Phentermine Hydrochloride(펜터민염산염),펜터민염산염,페스틴정(펜터민염산염),20040827,200410862,[M238557]펜터민염산염,,단일,20140109,안전성 및 유효성 미확립,,특정연령대금기
,흰색의 나비넥타이모양의 정제,01230,자율신경제,주식회사제뉴원사이언스,전문의약품,나정,D000795,Phentermine Hydrochloride,Phentermine Hydrochloride(펜터민염산염),펜터민염산염,케이터민정(펜터민염산염),20041026,200410865,[M238557]펜터민염산염,,단일,20140109,안전성 및 유효성 미확립,,특정연령대금기
,흰색의 가운데가 오목한 장방형 정제,01230,자율신경제,일동제약(주),전문의약품,나정,D000795,Phentermine Hydrochloride,Phentermine Hydrochloride(펜터민염산염),펜터민염산염,펜타인정(펜터민염산염),20050802,200512147,[M238557]펜터민염산염,,단일,20140109,안전성 및 유효성 미확립,,특정연령대금기
,흰색의 나비넥타이 모양의 정제,01230,자율신경제,(주)대웅제약,전문의약품,나정,D000795,Phentermine Hydrochloride,Phentermine Hydrochloride(펜터민염산염),펜터민염산염,디에타민정(펜터민염산염),20050421,200512148,[M238557]펜터민염산염,,단일,20140109,안전성 및 유효성 미확립,,특정연령대금기
,흰색의 나비넥타이모양의 정제,01230,자율신경제,명문제약(주),전문의약품,나정,D000795,Phentermine Hydrochloride,Phentermine Hydrochloride(펜터민염산염),펜터민염산염,레디펜정(펜터민염산염),20050901,200512154,[M238557]펜터민염산염,,단일,20140109,안전성 및 유효성 미확립,,특정연령대금기
,흰색의 나비넥타이 모양의 정제,01230,자율신경제,(주)메디카코리아,전문의약품,나정,D000795,Phentermine Hydrochloride,Phentermine Hydrochloride(펜터민염산염),펜터민염산염,슬레민정(펜터민염산염),20051222,200512161,[M238557]펜터민염산염,,단일,20140109,안전성 및 유효성 미확립,,특정연령대금기
,흰색 또는 거의 흰색의 장방형정제,01230,자율신경제,유니메드제약(주),전문의약품,나정,D000795,Phentermine Hydrochloride,Phentermine Hydrochloride(펜터민염산염),펜터민염산염,로우칼정(펜터민염산염),20050615,200512162,[M238557]펜터민염산염,,단일,20140109,안전성 및 유효성 미확립,,특정연령대금기
,흰색의 나비넥타이 모양의 정제,01230,자율신경제,구주제약(주),전문의약품,나정,D000795,Phentermine Hydrochloride,Phentermine Hydrochloride(펜터민염산염),펜터민염산염,메타맥스정(펜터민염산염),20050201,200512167,[M238557]펜터민염산염,,단일,20140109,안전성 및 유효성 미확립,,특정연령대금기
,흰색의 나비넥타이형 정제,01230,자율신경제,(주)비보존제약,전문의약품,나정,D000795,Phentermine Hydrochloride,Phentermine Hydrochloride(펜터민염산염),펜터민염산염,레티스정(펜터민염산염),20050618,200512175,[M238557]펜터민염산염,,단일,20140109,안전성 및 유효성 미확립,,특정연령대금기
,흰색의 가운데가 오목한 장방형 정제,01230,자율신경제,(주)에이프로젠바이오로직스,전문의약품,나정,D000795,Phentermine Hydrochloride,Phentermine Hydrochloride(펜터민염산염),펜터민염산염,틴틴정(펜터민염산염),20051125,200512177,[M238557]펜터민염산염,,단일,20140109,안전성 및 유효성 미확립,,특정연령대금기
,흰색의 장방형 정제,01230,자율신경제,(주)휴비스트제약,전문의약품,나정,D000795,Phentermine Hydrochloride,Phentermine Hydrochloride(펜터민염산염),펜터민염산염,펜타지아정(펜터민염산염),20060126,200604150,[M238557]펜터민염산염,,단일,20140109,안전성 및 유효성 미확립,,특정연령대금기
,흰색의 장방형 정제,01230,자율신경제,(주)팜젠사이언스,전문의약품,나정,D000795,Phentermine Hydrochloride,Phentermine Hydrochloride(펜터민염산염),펜터민염산염,로페트정(펜터민염산염),20060217,200604153,[M238557]펜터민염산염,,단일,20140109,안전성 및 유효성 미확립,,특정연령대금기
,흰색의 나비넥타이형 정제,01230,자율신경제,동국제약(주),전문의약품,나정,D000795,Phentermine Hydrochloride,Phentermine Hydrochloride(펜터민염산염),펜터민염산염,비엠진정(펜터민염산염),20060306,200604160,[M238557]펜터민염산염,,단일,20140109,안전성 및 유효성 미확립,,특정연령대금기
,흰색의 나비넥타이형 정제,01230,자율신경제,태극제약(주),전문의약품,나정,D000795,Phentermine Hydrochloride,Phentermine Hydrochloride(펜터민염산염),펜터민염산염,페니민정(펜터민염산염),20060220,200604163,[M238557]펜터민염산염,,단일,20140109,안전성 및 유효성 미확립,,특정연령대금기
,흰색의 땅콩모양의 정제,01230,자율신경제,(주)서울제약,전문의약품,나정,D000795,Phentermine Hydrochloride,Phentermine Hydrochloride(펜터민염산염),펜터민염산염,웰트민정(펜터민염산염),20060106,200604164,[M238557]펜터민염산염,,단일,20140109,안전성 및 유효성 미확립,,특정연령대금기
,흰색의 나비넥타이형 정제,01230,자율신경제,(주)제뉴파마,전문의약품,나정,D000795,Phentermine Hydrochloride,Phentermine Hydrochloride(펜터민염산염),펜터민염산염,비터펜정(펜터민염산염),20060306,200604166,[M238557]펜터민염산염,,단일,20140109,안전성 및 유효성 미확립,,특정연령대금기
,흰색 또는 거의 흰색의 장방형정제,01230,자율신경제,(주)마더스제약,전문의약품,나정,D000795,Phentermine Hydrochloride,Phentermine Hydrochloride(펜터민염산염),펜터민염산염,아트민정(펜터민염산염),20060322,200604169,[M238557]펜터민염산염,,단일,20140109,안전성 및 유효성 미확립,,특정연령대금기
,흰색의 장방형 나정,01230,자율신경제,조아제약(주),전문의약품,나정,D000795,Phentermine Hydrochloride,Phentermine Hydrochloride(펜터민염산염),펜터민염산염,씬스펜정(펜터민염산염),20060901,200610878,[M238557]펜터민염산염,,단일,20140109,안전성 및 유효성 미확립,,특정연령대금기
,흰색의 가운데가 오목한 장방형 정제,01230,자율신경제,제이더블유신약(주),전문의약품,나정,D000795,Phentermine Hydrochloride,Phentermine Hydrochloride(펜터민염산염),펜터민염산염,펜터미정(펜터민염산염),20061129,200611551,[M238557]펜터민염산염,,단일,20140109,안전성 및 유효성 미확립,,특정연령대금기
,"미백색의 서방성 과립제가 충전된 상-진청색, 하-무색투명의 캡슐제",01230,자율신경제,부광약품(주),전문의약품,"서방성캡슐제, 펠렛",D000795,Phentermine Hydrochloride,Phentermine Hydrochloride(펜터민염산염),펜터민염산염,판베시서방캡슐 30밀리그램(펜터민염산염),20071011,200711284,[M238557]펜터민염산염,,단일,20140109,안전성 및 유효성 미확립,,특정연령대금기
,흰색의 나비넥타이 모양의 정제,01230,자율신경제,한국프라임제약(주),전문의약품,나정,D000795,Phentermine Hydrochloride,Phentermine Hydrochloride(펜터민염산염),펜터민염산염,펜더정(펜터민염산염),20091207,200908478,[M238557]펜터민염산염,,단일,20140109,안전성 및 유효성 미확립,,특정연령대금기
,흰색 원형의 정제,01230,자율신경제,대화제약(주),전문의약품,나정,D000795,Phentermine Hydrochloride,Phentermine Hydrochloride(펜터민염산염),펜터민염산염,대화노브제정(펜터민염산염),20100706,201004413,[M238557]펜터민염산염,,단일,20140109,안전성 및 유효성 미확립,,특정연령대금기
,흰색의 나비넥타이 모양의 정제,01230,자율신경제,구주제약(주),전문의약품,나정,D000795,Phentermine Hydrochloride,Phentermine Hydrochloride(펜터민염산염),펜터민염산염,메타맥스정(펜터민염산염)(수출용),20111111,201109904,[M238557]펜터민염산염,,단일,20140109,안전성 및 유효성 미확립,,특정연령대금기
,백색 또는 유백색의 타원형 정제,01230,자율신경제,(주)휴온스,전문의약품,나정,D000795,Phentermine Hydrochloride,Phentermine Hydrochloride(펜터민염산염),펜터민염산염,휴온스펜터민염산염정(수출용),20111227,201111544,[M238557]펜터민염산염,,단일,20140109,안전성 및 유효성 미확립,,특정연령대금기
,백색의 원형 정제,01230,자율신경제,광동제약(주),전문의약품,나정,D000795,Phentermine Hydrochloride,Phentermine Hydrochloride(펜터민염산염),펜터민염산염,아디펙스정18.75mg(펜터민염산염),20120615,201205550,[M238557]펜터민염산염,,단일,20140109,안전성 및 유효성 미확립,,특정연령대금기
,흰색의 원형정제,01230,자율신경제,대한뉴팜(주),전문의약품,나정,D000795,Phentermine Hydrochloride,Phentermine Hydrochloride(펜터민염산염),펜터민염산염,피티엠정(펜터민염산염),20131030,201309968,[M238557]펜터민염산염,,단일,20140109,안전성 및 유효성 미확립,,특정연령대금기
,연한 녹색의 타원형 정제,01230,자율신경제,(주)휴온스,전문의약품,나정,D000795,Phentermine Hydrochloride,Phentermine Hydrochloride(펜터민염산염),펜터민염산염,휴터민세미정(펜터민염산염),20131030,201309969,[M238557]펜터민염산염,,단일,20140109,안전성 및 유효성 미확립,,특정연령대금기
,분홍색의 강낭콩모양 정제,01230,자율신경제,알보젠코리아(주),전문의약품,나정,D000795,Phentermine Hydrochloride,Phentermine Hydrochloride(펜터민염산염),펜터민염산염,푸리민정18.75밀리그램(펜터민염산염),20140410,201401685,[M238557]펜터민염산염,,단일,20140109,안전성 및 유효성 미확립,,특정연령대금기
,흰색의 나비넥타이모양의 정제,01230,자율신경제,명문제약(주),전문의약품,나정,D000795,Phentermine Hydrochloride,Phentermine Hydrochloride(펜터민염산염),펜터민염산염,레디펜정(펜터민염산염),20171110,201707866,[M238557]펜터민염산염,,단일,20140109,안전성 및 유효성 미확립,,특정연령대금기
,"백색의 가루가 든 상부 주황색, 하부 백색의 경질캅셀제",01190,기타의 중추신경용약,대우제약(주),전문의약품,"경질캡슐제, 산제",D000307,Piracetam,Piracetam(피라세탐),피라세탐,노세탐캅셀(피라세탐)(수출용),20010706,200100695,[M101651]피라세탐,,단일,20140109,_,,특정연령대금기
,"백색분말이 든 상-주황색,하-백색의 캅셀제이다.",01190,기타의 중추신경용약,(주)한국파마,전문의약품,"경질캡슐제, 산제",D000307,Piracetam,Piracetam(피라세탐),피라세탐,피세탐캅셀(피라세탐)(수출용),20010323,200101513,[M101651]피라세탐,,단일,20140109,_,,특정연령대금기
,백색의 필름코팅 정제,01190,기타의 중추신경용약,삼진제약(주),전문의약품,필름코팅정,D000307,Piracetam,Piracetam(피라세탐),피라세탐,라세탐정(피라세탐)(수출용),20010622,200101582,[M101651]피라세탐,,단일,20140109,_,,특정연령대금기
,무색투명한 액이 들어있는 무색투명한 앰플,01190,기타의 중추신경용약,알파제약(주),전문의약품,용액주사제,D000307,Piracetam,Piracetam(피라세탐),피라세탐,알파피라세탐주(피라세탐)(수출용),20070118,200700757,[M101651]피라세탐,,단일,20140109,_,,특정연령대금기
,무색투명한 액이 들어있는 갈색앰플,01190,기타의 중추신경용약,명인제약(주),전문의약품,용액주사제,D000307,Piracetam,Piracetam(피라세탐),피라세탐,미브레인주 1g/5mL(피라세탐)(수출용),20070216,200702152,[M101651]피라세탐,,단일,20140109,_,,특정연령대금기
,주황색의 타원형 필름코팅정,01190,기타의 중추신경용약,알파제약(주),전문의약품,필름코팅정,D000307,Piracetam,Piracetam(피라세탐),피라세탐,알파피라세탐정800mg(수출용),20091223,200909045,[M101651]피라세탐,,단일,20140109,_,,특정연령대금기
,무색투명한 액이 들어있는 갈색앰플,01190,기타의 중추신경용약,(주)넥스팜코리아,전문의약품,용액주사제,D000307,Piracetam,Piracetam(피라세탐),피라세탐,뉴스포크주(피라세탐)(수출용)(수출명：NEWSPORK Inj.),20120917,201206816,[M101651]피라세탐,,단일,20140109,_,,특정연령대금기
,무색투명한 액이 든 무색 투명한 앰플,01190,기타의 중추신경용약,(주)마더스제약,전문의약품,용액주사제,D000307,Piracetam,Piracetam(피라세탐),피라세탐,포투탐주(피라세탐)(수출용)(수출명: Potutam inj.),20140306,201401036,[M101651]피라세탐,,단일,20140109,_,,특정연령대금기
,무색투명한 액이 들어있는 무색투명한 앰플,01190,기타의 중추신경용약,명문제약(주),전문의약품,용액주사제,D000307,Piracetam,Piracetam(피라세탐),피라세탐,명문피라세탐주(수출용),20150427,201502445,[M101651]피라세탐,,단일,20140109,_,,특정연령대금기
,무색투명한 액이 들어있는 갈색앰플,01190,기타의 중추신경용약,아주약품(주),전문의약품,용액주사제,D000307,Piracetam,Piracetam(피라세탐),피라세탐,아주피라세탐주200밀리그램(수출용),20150612,201503836,[M101651]피라세탐,,단일,20140109,_,,특정연령대금기
,무색투명한 액이 들어있는 갈색 앰플,01190,기타의 중추신경용약,(주)비씨월드제약,전문의약품,용액주사제,D000307,Piracetam,Piracetam(피라세탐),피라세탐,비씨피라세탐주1g(수출용),20150710,201504759,[M101651]피라세탐,,단일,20140109,_,,특정연령대금기
,연한 주홍색의 장방형 필름코팅정,01190,기타의 중추신경용약,(주)메디카코리아,전문의약품,필름코팅정,D000307,Piracetam,Piracetam(피라세탐),피라세탐,메디카피라세탐정800밀리그램(피라세탐)(수출용),20151103,201507554,[M101651]피라세탐,,단일,20140109,_,,특정연령대금기
,"흰색 가루가 충전된 상부 주황색, 하부 미백색의 경질 캡슐제",01190,기타의 중추신경용약,삼진제약(주),전문의약품,"경질캡슐제, 산제",D000307,Piracetam,Piracetam(피라세탐),피라세탐,골드파세탐캡슐(피라세탐)(수출용),20160722,201604556,[M101651]피라세탐,,단일,20140109,_,,특정연령대금기
,박하향과 감미가 있는 담황색의 현탁액,02190,기타의 순환계용약,(주)넥스팜코리아,전문의약품,경구용현탁액제,D000210,Calcium Polystyrene Sulfonate,Calcium Polystyrene Sulfonate(폴리스티렌설폰산칼슘),폴리스티렌설폰산칼슘,카립트현탁액(폴리스티렌설폰산칼슘),20260120,202600178,[M081346]폴리스티렌설폰산칼슘,,단일,20230705,_,,특정연령대금기
,알루미늄 호일 파우치에 든 박하향과 감미가 있는 담황색의 현탁액,02190,기타의 순환계용약,(주)한국팜비오,전문의약품,경구용현탁액제,D000210,Calcium Polystyrene Sulfonate,Calcium Polystyrene Sulfonate(폴리스티렌설폰산칼슘),폴리스티렌설폰산칼슘,팜카로우현탁액(폴리스티렌설폰산칼슘),20260211,202600391,[M081346]폴리스티렌설폰산칼슘,,단일,20230705,_,,특정연령대금기
20251211,"황색의 결정 또는 결정성 가루가 들어 있는 상부는 갈색, 하부는 담회색의 캅셀이다.",06150,"주로 그람양성, 음성균, 리케치아, 비루스에 작용하는 것",(주)종근당,전문의약품,"경질캡슐제, 산제",D000064,Tetracycline Hydrochloride,Tetracycline Hydrochloride(테트라사이클린염산염),테트라사이클린염산염,테라싸이클린캅셀250밀리그람(염산테트라싸이클린),19600614,196000001,[M223235]테트라사이클린염산염,,단일,20140109,"소아 등(특히 치아 형성기인 12세 미만의 소아)에 투여 시, 치아의 착색？법랑질 형성 부전, 또는 일과성 골발육 부전을 일으킬 수 있음","다만, 다른 약을 사용할 수 없거나 효과가 없는 경우에만 8세 이상 신중투여",특정연령대금기
20250922,흰색 또는 거의 흰색의 원형 정제,06210,설화제,삼일제약(주),전문의약품,나정,D000546,Sulfamethoxazole,Sulfamethoxazole(설파메톡사졸),설파메톡사졸,셉트린정,19700925,197000049,[M051623]트리메토프림/[M040283]설파메톡사졸,[D000067]Trimethoprim(트리메토프림),복합,20140109,고빌리루빈혈증을 일으킬 수 있음,,특정연령대금기
20211224,백색-미황색의 크림제,02630,화농성질환용제,동화약품(주),전문의약품,피부크림제,D000446,Silver Sulfadiazine,Silver Sulfadiazine(설파디아진은),설파디아진은,실마진1%크림(설파디아진은)(수출명 : Emzin Cream Silver Sulfadiazine 1%),19750520,197500187,[M050775]설파디아진은,,단일,20140109,"- 안전성 및 유효성이 미확립- 미숙아, 신생아(생후 2개월이내)는 핵황달을 일으킬 가능성 증가",,특정연령대금기
20211224,백색의 크림제이다,02630,화농성질환용제,일동제약(주),전문의약품,피부크림제,D000446,Silver Sulfadiazine,Silver Sulfadiazine(설파디아진은),설파디아진은,일바돈크림(설파디아진은),19760617,197600142,[M050775]설파디아진은,,단일,20140109,"- 안전성 및 유효성이 미확립- 미숙아, 신생아(생후 2개월이내)는 핵황달을 일으킬 가능성 증가",,특정연령대금기
20180609,황색의 필름 코팅된 원형정제.,01140,해열.진통.소염제,알보젠코리아(주),전문의약품,필름코팅정,D000280,Talniflumate,Talniflumate(탈니플루메이트),탈니플루메이트,소말겐정(탈니플루메이트),19850319,198500515,[M081412]탈니플루메이트,,단일,20140109,소아 용량이 설정되어 있지 않음,,특정연령대금기
20080202,무색투명한 병에 든 무색 또는 담황색의 투명한 액제,06290,기타의 화학요법제,삼진제약(주),전문의약품,용액주사제,D000586,Taurolidine,Taurolidine(타우로리딘),타우로리딘,삼진타우로린주사2%(타우로리딘),19870214,198700927,[M081946]타우로리딘,,단일,20140109,_,,특정연령대금기
20131014,백색~엷은 황색분말이 들어있는 상하부 미색의 캡슐제,01140,해열.진통.소염제,(주)유영제약,전문의약품,"경질캡슐제, 산제",D000816,Pyrazinobutazone,Pyrazinobutazone(피라지노부타존),피라지노부타존,카루돌캡슐(피라지노부타존)(수출용),19870325,198701736,[M081982]피라지노부타존,,단일,20140109,_,,특정연령대금기
20151112,황색의 필름 코팅된 원형정제,01140,해열.진통.소염제,동성제약(주),전문의약품,필름코팅정,D000280,Talniflumate,Talniflumate(탈니플루메이트),탈니플루메이트,앤세이드정(탈니플루메이트),19880603,198800619,[M081412]탈니플루메이트,,단일,20140109,소아 용량이 설정되어 있지 않음,,특정연령대금기
20140512,백색의 원형 정제.,02590,기타의 비뇨생식기관 및 항문용약,일양약품(주),전문의약품,나정,D000681,Terazosin Hydrochloride Hydrate,Terazosin Hydrochloride Hydrate(테라조신염산염수화물),테라조신염산염수화물,일양하이트린정1밀리그램(테라조신염산염수화물),19910626,199101124,[M250456]테라조신염산염수화물,,단일,20140109,안전성 및 유효성 미확립,,특정연령대금기
20170328,오랜지색 또는 노란색의 원형정제.,02590,기타의 비뇨생식기관 및 항문용약,일양약품(주),전문의약품,나정,D000681,Terazosin Hydrochloride Hydrate,Terazosin Hydrochloride Hydrate(테라조신염산염수화물),테라조신염산염수화물,일양하이트린정2밀리그램(테라조신염산염수화물),19910626,199101125,[M250456]테라조신염산염수화물,,단일,20140109,안전성 및 유효성 미확립,,특정연령대금기
20170328,연한 녹색의 원형정제.,02590,기타의 비뇨생식기관 및 항문용약,일양약품(주),전문의약품,나정,D000681,Terazosin Hydrochloride Hydrate,Terazosin Hydrochloride Hydrate(테라조신염산염수화물),테라조신염산염수화물,일양하이트린정5밀리그램(테라조신염산염수화물),19931115,199301235,[M250456]테라조신염산염수화물,,단일,20140109,안전성 및 유효성 미확립,,특정연령대금기
20151112,황색의 필름 코팅된 원형정제 ,01140,해열.진통.소염제,대우제약(주),전문의약품,필름코팅정,D000280,Talniflumate,Talniflumate(탈니플루메이트),탈니플루메이트,탈멘정(탈니플루메이트),19941007,199400570,[M081412]탈니플루메이트,,단일,20140109,소아 용량이 설정되어 있지 않음,,특정연령대금기
20181205,주황색의 원형 필름코팅정제,01140,해열.진통.소염제,태극제약(주),전문의약품,필름코팅정,D000280,Talniflumate,Talniflumate(탈니플루메이트),탈니플루메이트,탈루메트정(탈니플루메이트),19941014,199400837,[M081412]탈니플루메이트,,단일,20140109,소아 용량이 설정되어 있지 않음,,특정연령대금기
20180609,주황색 원형 필름코팅정제,01140,해열.진통.소염제,삼진제약(주),전문의약품,필름코팅정,D000280,Talniflumate,Talniflumate(탈니플루메이트),탈니플루메이트,크리마인정(탈니플루메이트),19941005,199401132,[M081412]탈니플루메이트,,단일,20140109,소아 용량이 설정되어 있지 않음,,특정연령대금기
20180609,진한 오렌지색의 원형 필름코팅 정제,01140,해열.진통.소염제,하나제약(주),전문의약품,필름코팅정,D000280,Talniflumate,Talniflumate(탈니플루메이트),탈니플루메이트,후루겐정(탈니플루메이트),19941220,199401625,[M081412]탈니플루메이트,,단일,20140109,소아 용량이 설정되어 있지 않음,,특정연령대금기
20151112,미황색의 원형 필름코팅정,01140,해열.진통.소염제,명문제약(주),전문의약품,필름코팅정,D000280,Talniflumate,Talniflumate(탈니플루메이트),탈니플루메이트,후루마정(탈니플루메이트),19940929,199401949,[M081412]탈니플루메이트,,단일,20140109,소아 용량이 설정되어 있지 않음,,특정연령대금기
20151112,백색의 원형 필름코팅정제,01140,해열.진통.소염제,(주)유영제약,전문의약품,필름코팅정,D000280,Talniflumate,Talniflumate(탈니플루메이트),탈니플루메이트,타프로스정(탈니플루메이트),19940916,199401998,[M081412]탈니플루메이트/[M081412]탈니플루메이트,,단일,20140109,소아 용량이 설정되어 있지 않음,,특정연령대금기
20151112,황색의 필름 코팅된 원형정제,01140,해열.진통.소염제,아주약품(주),전문의약품,필름코팅정,D000280,Talniflumate,Talniflumate(탈니플루메이트),탈니플루메이트,탈로신정(탈니플루메이트),19950107,199500549,[M081412]탈니플루메이트,,단일,20140109,소아 용량이 설정되어 있지 않음,,특정연령대금기
20191001,주황색의 원형 필름코팅정,01140,해열.진통.소염제,알리코제약(주),전문의약품,필름코팅정,D000280,Talniflumate,Talniflumate(탈니플루메이트),탈니플루메이트,메이트정(탈니플루메이트),19951121,199500646,[M081412]탈니플루메이트,,단일,20140109,소아 용량이 설정되어 있지 않음,,특정연령대금기
20151112,미황색의 원형 필름코팅정제,01140,해열.진통.소염제,신일제약(주),전문의약품,필름코팅정,D000280,Talniflumate,Talniflumate(탈니플루메이트),탈니플루메이트,신일탈니플루메이트정,19950819,199501941,[M081412]탈니플루메이트,,단일,20140109,소아 용량이 설정되어 있지 않음,,특정연령대금기
20131014,"백색의 분말이 들어있는 상, 하부 백색의 경질캅셀제",01140,해열.진통.소염제,한국코러스(주),전문의약품,"경질캡슐제, 산제",D000816,Pyrazinobutazone,Pyrazinobutazone(피라지노부타존),피라지노부타존,파라지부존캅셀(피라지노부타존)(수출용),19951006,199502844,[M081982]피라지노부타존,,단일,20140109,_,,특정연령대금기
20151112,미황색의 원형필름코팅정제,01140,해열.진통.소염제,한국코러스(주),전문의약품,필름코팅정,D000280,Talniflumate,Talniflumate(탈니플루메이트),탈니플루메이트,"타니메이트정(탈니플루메이트)(수출명:TamateTab, Tanipain Tab.)(수출용)",19951012,199502847,[M081412]탈니플루메이트,,단일,20140109,소아 용량이 설정되어 있지 않음,,특정연령대금기
20151112,황색의 원형 필름코팅정,01140,해열.진통.소염제,신풍제약(주),전문의약품,필름코팅정,D000280,Talniflumate,Talniflumate(탈니플루메이트),탈니플루메이트,스토펜정(탈니플루메이트),19960205,199600038,[M081412]탈니플루메이트,,단일,20140109,소아 용량이 설정되어 있지 않음,,특정연령대금기
20151112,황색의 장방형 필름코팅정,01140,해열.진통.소염제,(주)한국파마,전문의약품,필름코팅정,D000280,Talniflumate,Talniflumate(탈니플루메이트),탈니플루메이트,프루틴정(탈니플루메이트),19960402,199601437,[M081412]탈니플루메이트,,단일,20140109,소아 용량이 설정되어 있지 않음,,특정연령대금기
20190315,주황색의 원형 필림코팅정,01140,해열.진통.소염제,미래바이오제약(주),전문의약품,필름코팅정,D000280,Talniflumate,Talniflumate(탈니플루메이트),탈니플루메이트,솔라메트정(탈니플루메이트),19960229,199602149,[M081412]탈니플루메이트,,단일,20140109,소아 용량이 설정되어 있지 않음,,특정연령대금기
20201222,이 약은 타원형의 백색 당의정이다.,01170,정신신경용제,제일약품(주),전문의약품,당의정,D000384,Tianeptine Sodium,Tianeptine Sodium(티아넵틴나트륨),티아넵틴나트륨,스타브론정(티아넵틴나트륨),19971117,199700688,[M089308]티아넵틴나트륨,,단일,20140109,_,,특정연령대금기
20160323,주황색의 원형 필름코팅정,01140,해열.진통.소염제,(주)하원제약,전문의약품,필름코팅정,D000280,Talniflumate,Talniflumate(탈니플루메이트),탈니플루메이트,하원탈니플루메이트정,19970203,199702839,[M081412]탈니플루메이트,,단일,20140109,소아 용량이 설정되어 있지 않음,,특정연령대금기
20180723,주황색의 원형 필름코팅정,01140,해열.진통.소염제,(주)휴온스,전문의약품,필름코팅정,D000280,Talniflumate,Talniflumate(탈니플루메이트),탈니플루메이트,휴온스탈니플루메이트정,19981128,199803062,[M081412]탈니플루메이트,,단일,20140109,소아 용량이 설정되어 있지 않음,,특정연령대금기
20221011,황색의 장용성 코팅정제,06210,설화제,한림제약(주),전문의약품,장용성필름코팅정,D000727,Sulfasalazine,Sulfasalazine(설파살라진),설파살라진,조피린장용정(설파살라진),19980511,199803482,[M083653]설파살라진,,단일,20140109,- 안전성 및 유효성 미확립- 고빌리루빈혈증을 일으킬 수 있음,,특정연령대금기
20220201,일정량씩 분무되는 용기에 든 백색 또는 거의 백색에 가까운 불투명 현탁액,01320,이비과용제,한국오가논(주),전문의약품,일반현탁분무제,D000633,Mometasone Furoate Monohydrate,Mometasone Furoate Monohydrate(모메타손푸로에이트일수화물),모메타손푸로에이트일수화물,나조넥스나잘스프레이(모메타손푸로에이트),19980917,199806568,[M264264]모메타손푸로에이트일수화물,,단일,20171106,- 소아 환자에게 비강 코르티코스테로이드의 투여에 대한 임상시험에서 성장속도가 감소될 수 있다는 결과 나타남- 2세 미만에서 안전성 및 유효성 미확립,,특정연령대금기
20221011,백색의 타원형 장용성 필름코팅정제,06210,설화제,초당약품공업(주),전문의약품,장용성필름코팅정,D000727,Sulfasalazine,Sulfasalazine(설파살라진),설파살라진,사피루진이엔정500(설파살라진)(수출용),19980331,199806926,[M083653]설파살라진,,단일,20140109,- 안전성 및 유효성 미확립- 고빌리루빈혈증을 일으킬 수 있음,,특정연령대금기
20180326,흰색의 원형정제 ,02590,기타의 비뇨생식기관 및 항문용약,일동제약(주),전문의약품,나정,D000681,Terazosin Hydrochloride Hydrate,Terazosin Hydrochloride Hydrate(테라조신염산염수화물),테라조신염산염수화물,테라팜정2밀리그램(테라조신염산염수화물),19991118,199900349,[M250456]테라조신염산염수화물,,단일,20140109,안전성 및 유효성 미확립,,특정연령대금기
20210226,오렌지색의 원형 정제,02590,기타의 비뇨생식기관 및 항문용약,대원제약(주),전문의약품,나정,D000681,Terazosin Hydrochloride Hydrate,Terazosin Hydrochloride Hydrate(테라조신염산염수화물),테라조신염산염수화물,테라신정(테라조신염산염수화물),19990107,199901558,[M250456]테라조신염산염수화물,,단일,20140109,안전성 및 유효성 미확립,,특정연령대금기
20200828,백색의 원형정제,06290,기타의 화학요법제,고려제약(주),전문의약품,나정,D000380,Terbinafine Hydrochloride,Terbinafine Hydrochloride(테르비나핀염산염),테르비나핀염산염,터비나정125밀리그램(테르비나핀염산염),19990907,199902015,[M258362]테르비나핀염산염,,단일,20140109,안전성 및 유효성 미확립,,특정연령대금기
20120808,연한 분홍색의 원형정제,02590,기타의 비뇨생식기관 및 항문용약,유니메드제약(주),전문의약품,나정,D000681,Terazosin Hydrochloride Hydrate,Terazosin Hydrochloride Hydrate(테라조신염산염수화물),테라조신염산염수화물,히드린정2밀리그램(테라조신염산염수화물),19991117,199903837,[M250456]테라조신염산염수화물,,단일,20140109,안전성 및 유효성 미확립,,특정연령대금기
20140806,적색의 가루가 충진된 상하부 적색의 경질 캡슐제,03220,무기질제제,일동제약(주),일반의약품,"경질캡슐제, 산제",D000193,Sodium Ferric Gluconate Complex,Sodium Ferric Gluconate Complex(글루콘산제이철나트륨착염),글루콘산제이철나트륨착염,훼리탑캡슐(글루콘산제이철나트륨착염),20000726,200000569,[M252430]글루콘산제이철나트륨착염,,단일,20140109,_,,특정연령대금기
20060204,갈색의 바이알에 적갈색 내지 진한 갈색의 액이 충진된 액제,03220,무기질제제,일동제약(주),일반의약품,경구용액제,D000193,Sodium Ferric Gluconate Complex,Sodium Ferric Gluconate Complex(글루콘산제이철나트륨복염),글루콘산제이철나트륨복염,훼리탑액(글루콘산제이철나트륨착염)(수출용),20000726,200000570,[M089472]글루콘산제이철나트륨복염,,단일,20140109,_,,특정연령대금기
20190825,흰색 내지 미백색의 원형 정제,06290,기타의 화학요법제,대원제약(주),전문의약품,나정,D000380,Terbinafine Hydrochloride,Terbinafine Hydrochloride(테르비나핀염산염),테르비나핀염산염,미코실정(테르비나핀염산염),20000128,200001859,[M252342]테르비나핀염산염,,단일,20140109,안전성 및 유효성 미확립,,특정연령대금기
20130502,주황색의 원형정제,02590,기타의 비뇨생식기관 및 항문용약,한국유나이티드제약(주),전문의약품,나정,D000681,Terazosin Hydrochloride Hydrate,Terazosin Hydrochloride Hydrate(테라조신염산염수화물),테라조신염산염수화물,"유로트린정(테라조신염산염수화물)수출명:테라넥스정(수출명:테라넥스정,KUPTERANEXTabs.)",20001019,200001896,[M250456]테라조신염산염수화물,,단일,20140109,안전성 및 유효성 미확립,,특정연령대금기
20190905,백색의 원형 정제 ,06290,기타의 화학요법제,대우제약(주),전문의약품,나정,D000380,Terbinafine Hydrochloride,Terbinafine Hydrochloride(테르비나핀염산염),테르비나핀염산염,리메신정(테르비나핀염산염),20011106,200100713,[M245869]테르비나핀염산염,,단일,20140109,안전성 및 유효성 미확립,,특정연령대금기
20200429,  백색 내지 미백색의 원형 정제,06290,기타의 화학요법제,동화약품(주),전문의약품,나정,D000380,Terbinafine Hydrochloride,Terbinafine Hydrochloride(테르비나핀염산염),테르비나핀염산염,티비에프정125밀리그램(테르비나핀염산염),20010515,200100779,[M245869]테르비나핀염산염,,단일,20140109,안전성 및 유효성 미확립,,특정연령대금기
20191014,흰색의 원형정제,06290,기타의 화학요법제,환인제약(주),전문의약품,나정,D000380,Terbinafine Hydrochloride,Terbinafine Hydrochloride(테르비나핀염산염),테르비나핀염산염,라피덤정(테르비나핀염산염),20010322,200101103,[M245869]테르비나핀염산염,,단일,20140109,안전성 및 유효성 미확립,,특정연령대금기
20190308,원형의 황색 필름코팅정제,01140,해열.진통.소염제,한국유니온제약(주),전문의약품,필름코팅정,D000280,Talniflumate,Talniflumate(탈니플루메이트),탈니플루메이트,유니온탈니플루메이트정,20010926,200101428,[M081412]탈니플루메이트,,단일,20140109,소아 용량이 설정되어 있지 않음,,특정연령대금기
20191205,흰색-미황색의 원형 정제 ,06290,기타의 화학요법제,경동제약(주),전문의약품,나정,D000380,Terbinafine Hydrochloride,Terbinafine Hydrochloride(테르비나핀염산염),테르비나핀염산염,터빈정(테르비나핀염산염),20010615,200102268,[M252342]테르비나핀염산염,,단일,20140109,안전성 및 유효성 미확립,,특정연령대금기
20200205,흰색의 원형정제,06290,기타의 화학요법제,제이더블유신약(주),전문의약품,나정,D000380,Terbinafine Hydrochloride,Terbinafine Hydrochloride(테르비나핀염산염),테르비나핀염산염,나무졸정(테르비나핀염산염),20010110,200102644,[M245869]테르비나핀염산염,,단일,20140109,안전성 및 유효성 미확립,,특정연령대금기
20130213,흰색의 원형 정제,02590,기타의 비뇨생식기관 및 항문용약,(주)하원제약,전문의약품,나정,D000681,Terazosin Hydrochloride Hydrate,Terazosin Hydrochloride Hydrate(테라조신염산염수화물),테라조신염산염수화물,테로스정2밀리그램(테라조신염산염수화물),20011008,200102845,[M250456]테라조신염산염수화물,,단일,20140109,안전성 및 유효성 미확립,,특정연령대금기
20191001,백색 내지 미황색의 원형 정제 ,06290,기타의 화학요법제,(주)하원제약,전문의약품,나정,D000380,Terbinafine Hydrochloride,Terbinafine Hydrochloride(테르비나핀염산염),테르비나핀염산염,레스포정(테르비나핀염산염),20010924,200102846,[M245869]테르비나핀염산염,,단일,20140109,안전성 및 유효성 미확립,,특정연령대금기
20250115,"""C20""이 음각된 노란색의 아몬드 모양 필름코팅정제",02590,기타의 비뇨생식기관 및 항문용약,한국릴리(유),전문의약품,필름코팅정,D000181,Tadalafil,Tadalafil(타다라필),타다라필,시알리스정20밀리그램(타다라필),20011031,200108678,[M095435]타다라필,,단일,20140109,_,,특정연령대금기
20170523,흰색의 원형 정제,02590,기타의 비뇨생식기관 및 항문용약,신풍제약(주),전문의약품,나정,D000681,Terazosin Hydrochloride Hydrate,Terazosin Hydrochloride Hydrate(테라조신염산염수화물),테라조신염산염수화물,비판티정2mg(테라조신염산염수화물),20020429,200200074,[M250456]테라조신염산염수화물,,단일,20140109,안전성 및 유효성 미확립,,특정연령대금기
20190409,연한 주황색 내지 황색의 원형 정제 ,02590,기타의 비뇨생식기관 및 항문용약,한국유니온제약(주),전문의약품,나정,D000681,Terazosin Hydrochloride Hydrate,Terazosin Hydrochloride Hydrate(테라조신염산염수화물),테라조신염산염수화물,유니트린정2밀리그램(테라조신염산염수화물) ,20020522,200201339,[M250456]테라조신염산염수화물,,단일,20140109,안전성 및 유효성 미확립,,특정연령대금기
20180618,주황색의 원형 필름코팅정,01140,해열.진통.소염제,위더스제약(주),전문의약품,필름코팅정,D000280,Talniflumate,Talniflumate(탈니플루메이트),탈니플루메이트,탈푸린정(탈니플루메이트),20020319,200202362,[M081412]탈니플루메이트,,단일,20140109,소아 용량이 설정되어 있지 않음,,특정연령대금기
20210125,무색투명한 액이 충진된 주사침이 없는 프리필드펜 주입기,02430,"갑상선, 부갑상선호르몬제",한국릴리(유),전문의약품,용액주사제,D000484,"Teriparatide (rDNA, Host:E.coli K12RQ228, Vector:pHMM193)","Teriparatide (rDNA, Host:E.coli K12RQ228, Vector:pHMM193)(테리파라타이드(유전자재조합)(숙주:E.coli K12RQ228, 벡터:pHMM193))","테리파라타이드(유전자재조합)(숙주:E.coli K12RQ228, 벡터:pHMM193)",포스테오주(테리파라타이드),20020712,200209623,"[M255493]테리파라타이드(유전자재조합)(숙주:E.coli K12RQ228, 벡터:pHMM193)",,단일,20140109,- 안전성 및 유효성 미확립- 일반적으로 골육종 발현 위험이 높을 수 있음,,특정연령대금기
20201207,백색 내지 미백색의 원형 정제,06290,기타의 화학요법제,(주)유한양행,전문의약품,나정,D000380,Terbinafine Hydrochloride,Terbinafine Hydrochloride(테르비나핀염산염),테르비나핀염산염,큐라실정125밀리그램(테르비나핀염산염),20030909,200300413,[M245869]테르비나핀염산염,,단일,20140109,안전성 및 유효성 미확립,,특정연령대금기
20200525,연한 주황색의 원형정제,02590,기타의 비뇨생식기관 및 항문용약,동화약품(주),전문의약품,나정,D000681,Terazosin Hydrochloride Hydrate,Terazosin Hydrochloride Hydrate(테라조신염산염수화물),테라조신염산염수화물,티지씨정2밀리그램(테라조신염산염수화물),20030712,200300567,[M250456]테라조신염산염수화물,,단일,20140109,안전성 및 유효성 미확립,,특정연령대금기
20200601,연한 주황색의 원형 정제,02590,기타의 비뇨생식기관 및 항문용약,아주약품(주),전문의약품,나정,D000681,Terazosin Hydrochloride Hydrate,Terazosin Hydrochloride Hydrate(테라조신염산염수화물),테라조신염산염수화물,테라졸정2밀리그램(테라조신염산염수화물),20031016,200300708,[M250456]테라조신염산염수화물,,단일,20140109,안전성 및 유효성 미확립,,특정연령대금기
20200731,흰색의 원형 정제,06290,기타의 화학요법제,(주)동구바이오제약,전문의약품,나정,D000380,Terbinafine Hydrochloride,Terbinafine Hydrochloride(테르비나핀염산염),테르비나핀염산염,라모난정(테르비나핀염산염),20030819,200301101,[M245869]테르비나핀염산염,,단일,20140109,안전성 및 유효성 미확립,,특정연령대금기
20210215,연한 오렌지색의 원형 정제                                                                               ,02590,기타의 비뇨생식기관 및 항문용약,(주)동구바이오제약,전문의약품,나정,D000681,Terazosin Hydrochloride Hydrate,Terazosin Hydrochloride Hydrate(테라조신염산염수화물),테라조신염산염수화물,푸로조신정2밀리그램(테라조신염산염수화물),20030328,200301107,[M250456]테라조신염산염수화물,,단일,20140109,안전성 및 유효성 미확립,,특정연령대금기
20111128,연한 주황색의 원형 정제,02590,기타의 비뇨생식기관 및 항문용약,한미약품(주),전문의약품,나정,D000681,Terazosin Hydrochloride Hydrate,Terazosin Hydrochloride Hydrate(테라조신염산염수화물),테라조신염산염수화물,한미염산테라조신정2밀리그램,20031023,200301836,[M250456]테라조신염산염수화물,,단일,20140109,안전성 및 유효성 미확립,,특정연령대금기
20250115,"""C10""이 음각된 노란색의 아몬드 모양 필름코팅정제",02590,기타의 비뇨생식기관 및 항문용약,한국릴리(유),전문의약품,필름코팅정,D000181,Tadalafil,Tadalafil(타다라필),타다라필,시알리스정10밀리그램(타다라필),20030729,200307768,[M095435]타다라필,,단일,20140109,_,,특정연령대금기
20200205,흰색 내지 연한 노란색의 원형 정제,06290,기타의 화학요법제,한국노바티스(주),전문의약품,나정,D000380,Terbinafine Hydrochloride,Terbinafine Hydrochloride(테르비나핀염산염),테르비나핀염산염,라미실정125밀리그램(테르비나핀염산염),20030303,200307812,[M245869]테르비나핀염산염,,단일,20140109,안전성 및 유효성 미확립,,특정연령대금기
20191106,백색 내지 미백색의 원형 정제,06290,기타의 화학요법제,한올바이오파마(주),전문의약품,나정,D000380,Terbinafine Hydrochloride,Terbinafine Hydrochloride(테르비나핀염산염),테르비나핀염산염,테나빈정(테르비나핀염산염),20030714,200308832,[M245869]테르비나핀염산염,,단일,20140109,안전성 및 유효성 미확립,,특정연령대금기
20130227,연한주황색의  원형정제,02590,기타의 비뇨생식기관 및 항문용약,(주)일화,전문의약품,나정,D000681,Terazosin Hydrochloride Hydrate,Terazosin Hydrochloride Hydrate(테라조신염산염수화물),테라조신염산염수화물,바소조신정2밀리그람(테라조신염산염수화물),20040804,200400798,[M250456]테라조신염산염수화물,,단일,20140109,안전성 및 유효성 미확립,,특정연령대금기
20200901,백색의 원형 정제,06290,기타의 화학요법제,(주)일화,전문의약품,나정,D000380,Terbinafine Hydrochloride,Terbinafine Hydrochloride(테르비나핀염산염),테르비나핀염산염,테바핀정(테르비나핀염산염),20040914,200400802,[M245869]테르비나핀염산염,,단일,20140109,안전성 및 유효성 미확립,,특정연령대금기
20180801,주황색의 원형 필름코팅정,01140,해열.진통.소염제,(주)일화,전문의약품,필름코팅정,D000280,Talniflumate,Talniflumate(탈니플루메이트),탈니플루메이트,타리마겐정(탈니플루메이트),20040629,200400816,[M081412]탈니플루메이트,,단일,20140109,소아 용량이 설정되어 있지 않음,,특정연령대금기
20120321,흰색의 원형 정제,02590,기타의 비뇨생식기관 및 항문용약,(주)에이프로젠바이오로직스,전문의약품,나정,D000681,Terazosin Hydrochloride Hydrate,Terazosin Hydrochloride Hydrate(테라조신염산염수화물),테라조신염산염수화물,테라딘정(테라조신염산염수화물),20040219,200400946,[M250456]테라조신염산염수화물,,단일,20140109,안전성 및 유효성 미확립,,특정연령대금기
20191114,흰색의 원형정제,06290,기타의 화학요법제,태극제약(주),전문의약품,나정,D000380,Terbinafine Hydrochloride,Terbinafine Hydrochloride(테르비나핀염산염),테르비나핀염산염,태극테르비나핀염산염정,20040503,200401144,[M252342]테르비나핀염산염,,단일,20140109,안전성 및 유효성 미확립,,특정연령대금기
20201218,흰색 내지 미백색의 원형 정제,06290,기타의 화학요법제,(주)메디카코리아,전문의약품,나정,D000380,Terbinafine Hydrochloride,Terbinafine Hydrochloride(테르비나핀염산염),테르비나핀염산염,센토스정(테르비나핀염산염),20041125,200401370,[M252342]테르비나핀염산염,,단일,20140109,안전성 및 유효성 미확립,,특정연령대금기
20171109,황색의 원형 필름코팅정,01140,해열.진통.소염제,(주)동구바이오제약,전문의약품,필름코팅정,D000280,Talniflumate,Talniflumate(탈니플루메이트),탈니플루메이트,리메이트정(탈니플루메이트),20040511,200401478,[M081412]탈니플루메이트,,단일,20140109,소아 용량이 설정되어 있지 않음,,특정연령대금기
20190904,흰색 내지 거의 미색의 원형 정제,06290,기타의 화학요법제,(주)오스코리아제약,전문의약품,나정,D000380,Terbinafine Hydrochloride,Terbinafine Hydrochloride(테르비나핀염산염),테르비나핀염산염,테비실정(테르비나핀염산염),20041120,200401589,[M245869]테르비나핀염산염,,단일,20140109,안전성 및 유효성 미확립,,특정연령대금기
20190825,흰색의 원형정제,06290,기타의 화학요법제,(주)한국파마,전문의약품,나정,D000380,Terbinafine Hydrochloride,Terbinafine Hydrochloride(테르비나핀염산염),테르비나핀염산염,테르졸정(테르비나핀염산염),20040529,200401720,[M252342]테르비나핀염산염,,단일,20140109,안전성 및 유효성 미확립,,특정연령대금기
20180711,주황색의 원형 필름코팅정,01140,해열.진통.소염제,(주)테라젠이텍스,전문의약품,필름코팅정,D000280,Talniflumate,Talniflumate(탈니플루메이트),탈니플루메이트,타말겐정(탈니플루메이트),20040518,200402408,[M081412]탈니플루메이트,,단일,20140109,소아 용량이 설정되어 있지 않음,,특정연령대금기
20191031,흰색 내지 거의 미색의 원형정제,06290,기타의 화학요법제,위더스제약(주),전문의약품,나정,D000380,Terbinafine Hydrochloride,Terbinafine Hydrochloride(테르비나핀염산염),테르비나핀염산염,테르나정(테르비나핀염산염),20041119,200402824,[M245869]테르비나핀염산염,,단일,20140109,안전성 및 유효성 미확립,,특정연령대금기
20210304,옅은 오렌지색 내지 황색의 원형정제,02590,기타의 비뇨생식기관 및 항문용약,영풍제약(주),전문의약품,나정,D000681,Terazosin Hydrochloride Dihydrate,Terazosin Hydrochloride Dihydrate(테라조신염산염수화물(이수화물)),테라조신염산염수화물(이수화물),하이조신정2mg(테라조신염산염수화물),20040930,200402943,[M256626]테라조신염산염수화물(이수화물),,단일,20140109,안전성 및 유효성 미확립,,특정연령대금기
20221011,황색～황갈색 타원형의 장용성 필름코팅 정제,06210,설화제,(주)유영제약,전문의약품,장용성필름코팅정,D000727,Sulfasalazine,Sulfasalazine(설파살라진),설파살라진,아자설판장용정500밀리그램(설파살라진(살라조설파피리딘))(수출용),20041230,200403301,[M083653]설파살라진,,단일,20140109,- 안전성 및 유효성 미확립- 고빌리루빈혈증을 일으킬 수 있음,,특정연령대금기
20200429,흰색의 원형 정제,06290,기타의 화학요법제,에스에스팜(주),전문의약품,나정,D000380,Terbinafine Hydrochloride,Terbinafine Hydrochloride(테르비나핀염산염),테르비나핀염산염,텔비나정(테르비나핀염산염),20040331,200403309,[M245869]테르비나핀염산염,,단일,20140109,안전성 및 유효성 미확립,,특정연령대금기
20201027,연한 주황색의 원형정제,02590,기타의 비뇨생식기관 및 항문용약,알보젠코리아(주),전문의약품,나정,D000681,Terazosin Hydrochloride Hydrate,Terazosin Hydrochloride Hydrate(테라조신염산염수화물),테라조신염산염수화물,트라신정(테라조신염산염수화물),20040618,200403335,[M250456]테라조신염산염수화물,,단일,20140109,안전성 및 유효성 미확립,,특정연령대금기
20200120,흰색 내지 미황색의 원형 정제,06290,기타의 화학요법제,삼익제약(주),전문의약품,나정,D000380,Terbinafine Hydrochloride,Terbinafine Hydrochloride(테르비나핀염산염),테르비나핀염산염,테미실정(테르비나핀염산염),20041116,200403413,[M245869]테르비나핀염산염,,단일,20140109,안전성 및 유효성 미확립,,특정연령대금기
20140522,흰색의 원형 정제,02590,기타의 비뇨생식기관 및 항문용약,대한뉴팜(주),전문의약품,나정,D000681,Terazosin Hydrochloride Hydrate,Terazosin Hydrochloride Hydrate(테라조신염산염수화물),테라조신염산염수화물,테트린정2밀리그램(테라조신염산염수화물),20040219,200403847,[M250456]테라조신염산염수화물,,단일,20140109,안전성 및 유효성 미확립,,특정연령대금기
20151112,주황색의 원형 필름코팅정,01140,해열.진통.소염제,(주)넥스팜코리아,전문의약품,필름코팅정,D000280,Talniflumate,Talniflumate(탈니플루메이트),탈니플루메이트,탈루메이트정(탈니플루메이트),20040611,200404214,[M081412]탈니플루메이트,,단일,20140109,소아 용량이 설정되어 있지 않음,,특정연령대금기
20130524,주황색의 원형 정제,02590,기타의 비뇨생식기관 및 항문용약,주식회사제뉴원사이언스,전문의약품,나정,D000681,Terazosin Hydrochloride Hydrate,Terazosin Hydrochloride Hydrate(테라조신염산염수화물),테라조신염산염수화물,테조신정2밀리그램(테라조신염산염수화물),20040219,200404677,[M250456]테라조신염산염수화물,,단일,20140109,안전성 및 유효성 미확립,,특정연령대금기
20210118,황색의 필름 코팅된 원형정제,01140,해열.진통.소염제,주식회사제뉴원사이언스,전문의약품,필름코팅정,D000280,Talniflumate,Talniflumate(탈니플루메이트),탈니플루메이트,제뉴원탈니플루메이트정,20040313,200404684,[M081412]탈니플루메이트,,단일,20140109,소아 용량이 설정되어 있지 않음,,특정연령대금기
20200611,흰색의 원형 정제,06290,기타의 화학요법제,주식회사제뉴원사이언스,전문의약품,나정,D000380,Terbinafine Hydrochloride,Terbinafine Hydrochloride(테르비나핀염산염),테르비나핀염산염,터나빈정(테르비나핀염산염),20040126,200404722,[M245869]테르비나핀염산염,,단일,20140109,안전성 및 유효성 미확립,,특정연령대금기
20151112,주황색의 원형 필름코팅정제,01140,해열.진통.소염제,(주)휴온스생명과학,전문의약품,필름코팅정,D000280,Talniflumate,Talniflumate(탈니플루메이트),탈니플루메이트,탈리겐정(탈니플루메이트),20040516,200404762,[M081412]탈니플루메이트/[M081412]탈니플루메이트,,단일,20140109,소아 용량이 설정되어 있지 않음,,특정연령대금기
20181107,주황색의 원형 필름코팅정,01140,해열.진통.소염제,(주)킵스바이오파마,전문의약품,필름코팅정,D000280,Talniflumate,Talniflumate(탈니플루메이트),탈니플루메이트,트리메정(탈니플루메이트),20041115,200404864,[M081412]탈니플루메이트,,단일,20140109,소아 용량이 설정되어 있지 않음,,특정연령대금기
20140414,옅은 오렌지색 내지 황색의 원형정제,02590,기타의 비뇨생식기관 및 항문용약,(주)셀릭스,전문의약품,나정,D000681,Terazosin Hydrochloride Hydrate,Terazosin Hydrochloride Hydrate(테라조신염산염수화물),테라조신염산염수화물,테라젠정2mg(테라조신염산염수화물),20040923,200411042,[M250456]테라조신염산염수화물,,단일,20140109,안전성 및 유효성 미확립,,특정연령대금기
20130619,오렌지색의 원형 정제,02590,기타의 비뇨생식기관 및 항문용약,(주)테라젠이텍스,전문의약품,나정,D000681,Terazosin Hydrochloride Hydrate,Terazosin Hydrochloride Hydrate(테라조신염산염수화물),테라조신염산염수화물,테레신정2밀리그람(테라조신염산염수화물),20040823,200411062,[M250456]테라조신염산염수화물,,단일,20140109,안전성 및 유효성 미확립,,특정연령대금기
20200109,흰색의 원형 정제,02590,기타의 비뇨생식기관 및 항문용약,구주제약(주),전문의약품,나정,D000681,Terazosin Hydrochloride Hydrate,Terazosin Hydrochloride Hydrate(테라조신염산염수화물),테라조신염산염수화물,테라메드정(테라조신염산염수화물),20040809,200411086,[M250456]테라조신염산염수화물,,단일,20140109,안전성 및 유효성 미확립,,특정연령대금기
20210701,흰색의 원형정제,06290,기타의 화학요법제,대웅바이오(주),전문의약품,나정,D000380,Terbinafine Hydrochloride,Terbinafine Hydrochloride(테르비나핀염산염),테르비나핀염산염,터비클린정(테르비나핀염산염),20050428,200500538,[M245869]테르비나핀염산염,,단일,20140109,안전성 및 유효성 미확립,,특정연령대금기
20181008,주황색의 원형 필름코팅정제,01140,해열.진통.소염제,오스틴제약(주),전문의약품,필름코팅정,D000280,Talniflumate,Talniflumate(탈니플루메이트),탈니플루메이트,플루마겐정(탈니플루메이트),20050316,200501801,[M081412]탈니플루메이트,,단일,20140109,소아 용량이 설정되어 있지 않음,,특정연령대금기
20130625,연한 오렌지색의 원형 정제,02590,기타의 비뇨생식기관 및 항문용약,(주)넥스팜코리아,전문의약품,나정,D000681,Terazosin Hydrochloride Hydrate,Terazosin Hydrochloride Hydrate(테라조신염산염수화물),테라조신염산염수화물,네오트린정(테라조신염산염수화물),20051212,200503303,[M250456]테라조신염산염수화물,,단일,20140109,안전성 및 유효성 미확립,,특정연령대금기
20240911,백색 내지 미황색의 연고,02690,기타의 외피용약,레오파마(유),전문의약품,피부연고제,D000279,Tacrolimus Hydrate,Tacrolimus Hydrate(타크로리무스 수화물),타크로리무스 수화물,프로토픽연고0.03%(타크로리무스수화물),20050531,200511278,[M227652]타크로리무스 수화물,,단일,20140109,안전성 및 유효성 미확립,,특정연령대금기
20240911,백색 내지 미황색의 연고,02690,기타의 외피용약,레오파마(유),전문의약품,피부연고제,D000279,Tacrolimus Hydrate,Tacrolimus Hydrate(타크로리무스 수화물),타크로리무스 수화물,프로토픽연고0.1%(타크로리무스수화물),20050531,200511279,[M227652]타크로리무스 수화물,,단일,20140109,안전성 및 유효성 미확립,,특정연령대금기
20170530,무색 투명한 앰플에 든 무색 투명한 주사액,03390,기타의 혈액 및 체액용약,금청약품(주),전문의약품,용액주사제,D000183,Sodium Tetradecyl Sulfate Concentrate,Sodium Tetradecyl Sulfate Concentrate(테트라데실황산나트륨콘센트레이트),테트라데실황산나트륨콘센트레이트,파이브로베인주1%(테트라데실황산나트륨콘센트레이트),20061002,200606842,[M089182]테트라데실황산나트륨콘센트레이트,,단일,20140109,_,,특정연령대금기
20170530,무색투명한 앰플에 든 무색투명한 주사액,03390,기타의 혈액 및 체액용약,금청약품(주),전문의약품,용액주사제,D000183,Sodium Tetradecyl Sulfate Concentrate,Sodium Tetradecyl Sulfate Concentrate(테트라데실황산나트륨콘센트레이트),테트라데실황산나트륨콘센트레이트,파이브로베인주3%(테트라데실황산나트륨콘센트레이트),20061002,200606843,[M089182]테트라데실황산나트륨콘센트레이트,,단일,20140109,_,,특정연령대금기
20200417,흰색 내지 미백색의 원형정제,06290,기타의 화학요법제,영일제약(주),전문의약품,나정,D000380,Terbinafine Hydrochloride,Terbinafine Hydrochloride(테르비나핀염산염),테르비나핀염산염,베라핀정(테르비나핀염산염),20060629,200607002,[M245869]테르비나핀염산염,,단일,20140109,안전성 및 유효성 미확립,,특정연령대금기
20120117,옅은 오렌지색 내지 황색의 원형정제,02590,기타의 비뇨생식기관 및 항문용약,영풍제약(주),전문의약품,나정,D000681,Terazosin Hydrochloride,Terazosin Hydrochloride(테라조신염산염),테라조신염산염,하이조신정1mg(테라조신염산염)(수출용),20061102,200608210,[M249200]테라조신염산염,,단일,20140109,안전성 및 유효성 미확립,,특정연령대금기
20170621,약간의 미황색을 띠고 한 쪽면에 ‘LDT'가 새겨져 있으며경사진 모서리를 가진 타원형 필름코팅정                                          ,03910,간장질환용제,부광약품(주),전문의약품,필름코팅정,D000184,Telbivudine,Telbivudine(텔비부딘),텔비부딘,세비보정(텔비부딘),20061127,200611515,[M210121]텔비부딘,,단일,20140109,안전성 및 유효성 미확립,,특정연령대금기
20170530,무색투명한 바이알에 든 무색투명한 주사액,03390,기타의 혈액 및 체액용약,금청약품(주),전문의약품,용액주사제,D000183,Sodium Tetradecyl Sulfate Concentrate,Sodium Tetradecyl Sulfate Concentrate(테트라데실황산나트륨콘센트레이트),테트라데실황산나트륨콘센트레이트,파이브로베인주3%바이알(테트라데실황산나트륨콘센트레이트),20070321,200703316,[M089182]테트라데실황산나트륨콘센트레이트,,단일,20140109,_,,특정연령대금기
20140103,흰색의 타원형 필름코팅정,02390,기타의 소화기관용약,한국유니온제약(주),전문의약품,필름코팅정,D000425,Metoclopramide Hydrochloride Hydrate,Metoclopramide Hydrochloride Hydrate(염산메토클로프라미드),염산메토클로프라미드,메토라제정(수출용),20070503,200705123,[M050466]염산메토클로프라미드/[M050855]시메치콘/[M095620]다이제트100,[D000814]Simethicone(시메티콘)/[D000815]Dizet100(다이제트100),복합,20140109,추체외로장애 위험성 증가,,특정연령대금기
20200411,"흰색 장용성 구형과립이 들어있는 상부 청색, 하부 흰색의 경질 캡슐제",01170,정신신경용제,한국릴리(유),전문의약품,"장용성캡슐제, 펠렛",D000890,Duloxetine Hydrochloride,Duloxetine Hydrochloride(둘록세틴염산염),둘록세틴염산염,심발타캡슐30밀리그램(둘록세틴염산염),20070730,200708838,[M258603]둘록세틴염산염,,단일,20161230,소아 및 18세 미만의 청소년의 주요우울장애의 치료에는 사용해서는 안 됨.만 7세에서 17세까지의 주요우울장애 환자에서 플루옥세틴 군보다 이상사례(주로 오심)로 인한 중단 및 자살행동 높음.,"다만, '주요 우울장애의 치료'에 한함",특정연령대금기
20200411,"흰색 장용성 구형과립이 들어있는 상부 청색, 하부 노란 연두색의 경질 캡슐제",01170,정신신경용제,한국릴리(유),전문의약품,"장용성캡슐제, 펠렛",D000890,Duloxetine Hydrochloride,Duloxetine Hydrochloride(둘록세틴염산염),둘록세틴염산염,심발타캡슐60밀리그램(둘록세틴염산염),20070730,200708839,[M258603]둘록세틴염산염,,단일,20161230,소아 및 18세 미만의 청소년의 주요우울장애의 치료에는 사용해서는 안 됨.만 7세에서 17세까지의 주요우울장애 환자에서 플루옥세틴 군보다 이상사례(주로 오심)로 인한 중단 및 자살행동 높음.,"다만, '주요 우울장애의 치료'에 한함",특정연령대금기
20190130,주황색의 원형 필름코팅정,01140,해열.진통.소염제,대웅바이오(주),전문의약품,필름코팅정,D000280,Talniflumate,Talniflumate(탈니플루메이트),탈니플루메이트,베아겐정(탈니플루메이트),20080226,200802218,[M081412]탈니플루메이트,,단일,20140109,소아 용량이 설정되어 있지 않음,,특정연령대금기
20200518,흰색 내지 거의 미색의 원형 정제,06290,기타의 화학요법제,(주)킵스바이오파마,전문의약품,나정,D000380,Terbinafine Hydrochloride,Terbinafine Hydrochloride(테르비나핀염산염),테르비나핀염산염,라미틴정(테르비나핀염산염),20080611,200806414,[M245869]테르비나핀염산염,,단일,20140109,안전성 및 유효성 미확립,,특정연령대금기
20250115,"""C5""가 음각된 연한 노란색의 아몬드 모양 필름코팅정제",02590,기타의 비뇨생식기관 및 항문용약,한국릴리(유),전문의약품,필름코팅정,D000181,Tadalafil,Tadalafil(타다라필),타다라필,시알리스정5밀리그램(타다라필),20080627,200807091,[M095435]타다라필,,단일,20140109,_,,특정연령대금기
20210207,일정량씩 분무되는 플라스틱 용기에 든 흰색을 띠는 반투명한 액,01320,이비과용제,삼일제약(주),전문의약품,일반현탁분무제,D000633,Mometasone Furoate,Mometasone Furoate(모메타손푸로에이트),모메타손푸로에이트,라이넥스나잘스프레이(모메타손푸로에이트),20081204,200811429,[M070188]모메타손푸로에이트,,단일,20171106,- 소아 환자에게 비강 코르티코스테로이드의 투여에 대한 임상시험에서 성장속도가 감소될 수 있다는 결과 나타남- 2세 미만에서 안전성 및 유효성 미확립,,특정연령대금기
20211224,흰색 또는 연한 노란색의 크림제,02630,화농성질환용제,태극제약(주),전문의약품,피부크림제,D000446,Silver Sulfadiazine,Silver Sulfadiazine(설파디아진은),설파디아진은,실버케어크림(설파디아진은),20090608,200903988,[M050775]설파디아진은,,단일,20140109,"- 안전성 및 유효성이 미확립- 미숙아, 신생아(생후 2개월이내)는 핵황달을 일으킬 가능성 증가",,특정연령대금기
20210207,일정량씩 분무되는 용기에 든 흰색 또는 거의 흰색에 가까운 불투명한 현탁액,01320,이비과용제,대한뉴팜(주),전문의약품,일반현탁분무제,D000633,Mometasone Furoate,Mometasone Furoate(모메타손푸로에이트),모메타손푸로에이트,모메탈나잘스프레이(모메타손푸로에이트),20100430,201003170,[M070188]모메타손푸로에이트,,단일,20171106,- 소아 환자에게 비강 코르티코스테로이드의 투여에 대한 임상시험에서 성장속도가 감소될 수 있다는 결과 나타남- 2세 미만에서 안전성 및 유효성 미확립,,특정연령대금기
20210207,흰색 또는 거의 흰색에 가까운 불투명한 현탁액이 일정량씩 분무되는 용기에 든 비강분무액,01320,이비과용제,일동제약(주),전문의약품,일반현탁분무제,D000633,Mometasone Furoate,Mometasone Furoate(모메타손푸로에이트),모메타손푸로에이트,모니타존나잘스프레이(모메타손푸로에이트(미분화)),20100430,201003171,[M281840]모메타손푸로에이트(미분화)/[M070188]모메타손푸로에이트,,단일,20171106,- 소아 환자에게 비강 코르티코스테로이드의 투여에 대한 임상시험에서 성장속도가 감소될 수 있다는 결과 나타남- 2세 미만에서 안전성 및 유효성 미확립,,특정연령대금기
20210207,이 약은 흰색 또는 거의 흰색에 가까운 불투명한 현탁액이다.,01320,이비과용제,(주)대웅제약,전문의약품,일반현탁분무제,D000633,Mometasone Furoate,Mometasone Furoate(모메타손푸로에이트),모메타손푸로에이트,나조메가나잘스프레이(모메타손푸로에이트),20100430,201003172,[M070188]모메타손푸로에이트,,단일,20171106,- 소아 환자에게 비강 코르티코스테로이드의 투여에 대한 임상시험에서 성장속도가 감소될 수 있다는 결과 나타남- 2세 미만에서 안전성 및 유효성 미확립,,특정연령대금기
20210207,일정량씩 분무되는 용기에 든 흰색 또는 거의 흰색에 가까운 불투명 현탁액,01320,이비과용제,아주약품(주),전문의약품,일반현탁분무제,D000633,Mometasone Furoate,Mometasone Furoate(모메타손푸로에이트),모메타손푸로에이트,코비잘나잘스프레이(모메타손푸로에이트),20100430,201003228,[M070188]모메타손푸로에이트,,단일,20171106,- 소아 환자에게 비강 코르티코스테로이드의 투여에 대한 임상시험에서 성장속도가 감소될 수 있다는 결과 나타남- 2세 미만에서 안전성 및 유효성 미확립,,특정연령대금기
20210207,일정량씩 분무되는 용기에 든 흰색 또는 거의 흰색에 가까운 불투명한 현탁액,01320,이비과용제,삼천당제약(주),전문의약품,정량현탁분무제,D000633,Mometasone Furoate,Mometasone Furoate(모메타손푸로에이트),모메타손푸로에이트,나리넥스점비액(모메타손푸로에이트),20100827,201005195,[M070188]모메타손푸로에이트,,단일,20171106,- 소아 환자에게 비강 코르티코스테로이드의 투여에 대한 임상시험에서 성장속도가 감소될 수 있다는 결과 나타남- 2세 미만에서 안전성 및 유효성 미확립,,특정연령대금기
20210207,일정량식 분무되는 용기에 든 흰색 또는 거의 흰색에 가까운 불투명한 현탁액,01320,이비과용제,(주)에이프로젠바이오로직스,전문의약품,정량현탁분무제,D000633,Mometasone Furoate,Mometasone Furoate(모메타손푸로에이트),모메타손푸로에이트,에이프로젠나잘스프레이(모메타손푸로에이트),20100827,201005198,[M070188]모메타손푸로에이트,,단일,20171106,- 소아 환자에게 비강 코르티코스테로이드의 투여에 대한 임상시험에서 성장속도가 감소될 수 있다는 결과 나타남- 2세 미만에서 안전성 및 유효성 미확립,,특정연령대금기
20210207,내수용 : 일정량씩 분무되는 용기에 든 흰색 또는 거의 흰색에 가까운 불투명한 현탁액수출용 : 흰색 또는 거의 흰색에 가까운 불투명한 현탁액이 일정량씩 분무되는 용기에 든 비강분무액,01320,이비과용제,대원제약(주),전문의약품,정량현탁분무제,D000633,Mometasone Furoate,Mometasone Furoate(모메타손푸로에이트),모메타손푸로에이트,네젤렉스나잘스프레이(모메타손푸로에이트),20100827,201005199,[M070188]모메타손푸로에이트/[M070188]모메타손푸로에이트,,단일,20171106,- 소아 환자에게 비강 코르티코스테로이드의 투여에 대한 임상시험에서 성장속도가 감소될 수 있다는 결과 나타남- 2세 미만에서 안전성 및 유효성 미확립,,특정연령대금기
20210207,일정량씩 분무되는 용기에 든 흰색 또는 거의 흰색에 가까운 불투명 현탁액,01320,이비과용제,동광제약(주),전문의약품,정량현탁분무제,D000633,Mometasone Furoate,Mometasone Furoate(모메타손푸로에이트),모메타손푸로에이트,나조코비나잘스프레이(모메타손푸로에이트),20100827,201005201,[M070188]모메타손푸로에이트,,단일,20171106,- 소아 환자에게 비강 코르티코스테로이드의 투여에 대한 임상시험에서 성장속도가 감소될 수 있다는 결과 나타남- 2세 미만에서 안전성 및 유효성 미확립,,특정연령대금기
20210207,일정량씩 분무되는 용기에 든 흰색 또는 거의 흰색에 가까운 불투명 현탁액,01320,이비과용제,제이더블유신약(주),전문의약품,정량현탁분무제,D000633,Mometasone Furoate,Mometasone Furoate(모메타손푸로에이트),모메타손푸로에이트,잘코넥스나잘스프레이(모메타손푸로에이트),20100827,201005202,[M070188]모메타손푸로에이트,,단일,20171106,- 소아 환자에게 비강 코르티코스테로이드의 투여에 대한 임상시험에서 성장속도가 감소될 수 있다는 결과 나타남- 2세 미만에서 안전성 및 유효성 미확립,,특정연령대금기
20210207,일정량씩 분무되는 용기에 든 흰색 또는 거의 흰색에 가까운 불투명 현탁액,01320,이비과용제,신풍제약(주),전문의약품,정량현탁분무제,D000633,Mometasone Furoate,Mometasone Furoate(모메타손푸로에이트),모메타손푸로에이트,코비넥스나잘스프레이(모메타손푸로에이트),20100827,201005203,[M070188]모메타손푸로에이트,,단일,20171106,- 소아 환자에게 비강 코르티코스테로이드의 투여에 대한 임상시험에서 성장속도가 감소될 수 있다는 결과 나타남- 2세 미만에서 안전성 및 유효성 미확립,,특정연령대금기
20210207,일정량씩 분무되는 용기에 든 흰색 또는 거의 흰색에 가까운 불투명한 현탁액,01320,이비과용제,영진약품(주),전문의약품,정량현탁분무제,D000633,Mometasone Furoate,Mometasone Furoate(모메타손푸로에이트),모메타손푸로에이트,모나손나잘스프레이(모메타손푸로에이트),20100827,201005204,[M070188]모메타손푸로에이트,,단일,20171106,- 소아 환자에게 비강 코르티코스테로이드의 투여에 대한 임상시험에서 성장속도가 감소될 수 있다는 결과 나타남- 2세 미만에서 안전성 및 유효성 미확립,,특정연령대금기
20210207,일정량씩 분무되는 용기에 든 흰색 또는 거의 흰색에 가까운 불투명 현탁액,01320,이비과용제,경동제약(주),전문의약품,정량현탁분무제,D000633,Mometasone Furoate,Mometasone Furoate(모메타손푸로에이트),모메타손푸로에이트,나코드린나잘스프레이(모메타손푸로에이트),20100830,201005216,[M070188]모메타손푸로에이트,,단일,20171106,- 소아 환자에게 비강 코르티코스테로이드의 투여에 대한 임상시험에서 성장속도가 감소될 수 있다는 결과 나타남- 2세 미만에서 안전성 및 유효성 미확립,,특정연령대금기
20210207,일정량식 분무되는 용기에 든 흰색 또는 거의 흰색에 가까운 불투명한 현탁액,01320,이비과용제,알보젠코리아(주),전문의약품,정량현탁분무제,D000633,Mometasone Furoate,Mometasone Furoate(모메타손푸로에이트),모메타손푸로에이트,나자타손나잘스프레이(모메타손푸로에이트),20100830,201005220,[M070188]모메타손푸로에이트,,단일,20171106,- 소아 환자에게 비강 코르티코스테로이드의 투여에 대한 임상시험에서 성장속도가 감소될 수 있다는 결과 나타남- 2세 미만에서 안전성 및 유효성 미확립,,특정연령대금기
20210207,일정량씩 분무되는 용기에 든 흰색 또는 거의 흰색에 가까운 불투명한 현탁액,01320,이비과용제,삼아제약(주),전문의약품,정량현탁분무제,D000633,Mometasone Furoate,Mometasone Furoate(모메타손푸로에이트),모메타손푸로에이트,리노넥스나잘스프레이(모메타손푸로에이트),20100831,201005232,[M070188]모메타손푸로에이트,,단일,20171106,- 소아 환자에게 비강 코르티코스테로이드의 투여에 대한 임상시험에서 성장속도가 감소될 수 있다는 결과 나타남- 2세 미만에서 안전성 및 유효성 미확립,,특정연령대금기
20210207,일정량씩 분무되는 용기에 든 흰색 또는 거의 흰색에 가까운 불투명 현탁액,01320,이비과용제,주식회사더유제약,전문의약품,정량현탁분무제,D000633,Mometasone Furoate,Mometasone Furoate(모메타손푸로에이트),모메타손푸로에이트,나조맥스나잘스프레이(모메타손푸로에이트),20100831,201005237,[M070188]모메타손푸로에이트,,단일,20171106,- 소아 환자에게 비강 코르티코스테로이드의 투여에 대한 임상시험에서 성장속도가 감소될 수 있다는 결과 나타남- 2세 미만에서 안전성 및 유효성 미확립,,특정연령대금기
20200207,흰색의 타원형 필름코팅정,01170,정신신경용제,(주)동구바이오제약,전문의약품,필름코팅정,D000384,Tianeptine Sodium,Tianeptine Sodium(티아넵틴나트륨),티아넵틴나트륨,스티론정(티아넵틴나트륨),20110526,201103510,[M089308]티아넵틴나트륨,,단일,20140109,_,,특정연령대금기
20200429,흰색의 타원형 필름코팅정,01170,정신신경용제,동화약품(주),전문의약품,필름코팅정,D000384,Tianeptine Sodium,Tianeptine Sodium(티아넵틴나트륨),티아넵틴나트륨,스타넵틴정(티아넵틴나트륨),20110526,201103511,[M089308]티아넵틴나트륨,,단일,20140109,_,,특정연령대금기
20200317,흰색의 타원형 필름코팅정,01170,정신신경용제,주식회사제뉴원사이언스,전문의약품,필름코팅정,D000384,Tianeptine Sodium,Tianeptine Sodium(티아넵틴나트륨),티아넵틴나트륨,케이넵틴정(티아넵틴나트륨),20110526,201103512,[M089308]티아넵틴나트륨,,단일,20140109,_,,특정연령대금기
20200429,흰색의 타원형 필름코팅정,01170,정신신경용제,하나제약(주),전문의약품,필름코팅정,D000384,Tianeptine Sodium,Tianeptine Sodium(티아넵틴나트륨),티아넵틴나트륨,티아론정(티아넵틴나트륨),20110531,201103609,[M089308]티아넵틴나트륨,,단일,20140109,_,,특정연령대금기
20200207,흰색의 타원형 당의정,01170,정신신경용제,(주)팜젠사이언스,전문의약품,당의정,D000384,Tianeptine Sodium,Tianeptine Sodium(티아넵틴나트륨),티아넵틴나트륨,티아스틴정(티아넵틴나트륨),20110531,201103610,[M089308]티아넵틴나트륨,,단일,20140109,_,,특정연령대금기
20200207,흰색의 타원형 필름코팅정,01170,정신신경용제,동국제약(주),전문의약품,필름코팅정,D000384,Tianeptine Sodium,Tianeptine Sodium(티아넵틴나트륨),티아넵틴나트륨,디프론정(티아넵틴나트륨),20110531,201103615,[M089308]티아넵틴나트륨,,단일,20140109,_,,특정연령대금기
20210207,일정량씩 분무되는 용기에 든 흰색 또는 거의 흰색에 가까운 불투명한 현탁액,01320,이비과용제,유니메드제약(주),전문의약품,일반현탁분무제,D000633,Mometasone Furoate,Mometasone Furoate(모메타손푸로에이트),모메타손푸로에이트,알러나잘스프레이(모메타손푸로에이트),20110614,201103809,[M070188]모메타손푸로에이트,,단일,20171106,- 소아 환자에게 비강 코르티코스테로이드의 투여에 대한 임상시험에서 성장속도가 감소될 수 있다는 결과 나타남- 2세 미만에서 안전성 및 유효성 미확립,,특정연령대금기
20210207,일정량씩 분무되는 용기에 든 흰색 또는 거의 흰색에 가까운 불투명한 현탁액,01320,이비과용제,한국프라임제약(주),전문의약품,정량현탁분무제,D000633,Mometasone Furoate,Mometasone Furoate(모메타손푸로에이트),모메타손푸로에이트,비코넥스나잘스프레이(모메타손푸로에이트),20110615,201103816,[M070188]모메타손푸로에이트,,단일,20171106,- 소아 환자에게 비강 코르티코스테로이드의 투여에 대한 임상시험에서 성장속도가 감소될 수 있다는 결과 나타남- 2세 미만에서 안전성 및 유효성 미확립,,특정연령대금기
20210207,일정량씩 분무되는 용기에 든 흰색 또는 거의 흰색에 가까운 불투명한 현탁액,01320,이비과용제,한미약품(주),전문의약품,정량현탁분무제,D000633,Mometasone Furoate,Mometasone Furoate(모메타손푸로에이트),모메타손푸로에이트,모테손나잘스프레이(모메타손푸로에이트),20110617,201103864,[M070188]모메타손푸로에이트,,단일,20171106,- 소아 환자에게 비강 코르티코스테로이드의 투여에 대한 임상시험에서 성장속도가 감소될 수 있다는 결과 나타남- 2세 미만에서 안전성 및 유효성 미확립,,특정연령대금기
20200619,흰색의 타원형 당의정,01170,정신신경용제,한미약품(주),전문의약품,당의정,D000384,Tianeptine Sodium,Tianeptine Sodium(티아넵틴나트륨),티아넵틴나트륨,넵틴정12.5밀리그램(티아넵틴나트륨),20110727,201104725,[M089308]티아넵틴나트륨,,단일,20140109,_,,특정연령대금기
20201207,흰색의 타원형 당의정,01170,정신신경용제,(주)한국파마,전문의약품,당의정,D000384,Tianeptine Sodium,Tianeptine Sodium(티아넵틴나트륨),티아넵틴나트륨,스티아론정(티아넵틴나트륨),20110727,201104726,[M089308]티아넵틴나트륨,,단일,20140109,_,,특정연령대금기
20200207,흰색의 타원형 필름코팅정,01170,정신신경용제,아주약품(주),전문의약품,필름코팅정,D000384,Tianeptine Sodium,Tianeptine Sodium(티아넵틴나트륨),티아넵틴나트륨,아주브론정12.5밀리그램(티아넵틴나트륨),20110728,201104755,[M089308]티아넵틴나트륨,,단일,20140109,_,,특정연령대금기
20221011,황색~황갈색 원형의 장용성 필름코팅정,06210,설화제,(주)유영제약,전문의약품,장용성필름코팅정,D000727,Sulfasalazine,Sulfasalazine(설파살라진),설파살라진,아자설판장용정250밀리그램(설파살라진)(수출용),20111122,201110251,[M083653]설파살라진,,단일,20140109,- 안전성 및 유효성 미확립- 고빌리루빈혈증을 일으킬 수 있음,,특정연령대금기
20210310,푸른색의 약간 둥근 물방울형 필름코팅정,02590,기타의 비뇨생식기관 및 항문용약,(주)비씨월드제약,전문의약품,필름코팅정,D000246,Sildenafil Citrate,Sildenafil Citrate(실데나필시트르산염),실데나필시트르산염,실비에정100밀리그램(실데나필시트르산염),20120503,201203788,[M252789]실데나필시트르산염,,단일,20140109,_,,특정연령대금기
20200901,푸른색의 약간 둥근 물방울형 필름코팅정,02590,기타의 비뇨생식기관 및 항문용약,(주)비씨월드제약,전문의약품,필름코팅정,D000246,Sildenafil Citrate,Sildenafil Citrate(실데나필시트르산염),실데나필시트르산염,실비에정50밀리그램(실데나필시트르산염)(수출용),20120503,201203789,[M252789]실데나필시트르산염,,단일,20140109,_,,특정연령대금기
20210310,푸른색의 약간 둥근 물방울형 필름코팅정,02590,기타의 비뇨생식기관 및 항문용약,국제약품(주),전문의약품,필름코팅정,D000246,Sildenafil Citrate,Sildenafil Citrate(실데나필시트르산염),실데나필시트르산염,맥시그라정100밀리그램(실데나필시트르산염),20120509,201204544,[M252789]실데나필시트르산염,,단일,20140109,_,,특정연령대금기
20170909,푸른색의 약간 둥근 물방울형 필름코팅정,02590,기타의 비뇨생식기관 및 항문용약,일양약품(주),전문의약품,필름코팅정,D000246,Sildenafil Citrate,Sildenafil Citrate(실데나필시트르산염),실데나필시트르산염,일양실데나필정50밀리그램(실데나필시트르산염),20120509,201204549,[M252789]실데나필시트르산염,,단일,20140109,_,,특정연령대금기
20210813,푸른색의 약간 둥근 물방울형 필름코팅정,02590,기타의 비뇨생식기관 및 항문용약,일양약품(주),전문의약품,필름코팅정,D000246,Sildenafil Citrate,Sildenafil Citrate(실데나필시트르산염),실데나필시트르산염,일양실데나필정100밀리그램,20120509,201204550,[M252789]실데나필시트르산염,,단일,20140109,_,,특정연령대금기
20170909,직사각형의 연한 분홍색 구강붕해필름,02590,기타의 비뇨생식기관 및 항문용약,(주)서울제약,전문의약품,구강붕해필름,D000246,Sildenafil Citrate,Sildenafil Citrate(실데나필시트르산염),실데나필시트르산염,비아그라엘구강붕해필름100밀리그램(실데나필시트르산염),20120511,201204602,[M252789]실데나필시트르산염,,단일,20140109,_,,특정연령대금기
20170909,직사각형의 연한 파란색 구강붕해필름,02590,기타의 비뇨생식기관 및 항문용약,(주)서울제약,전문의약품,구강붕해필름,D000246,Sildenafil Citrate,Sildenafil Citrate(실데나필시트르산염),실데나필시트르산염,비아그라엘구강붕해필름50밀리그램(실데나필시트르산염),20120511,201204603,[M252789]실데나필시트르산염,,단일,20140109,_,,특정연령대금기
20170909,육각형의 푸른색 필름코팅정,02590,기타의 비뇨생식기관 및 항문용약,환인제약(주),전문의약품,필름코팅정,D000246,Sildenafil Citrate,Sildenafil Citrate(실데나필시트르산염),실데나필시트르산염,이레나필정100밀리그램(실데나필시트르산염),20120523,201204970,[M252789]실데나필시트르산염,,단일,20140109,_,,특정연령대금기
20170909,육각형의 푸른색 필름코팅정,02590,기타의 비뇨생식기관 및 항문용약,대원제약(주),전문의약품,필름코팅정,D000246,Sildenafil Citrate,Sildenafil Citrate(실데나필시트르산염),실데나필시트르산염,아그나필정100mg(실데나필시트르산염),20120523,201204971,[M252789]실데나필시트르산염,,단일,20140109,_,,특정연령대금기
20170909,육각형의 푸른색 필름코팅정,02590,기타의 비뇨생식기관 및 항문용약,아주약품(주),전문의약품,필름코팅정,D000246,Sildenafil Citrate,Sildenafil Citrate(실데나필시트르산염),실데나필시트르산염,비아맥스정100밀리그램(실데나필시트르산염),20120523,201204975,[M252789]실데나필시트르산염,,단일,20140109,_,,특정연령대금기
20170909,타원형의 파란색 필름코팅정,02590,기타의 비뇨생식기관 및 항문용약,삼진제약(주),전문의약품,필름코팅정,D000246,Sildenafil Citrate,Sildenafil Citrate(실데나필시트르산염),실데나필시트르산염,해피그라정100밀리그램(실데나필시트르산염),20120523,201205036,[M252789]실데나필시트르산염,,단일,20140109,_,,특정연령대금기
20170909,타원형의 파란색 필름코팅정,02590,기타의 비뇨생식기관 및 항문용약,삼진제약(주),전문의약품,필름코팅정,D000246,Sildenafil Citrate,Sildenafil Citrate(실데나필시트르산염),실데나필시트르산염,해피그라정50밀리그램(실데나필시트르산염),20120523,201205037,[M252789]실데나필시트르산염,,단일,20140109,_,,특정연령대금기
20170909,연한 파란색의 씹어먹는 원형 정제,02590,기타의 비뇨생식기관 및 항문용약,한미약품(주),전문의약품,추어블정(저작정),D000246,Sildenafil,Sildenafil(실데나필),실데나필,팔팔츄정25밀리그램(실데나필),20120531,201205260,[M253237]실데나필,,단일,20140109,_,,특정연령대금기
20170909,연한 파란색의 씹어먹는 원형 정제,02590,기타의 비뇨생식기관 및 항문용약,한미약품(주),전문의약품,추어블정(저작정),D000246,Sildenafil,Sildenafil(실데나필),실데나필,팔팔츄정50밀리그램(실데나필),20120531,201205264,[M253237]실데나필,,단일,20140109,_,,특정연령대금기
20170909,연한 파란색의 씹어먹는 원형 정제,02590,기타의 비뇨생식기관 및 항문용약,한미약품(주),전문의약품,추어블정(저작정),D000246,Sildenafil,Sildenafil(실데나필),실데나필,팔팔츄정100밀리그램(실데나필),20120531,201205265,[M253237]실데나필,,단일,20140109,_,,특정연령대금기
20170909,푸른색의 타원형 필름코팅정,02590,기타의 비뇨생식기관 및 항문용약,대화제약(주),전문의약품,필름코팅정,D000246,Sildenafil Citrate,Sildenafil Citrate(실데나필시트르산염),실데나필시트르산염,바미라크정100밀리그램(실데나필시트르산염),20120601,201205329,[M252789]실데나필시트르산염,,단일,20140109,_,,특정연령대금기
20170909,푸른색의 타원형 필름코팅정,02590,기타의 비뇨생식기관 및 항문용약,대화제약(주),전문의약품,필름코팅정,D000246,Sildenafil Citrate,Sildenafil Citrate(실데나필시트르산염),실데나필시트르산염,바미라크정50밀리그램(실데나필시트르산염),20120601,201205330,[M252789]실데나필시트르산염,,단일,20140109,_,,특정연령대금기
20170909,보라색의 육각형 필름코팅정,02590,기타의 비뇨생식기관 및 항문용약,경동제약(주),전문의약품,필름코팅정,D000246,Sildenafil Citrate,Sildenafil Citrate(실데나필시트르산염),실데나필시트르산염,포르테브이정100밀리그램(실데나필시트르산염),20120604,201205347,[M252789]실데나필시트르산염,,단일,20140109,_,,특정연령대금기
20210504,파란색 또는 옅은 파란색의 직사각형 구강용해필름제,02590,기타의 비뇨생식기관 및 항문용약,(주)씨티씨바이오,전문의약품,구강붕해필름,D000246,Sildenafil,Sildenafil(실데나필),실데나필,플리즈구강용해필름50밀리그램(실데나필),20120605,201205379,[M253237]실데나필/[M253237]실데나필,,단일,20140109,_,,특정연령대금기
20170909,파란색 또는 옅은 파란색의 직사각형 구강용해필름,02590,기타의 비뇨생식기관 및 항문용약,(주)휴온스,전문의약품,구강붕해필름,D000246,Sildenafil,Sildenafil(실데나필),실데나필,프리스틴구강용해필름50밀리그램(실데나필),20120605,201205380,[M253237]실데나필,,단일,20140109,_,,특정연령대금기
20170909,파란색 또는 옅은 파란색의 직사각형 구강용해필름,02590,기타의 비뇨생식기관 및 항문용약,동국제약(주),전문의약품,구강붕해필름,D000246,Sildenafil,Sildenafil(실데나필),실데나필,엠슈타인구강용해필름50밀리그램(실데나필),20120605,201205381,[M253237]실데나필,,단일,20140109,_,,특정연령대금기
20170909,파란색 또는 옅은 파란색의 직사각형 구강용해필름,02590,기타의 비뇨생식기관 및 항문용약,제일약품(주),전문의약품,구강붕해필름,D000246,Sildenafil,Sildenafil(실데나필),실데나필,포르테라구강용해필름 50밀리그램(실데나필),20120605,201205382,[M253237]실데나필,,단일,20140109,_,,특정연령대금기
20170909,푸른색의 육각형 필름코팅정,02590,기타의 비뇨생식기관 및 항문용약,(주)동구바이오제약,전문의약품,필름코팅정,D000246,Sildenafil Citrate,Sildenafil Citrate(실데나필시트르산염),실데나필시트르산염,자이그라정100밀리그램(실데나필시트르산염),20120614,201205536,[M252789]실데나필시트르산염,,단일,20140109,_,,특정연령대금기
20170909,푸른색의 육각형 필름코팅정,02590,기타의 비뇨생식기관 및 항문용약,(주)경보제약,전문의약품,필름코팅정,D000246,Sildenafil Citrate,Sildenafil Citrate(실데나필시트르산염),실데나필시트르산염,칸데그라정(실데나필시트르산염),20120614,201205539,[M252789]실데나필시트르산염,,단일,20140109,_,,특정연령대금기
20170909,푸른색의 육각형 필름코팅정,02590,기타의 비뇨생식기관 및 항문용약,동성제약(주),전문의약품,필름코팅정,D000246,Sildenafil Citrate,Sildenafil Citrate(실데나필시트르산염),실데나필시트르산염,비야정100mg(실데나필시트르산염),20120704,201206020,[M252789]실데나필시트르산염,,단일,20140109,_,,특정연령대금기
20210325,엷은 황색의 직사각형 구강붕해필름,02590,기타의 비뇨생식기관 및 항문용약,광동제약(주),전문의약품,구강붕해필름,D000246,Sildenafil Citrate,Sildenafil Citrate(실데나필시트르산염),실데나필시트르산염,이그니스구강용해필름50밀리그램(실데나필시트르산염),20120725,201206251,[M252789]실데나필시트르산염,,단일,20140109,_,,특정연령대금기
20180504,"(내수용, 수출용1) : 엷은 황색의 직사각형 구강붕해필름(수출용2) : 엷은 황색의 직사각형 구강붕해필름",02590,기타의 비뇨생식기관 및 항문용약,(주)씨엘팜,전문의약품,구강붕해필름,D000246,Sildenafil Citrate,Sildenafil Citrate(실데나필시트르산염),실데나필시트르산염,비닉스구강붕해필름50밀리그램(실데나필시트르산염),20120810,201206436,[M252789]실데나필시트르산염/[M252789]실데나필시트르산염,,단일,20140109,_,,특정연령대금기
20170909,보라색의 육각형 필름코팅정,02590,기타의 비뇨생식기관 및 항문용약,하나제약(주),전문의약품,필름코팅정,D000246,Sildenafil Citrate,Sildenafil Citrate(실데나필시트르산염),실데나필시트르산염,푸로그라정100밀리그램(실데나필시트르산염),20121005,201207067,[M252789]실데나필시트르산염,,단일,20140109,_,,특정연령대금기
20210325,백색의 원형 정제,06290,기타의 화학요법제,(주)엘앤씨바이오 ,전문의약품,나정,D000380,Terbinafine Hydrochloride,Terbinafine Hydrochloride(테르비나핀염산염),테르비나핀염산염,메가터빈정(테르비나핀염산염),20121015,201207247,[M245869]테르비나핀염산염,,단일,20140109,안전성 및 유효성 미확립,,특정연령대금기
20240911,백색 내지 미황색의 연고,02690,기타의 외피용약,코오롱제약(주),전문의약품,피부연고제,D000279,Tacrolimus Hydrate,Tacrolimus Hydrate(타크로리무스수화물),타크로리무스수화물,토피크로연고0.1%(타크로리무스수화물),20121030,201207501,[M089193]타크로리무스수화물,,단일,20140109,안전성 및 유효성 미확립,,특정연령대금기
20170909,육각형의 푸른색 필름코팅정,02590,기타의 비뇨생식기관 및 항문용약,오스틴제약(주),전문의약품,필름코팅정,D000246,Sildenafil Citrate,Sildenafil Citrate(실데나필시트르산염),실데나필시트르산염,비아리스정(실데나필시트르산염),20121030,201207507,[M252789]실데나필시트르산염,,단일,20140109,_,,특정연령대금기
20170909,푸른색의 타원형 필름코팅정,02590,기타의 비뇨생식기관 및 항문용약,한국프라임제약(주),전문의약품,필름코팅정,D000246,Sildenafil Citrate,Sildenafil Citrate(실데나필시트르산염),실데나필시트르산염,보그라정100밀리그램(실데나필시트르산염),20121114,201208193,[M252789]실데나필시트르산염/[M252789]실데나필시트르산염,,단일,20140109,_,,특정연령대금기
20170909,푸른색의 육각형 필름코팅정,02590,기타의 비뇨생식기관 및 항문용약,삼익제약(주),전문의약품,필름코팅정,D000246,Sildenafil Citrate,Sildenafil Citrate(실데나필시트르산염),실데나필시트르산염,발탁스정100mg(실데나필시트르산염),20121206,201209444,[M252789]실데나필시트르산염,,단일,20140109,_,,특정연령대금기
20221011,주황색타원형의장용성코팅정,06210,설화제,(주)비씨월드제약,전문의약품,장용성당의정,D000727,Sulfasalazine,Sulfasalazine(설파살라진),설파살라진,사조핀정 (설파살라진)(수출용),20121211,201209552,[M083653]설파살라진,,단일,20140109,- 안전성 및 유효성 미확립- 고빌리루빈혈증을 일으킬 수 있음,,특정연령대금기
20131013,담적색의 원형 필름코팅정,02590,기타의 비뇨생식기관 및 항문용약,코오롱제약(주),전문의약품,필름코팅정,D000246,Sildenafil Citrate,Sildenafil Citrate(실데나필시트르산염),실데나필시트르산염,코오롱실데나필시트르산염정25mg(실데나필시트르산염)(수출용),20121220,201210161,[M252789]실데나필시트르산염,,단일,20140109,_,,특정연령대금기
20131013,담적색의 원형필름코팅정,02590,기타의 비뇨생식기관 및 항문용약,코오롱제약(주),전문의약품,필름코팅정,D000246,Sildenafil Citrate,Sildenafil Citrate(실데나필시트르산염),실데나필시트르산염,코오롱실데나필시트르산염정50mg(실데나필시트르산염)(수출용),20121220,201210162,[M252789]실데나필시트르산염,,단일,20140109,_,,특정연령대금기
20200701,연한 주황색의 원형정제,02590,기타의 비뇨생식기관 및 항문용약,오스틴제약(주),전문의약품,나정,D000681,Terazosin Hydrochloride Hydrate,Terazosin Hydrochloride Hydrate(테라조신염산염수화물),테라조신염산염수화물,테라온정2밀리그램(테라조신염산염수화물),20121226,201210746,[M250456]테라조신염산염수화물,,단일,20140109,안전성 및 유효성 미확립,,특정연령대금기
20180609,황색의 필름 코팅된 원형정제,01140,해열.진통.소염제,한국휴텍스제약(주),전문의약품,필름코팅정,D000280,Talniflumate,Talniflumate(탈니플루메이트),탈니플루메이트,휴말겐정(탈니플루메이트),20121227,201211056,[M081412]탈니플루메이트,,단일,20140109,소아 용량이 설정되어 있지 않음,,특정연령대금기
20200207,흰색의 타원형 필름코팅정,01170,정신신경용제,성원애드콕제약(주),전문의약품,필름코팅정,D000384,Tianeptine Sodium,Tianeptine Sodium(티아넵틴나트륨),티아넵틴나트륨,스타보린정(티아넵틴나트륨),20130109,201300317,[M089308]티아넵틴나트륨,,단일,20140109,_,,특정연령대금기
20170909,푸른색의 장방형 필름코팅정,02590,기타의 비뇨생식기관 및 항문용약,부광약품(주),전문의약품,필름코팅정,D000246,Sildenafil Citrate,Sildenafil Citrate(실데나필시트르산염),실데나필시트르산염,부광실데나필정100밀리그램,20130118,201301617,[M252789]실데나필시트르산염,,단일,20140109,_,,특정연령대금기
20170909,푸른색의 장방형 필름코팅정,02590,기타의 비뇨생식기관 및 항문용약,부광약품(주),전문의약품,필름코팅정,D000246,Sildenafil Citrate,Sildenafil Citrate(실데나필시트르산염),실데나필시트르산염,부광실데나필정50밀리그램,20130121,201301655,[M252789]실데나필시트르산염,,단일,20140109,_,,특정연령대금기
20170909,파랑색의 육각형 필름코팅정,02590,기타의 비뇨생식기관 및 항문용약,한국휴텍스제약(주),전문의약품,필름코팅정,D000246,Sildenafil Citrate,Sildenafil Citrate(실데나필시트르산염),실데나필시트르산염,뉴비그라정100밀리그램(실데나필시트르산염),20130124,201302166,[M252789]실데나필시트르산염,,단일,20140109,_,,특정연령대금기
20210104,일정량씩 분무되는 용기에 든 흰색 또는 거의 흰색에 가까운 불투명한 현탁액,01320,이비과용제,국제약품(주),전문의약품,정량현탁분무제,D000633,Mometasone Furoate,Mometasone Furoate(모메타손푸로에이트),모메타손푸로에이트,나조큐어나잘스프레이(모메타손푸로에이트),20130130,201302816,[M070188]모메타손푸로에이트,,단일,20171106,- 소아 환자에게 비강 코르티코스테로이드의 투여에 대한 임상시험에서 성장속도가 감소될 수 있다는 결과 나타남- 2세 미만에서 안전성 및 유효성 미확립,,특정연령대금기
20210207,일정량씩 분무되는 용기에 든 흰색 또는 거의 흰색에 가까운 불투명한 현탁액,01320,이비과용제,(주)킵스바이오파마,전문의약품,정량현탁분무제,D000633,Mometasone Furoate,Mometasone Furoate(모메타손푸로에이트),모메타손푸로에이트,안티런점비액(모메타손푸로에이트),20130131,201303040,[M070188]모메타손푸로에이트,,단일,20171106,- 소아 환자에게 비강 코르티코스테로이드의 투여에 대한 임상시험에서 성장속도가 감소될 수 있다는 결과 나타남- 2세 미만에서 안전성 및 유효성 미확립,,특정연령대금기
20170909,보라색의 육각형 필름코팅정,02590,기타의 비뇨생식기관 및 항문용약,경동제약(주),전문의약품,필름코팅정,D000246,Sildenafil Citrate,Sildenafil Citrate(실데나필시트르산염),실데나필시트르산염,포르테브이정50밀리그램(실데나필시트르산염),20130219,201305399,[M252789]실데나필시트르산염,,단일,20140109,_,,특정연령대금기
20170909,파란색의 장방형 필름코팅정,02590,기타의 비뇨생식기관 및 항문용약,(주)휴온스,전문의약품,필름코팅정,D000246,Sildenafil Citrate,Sildenafil Citrate(실데나필시트르산염),실데나필시트르산염,프리스틴정100mg(실데나필시트르산염),20130221,201305533,[M252789]실데나필시트르산염,,단일,20140109,_,,특정연령대금기
20131013,청색의 원형 필름코팅정,02590,기타의 비뇨생식기관 및 항문용약,미래바이오제약(주),전문의약품,필름코팅정,D000246,Sildenafil Citrate,Sildenafil Citrate(실데나필시트르산염),실데나필시트르산염,애니그라정50밀리그램(실데나필시트르산염)(수출용),20130321,201306331,[M252789]실데나필시트르산염,,단일,20140109,_,,특정연령대금기
20240911,흰색 내지 미황색의 연고,02690,기타의 외피용약,코오롱제약(주),전문의약품,피부연고제,D000279,Tacrolimus Hydrate,Tacrolimus Hydrate(타크로리무스수화물),타크로리무스수화물,토피크로연고0.03%(타크로리무스수화물),20130521,201307401,[M089193]타크로리무스수화물,,단일,20140109,안전성 및 유효성 미확립,,특정연령대금기
20170909,파랑색의 육각형 필름코팅정,02590,기타의 비뇨생식기관 및 항문용약,알보젠코리아(주),전문의약품,필름코팅정,D000246,Sildenafil Citrate,Sildenafil Citrate(실데나필시트르산염),실데나필시트르산염,프리야정50밀리그램(실데나필시트르산염),20130626,201307881,[M252789]실데나필시트르산염,,단일,20140109,_,,특정연령대금기
20170909,흰색의 볼록하며 모서리가 둥근 사각형의 츄어블정,02590,기타의 비뇨생식기관 및 항문용약,한국유나이티드제약(주),전문의약품,추어블정(저작정),D000246,Sildenafil Citrate,Sildenafil Citrate(실데나필시트르산염),실데나필시트르산염,아네르츄정50밀리그램(실데나필시트르산염),20130716,201308208,[M252789]실데나필시트르산염,,단일,20140109,_,,특정연령대금기
20201222,흰색 내지 거의 미색의 원형정제,06290,기타의 화학요법제,(주)마더스제약,전문의약품,나정,D000380,Terbinafine Hydrochloride,Terbinafine Hydrochloride(테르비나핀염산염),테르비나핀염산염,터핀엠정(테르비나핀염산염),20130808,201308717,[M245869]테르비나핀염산염,,단일,20140109,안전성 및 유효성 미확립,,특정연령대금기
20170909,흰색의 오각형 구강붕해정,02590,기타의 비뇨생식기관 및 항문용약,국제약품(주),전문의약품,구강붕해정,D000246,Sildenafil Citrate,Sildenafil Citrate(실데나필시트르산염),실데나필시트르산염,맥시그라구강붕해정50밀리그램(실데나필시트르산염),20130816,201308845,[M252789]실데나필시트르산염,,단일,20140109,_,,특정연령대금기
20131013,푸른색의 육각형 필름코팅정,02590,기타의 비뇨생식기관 및 항문용약,(주)동구바이오제약,전문의약품,필름코팅정,D000246,Sildenafil Citrate,Sildenafil Citrate(실데나필시트르산염),실데나필시트르산염,자이그라정50밀리그램(실데나필시트르산염)(수출용),20130902,201309162,[M252789]실데나필시트르산염,,단일,20140109,_,,특정연령대금기
20210518,파란색 또는 옅은 파란색의 직사각형 구강용해필름제,02590,기타의 비뇨생식기관 및 항문용약,(주)씨티씨바이오,전문의약품,구강붕해필름,D000246,Sildenafil,Sildenafil(실데나필),실데나필,플리즈구강용해필름100밀리그램(실데나필),20130911,201309277,[M253237]실데나필/[M253237]실데나필,,단일,20140109,_,,특정연령대금기
20181129,엷은 황색의 직사각형 구강붕해필름,02590,기타의 비뇨생식기관 및 항문용약,(주)동구바이오제약,전문의약품,구강붕해필름,D000246,Sildenafil Citrate,Sildenafil Citrate(실데나필시트르산염),실데나필시트르산염,자이그라구강붕해필름50mg(실데나필시트르산염),20130927,201309457,[M252789]실데나필시트르산염,,단일,20140109,_,,특정연령대금기
20210207,흰색 또는 거의 흰색에 가까운 불투명한 현탁액이 일정량씩 분무되는 용기에 든 비강분무액,01320,이비과용제,영일제약(주),전문의약품,정량현탁분무제,D000633,Mometasone Furoate,Mometasone Furoate(모메타손푸로에이트),모메타손푸로에이트,솔타나잘스프레이(모메타손푸로에이트)(수출용),20131025,201309916,[M070188]모메타손푸로에이트,,단일,20171106,- 소아 환자에게 비강 코르티코스테로이드의 투여에 대한 임상시험에서 성장속도가 감소될 수 있다는 결과 나타남- 2세 미만에서 안전성 및 유효성 미확립,,특정연령대금기
20140407,엷은 황색의 직사각형 구강붕해필름,02590,기타의 비뇨생식기관 및 항문용약,태극제약(주),전문의약품,구강붕해필름,D000246,Sildenafil Citrate,Sildenafil Citrate(실데나필시트르산염),실데나필시트르산염,실라드라구강붕해필름50밀리그램(실데나필시트르산염)(수출용),20131115,201310150,[M252789]실데나필시트르산염,,단일,20140109,_,,특정연령대금기
20210207,일정량씩 분무되는 용기에 든 흰색 또는 거의 흰색에 가까운 불투명한 현탁액,01320,이비과용제,(주)동구바이오제약,전문의약품,정량현탁분무제,D000633,Mometasone Furoate,Mometasone Furoate(모메타손푸로에이트),모메타손푸로에이트,나조타손나잘스프레이(모메타손푸로에이트),20131129,201310372,[M070188]모메타손푸로에이트,,단일,20171106,- 소아 환자에게 비강 코르티코스테로이드의 투여에 대한 임상시험에서 성장속도가 감소될 수 있다는 결과 나타남- 2세 미만에서 안전성 및 유효성 미확립,,특정연령대금기
20170909,분할선을 가진 연두색의 모서리가 둥근 삼각형 필름코팅정,02590,기타의 비뇨생식기관 및 항문용약,(주)대웅제약,전문의약품,필름코팅정,D000246,Sildenafil Citrate,Sildenafil Citrate(실데나필시트르산염),실데나필시트르산염,누리그라정25밀리그램(실데나필시트르산염),20131226,201310897,[M252789]실데나필시트르산염,,단일,20140109,_,,특정연령대금기
20170704,무색투명한 액이 무색투명한 바이알에 든 주사제,03390,기타의 혈액 및 체액용약,금청약품(주),전문의약품,용액주사제,D000183,Sodium Tetradecyl Sulfate Concentrate,Sodium Tetradecyl Sulfate Concentrate(테트라데실황산나트륨콘센트레이트),테트라데실황산나트륨콘센트레이트,파이브로베인주0.2%(테트라데실황산나트륨),20140106,201400028,[M089182]테트라데실황산나트륨콘센트레이트,,단일,20140109,_,,특정연령대금기
20190825,흰색 내지 미황색의 원형 정제,06290,기타의 화학요법제,(주)텔콘알에프제약,전문의약품,나정,D000380,Terbinafine Hydrochloride,Terbinafine Hydrochloride(테르비나핀염산염),테르비나핀염산염,셀비나정(테르비나핀염산염),20140228,201400914,[M245869]테르비나핀염산염,,단일,20140109,안전성 및 유효성 미확립,,특정연령대금기
20200701,"흰색 내지 연한 갈색의 장용성 구형과립이 든 상부 청색, 하부 노란연두색의 경질캡슐제",01170,정신신경용제,고려제약(주),전문의약품,"장용성캡슐제, 펠렛",D000890,Duloxetine Hydrochloride Enteric-Coated Granules,Duloxetine Hydrochloride Enteric-Coated Granules(둘록세틴염산염장용과립),둘록세틴염산염장용과립,듀로프렉스캡슐60밀리그램(둘록세틴염산염),20131230,201310933,[M259598]둘록세틴염산염장용과립,,단일,20161230,소아 및 18세 미만의 청소년의 주요우울장애의 치료에는 사용해서는 안 됨.만 7세에서 17세까지의 주요우울장애 환자에서 플루옥세틴 군보다 이상사례(주로 오심)로 인한 중단 및 자살행동 높음.,"다만, '주요 우울장애의 치료'에 한함",특정연령대금기
20250115,옅은 황색의 직사각형 구강용해필름,02590,기타의 비뇨생식기관 및 항문용약,(주)씨티씨바이오,전문의약품,구강붕해필름,D000181,Tadalafil,Tadalafil(타다라필),타다라필,고든구강용해필름20mg(타다라필)(수출명: CALIBERI),20140310,201401078,[M095435]타다라필,,단일,20140109,_,,특정연령대금기
20200713,흰색의 원형 정제,06290,기타의 화학요법제,한미약품(주),전문의약품,나정,D000380,Terbinafine Hydrochloride,Terbinafine Hydrochloride(테르비나핀염산염),테르비나핀염산염,무조날정125밀리그램(테르비나핀염산염),20140321,201401304,[M252342]테르비나핀염산염,,단일,20140109,안전성 및 유효성 미확립,,특정연령대금기
20200324,흰색의 타원형 필름코팅정,01170,정신신경용제,동성제약(주),전문의약품,필름코팅정,D000384,Tianeptine Sodium,Tianeptine Sodium(티아넵틴나트륨),티아넵틴나트륨,티아네틴정(티아넵틴나트륨),20140331,201401489,[M089308]티아넵틴나트륨,,단일,20140109,_,,특정연령대금기
20200411,"흰색 내지 연한 갈색의 장용성 구형과립이 든 상부 청색, 하부 흰색의 경질캡슐제",01170,정신신경용제,고려제약(주),전문의약품,"장용성캡슐제, 펠렛",D000890,Duloxetine Hydrochloride Enteric-Coated Granules,Duloxetine Hydrochloride Enteric-Coated Granules(둘록세틴염산염장용과립),둘록세틴염산염장용과립,듀로프렉스캡슐30밀리그램(둘록세틴염산염),20140414,201401792,[M259598]둘록세틴염산염장용과립,,단일,20161230,소아 및 18세 미만의 청소년의 주요우울장애의 치료에는 사용해서는 안 됨.만 7세에서 17세까지의 주요우울장애 환자에서 플루옥세틴 군보다 이상사례(주로 오심)로 인한 중단 및 자살행동 높음.,"다만, '주요 우울장애의 치료'에 한함",특정연령대금기
20200716,"흰색 내지 연한 갈색의 장용성 구형과립이 들어있는 상부 청색, 하부 흰색의 경질캡슐제",01170,정신신경용제,(주)유영제약,전문의약품,"장용성캡슐제, 펠렛",D000890,Duloxetine Hydrochloride Enteric-Coated Granules,Duloxetine Hydrochloride Enteric-Coated Granules(둘록세틴염산염장용과립),둘록세틴염산염장용과립,유록틴캡슐30밀리그램(둘록세틴염산염),20140423,201401965,[M259598]둘록세틴염산염장용과립,,단일,20161230,소아 및 18세 미만의 청소년의 주요우울장애의 치료에는 사용해서는 안 됨.만 7세에서 17세까지의 주요우울장애 환자에서 플루옥세틴 군보다 이상사례(주로 오심)로 인한 중단 및 자살행동 높음.,"다만, '주요 우울장애의 치료'에 한함",특정연령대금기
20200716,"흰색 내지 연한 갈색의 장용성 구형과립이 들어있는 상부청색, 하부 노란연두색의 경질캡슐제",01170,정신신경용제,(주)유영제약,전문의약품,"장용성캡슐제, 펠렛",D000890,Duloxetine Hydrochloride Enteric-Coated Granules,Duloxetine Hydrochloride Enteric-Coated Granules(둘록세틴염산염장용과립),둘록세틴염산염장용과립,유록틴캡슐60밀리그램(둘록세틴염산염),20140423,201401966,[M259598]둘록세틴염산염장용과립,,단일,20161230,소아 및 18세 미만의 청소년의 주요우울장애의 치료에는 사용해서는 안 됨.만 7세에서 17세까지의 주요우울장애 환자에서 플루옥세틴 군보다 이상사례(주로 오심)로 인한 중단 및 자살행동 높음.,"다만, '주요 우울장애의 치료'에 한함",특정연령대금기
20200411,"흰색 내지 회백색의 장용성 구형 과립이 들어있는 상부 청색, 하부 흰색의 경질캡슐제",01170,정신신경용제,(주)한국파마,전문의약품,"장용성캡슐제, 펠렛",D000890,Duloxetine Hydrochloride Enteric-Coated Granules,Duloxetine Hydrochloride Enteric-Coated Granules(둘록세틴염산염장용과립),둘록세틴염산염장용과립,마이셀타캡슐30밀리그램(둘록세틴염산염),20140508,201402150,[M259598]둘록세틴염산염장용과립,,단일,20161230,소아 및 18세 미만의 청소년의 주요우울장애의 치료에는 사용해서는 안 됨.만 7세에서 17세까지의 주요우울장애 환자에서 플루옥세틴 군보다 이상사례(주로 오심)로 인한 중단 및 자살행동 높음.,"다만, '주요 우울장애의 치료'에 한함",특정연령대금기
20200411,"흰색～연한 노란색의 장용코팅된 펠렛이 들어있는 상부 파란색, 하부 노란 연두색의 경질캡슐",01170,정신신경용제,명인제약(주),전문의약품,"장용성캡슐제, 펠렛",D000890,Duloxetine Hydrochloride,Duloxetine Hydrochloride(둘록세틴염산염),둘록세틴염산염,드록틴캡슐60밀리그램(둘록세틴염산염),20140514,201402238,[M258603]둘록세틴염산염,,단일,20161230,소아 및 18세 미만의 청소년의 주요우울장애의 치료에는 사용해서는 안 됨.만 7세에서 17세까지의 주요우울장애 환자에서 플루옥세틴 군보다 이상사례(주로 오심)로 인한 중단 및 자살행동 높음.,"다만, '주요 우울장애의 치료'에 한함",특정연령대금기
20200411,"흰색～연한 노란색의 장용코팅된 펠렛이 들어있는 상부 파란색, 하부 흰색의 경질캡슐",01170,정신신경용제,명인제약(주),전문의약품,"장용성캡슐제, 펠렛",D000890,Duloxetine Hydrochloride,Duloxetine Hydrochloride(둘록세틴염산염),둘록세틴염산염,드록틴캡슐30밀리그램(둘록세틴염산염),20140527,201402409,[M258603]둘록세틴염산염,,단일,20161230,소아 및 18세 미만의 청소년의 주요우울장애의 치료에는 사용해서는 안 됨.만 7세에서 17세까지의 주요우울장애 환자에서 플루옥세틴 군보다 이상사례(주로 오심)로 인한 중단 및 자살행동 높음.,"다만, '주요 우울장애의 치료'에 한함",특정연령대금기
20190924,흰색 내지 미백색의 원형 정제,06290,기타의 화학요법제,코오롱제약(주),전문의약품,나정,D000380,Terbinafine Hydrochloride,Terbinafine Hydrochloride(테르비나핀염산염),테르비나핀염산염,라미핀정(테르비나핀염산염),20140617,201402707,[M245869]테르비나핀염산염,,단일,20140109,안전성 및 유효성 미확립,,특정연령대금기
20200411,"흰색 내지 회백색의 장용성 구형 과립이 들어있는 상부 청색, 하부 노란연두색의 경질캡슐제",01170,정신신경용제,(주)한국파마,전문의약품,"장용성캡슐제, 펠렛",D000890,Duloxetine Hydrochloride Enteric-Coated Granules,Duloxetine Hydrochloride Enteric-Coated Granules(둘록세틴염산염장용과립),둘록세틴염산염장용과립,마이셀타캡슐60밀리그램(둘록세틴염산염),20140508,201402151,[M259598]둘록세틴염산염장용과립,,단일,20161230,소아 및 18세 미만의 청소년의 주요우울장애의 치료에는 사용해서는 안 됨.만 7세에서 17세까지의 주요우울장애 환자에서 플루옥세틴 군보다 이상사례(주로 오심)로 인한 중단 및 자살행동 높음.,"다만, '주요 우울장애의 치료'에 한함",특정연령대금기
20200411,"흰색 내지 연한 갈색의 장용성 구형과립이 든 상부 청색, 하부 노란연두색의 경질캡슐제",01170,정신신경용제,한림제약(주),전문의약품,"장용성캡슐제, 펠렛",D000890,Duloxetine Hydrochloride Enteric-Coated Granules,Duloxetine Hydrochloride Enteric-Coated Granules(둘록세틴염산염장용과립),둘록세틴염산염장용과립,두셀라캡슐60밀리그램(둘록세틴염산염),20140515,201402270,[M259598]둘록세틴염산염장용과립,,단일,20161230,소아 및 18세 미만의 청소년의 주요우울장애의 치료에는 사용해서는 안 됨.만 7세에서 17세까지의 주요우울장애 환자에서 플루옥세틴 군보다 이상사례(주로 오심)로 인한 중단 및 자살행동 높음.,"다만, '주요 우울장애의 치료'에 한함",특정연령대금기
20200411,흰색 내지 연한 갈색의 장용성 구형과립이 든 상부 청색 하부 흰색의 경질캡슐제,01170,정신신경용제,한림제약(주),전문의약품,"장용성캡슐제, 펠렛",D000890,Duloxetine Hydrochloride Enteric-Coated Granules,Duloxetine Hydrochloride Enteric-Coated Granules(둘록세틴염산염장용과립),둘록세틴염산염장용과립,두셀라캡슐30밀리그램(둘록세틴염산염),20140516,201402273,[M259598]둘록세틴염산염장용과립,,단일,20161230,소아 및 18세 미만의 청소년의 주요우울장애의 치료에는 사용해서는 안 됨.만 7세에서 17세까지의 주요우울장애 환자에서 플루옥세틴 군보다 이상사례(주로 오심)로 인한 중단 및 자살행동 높음.,"다만, '주요 우울장애의 치료'에 한함",특정연령대금기
20200411,"흰색 내지 연한 갈색의 장용성 구형 과립이 들어 있는 상부 청색, 하부 흰색의 경질캡슐제",01170,정신신경용제,동광제약(주),전문의약품,"장용성캡슐제, 펠렛",D000890,Duloxetine Hydrochloride Enteric-Coated Granules,Duloxetine Hydrochloride Enteric-Coated Granules(둘록세틴염산염장용과립),둘록세틴염산염장용과립,동광둘록세틴캡슐30밀리그램(둘록세틴염산염),20140530,201402460,[M259598]둘록세틴염산염장용과립,,단일,20161230,소아 및 18세 미만의 청소년의 주요우울장애의 치료에는 사용해서는 안 됨.만 7세에서 17세까지의 주요우울장애 환자에서 플루옥세틴 군보다 이상사례(주로 오심)로 인한 중단 및 자살행동 높음.,"다만, '주요 우울장애의 치료'에 한함",특정연령대금기
20200411,"흰색 내지 연한 갈색의 장용성 구형 과립이 들어 있는 상부 청색, 하부 노란연두색의 경질캡슐제",01170,정신신경용제,동광제약(주),전문의약품,"장용성캡슐제, 펠렛",D000890,Duloxetine Hydrochloride Enteric-Coated Granules,Duloxetine Hydrochloride Enteric-Coated Granules(둘록세틴염산염장용과립),둘록세틴염산염장용과립,동광둘록세틴캡슐60밀리그램(둘록세틴염산염),20140530,201402461,[M259598]둘록세틴염산염장용과립,,단일,20161230,소아 및 18세 미만의 청소년의 주요우울장애의 치료에는 사용해서는 안 됨.만 7세에서 17세까지의 주요우울장애 환자에서 플루옥세틴 군보다 이상사례(주로 오심)로 인한 중단 및 자살행동 높음.,"다만, '주요 우울장애의 치료'에 한함",특정연령대금기
20200411,"흰색 장용성 구형과립이 들어있는 상부 청색, 하부 흰색의 경질 캡슐제",01170,정신신경용제,환인제약(주),전문의약품,"장용성캡슐제, 펠렛",D000890,Duloxetine Hydrochloride,Duloxetine Hydrochloride(둘록세틴염산염),둘록세틴염산염,듀로셉톨캡슐30밀리그램(둘록세틴염산염),20140627,201402868,[M258603]둘록세틴염산염,,단일,20161230,소아 및 18세 미만의 청소년의 주요우울장애의 치료에는 사용해서는 안 됨.만 7세에서 17세까지의 주요우울장애 환자에서 플루옥세틴 군보다 이상사례(주로 오심)로 인한 중단 및 자살행동 높음.,"다만, '주요 우울장애의 치료'에 한함",특정연령대금기
20200411,"흰색 장용성 구형과립이 들어있는 상부 청색, 하부 노란 연두색의 경질 캡슐제",01170,정신신경용제,환인제약(주),전문의약품,"장용성캡슐제, 펠렛",D000890,Duloxetine Hydrochloride,Duloxetine Hydrochloride(둘록세틴염산염),둘록세틴염산염,듀로셉톨캡슐60밀리그램(둘록세틴염산염),20140627,201402869,[M258603]둘록세틴염산염,,단일,20161230,소아 및 18세 미만의 청소년의 주요우울장애의 치료에는 사용해서는 안 됨.만 7세에서 17세까지의 주요우울장애 환자에서 플루옥세틴 군보다 이상사례(주로 오심)로 인한 중단 및 자살행동 높음.,"다만, '주요 우울장애의 치료'에 한함",특정연령대금기
20200207,흰색의 타원형 필름코팅정,01170,정신신경용제,(주)화이트생명과학,전문의약품,필름코팅정,D000384,Tianeptine Sodium,Tianeptine Sodium(티아넵틴나트륨),티아넵틴나트륨,하이넵틴정(티아넵틴나트륨),20140714,201403125,[M089308]티아넵틴나트륨,,단일,20140109,_,,특정연령대금기
20170909,분할선을 가진 연두색의 모서리가 둥근 삼각형 필름코팅정,02590,기타의 비뇨생식기관 및 항문용약,(주)킵스바이오파마,전문의약품,필름코팅정,D000246,Sildenafil Citrate,Sildenafil Citrate(실데나필시트르산염),실데나필시트르산염,나비그라정50밀리그램(실데나필시트르산염),20140820,201403868,[M252789]실데나필시트르산염,,단일,20140109,_,,특정연령대금기
20170909,분할선을 가진 연두색의 모서리가 둥근 삼각형 필름코팅정,02590,기타의 비뇨생식기관 및 항문용약,(주)킵스바이오파마,전문의약품,필름코팅정,D000246,Sildenafil Citrate,Sildenafil Citrate(실데나필시트르산염),실데나필시트르산염,나비그라정100밀리그램(실데나필시트르산염),20140820,201403869,[M252789]실데나필시트르산염,,단일,20140109,_,,특정연령대금기
20190911,노란색의 원형 필름코팅정,01140,해열.진통.소염제,(주)휴비스트제약,전문의약품,필름코팅정,D000280,Talniflumate,Talniflumate(탈니플루메이트),탈니플루메이트,휴리트정(탈니플루메이트),20140822,201403939,[M081412]탈니플루메이트,,단일,20140109,소아 용량이 설정되어 있지 않음,,특정연령대금기
20200411,"흰색 내지 연한 갈색의 장용성 구형과립이 든 상부 청색, 하부 흰색의 경질캡슐제",01170,정신신경용제,현대약품(주),전문의약품,"장용성캡슐제, 펠렛",D000890,Duloxetine Hydrochloride Enteric-Coated Granules,Duloxetine Hydrochloride Enteric-Coated Granules(둘록세틴염산염장용과립),둘록세틴염산염장용과립,투발타캡슐30밀리그램(둘록세틴염산염),20140819,201403827,[M259598]둘록세틴염산염장용과립,,단일,20161230,소아 및 18세 미만의 청소년의 주요우울장애의 치료에는 사용해서는 안 됨.만 7세에서 17세까지의 주요우울장애 환자에서 플루옥세틴 군보다 이상사례(주로 오심)로 인한 중단 및 자살행동 높음.,"다만, '주요 우울장애의 치료'에 한함",특정연령대금기
20200411,"흰색 내지 연한 갈색의 장용성 구형과립이 들어있는 상부 청색, 하부 노란연두색의 경질캡슐제",01170,정신신경용제,현대약품(주),전문의약품,"장용성캡슐제, 펠렛",D000890,Duloxetine Hydrochloride Enteric-Coated Granules,Duloxetine Hydrochloride Enteric-Coated Granules(둘록세틴염산염장용과립),둘록세틴염산염장용과립,투발타캡슐60밀리그램(둘록세틴염산염),20140819,201403828,[M259598]둘록세틴염산염장용과립,,단일,20161230,소아 및 18세 미만의 청소년의 주요우울장애의 치료에는 사용해서는 안 됨.만 7세에서 17세까지의 주요우울장애 환자에서 플루옥세틴 군보다 이상사례(주로 오심)로 인한 중단 및 자살행동 높음.,"다만, '주요 우울장애의 치료'에 한함",특정연령대금기
20240911,흰색 내지 미황색의 연고,02690,기타의 외피용약,(주)동구바이오제약,전문의약품,피부연고제,D000279,Tacrolimus Hydrate,Tacrolimus Hydrate(타크로리무스수화물),타크로리무스수화물,타크로연고0.1%(타크로리무스수화물),20140826,201403978,[M089193]타크로리무스수화물,,단일,20140109,안전성 및 유효성 미확립,,특정연령대금기
20200411,"흰색 내지 연한 갈색의 장용성 구형과립이 든 상부 청색, 하부 흰색의 경질캡슐제",01170,정신신경용제,(주)메디카코리아,전문의약품,"장용성캡슐제, 펠렛",D000890,Duloxetine Hydrochloride Enteric-Coated Granules,Duloxetine Hydrochloride Enteric-Coated Granules(둘록세틴염산염장용과립),둘록세틴염산염장용과립,듀세타캡슐30밀리그램(둘록세틴염산염),20140930,201404486,[M259598]둘록세틴염산염장용과립,,단일,20161230,소아 및 18세 미만의 청소년의 주요우울장애의 치료에는 사용해서는 안 됨.만 7세에서 17세까지의 주요우울장애 환자에서 플루옥세틴 군보다 이상사례(주로 오심)로 인한 중단 및 자살행동 높음.,"다만, '주요 우울장애의 치료'에 한함",특정연령대금기
20200411,"흰색 내지 연한 갈색의 장용성 구형과립이 든 상부 청색, 하부 노란연두색의 경질캡슐제",01170,정신신경용제,(주)메디카코리아,전문의약품,"장용성캡슐제, 펠렛",D000890,Duloxetine Hydrochloride Enteric-Coated Granules,Duloxetine Hydrochloride Enteric-Coated Granules(둘록세틴염산염장용과립),둘록세틴염산염장용과립,듀세타캡슐60밀리그램(둘록세틴염산염),20140930,201404488,[M259598]둘록세틴염산염장용과립,,단일,20161230,소아 및 18세 미만의 청소년의 주요우울장애의 치료에는 사용해서는 안 됨.만 7세에서 17세까지의 주요우울장애 환자에서 플루옥세틴 군보다 이상사례(주로 오심)로 인한 중단 및 자살행동 높음.,"다만, '주요 우울장애의 치료'에 한함",특정연령대금기
20201222,흰색의 원형 정제,06290,기타의 화학요법제,(주)휴비스트제약,전문의약품,나정,D000380,Terbinafine Hydrochloride,Terbinafine Hydrochloride(테르비나핀염산염),테르비나핀염산염,라미휴정(테르비나핀염산염),20141006,201404590,[M245869]테르비나핀염산염,,단일,20140109,안전성 및 유효성 미확립,,특정연령대금기
20210207,일정량씩 분무되는 용기에 든 흰색 또는 거의 흰색에 가까운 불투명한 현탁액,01320,이비과용제,(주)일화,전문의약품,정량현탁분무제,D000633,Mometasone Furoate,Mometasone Furoate(모메타손푸로에이트),모메타손푸로에이트,모타넥스나잘스프레이(모메타손푸로에이트),20141030,201405064,[M070188]모메타손푸로에이트,,단일,20171106,- 소아 환자에게 비강 코르티코스테로이드의 투여에 대한 임상시험에서 성장속도가 감소될 수 있다는 결과 나타남- 2세 미만에서 안전성 및 유효성 미확립,,특정연령대금기
20250115,직사각형의 노란색 구강붕해필름,02590,기타의 비뇨생식기관 및 항문용약,(주)서울제약,전문의약품,구강붕해필름,D000181,Tadalafil,Tadalafil(타다라필),타다라필,불티움구강붕해필름20밀리그램(타다라필),20141105,201405164,[M095435]타다라필,,단일,20140109,_,,특정연령대금기
20170909,엷은 노란색의 직사각형 구강붕해필름,02590,기타의 비뇨생식기관 및 항문용약,(주)대웅제약,전문의약품,구강붕해필름,D000246,Sildenafil Citrate,Sildenafil Citrate(실데나필시트르산염),실데나필시트르산염,누리그라구강붕해필름50밀리그램(실데나필시트르산염),20141125,201405495,[M252789]실데나필시트르산염,,단일,20140109,_,,특정연령대금기
20250115,직사각형의 노란색 구강붕해필름,02590,기타의 비뇨생식기관 및 항문용약,(주)서울제약,전문의약품,구강붕해정,D000181,Tadalafil,Tadalafil(타다라필),타다라필,불티움구강붕해필름10밀리그램(타다라필),20141128,201405620,[M095435]타다라필,,단일,20140109,_,,특정연령대금기
20250115,연한 노란 주황색의 타원형 필름코팅정,02590,기타의 비뇨생식기관 및 항문용약,한미약품(주),전문의약품,필름코팅정,D000181,Tadalafil,Tadalafil(타다라필),타다라필,구구정10밀리그램(타다라필),20141202,201405692,[M095435]타다라필,,단일,20140109,_,,특정연령대금기
20250115,밝은 노란 주황색의 타원형 필름코팅정,02590,기타의 비뇨생식기관 및 항문용약,한미약품(주),전문의약품,필름코팅정,D000181,Tadalafil,Tadalafil(타다라필),타다라필,구구정20밀리그램(타다라필),20141202,201405693,[M095435]타다라필,,단일,20140109,_,,특정연령대금기
20210207,일정량씩 분무되는 용기에 든 흰색 또는 거의 흰색에 가까운 불투명한 현탁액,01320,이비과용제,이연제약(주),전문의약품,정량현탁분무제,D000633,Mometasone Furoate,Mometasone Furoate(모메타손푸로에이트),모메타손푸로에이트,모노넥스점비액(모메타손푸로에이트),20141230,201406148,[M070188]모메타손푸로에이트,,단일,20171106,- 소아 환자에게 비강 코르티코스테로이드의 투여에 대한 임상시험에서 성장속도가 감소될 수 있다는 결과 나타남- 2세 미만에서 안전성 및 유효성 미확립,,특정연령대금기
20200411,"흰색 내지 연한 갈색의 장용성 구형과립이 든 상부 청색, 하부 흰색의 경질캡슐제",01170,정신신경용제,(주)이든파마,전문의약품,"장용성캡슐제, 펠렛",D000890,Duloxetine Hydrochloride Enteric-Coated Granules,Duloxetine Hydrochloride Enteric-Coated Granules(둘록세틴염산염장용과립),둘록세틴염산염장용과립,둘로틴캡슐30밀리그램(둘록세틴염산염),20141208,201405792,[M259598]둘록세틴염산염장용과립,,단일,20161230,소아 및 18세 미만의 청소년의 주요우울장애의 치료에는 사용해서는 안 됨.만 7세에서 17세까지의 주요우울장애 환자에서 플루옥세틴 군보다 이상사례(주로 오심)로 인한 중단 및 자살행동 높음.,"다만, '주요 우울장애의 치료'에 한함",특정연령대금기
20210207,일정량씩 분무되는 용기에 든 흰색 또는 거의 흰색에 가까운 불투명한 현탁액,01320,이비과용제,(주)보령바이오파마,전문의약품,정량현탁분무제,D000633,Mometasone Furoate,Mometasone Furoate(모메타손푸로에이트),모메타손푸로에이트,비알코넥스나잘스프레이(모메타손푸로에이트),20150105,201500024,[M070188]모메타손푸로에이트,,단일,20171106,- 소아 환자에게 비강 코르티코스테로이드의 투여에 대한 임상시험에서 성장속도가 감소될 수 있다는 결과 나타남- 2세 미만에서 안전성 및 유효성 미확립,,특정연령대금기
20250115,노란색의 타원형 필름코팅정제,02590,기타의 비뇨생식기관 및 항문용약,삼진제약(주),전문의약품,필름코팅정,D000181,Tadalafil,Tadalafil(타다라필),타다라필,해피롱정20밀리그램(타다라필),20150130,201500523,[M095435]타다라필,,단일,20140109,_,,특정연령대금기
20201130,백색의 원형 정제,06290,기타의 화학요법제,(주)비보존제약,전문의약품,나정,D000380,Terbinafine Hydrochloride,Terbinafine Hydrochloride(테르비나핀염산염),테르비나핀염산염,타비나핀정(테르비나핀염산염),20150205,201500625,[M245869]테르비나핀염산염,,단일,20140109,안전성 및 유효성 미확립,,특정연령대금기
20250115,노란색의 장방형 필름코팅정,02590,기타의 비뇨생식기관 및 항문용약,(주)동구바이오제약,전문의약품,필름코팅정,D000181,Tadalafil,Tadalafil(타다라필),타다라필,자이리스정20mg(타다라필),20150217,201500885,[M095435]타다라필,,단일,20140109,_,,특정연령대금기
20250115,노란색의 타원형 필름코팅정제,02590,기타의 비뇨생식기관 및 항문용약,삼진제약(주),전문의약품,필름코팅정,D000181,Tadalafil,Tadalafil(타다라필),타다라필,해피롱정10밀리그램(타다라필),20150223,201500895,[M095435]타다라필,,단일,20140109,_,,특정연령대금기
20250115,노란색 장방형 모양의 필름코팅정제,02590,기타의 비뇨생식기관 및 항문용약,일동제약(주),전문의약품,필름코팅정,D000181,Tadalafil,Tadalafil(타다라필),타다라필,토네이드정10밀리그램(타다라필),20150305,201501126,[M095435]타다라필,,단일,20140109,_,,특정연령대금기
20250115,노란색 원형 모양의 필름코팅정제,02590,기타의 비뇨생식기관 및 항문용약,일동제약(주),전문의약품,필름코팅정,D000181,Tadalafil,Tadalafil(타다라필),타다라필,토네이드정5밀리그램(타다라필),20150305,201501127,[M095435]타다라필,,단일,20140109,_,,특정연령대금기
20250115,노란색 삼각형 모양의 필름코팅정제,02590,기타의 비뇨생식기관 및 항문용약,일동제약(주),전문의약품,필름코팅정,D000181,Tadalafil,Tadalafil(타다라필),타다라필,토네이드정20밀리그램(타다라필),20150305,201501128,[M095435]타다라필,,단일,20140109,_,,특정연령대금기
20250115,노란색 삼각형 모양의 필름코팅정제,02590,기타의 비뇨생식기관 및 항문용약,제일약품(주),전문의약품,필름코팅정,D000181,Tadalafil,Tadalafil(타다라필),타다라필,하나롱정20밀리그램(타다라필),20150316,201501366,[M095435]타다라필,,단일,20140109,_,,특정연령대금기
20250115,노란색 원형 모양의 필름코팅정제,02590,기타의 비뇨생식기관 및 항문용약,제일약품(주),전문의약품,필름코팅정,D000181,Tadalafil,Tadalafil(타다라필),타다라필,하나롱정5밀리그램(타다라필),20150316,201501367,[M095435]타다라필,,단일,20140109,_,,특정연령대금기
20250115,분할선을 가진 노란색의 모서리가 둥근 삼각형 모양의 필름코팅정제,02590,기타의 비뇨생식기관 및 항문용약,일양약품(주),전문의약품,필름코팅정,D000181,Tadalafil,Tadalafil(타다라필),타다라필,일양타다라필정20mg(타다라필),20150318,201501431,[M095435]타다라필,,단일,20140109,_,,특정연령대금기
20250115,노란색의 타원형 필름코팅정,02590,기타의 비뇨생식기관 및 항문용약,(주)동구바이오제약,전문의약품,필름코팅정,D000181,Tadalafil,Tadalafil(타다라필),타다라필,자이리스정5mg(타다라필),20150320,201501479,[M095435]타다라필,,단일,20140109,_,,특정연령대금기
20250115,노란색의 타원형 필름코팅정,02590,기타의 비뇨생식기관 및 항문용약,영진약품(주),전문의약품,필름코팅정,D000181,Tadalafil,Tadalafil(타다라필),타다라필,일라정5mg(타다라필),20150324,201501539,[M095435]타다라필,,단일,20140109,_,,특정연령대금기
20250115,노란색의 장방형 필름코팅정,02590,기타의 비뇨생식기관 및 항문용약,영진약품(주),전문의약품,필름코팅정,D000181,Tadalafil,Tadalafil(타다라필),타다라필,일라정20mg(타다라필),20150324,201501540,[M095435]타다라필,,단일,20140109,_,,특정연령대금기
20201229,연한 주황색의 원형정제,02590,기타의 비뇨생식기관 및 항문용약,(주)아이월드제약,전문의약품,나정,D000681,Terazosin Hydrochloride Hydrate,Terazosin Hydrochloride Hydrate(테라조신염산염수화물),테라조신염산염수화물,테로핀정2밀리그램(테라조신염산염수화물),20150324,201501548,[M250456]테라조신염산염수화물,,단일,20140109,안전성 및 유효성 미확립,,특정연령대금기
20250115,"(내수용)노란색 원형 모양의 필름코팅정제, (수출용)노란색 원형의 필름코팅정제",02590,기타의 비뇨생식기관 및 항문용약,(주)비보존제약,전문의약품,필름코팅정,D000181,Tadalafil,Tadalafil(타다라필),타다라필,헤로스정5mg(타다라필),20150326,201501610,[M095435]타다라필/[M095435]타다라필,,단일,20140109,_,,특정연령대금기
20250115,"(내수용)노란색 삼각형 모양의 필름코팅정제, (수출용)노란색 타원형의 필름코팅정제",02590,기타의 비뇨생식기관 및 항문용약,(주)비보존제약,전문의약품,필름코팅정,D000181,Tadalafil,Tadalafil(타다라필),타다라필,헤로스정20mg(타다라필),20150326,201501612,[M095435]타다라필/[M095435]타다라필,,단일,20140109,_,,특정연령대금기
20250115,노란색 원형 모양의 필름코팅정제,02590,기타의 비뇨생식기관 및 항문용약,아주약품(주),전문의약품,필름코팅정,D000181,Tadalafil,Tadalafil(타다라필),타다라필,썬카정5밀리그램(타다라필),20150330,201501675,[M095435]타다라필,,단일,20140109,_,,특정연령대금기
20250115,노란색 삼각형 모양의 필름코팅정제,02590,기타의 비뇨생식기관 및 항문용약,아주약품(주),전문의약품,필름코팅정,D000181,Tadalafil,Tadalafil(타다라필),타다라필,썬카정20밀리그램(타다라필),20150330,201501676,[M095435]타다라필,,단일,20140109,_,,특정연령대금기
20250115,노란색의 장방형 필름코팅정,02590,기타의 비뇨생식기관 및 항문용약,영풍제약(주),전문의약품,필름코팅정,D000181,Tadalafil,Tadalafil(타다라필),타다라필,푸로리스정20mg(타다라필),20150330,201501688,[M095435]타다라필,,단일,20140109,_,,특정연령대금기
20250115,노란색의 타원형 필름코팅정,02590,기타의 비뇨생식기관 및 항문용약,부광약품(주),전문의약품,필름코팅정,D000181,Tadalafil,Tadalafil(타다라필),타다라필,부광타다라필정5mg,20150331,201501707,[M095435]타다라필,,단일,20140109,_,,특정연령대금기
20250115,노란색의 장방형 필름코팅정,02590,기타의 비뇨생식기관 및 항문용약,부광약품(주),전문의약품,필름코팅정,D000181,Tadalafil,Tadalafil(타다라필),타다라필,부광타다라필정20mg,20150331,201501708,[M095435]타다라필,,단일,20140109,_,,특정연령대금기
20250115,노란색의 타원형 필름코팅정,02590,기타의 비뇨생식기관 및 항문용약,한올바이오파마(주),전문의약품,필름코팅정,D000181,Tadalafil,Tadalafil(타다라필),타다라필,포드림정5mg(타다라필),20150331,201501734,[M095435]타다라필,,단일,20140109,_,,특정연령대금기
20250115,노란색의 장방형 필름코팅정,02590,기타의 비뇨생식기관 및 항문용약,한올바이오파마(주),전문의약품,필름코팅정,D000181,Tadalafil,Tadalafil(타다라필),타다라필,포드림정20mg(타다라필),20150331,201501735,[M095435]타다라필,,단일,20140109,_,,특정연령대금기
20200901,흰색의 원형 정제,06290,기타의 화학요법제,주식회사더유제약,전문의약품,나정,D000380,Terbinafine Hydrochloride,Terbinafine Hydrochloride(테르비나핀염산염),테르비나핀염산염,라미나핀정(테르비나핀염산염),20150331,201501740,[M245869]테르비나핀염산염,,단일,20140109,안전성 및 유효성 미확립,,특정연령대금기
20250115,노란색의 장방형 필름코팅정,02590,기타의 비뇨생식기관 및 항문용약,(주)에이프로젠바이오로직스,전문의약품,필름코팅정,D000181,Tadalafil,Tadalafil(타다라필),타다라필,조이롱정20밀리그램(타다라필),20150408,201501883,[M095435]타다라필,,단일,20140109,_,,특정연령대금기
20250115,노란색의 달걀형 필름코팅정,02590,기타의 비뇨생식기관 및 항문용약,동광제약(주),전문의약품,필름코팅정,D000181,Tadalafil,Tadalafil(타다라필),타다라필,세니트엔정20mg(타다라필),20150408,201501886,[M095435]타다라필,,단일,20140109,_,,특정연령대금기
20250115,연한 노란색의 씹어먹는 원형 정제,02590,기타의 비뇨생식기관 및 항문용약,한미약품(주),전문의약품,추어블정(저작정),D000181,Tadalafil,Tadalafil(타다라필),타다라필,구구츄정20밀리그램(타다라필),20150408,201501891,[M095435]타다라필,,단일,20140109,_,,특정연령대금기
20250115,연한 노란색의 씹어먹는 원형 정제,02590,기타의 비뇨생식기관 및 항문용약,한미약품(주),전문의약품,추어블정(저작정),D000181,Tadalafil,Tadalafil(타다라필),타다라필,구구츄정10밀리그램(타다라필),20150408,201501892,[M095435]타다라필,,단일,20140109,_,,특정연령대금기
20250115,연한 노란색의 씹어먹는 원형 정제,02590,기타의 비뇨생식기관 및 항문용약,한미약품(주),전문의약품,추어블정(저작정),D000181,Tadalafil,Tadalafil(타다라필),타다라필,구구츄정5밀리그램(타다라필),20150408,201501893,[M095435]타다라필,,단일,20140109,_,,특정연령대금기
20250115,황색의 원형 필름코팅정,02590,기타의 비뇨생식기관 및 항문용약,코오롱제약(주),전문의약품,필름코팅정,D000181,Tadalafil,Tadalafil(타다라필),타다라필,코오롱타다라필정10mg(타다라필)(수출용),20150409,201501932,[M095435]타다라필,,단일,20140109,_,,특정연령대금기
20250115,황색의 원형 필름코팅정,02590,기타의 비뇨생식기관 및 항문용약,코오롱제약(주),전문의약품,필름코팅정,D000181,Tadalafil,Tadalafil(타다라필),타다라필,코오롱타다라필정20mg(타다라필)(수출용),20150409,201501933,[M095435]타다라필,,단일,20140109,_,,특정연령대금기
20250115,분할선을 가진 노란색의 타원형 필름코팅정,02590,기타의 비뇨생식기관 및 항문용약,(주)씨티씨바이오,전문의약품,필름코팅정,D000181,Tadalafil,Tadalafil(타다라필),타다라필,고든정5mg(타다라필),20150409,201501944,[M095435]타다라필,,단일,20140109,_,,특정연령대금기
20250115,노란색의 클로버형 필름코팅정,02590,기타의 비뇨생식기관 및 항문용약,주식회사제뉴원사이언스,전문의약품,필름코팅정,D000181,Tadalafil,Tadalafil(타다라필),타다라필,카마라필정20밀리그램(타다라필),20150409,201501946,[M095435]타다라필,,단일,20140109,_,,특정연령대금기
20250115,분홍색의 아몬드 모양 필름코팅정제,02590,기타의 비뇨생식기관 및 항문용약,(주)유한양행,전문의약품,필름코팅정,D000181,Tadalafil,Tadalafil(타다라필),타다라필,타다포스정20mg(타다라필),20150410,201501971,[M095435]타다라필,,단일,20140109,_,,특정연령대금기
20250115,황색의 직사각형 구강용해필름제,02590,기타의 비뇨생식기관 및 항문용약,(주)씨엘팜,전문의약품,구강붕해필름,D000181,Tadalafil,Tadalafil(타다라필),타다라필,센트립구강용해필름20mg(타다라필),20150410,201501975,[M095435]타다라필,,단일,20140109,_,,특정연령대금기
20250115,황색의 직사각형 구강용해필름제,02590,기타의 비뇨생식기관 및 항문용약,(주)씨엘팜,전문의약품,구강붕해필름,D000181,Tadalafil,Tadalafil(타다라필),타다라필,센트립구강용해필름10mg(타다라필),20150410,201501976,[M095435]타다라필,,단일,20140109,_,,특정연령대금기
20250115,분홍색의 아몬드 모양 필름코팅정제,02590,기타의 비뇨생식기관 및 항문용약,(주)유한양행,전문의약품,필름코팅정,D000181,Tadalafil,Tadalafil(타다라필),타다라필,타다포스정5mg(타다라필),20150413,201501996,[M095435]타다라필,,단일,20140109,_,,특정연령대금기
20250115,분홍색의 아몬드 모양 필름코팅정제,02590,기타의 비뇨생식기관 및 항문용약,(주)유한양행,전문의약품,필름코팅정,D000181,Tadalafil,Tadalafil(타다라필),타다라필,타다포스정10mg(타다라필),20150413,201501998,[M095435]타다라필,,단일,20140109,_,,특정연령대금기
20250115,노란색 원형 모양의 필름코팅정제,02590,기타의 비뇨생식기관 및 항문용약,국제약품(주),전문의약품,필름코팅정,D000181,Tadalafil,Tadalafil(타다라필),타다라필,빅토리스정5밀리그램(타다라필),20150414,201502213,[M095435]타다라필,,단일,20140109,_,,특정연령대금기
20250115,분할선을 가진 노란색의 타원형 필름코팅정,02590,기타의 비뇨생식기관 및 항문용약,일양약품(주),전문의약품,필름코팅정,D000181,Tadalafil,Tadalafil(타다라필),타다라필,일양타다라필정5mg(타다라필),20150414,201502214,[M095435]타다라필,,단일,20140109,_,,특정연령대금기
20250115,노란색의 육각형 필름코팅정,02590,기타의 비뇨생식기관 및 항문용약,경동제약(주),전문의약품,필름코팅정,D000181,Tadalafil,Tadalafil(타다라필),타다라필,더포르테씨정20밀리그램(타다라필),20150414,201502216,[M095435]타다라필,,단일,20140109,_,,특정연령대금기
20250115,노란색의 육각형 필름코팅정,02590,기타의 비뇨생식기관 및 항문용약,경동제약(주),전문의약품,필름코팅정,D000181,Tadalafil,Tadalafil(타다라필),타다라필,더포르테씨정5밀리그램(타다라필),20150414,201502217,[M095435]타다라필,,단일,20140109,_,,특정연령대금기
20250115,흰색의 사각형 구강용해필름,02590,기타의 비뇨생식기관 및 항문용약,(주)종근당,전문의약품,구강붕해필름,D000181,Tadalafil,Tadalafil(타다라필),타다라필,센돔구강용해필름20밀리그램(타다라필),20150415,201502239,[M095435]타다라필,,단일,20140109,_,,특정연령대금기
20250115,황색의 직사각형 구강용해필름제,02590,기타의 비뇨생식기관 및 항문용약,동광제약(주),전문의약품,구강붕해필름,D000181,Tadalafil,Tadalafil(타다라필),타다라필,세니트엔구강용해필름20mg(타다라필),20150415,201502266,[M095435]타다라필,,단일,20140109,_,,특정연령대금기
20250115,황색의 직사각형 구강붕해필름,02590,기타의 비뇨생식기관 및 항문용약,(주)동구바이오제약,전문의약품,구강붕해필름,D000181,Tadalafil,Tadalafil(타다라필),타다라필,자이리스구강붕해필름20mg(타다라필),20150415,201502273,[M095435]타다라필,,단일,20140109,_,,특정연령대금기
20250115,연한 노란색의 원형 필름코팅정제,02590,기타의 비뇨생식기관 및 항문용약,주식회사제뉴원사이언스,전문의약품,필름코팅정,D000181,Tadalafil,Tadalafil(타다라필),타다라필,카마라필정5밀리그램(타다라필),20150415,201502291,[M095435]타다라필,,단일,20140109,_,,특정연령대금기
20250115,노란색의 장방형 필름코팅정,02590,기타의 비뇨생식기관 및 항문용약,(주)한국파비스제약,전문의약품,필름코팅정,D000181,Tadalafil,Tadalafil(타다라필),타다라필,롱티메정20mg(타다라필),20150416,201502309,[M095435]타다라필,,단일,20140109,_,,특정연령대금기
20250115,노란색의 타원형 필름코팅정,02590,기타의 비뇨생식기관 및 항문용약,동광제약(주),전문의약품,필름코팅정,D000181,Tadalafil,Tadalafil(타다라필),타다라필,세니트엔정5mg(타다라필),20150416,201502311,[M095435]타다라필,,단일,20140109,_,,특정연령대금기
20250115,노란색의 타원형 필름코팅정,02590,기타의 비뇨생식기관 및 항문용약,(주)한국파비스제약,전문의약품,필름코팅정,D000181,Tadalafil,Tadalafil(타다라필),타다라필,롱티메정5mg(타다라필),20150417,201502340,[M095435]타다라필,,단일,20140109,_,,특정연령대금기
20250115,노란색의 타원형 필름코팅정제,02590,기타의 비뇨생식기관 및 항문용약,삼진제약(주),전문의약품,필름코팅정,D000181,Tadalafil,Tadalafil(타다라필),타다라필,해피롱정5밀리그램(타다라필),20150423,201502405,[M095435]타다라필,,단일,20140109,_,,특정연령대금기
20250115,옅은 황색의 직사각형 구강용해필름,02590,기타의 비뇨생식기관 및 항문용약,(주)씨티씨바이오,전문의약품,구강붕해필름,D000181,Tadalafil,Tadalafil(타다라필),타다라필,고든구강용해필름10mg(타다라필)(수출명: CALIBERI orodispersible film 10mg),20150506,201502756,[M095435]타다라필,,단일,20140109,_,,특정연령대금기
20250115,노란색의 장방형 필름코팅정,02590,기타의 비뇨생식기관 및 항문용약,(주)일화,전문의약품,필름코팅정,D000181,Tadalafil,Tadalafil(타다라필),타다라필,시알라필정20mg(타다라필),20150507,201502770,[M095435]타다라필,,단일,20140109,_,,특정연령대금기
20250115,노란색의 양쪽이 볼록한 장방형 필름코팅정제,02590,기타의 비뇨생식기관 및 항문용약,(주)종근당,전문의약품,필름코팅정,D000181,Tadalafil,Tadalafil(타다라필),타다라필,센돔정10밀리그램(타다라필),20150507,201502773,[M095435]타다라필,,단일,20140109,_,,특정연령대금기
20250115,연한 노란색의 양쪽이 볼록한 장방형 필름코팅정제,02590,기타의 비뇨생식기관 및 항문용약,(주)종근당,전문의약품,필름코팅정,D000181,Tadalafil,Tadalafil(타다라필),타다라필,센돔정5밀리그램(타다라필),20150507,201502774,[M095435]타다라필,,단일,20140109,_,,특정연령대금기
20250115,노란색의 양쪽이 볼록한 장방형 필름코팅정제,02590,기타의 비뇨생식기관 및 항문용약,(주)종근당,전문의약품,필름코팅정,D000181,Tadalafil,Tadalafil(타다라필),타다라필,센돔정20밀리그램(타다라필),20150507,201502775,[M095435]타다라필,,단일,20140109,_,,특정연령대금기
20250115,노란색의 타원형 필름코팅정,02590,기타의 비뇨생식기관 및 항문용약,(주)서울제약,전문의약품,필름코팅정,D000181,Tadalafil,Tadalafil(타다라필),타다라필,불티움정5밀리그램(타다라필),20150526,201503139,[M095435]타다라필,,단일,20140109,_,,특정연령대금기
20250115,노란색의 모서리가 둥근 삼각형 모양의 필름코팅정제,02590,기타의 비뇨생식기관 및 항문용약,(주)대웅제약,전문의약품,필름코팅정,D000181,Tadalafil,Tadalafil(타다라필),타다라필,타오르정5밀리그램(타다라필),20150526,201503142,[M095435]타다라필,,단일,20140109,_,,특정연령대금기
20250115,분할선을 가진 노란색의 모서리가 둥근 삼각형 모양의 필름코팅정제,02590,기타의 비뇨생식기관 및 항문용약,(주)대웅제약,전문의약품,필름코팅정,D000181,Tadalafil,Tadalafil(타다라필),타다라필,타오르정20밀리그램(타다라필),20150526,201503143,[M095435]타다라필,,단일,20140109,_,,특정연령대금기
20250115,분할선을 가진 노란색의 모서리가 둥근 삼각형 모양의 필름코팅정제,02590,기타의 비뇨생식기관 및 항문용약,(주)대웅제약,전문의약품,필름코팅정,D000181,Tadalafil,Tadalafil(타다라필),타다라필,타오르정10밀리그램(타다라필),20150526,201503144,[M095435]타다라필,,단일,20140109,_,,특정연령대금기
20250115,노란색의 모서리가 둥근 삼각형 모양의 필름코팅정제,02590,기타의 비뇨생식기관 및 항문용약,한국휴텍스제약(주),전문의약품,필름코팅정,D000181,Tadalafil,Tadalafil(타다라필),타다라필,뉴씨그라정5mg(타다라필),20150527,201503170,[M095435]타다라필,,단일,20140109,_,,특정연령대금기
20250115,옅은 황색의 직사각형 구강용해필름,02590,기타의 비뇨생식기관 및 항문용약,(주)씨티씨바이오,전문의약품,구강붕해필름,D000181,Tadalafil,Tadalafil(타다라필),타다라필,고든구강용해필름5mg(타다라필)(수출명: CALIBERI orodispersible film 5mg),20150528,201503283,[M095435]타다라필,,단일,20140109,_,,특정연령대금기
20250115,분할선을 가진 노란색의 모서리가 둥근 삼각형 모양의 필름코팅정제,02590,기타의 비뇨생식기관 및 항문용약,알보젠코리아(주),전문의약품,필름코팅정,D000181,Tadalafil,Tadalafil(타다라필),타다라필,타다프리정20밀리그램(타다라필),20150529,201503288,[M095435]타다라필,,단일,20140109,_,,특정연령대금기
20250115,노란색의 모서리가 둥근 삼각형 모양의 필름코팅정제,02590,기타의 비뇨생식기관 및 항문용약,알보젠코리아(주),전문의약품,필름코팅정,D000181,Tadalafil,Tadalafil(타다라필),타다라필,타다프리정5밀리그램(타다라필),20150529,201503289,[M095435]타다라필,,단일,20140109,_,,특정연령대금기
20250115,노란색의 모서리가 둥근 삼각형 모양의 필름코팅정제,02590,기타의 비뇨생식기관 및 항문용약,동국제약(주),전문의약품,필름코팅정,D000181,Tadalafil,Tadalafil(타다라필),타다라필,엠스트롱정5밀리그램(타다라필),20150529,201503293,[M095435]타다라필,,단일,20140109,_,,특정연령대금기
20250115,분할선을 가진 노란색의 모서리가 둥근 삼각형 모양의 필름코팅정제,02590,기타의 비뇨생식기관 및 항문용약,동국제약(주),전문의약품,필름코팅정,D000181,Tadalafil,Tadalafil(타다라필),타다라필,엠스트롱정20밀리그램(타다라필),20150529,201503295,[M095435]타다라필,,단일,20140109,_,,특정연령대금기
20250115,노란색의 모서리가 둥근 삼각형 모양의 필름코팅정제,02590,기타의 비뇨생식기관 및 항문용약,(주)킵스바이오파마,전문의약품,필름코팅정,D000181,Tadalafil,Tadalafil(타다라필),타다라필,더플러스정5밀리그램(타다라필),20150529,201503300,[M095435]타다라필,,단일,20140109,_,,특정연령대금기
20250115,노란색의 모서리가 둥근 삼각형 모양의 필름코팅정제,02590,기타의 비뇨생식기관 및 항문용약,알리코제약(주),전문의약품,필름코팅정,D000181,Tadalafil,Tadalafil(타다라필),타다라필,데일라정5mg(타다라필),20150529,201503301,[M095435]타다라필,,단일,20140109,_,,특정연령대금기
20250115,노란색의 모서리가 둥근 삼각형 모양의 필름코팅정제,02590,기타의 비뇨생식기관 및 항문용약,(주)넥스팜코리아,전문의약품,필름코팅정,D000181,Tadalafil,Tadalafil(타다라필),타다라필,일나스정5밀리그램(타다라필),20150529,201503302,[M095435]타다라필,,단일,20140109,_,,특정연령대금기
20250115,노란색 원형 모양의 필름코팅정제,02590,기타의 비뇨생식기관 및 항문용약,(주)셀트리온제약,전문의약품,필름코팅정,D000181,Tadalafil,Tadalafil(타다라필),타다라필,타올라스정5밀리그램(타다라필),20150529,201503304,[M095435]타다라필,,단일,20140109,_,,특정연령대금기
20170909,분할선을 가진 연두색의 모서리가 둥근 삼각형 필름코팅정,02590,기타의 비뇨생식기관 및 항문용약,대웅바이오(주),전문의약품,필름코팅정,D000246,Sildenafil Citrate,Sildenafil Citrate(실데나필시트르산염),실데나필시트르산염,대웅바이오실데나필정100밀리그램(실데나필시트르산염),20150529,201503486,[M252789]실데나필시트르산염,,단일,20140109,_,,특정연령대금기
20170909,분할선을 가진 연두색의 모서리가 둥근 삼각형 필름코팅정,02590,기타의 비뇨생식기관 및 항문용약,대웅바이오(주),전문의약품,필름코팅정,D000246,Sildenafil Citrate,Sildenafil Citrate(실데나필시트르산염),실데나필시트르산염,대웅바이오실데나필정50밀리그램(실데나필시트르산염),20150529,201503487,[M252789]실데나필시트르산염,,단일,20140109,_,,특정연령대금기
20250115,노란색의 모서리가 둥근 삼각형 모양의 필름코팅정제,02590,기타의 비뇨생식기관 및 항문용약,주식회사더유제약,전문의약품,필름코팅정,D000181,Tadalafil,Tadalafil(타다라필),타다라필,윕스정5밀리그램(타다라필),20150529,201503492,[M095435]타다라필,,단일,20140109,_,,특정연령대금기
20250115,분할선을 가진 노란색의 모서리가 둥근 삼각형 모양의 필름코팅정제,02590,기타의 비뇨생식기관 및 항문용약,주식회사더유제약,전문의약품,필름코팅정,D000181,Tadalafil,Tadalafil(타다라필),타다라필,윕스정20밀리그램(타다라필),20150529,201503493,[M095435]타다라필,,단일,20140109,_,,특정연령대금기
20250115,흰색의 사각형 구강용해필름,02590,기타의 비뇨생식기관 및 항문용약,(주)씨엠지제약,전문의약품,구강붕해필름,D000181,Tadalafil,Tadalafil(타다라필),타다라필,제대로필구강용해필름10밀리그램(타다라필),20150630,201504229,[M095435]타다라필,,단일,20140109,_,,특정연령대금기
20250115,흰색의 사각형 구강용해필름,02590,기타의 비뇨생식기관 및 항문용약,(주)씨엠지제약,전문의약품,구강붕해필름,D000181,Tadalafil,Tadalafil(타다라필),타다라필,제대로필구강용해필름20밀리그램(타다라필),20150630,201504230,[M095435]타다라필,,단일,20140109,_,,특정연령대금기
20250115,흰색의 사각형 구강용해필름,02590,기타의 비뇨생식기관 및 항문용약,한국휴텍스제약(주),전문의약품,구강붕해필름,D000181,Tadalafil,Tadalafil(타다라필),타다라필,뉴씨그라구강용해필름20mg(타다라필),20150630,201504269,[M095435]타다라필,,단일,20140109,_,,특정연령대금기
20250115,흰색의 사각형 구강용해필름,02590,기타의 비뇨생식기관 및 항문용약,삼일제약(주),전문의약품,구강붕해필름,D000181,Tadalafil,Tadalafil(타다라필),타다라필,이렉시멈구강용해필름20밀리그램(타다라필),20150713,201504798,[M095435]타다라필,,단일,20140109,_,,특정연령대금기
20250115,흰색 또는 연한 노란색의 산제,02590,기타의 비뇨생식기관 및 항문용약,안국약품(주),전문의약품,산제,D000181,Tadalafil,Tadalafil(타다라필),타다라필,그래서산20밀리그램(타다라필),20150813,201505611,[M095435]타다라필,,단일,20140109,_,,특정연령대금기
20250115,흰색 또는 연한 노란색의 산제,02590,기타의 비뇨생식기관 및 항문용약,안국약품(주),전문의약품,산제,D000181,Tadalafil,Tadalafil(타다라필),타다라필,그래서산10밀리그램(타다라필),20150813,201505612,[M095435]타다라필,,단일,20140109,_,,특정연령대금기
20250115,흰색 또는 연한 노란색의 산제,02590,기타의 비뇨생식기관 및 항문용약,안국약품(주),전문의약품,산제,D000181,Tadalafil,Tadalafil(타다라필),타다라필,그래서산5밀리그램(타다라필),20150813,201505613,[M095435]타다라필,,단일,20140109,_,,특정연령대금기
20250115,노란색의 장방형 필름코팅정,02590,기타의 비뇨생식기관 및 항문용약,(주)휴온스,전문의약품,필름코팅정,D000181,Tadalafil,Tadalafil(타다라필),타다라필,이팔정20mg(타다라필),20150820,201505842,[M095435]타다라필,,단일,20140109,_,,특정연령대금기
20210118,일정량씩 분무되는 용기에 든 흰색 또는 거의 흰색에 가까운 불투명한 현탁액,01320,이비과용제,주식회사제뉴원사이언스,전문의약품,일반현탁분무제,D000633,Mometasone Furoate,Mometasone Furoate(모메타손푸로에이트),모메타손푸로에이트,제뉴원모메타손스프레이(모메타손푸로에이트)(수출용),20150821,201505894,[M070188]모메타손푸로에이트,,단일,20171106,- 소아 환자에게 비강 코르티코스테로이드의 투여에 대한 임상시험에서 성장속도가 감소될 수 있다는 결과 나타남- 2세 미만에서 안전성 및 유효성 미확립,,특정연령대금기
20200527,연한 주황색의 원형정제,02590,기타의 비뇨생식기관 및 항문용약,익수제약(주),전문의약품,나정,D000681,Terazosin Hydrochloride Hydrate,Terazosin Hydrochloride Hydrate(테라조신염산염수화물),테라조신염산염수화물,테라포스정2밀리그램(테라조신염산염수화물),20150831,201506179,[M250456]테라조신염산염수화물,,단일,20140109,안전성 및 유효성 미확립,,특정연령대금기
20250115,노란색의 타원형 필름코팅정,02590,기타의 비뇨생식기관 및 항문용약,(주)씨엠지제약,전문의약품,필름코팅정,D000181,Tadalafil,Tadalafil(타다라필),타다라필,제대로필정5밀리그램(타다라필),20150831,201506289,[M095435]타다라필,,단일,20140109,_,,특정연령대금기
20170909,분할선을 가진 연두색의 모서리가 둥근 삼각형 필름코팅정,02590,기타의 비뇨생식기관 및 항문용약,주식회사더유제약,전문의약품,필름코팅정,D000246,Sildenafil Citrate,Sildenafil Citrate(실데나필시트르산염),실데나필시트르산염,올앳스정50밀리그램(실데나필시트르산염),20150914,201506540,[M252789]실데나필시트르산염,,단일,20140109,_,,특정연령대금기
20170909,분할선을 가진 연두색의 모서리가 둥근 삼각형 필름코팅정,02590,기타의 비뇨생식기관 및 항문용약,주식회사더유제약,전문의약품,필름코팅정,D000246,Sildenafil Citrate,Sildenafil Citrate(실데나필시트르산염),실데나필시트르산염,올앳스정100밀리그램(실데나필시트르산염),20150914,201506541,[M252789]실데나필시트르산염,,단일,20140109,_,,특정연령대금기
20250115,흰색의 사각형 구강용해필름,02590,기타의 비뇨생식기관 및 항문용약,(주)팜젠사이언스,전문의약품,구강붕해필름,D000181,Tadalafil,Tadalafil(타다라필),타다라필,스타라필구강용해필름20밀리그램(타다라필),20151030,201507480,[M095435]타다라필,,단일,20140109,_,,특정연령대금기
20191024,흰색의 고체 또는 분말이 무색투명한 바이알에 든 주사제,02430,"갑상선, 부갑상선호르몬제",동아에스티(주),전문의약품,용액용동결건조분말주사제,D000484,Teriparatide Acetate,Teriparatide Acetate(테리파라타이드아세트산염),테리파라타이드아세트산염,테리본피하주사56.5마이크로그램(테리파라타이드아세트산염),20151113,201507697,[M263083]테리파라타이드아세트산염,,단일,20140109,- 안전성 및 유효성 미확립- 일반적으로 골육종 발현 위험이 높을 수 있음,,특정연령대금기
20250115,분할선을 가진 노란색의 모서리가 둥근 삼각형 모양의 필름코팅정제,02590,기타의 비뇨생식기관 및 항문용약,현대약품(주),전문의약품,필름코팅정,D000181,Tadalafil,Tadalafil(타다라필),타다라필,아작스정20밀리그램(타다라필),20151230,201508516,[M095435]타다라필,,단일,20140109,_,,특정연령대금기
20210407,옅은 오렌지색 내지 황색의 원형정제,02590,기타의 비뇨생식기관 및 항문용약,아이큐어(주),전문의약품,나정,D000681,Terazosin Hydrochloride Hydrate,Terazosin Hydrochloride Hydrate(테라조신염산염수화물),테라조신염산염수화물,테라산정2mg(테라조신염산염수화물),20160317,201601554,[M250456]테라조신염산염수화물,,단일,20140109,안전성 및 유효성 미확립,,특정연령대금기
20200828,연한 주황색의 원형정제,02590,기타의 비뇨생식기관 및 항문용약,대웅바이오(주),전문의약품,나정,D000681,Terazosin Hydrochloride Hydrate,Terazosin Hydrochloride Hydrate(테라조신염산염수화물),테라조신염산염수화물,하이소린정2mg(테라조신염산염수화물),20160531,201603090,[M250456]테라조신염산염수화물,,단일,20140109,안전성 및 유효성 미확립,,특정연령대금기
20190911,흰색 내지 미백색의 원형 정제,06290,기타의 화학요법제,맥널티제약(주),전문의약품,나정,D000380,Terbinafine Hydrochloride,Terbinafine Hydrochloride(테르비나핀염산염),테르비나핀염산염,엠터나핀정(테르비나핀염산염),20160620,201603638,[M245869]테르비나핀염산염,,단일,20140109,안전성 및 유효성 미확립,,특정연령대금기
20200207,흰색의 타원형 당의정,01170,정신신경용제,건일제약(주),전문의약품,당의정,D000384,Tianeptine Sodium,Tianeptine Sodium(티아넵틴나트륨),티아넵틴나트륨,건일티아넵틴정(티아넵틴나트륨),20160621,201603727,[M089308]티아넵틴나트륨,,단일,20140109,_,,특정연령대금기
20250115,노란색 리본모양의 필름코팅정제,02590,기타의 비뇨생식기관 및 항문용약,유니메드제약(주),전문의약품,필름코팅정,D000181,Tadalafil,Tadalafil(타다라필),타다라필,시알정20밀리그램(타다라필),20160627,201603989,[M095435]타다라필,,단일,20140109,_,,특정연령대금기
20250115,연한 노란색의 물방울형 필름코팅정제,02590,기타의 비뇨생식기관 및 항문용약,유니메드제약(주),전문의약품,필름코팅정,D000181,Tadalafil,Tadalafil(타다라필),타다라필,시알정5밀리그램(타다라필),20160706,201604178,[M095435]타다라필,,단일,20140109,_,,특정연령대금기
20250115,노란색의 장방형 필름코팅정,02590,기타의 비뇨생식기관 및 항문용약,성원애드콕제약(주),전문의약품,필름코팅정,D000181,Tadalafil,Tadalafil(타다라필),타다라필,시아놀정20밀리그램(타다라필),20160708,201604239,[M095435]타다라필,,단일,20140109,_,,특정연령대금기
20250115,노란색의 타원형 필름코팅정,02590,기타의 비뇨생식기관 및 항문용약,성원애드콕제약(주),전문의약품,필름코팅정,D000181,Tadalafil,Tadalafil(타다라필),타다라필,시아놀정5밀리그램(타다라필),20160708,201604240,[M095435]타다라필,,단일,20140109,_,,특정연령대금기
20210207,일정량씩 분무되는 용기에 든 흰색 또는 거의 흰색에 가까운 불투명 현탁액,01320,이비과용제,(주)유한양행,전문의약품,일반현탁분무제,D000633,Mometasone Furoate Monohydrate,Mometasone Furoate Monohydrate(모메타손푸로에이트일수화물),모메타손푸로에이트일수화물,나자케어나잘스프레이액(모메타손푸로에이트일수화물),20160712,201604292,[M264264]모메타손푸로에이트일수화물,,단일,20171106,- 소아 환자에게 비강 코르티코스테로이드의 투여에 대한 임상시험에서 성장속도가 감소될 수 있다는 결과 나타남- 2세 미만에서 안전성 및 유효성 미확립,,특정연령대금기
20190125,연한 오렌지색의 원형 정제,02590,기타의 비뇨생식기관 및 항문용약,정우신약(주),전문의약품,나정,D000681,Terazosin Hydrochloride Hydrate,Terazosin Hydrochloride Hydrate(테라조신염산염수화물),테라조신염산염수화물,테로신정(테라조신염산염수화물),20160725,201604568,[M250456]테라조신염산염수화물,,단일,20140109,안전성 및 유효성 미확립,,특정연령대금기
20200102,흰색의 원형 정제,06290,기타의 화학요법제,이연제약(주),전문의약품,나정,D000380,Terbinafine Hydrochloride,Terbinafine Hydrochloride(테르비나핀염산염),테르비나핀염산염,테르미나정(테르비나핀염산염),20170315,201701292,[M252342]테르비나핀염산염,,단일,20140109,안전성 및 유효성 미확립,,특정연령대금기
20210215,흰색의 타원형 필름코팅정,01170,정신신경용제,환인제약(주),전문의약품,필름코팅정,D000384,Tianeptine Sodium,Tianeptine Sodium(티아넵틴나트륨),티아넵틴나트륨,티아본정(티아넵틴나트륨),20170327,201701430,[M089308]티아넵틴나트륨,,단일,20140109,_,,특정연령대금기
20170909,분할선을 가진 연두색의 모서리가 둥근 삼각형 필름코팅정,02590,기타의 비뇨생식기관 및 항문용약,제이더블유신약(주),전문의약품,필름코팅정,D000246,Sildenafil Citrate,Sildenafil Citrate(실데나필시트르산염),실데나필시트르산염,발그리아정100밀리그램(실데나필시트르산염),20170619,201704021,[M252789]실데나필시트르산염,,단일,20140109,_,,특정연령대금기
20170909,분할선을 가진 연두색의 모서리가 둥근 삼각형 필름코팅정,02590,기타의 비뇨생식기관 및 항문용약,제이더블유신약(주),전문의약품,필름코팅정,D000246,Sildenafil Citrate,Sildenafil Citrate(실데나필시트르산염),실데나필시트르산염,발그리아정50밀리그램(실데나필시트르산염),20170619,201704022,[M252789]실데나필시트르산염,,단일,20140109,_,,특정연령대금기
20210319,흰색 내지 거의 미색의 원형 정제 ,06290,기타의 화학요법제,진양제약(주),전문의약품,나정,D000380,Terbinafine Hydrochloride,Terbinafine Hydrochloride(테르비나핀염산염),테르비나핀염산염,나토실정(테르비나핀염산염),20170731,201706355,[M252342]테르비나핀염산염,,단일,20140109,안전성 및 유효성 미확립,,특정연령대금기
20210207,일정량식 분무되는 용기에 든 흰색 또는 거의 흰색에 가까운 불투명한 현탁액,01320,이비과용제,(주)마더스제약,전문의약품,정량현탁분무제,D000633,Mometasone Furoate,Mometasone Furoate(모메타손푸로에이트),모메타손푸로에이트,모베타스프레이(모메타손푸로에이트),20171127,201708077,[M070188]모메타손푸로에이트,,단일,20171106,- 소아 환자에게 비강 코르티코스테로이드의 투여에 대한 임상시험에서 성장속도가 감소될 수 있다는 결과 나타남- 2세 미만에서 안전성 및 유효성 미확립,,특정연령대금기
20210207,일정량씩 분무되는 용기에 든 흰색 또는 거의 흰색에 가까운 불투명한 현탁액,01320,이비과용제,조아제약(주),전문의약품,정량현탁분무제,D000633,Mometasone Furoate,Mometasone Furoate(모메타손푸로에이트),모메타손푸로에이트,모리타손점비액(모메타손푸로에이트),20171214,201708363,[M070188]모메타손푸로에이트,,단일,20171106,- 소아 환자에게 비강 코르티코스테로이드의 투여에 대한 임상시험에서 성장속도가 감소될 수 있다는 결과 나타남- 2세 미만에서 안전성 및 유효성 미확립,,특정연령대금기
20210207,일정량식 분무되는 용기에 든 흰색 또는 거의 흰색에 가까운 불투명한 현탁액,01320,이비과용제,한국코러스(주),전문의약품,정량현탁분무제,D000633,Mometasone Furoate,Mometasone Furoate(모메타손푸로에이트),모메타손푸로에이트,코메타손나잘스프레이(모메타손푸로에이트),20180227,201800968,[M070188]모메타손푸로에이트,,단일,20171106,- 소아 환자에게 비강 코르티코스테로이드의 투여에 대한 임상시험에서 성장속도가 감소될 수 있다는 결과 나타남- 2세 미만에서 안전성 및 유효성 미확립,,특정연령대금기
20210207,일정량씩 분무되는 플라스틱 용기에 든 흰색 또는 거의 흰색에 가까운 불투명한 현탁액이 함유된 점비액,01320,이비과용제,(주)비보존제약,전문의약품,정량현탁분무제,D000633,Mometasone Furoate,Mometasone Furoate(모메타손푸로에이트),모메타손푸로에이트,코에타손점비액(모메타손푸로에이트),20180313,201801154,[M070188]모메타손푸로에이트,,단일,20171106,- 소아 환자에게 비강 코르티코스테로이드의 투여에 대한 임상시험에서 성장속도가 감소될 수 있다는 결과 나타남- 2세 미만에서 안전성 및 유효성 미확립,,특정연령대금기
20220201,일정량식 분무되는 용기에 든 흰색 또는 거의 흰색에 가까운 불투명한 현탁액,01320,이비과용제,삼성제약(주),전문의약품,일반현탁분무제,D000633,Mometasone Furoate,Mometasone Furoate(모메타손푸로에이트),모메타손푸로에이트,삼성모메타손나잘스프레이액(모메타손푸로에이트),20180724,201803064,[M070188]모메타손푸로에이트,,단일,20171106,- 소아 환자에게 비강 코르티코스테로이드의 투여에 대한 임상시험에서 성장속도가 감소될 수 있다는 결과 나타남- 2세 미만에서 안전성 및 유효성 미확립,,특정연령대금기
20210226,흰색 내지 거의 미색의 원형정제,06290,기타의 화학요법제,엔비케이제약(주),전문의약품,나정,D000380,Terbinafine Hydrochloride,Terbinafine Hydrochloride(테르비나핀염산염),테르비나핀염산염,셀테나핀정(테르비나핀염산염),20181008,201803943,[M252342]테르비나핀염산염,,단일,20140109,안전성 및 유효성 미확립,,특정연령대금기
20210207,일정량씩 분무되는 용기에 든 흰색 또는 거의 흰색에 가까운 불투명 현탁액,01320,이비과용제,(주)보령,전문의약품,일반현탁분무제,D000633,Mometasone Furoate,Mometasone Furoate(모메타손푸로에이트),모메타손푸로에이트,보령모메타손스프레이(모메타손푸로에이트),20181030,201804288,[M070188]모메타손푸로에이트,,단일,20171106,- 소아 환자에게 비강 코르티코스테로이드의 투여에 대한 임상시험에서 성장속도가 감소될 수 있다는 결과 나타남- 2세 미만에서 안전성 및 유효성 미확립,,특정연령대금기
20210207,일정량씩 분무되는 용기에 든 흰색 또는 거의 흰색에 가까운 불투명 현탁액,01320,이비과용제,(주)경보제약,전문의약품,일반현탁분무제,D000633,Mometasone Furoate,Mometasone Furoate(모메타손푸로에이트),모메타손푸로에이트,모메코나잘스프레이(모메타손푸로에이트),20190115,201900184,[M070188]모메타손푸로에이트,,단일,20171106,- 소아 환자에게 비강 코르티코스테로이드의 투여에 대한 임상시험에서 성장속도가 감소될 수 있다는 결과 나타남- 2세 미만에서 안전성 및 유효성 미확립,,특정연령대금기
20191226,흰색의 원형 정제,06290,기타의 화학요법제,(주)셀트리온제약,전문의약품,나정,D000380,Terbinafine Hydrochloride,Terbinafine Hydrochloride(테르비나핀염산염),테르비나핀염산염,셀나핀정(테르비나핀염산염),20190201,201900799,[M245869]테르비나핀염산염,,단일,20140109,안전성 및 유효성 미확립,,특정연령대금기
20191004,황색의 필름 코팅된 원형정제,01140,해열.진통.소염제,(주)보령바이오파마,전문의약품,필름코팅정,D000280,Talniflumate,Talniflumate(탈니플루메이트),탈니플루메이트,탈니메이트정(탈니플루메이트),20190201,201900806,[M081412]탈니플루메이트,,단일,20140109,소아 용량이 설정되어 있지 않음,,특정연령대금기
20210207,일정량씩 분무되는 용기에 든 흰색 또는 거의 흰색에 가까운 불투명한 현탁액,01320,이비과용제,주식회사제뉴원사이언스,전문의약품,정량현탁분무제,D000633,Mometasone Furoate,Mometasone Furoate(모메타손푸로에이트),모메타손푸로에이트,모메타온점비액(모메타손푸로에이트),20190218,201900972,[M070188]모메타손푸로에이트,,단일,20171106,- 소아 환자에게 비강 코르티코스테로이드의 투여에 대한 임상시험에서 성장속도가 감소될 수 있다는 결과 나타남- 2세 미만에서 안전성 및 유효성 미확립,,특정연령대금기
20210207,일정량씩 분무되는 용기에 든 흰색 또는 거의 흰색에 가까운 불투명한 현탁액,01320,이비과용제,(주)씨티씨바이오,전문의약품,정량현탁분무제,D000633,Mometasone Furoate,Mometasone Furoate(모메타손푸로에이트),모메타손푸로에이트,모메씨티나잘스프레이액(모메타손푸로에이트),20190304,201901320,[M070188]모메타손푸로에이트,,단일,20171106,- 소아 환자에게 비강 코르티코스테로이드의 투여에 대한 임상시험에서 성장속도가 감소될 수 있다는 결과 나타남- 2세 미만에서 안전성 및 유효성 미확립,,특정연령대금기
20210415,흰색의 원형 정제,06290,기타의 화학요법제,한국휴텍스제약(주),전문의약품,나정,D000380,Terbinafine Hydrochloride,Terbinafine Hydrochloride(테르비나핀염산염),테르비나핀염산염,라니텐정125mg(테르비나핀염산염),20190311,201901480,[M252342]테르비나핀염산염,,단일,20140109,안전성 및 유효성 미확립,,특정연령대금기
20210207,일정량씩 분무되는 용기에 든 흰색 또는 거의 흰색에 가까운 불투명한 현탁액,01320,이비과용제,한국휴텍스제약(주),전문의약품,정량현탁분무제,D000633,Mometasone Furoate,Mometasone Furoate(모메타손푸로에이트),모메타손푸로에이트,코코나잘스프레이(모메타손푸로에이트),20190329,201901927,[M070188]모메타손푸로에이트,,단일,20171106,- 소아 환자에게 비강 코르티코스테로이드의 투여에 대한 임상시험에서 성장속도가 감소될 수 있다는 결과 나타남- 2세 미만에서 안전성 및 유효성 미확립,,특정연령대금기
20210419,흰색의 원형 정제,06290,기타의 화학요법제,(주)서울제약,전문의약품,나정,D000380,Terbinafine Hydrochloride,Terbinafine Hydrochloride(테르비나핀염산염),테르비나핀염산염,서울테르비나핀염산염정,20190510,201903042,[M252342]테르비나핀염산염,,단일,20140109,안전성 및 유효성 미확립,,특정연령대금기
20210207,일정량씩 분무되는 용기에 든 흰색 또는 거의 흰색에 가까운 불투명 현탁액,01320,이비과용제,(주)팜젠사이언스,전문의약품,정량현탁분무제,D000633,Mometasone Furoate,Mometasone Furoate(모메타손푸로에이트),모메타손푸로에이트,코에잘스프레이(모메타손푸로에이트),20190522,201903318,[M070188]모메타손푸로에이트,,단일,20171106,- 소아 환자에게 비강 코르티코스테로이드의 투여에 대한 임상시험에서 성장속도가 감소될 수 있다는 결과 나타남- 2세 미만에서 안전성 및 유효성 미확립,,특정연령대금기
20210207,일정량씩 분무되는 용기에 든 흰색 또는 거의 흰색에 가까운 불투명한 현탁액,01320,이비과용제,(주)씨엠지제약,전문의약품,정량현탁분무제,D000633,Mometasone Furoate,Mometasone Furoate(모메타손푸로에이트),모메타손푸로에이트,씨엠지나조나잘스프레이(모메타손푸로에이트),20190730,201905376,[M070188]모메타손푸로에이트,,단일,20171106,- 소아 환자에게 비강 코르티코스테로이드의 투여에 대한 임상시험에서 성장속도가 감소될 수 있다는 결과 나타남- 2세 미만에서 안전성 및 유효성 미확립,,특정연령대금기
20210610,일정량씩 분무되는 용기에 든 흰색 또는 거의 흰색에 가까운 불투명한 현탁액,01320,이비과용제,하나제약(주),전문의약품,정량현탁분무제,D000633,Mometasone Furoate,Mometasone Furoate(모메타손푸로에이트),모메타손푸로에이트,비조넥스나잘스프레이(모메타손푸로에이트),20190812,201905681,[M070188]모메타손푸로에이트,,단일,20171106,- 소아 환자에게 비강 코르티코스테로이드의 투여에 대한 임상시험에서 성장속도가 감소될 수 있다는 결과 나타남- 2세 미만에서 안전성 및 유효성 미확립,,특정연령대금기
20210207,일정량씩 분무되는 용기에 든 흰색 또는 거의 흰색에 가까운 불투명한 현탁액,01320,이비과용제,(주)라이트팜텍,전문의약품,정량현탁분무제,D000633,Mometasone Furoate,Mometasone Furoate(모메타손푸로에이트),모메타손푸로에이트,코비타손나잘스프레이(모메타손푸로에이트),20191024,201907433,[M070188]모메타손푸로에이트,,단일,20171106,- 소아 환자에게 비강 코르티코스테로이드의 투여에 대한 임상시험에서 성장속도가 감소될 수 있다는 결과 나타남- 2세 미만에서 안전성 및 유효성 미확립,,특정연령대금기
20200731,흰색의 원형 정제,06290,기타의 화학요법제,(주)넥스팜코리아,전문의약품,나정,D000380,Terbinafine Hydrochloride,Terbinafine Hydrochloride(테르비나핀염산염),테르비나핀염산염,테로벤정(테르비나핀염산염),20191216,201908449,[M258362]테르비나핀염산염,,단일,20140109,안전성 및 유효성 미확립,,특정연령대금기
20210207,일정량씩 분무되는 용기에 든 흰색 또는 거의 흰색에 가까운 불투명한 현탁액,01320,이비과용제,에이치엘비제약(주),전문의약품,정량현탁분무제,D000633,Mometasone Furoate,Mometasone Furoate(모메타손푸로에이트),모메타손푸로에이트,모메원점비액(모메타손푸로에이트) ,20200212,202000876,[M070188]모메타손푸로에이트,,단일,20171106,- 소아 환자에게 비강 코르티코스테로이드의 투여에 대한 임상시험에서 성장속도가 감소될 수 있다는 결과 나타남- 2세 미만에서 안전성 및 유효성 미확립,,특정연령대금기
20210330,흰색의 원형 정제,06290,기타의 화학요법제,(주)다산제약,전문의약품,나정,D000380,Terbinafine Hydrochloride,Terbinafine Hydrochloride(테르비나핀염산염),테르비나핀염산염,라미가드정(테르비나핀염산염),20200312,202001714,[M258362]테르비나핀염산염,,단일,20140109,안전성 및 유효성 미확립,,특정연령대금기
20250115,분할선을 가진 노란색의 모서리가 둥근 삼각형 모양의 필름코팅정제,02590,기타의 비뇨생식기관 및 항문용약,주식회사케이에스제약,전문의약품,필름코팅정,D000181,Tadalafil,Tadalafil(타다라필),타다라필,케이필정10밀리그램(타다라필),20210823,202106106,[M095435]타다라필,,단일,20140109,_,,특정연령대금기
20250115,노란색의 모서리가 둥근 삼각형 모양의 필름코팅정제,02590,기타의 비뇨생식기관 및 항문용약,주식회사케이에스제약,전문의약품,필름코팅정,D000181,Tadalafil,Tadalafil(타다라필),타다라필,케이필정5밀리그램(타다라필),20210823,202106107,[M095435]타다라필,,단일,20140109,_,,특정연령대금기
20250115,분할선을 가진 노란색의 모서리가 둥근 삼각형 모양의 필름코팅정제,02590,기타의 비뇨생식기관 및 항문용약,주식회사케이에스제약,전문의약품,필름코팅정,D000181,Tadalafil,Tadalafil(타다라필),타다라필,케이필정20밀리그램(타다라필),20210823,202106108,[M095435]타다라필,,단일,20140109,_,,특정연령대금기
,직사각형의 연한 분홍색 구강붕해필름,02590,기타의 비뇨생식기관 및 항문용약,(주)서울제약,전문의약품,구강붕해필름,D000246,Sildenafil Citrate,Sildenafil Citrate(실데나필시트르산염),실데나필시트르산염,불티스구강붕해필름25밀리그램(실데나필시트르산염)(수출용),20140212,201400635,[M252789]실데나필시트르산염,,단일,20140109,_,,특정연령대금기
,엷은 황색의 직사각형 구강붕해필름,02590,기타의 비뇨생식기관 및 항문용약,(주)씨엘팜,전문의약품,구강붕해필름,D000246,Sildenafil Citrate,Sildenafil Citrate(실데나필시트르산염),실데나필시트르산염,비닉스구강붕해필름100밀리그램(실데나필시트르산염)(수출용),20170106,201700149,[M252789]실데나필시트르산염,,단일,20140109,_,,특정연령대금기
,파란색의 장방형 필름코팅정,02590,기타의 비뇨생식기관 및 항문용약,(주)종근당,전문의약품,필름코팅정,D000246,Sildenafil Citrate,Sildenafil Citrate(실데나필시트르산염),실데나필시트르산염,센글라정100밀리그램(실데나필시트르산염),20170510,201702295,[M252789]실데나필시트르산염,,단일,20140109,_,,특정연령대금기
,파란색의 장방형 필름코팅정,02590,기타의 비뇨생식기관 및 항문용약,(주)종근당,전문의약품,필름코팅정,D000246,Sildenafil Citrate,Sildenafil Citrate(실데나필시트르산염),실데나필시트르산염,센글라정50밀리그램(실데나필시트르산염),20170525,201702566,[M252789]실데나필시트르산염,,단일,20140109,_,,특정연령대금기
,푸른색의 타원형 필름코팅정,02590,기타의 비뇨생식기관 및 항문용약,한국프라임제약(주),전문의약품,필름코팅정,D000246,Sildenafil Citrate,Sildenafil Citrate(실데나필시트르산염),실데나필시트르산염,보그라정50밀리그램(실데나필시트르산염)(수출용),20171208,201708276,[M252789]실데나필시트르산염,,단일,20140109,_,,특정연령대금기
,분할선을 가진 연두색의 모서리가 둥근 삼각형 필름코팅정,02590,기타의 비뇨생식기관 및 항문용약,(주)보령,전문의약품,필름코팅정,D000246,Sildenafil Citrate,Sildenafil Citrate(실데나필시트르산염),실데나필시트르산염,오바램정50밀리그램(실데나필시트르산염),20200130,202000498,[M252789]실데나필시트르산염,,단일,20140109,_,,특정연령대금기
,분할선을 가진 연두색의 모서리가 둥근 삼각형 필름코팅정,02590,기타의 비뇨생식기관 및 항문용약,(주)보령,전문의약품,필름코팅정,D000246,Sildenafil Citrate,Sildenafil Citrate(실데나필시트르산염),실데나필시트르산염,오바램정100밀리그램(실데나필시트르산염),20200130,202000499,[M252789]실데나필시트르산염,,단일,20140109,_,,특정연령대금기
,분할선을 가진 연두색의 모서리가 둥근 삼각형 필름코팅정,02590,기타의 비뇨생식기관 및 항문용약,주식회사큐엘파마,전문의약품,필름코팅정,D000246,Sildenafil Citrate,Sildenafil Citrate(실데나필시트르산염),실데나필시트르산염,큐데나필정100밀리그램(실데나필시트르산염),20200624,202004637,[M252789]실데나필시트르산염,,단일,20140109,_,,특정연령대금기
,분할선을 가진 연두색의 모서리가 둥근 삼각형 필름코팅정,02590,기타의 비뇨생식기관 및 항문용약,주식회사큐엘파마,전문의약품,필름코팅정,D000246,Sildenafil Citrate,Sildenafil Citrate(실데나필시트르산염),실데나필시트르산염,큐데나필정50밀리그램(실데나필시트르산염),20200624,202004638,[M252789]실데나필시트르산염,,단일,20140109,_,,특정연령대금기
,분할선을 가진 연두색의 모서리가 둥근 삼각형 필름코팅정,02590,기타의 비뇨생식기관 및 항문용약,(주)인트로바이오파마,전문의약품,필름코팅정,D000246,Sildenafil Citrate,Sildenafil Citrate(실데나필시트르산염),실데나필시트르산염,토르에스정50밀리그램(실데나필시트르산염),20201224,202009185,[M252789]실데나필시트르산염,,단일,20140109,_,,특정연령대금기
,분할선을 가진 연두색의 모서리가 둥근 삼각형 필름코팅정,02590,기타의 비뇨생식기관 및 항문용약,(주)인트로바이오파마,전문의약품,필름코팅정,D000246,Sildenafil Citrate,Sildenafil Citrate(실데나필시트르산염),실데나필시트르산염,토르에스정100밀리그램(실데나필시트르산염),20201224,202009186,[M252789]실데나필시트르산염,,단일,20140109,_,,특정연령대금기
,분할선을 가진 연두색의 모서리가 둥근 삼각형 필름코팅정,02590,기타의 비뇨생식기관 및 항문용약,주식회사케이에스제약,전문의약품,필름코팅정,D000246,Sildenafil Citrate,Sildenafil Citrate(실데나필시트르산염),실데나필시트르산염,케이그라정100밀리그램(실데나필시트르산염),20210902,202106331,[M252789]실데나필시트르산염,,단일,20140109,_,,특정연령대금기
,분할선을 가진 연두색의 모서리가 둥근 삼각형 필름코팅정,02590,기타의 비뇨생식기관 및 항문용약,주식회사케이에스제약,전문의약품,필름코팅정,D000246,Sildenafil Citrate,Sildenafil Citrate(실데나필시트르산염),실데나필시트르산염,케이그라정50밀리그램(실데나필시트르산염),20210902,202106332,[M252789]실데나필시트르산염,,단일,20140109,_,,특정연령대금기
,분할선을 가진 연두색의 모서리가 둥근 삼각형 필름코팅정,02590,기타의 비뇨생식기관 및 항문용약,(주)킴스제약,전문의약품,필름코팅정,D000246,Sildenafil Citrate,Sildenafil Citrate(실데나필시트르산염),실데나필시트르산염,실데나킴정50밀리그램 (실데나필시트르산염),20210929,202106706,[M252789]실데나필시트르산염,,단일,20140109,_,,특정연령대금기
,분할선을 가진 연두색의 모서리가 둥근 삼각형 필름코팅정,02590,기타의 비뇨생식기관 및 항문용약,(주)킴스제약,전문의약품,필름코팅정,D000246,Sildenafil Citrate,Sildenafil Citrate(실데나필시트르산염),실데나필시트르산염,실데나킴정100밀리그램 (실데나필시트르산염),20210929,202106707,[M252789]실데나필시트르산염,,단일,20140109,_,,특정연령대금기
,분할선을 가진 연두색의 모서리가 둥근 삼각형 필름코팅정,02590,기타의 비뇨생식기관 및 항문용약,(주)씨엠지제약,전문의약품,필름코팅정,D000246,Sildenafil Citrate,Sildenafil Citrate(실데나필시트르산염),실데나필시트르산염,그대로필정50밀리그램(실데나필시트르산염),20211006,202106760,[M252789]실데나필시트르산염,,단일,20140109,_,,특정연령대금기
,분할선을 가진 연두색의 모서리가 둥근 삼각형 필름코팅정,02590,기타의 비뇨생식기관 및 항문용약,(주)씨엠지제약,전문의약품,필름코팅정,D000246,Sildenafil Citrate,Sildenafil Citrate(실데나필시트르산염),실데나필시트르산염,그대로필정100밀리그램(실데나필시트르산염),20211006,202106761,[M252789]실데나필시트르산염,,단일,20140109,_,,특정연령대금기
,분할선을 가진 연두색의 모서리가 둥근 삼각형 필름코팅정,02590,기타의 비뇨생식기관 및 항문용약,케이엠에스제약(주),전문의약품,필름코팅정,D000246,Sildenafil Citrate,Sildenafil Citrate(실데나필시트르산염),실데나필시트르산염,퀵맥스정50밀리그램(실데나필시트르산염),20211020,202107021,[M252789]실데나필시트르산염,,단일,20140109,_,,특정연령대금기
,분할선을 가진 연두색의 모서리가 둥근 삼각형 필름코팅정,02590,기타의 비뇨생식기관 및 항문용약,한올바이오파마(주),전문의약품,필름코팅정,D000246,Sildenafil Citrate,Sildenafil Citrate(실데나필시트르산염),실데나필시트르산염,한올포미스터정100밀리그램(실데나필시트르산염),20211020,202107022,[M252789]실데나필시트르산염,,단일,20140109,_,,특정연령대금기
,분할선을 가진 연두색의 모서리가 둥근 삼각형 필름코팅정,02590,기타의 비뇨생식기관 및 항문용약,동국제약(주),전문의약품,필름코팅정,D000246,Sildenafil Citrate,Sildenafil Citrate(실데나필시트르산염),실데나필시트르산염,엠슈타인정100밀리그램(실데나필시트르산염),20211103,202107302,[M252789]실데나필시트르산염,,단일,20140109,_,,특정연령대금기
,분할선을 가진 연두색의 모서리가 둥근 삼각형 필름코팅정,02590,기타의 비뇨생식기관 및 항문용약,동국제약(주),전문의약품,필름코팅정,D000246,Sildenafil Citrate,Sildenafil Citrate(실데나필시트르산염),실데나필시트르산염,엠슈타인정50밀리그램(실데나필시트르산염),20211103,202107303,[M252789]실데나필시트르산염,,단일,20140109,_,,특정연령대금기
,분할선을 가진 연두색의 모서리가 둥근 삼각형 필름코팅정제,02590,기타의 비뇨생식기관 및 항문용약,대원바이오텍주식회사,전문의약품,필름코팅정,D000246,Sildenafil Citrate,Sildenafil Citrate(실데나필시트르산염),실데나필시트르산염,다나그라정100밀리그램(실데나필시트르산염),20231010,202302896,[M252789]실데나필시트르산염,,단일,20140109,_,,특정연령대금기
,파란색 또는 옅은 파란색의 직사각형 구강용해필름제,02590,기타의 비뇨생식기관 및 항문용약,동국제약(주),전문의약품,구강붕해필름,D000246,Sildenafil,Sildenafil(실데나필),실데나필,엠슈타인구강용해필름100밀리그램(실데나필),20240206,202400275,[M253237]실데나필,,단일,20140109,_,,특정연령대금기
,분할선을 가진 연두색의 모서리가 둥근 삼각형 필름코팅정,02590,기타의 비뇨생식기관 및 항문용약,신일제약(주),전문의약품,필름코팅정,D000246,Sildenafil Citrate,Sildenafil Citrate(실데나필시트르산염),실데나필시트르산염,실데그라정100밀리그램(실데나필시트르산염),20240405,202400773,[M252789]실데나필시트르산염,,단일,20140109,_,,특정연령대금기
,분할선을 가진 연두색의 모서리가 둥근 삼각형 필름코팅정,02590,기타의 비뇨생식기관 및 항문용약,신일제약(주),전문의약품,필름코팅정,D000246,Sildenafil Citrate,Sildenafil Citrate(실데나필시트르산염),실데나필시트르산염,실데그라정50밀리그램(실데나필시트르산염),20240405,202400774,[M252789]실데나필시트르산염,,단일,20140109,_,,특정연령대금기
,약간 둥근 육각형의 푸른색 필름코팅정,02590,기타의 비뇨생식기관 및 항문용약,(주)비보존제약,전문의약품,필름코팅정,D000246,Sildenafil Citrate,Sildenafil Citrate(실데나필시트르산염),실데나필시트르산염,브이그라정100밀리그램(실데나필시트르산염),20240531,202401366,[M252789]실데나필시트르산염,,단일,20140109,_,,특정연령대금기
,약간 둥근 육각형의 푸른색 필름코팅정,02590,기타의 비뇨생식기관 및 항문용약,(주)비보존제약,전문의약품,필름코팅정,D000246,Sildenafil Citrate,Sildenafil Citrate(실데나필시트르산염),실데나필시트르산염,브이그라정50밀리그램(실데나필시트르산염),20240531,202401367,[M252789]실데나필시트르산염,,단일,20140109,_,,특정연령대금기
,파란색 또는 옅은 파란색의 직사각형 구강용해필름제 ,02590,기타의 비뇨생식기관 및 항문용약,(주)씨티씨바이오,전문의약품,구강붕해필름,D000246,Sildenafil Citrate,Sildenafil Citrate(실데나필시트르산염),실데나필시트르산염,이너프구강용해필름100밀리그램(실데나필시트르산염),20240619,202401479,[M252789]실데나필시트르산염,,단일,20140109,_,,특정연령대금기
,파란색 또는 옅은 파란색의 직사각형 구강용해필름제,02590,기타의 비뇨생식기관 및 항문용약,코오롱제약(주),전문의약품,구강붕해필름,D000246,Sildenafil,Sildenafil(실데나필),실데나필,타오필구강용해필름50밀리그램(실데나필),20240923,202402295,[M253237]실데나필,,단일,20140109,_,,특정연령대금기
,무색투명한 병에 든 무색 또는 담황색의 투명한 액제,06290,기타의 화학요법제,(주)유케이케미팜,전문의약품,용액주사제,D000586,Taurolidine,Taurolidine(타우로리딘),타우로리딘,유케이타우로키트2%주(타우로리딘),20250709,202501709,[M081946]타우로리딘,,단일,20140109,_,,특정연령대금기
,주황색 원형정제,02590,기타의 비뇨생식기관 및 항문용약,한국코러스(주),전문의약품,나정,D000681,Terazosin Hydrochloride Hydrate,Terazosin Hydrochloride Hydrate(테라조신염산염수화물),테라조신염산염수화물,코조신정(테라조신염산염수화물)(수출용)(수출명:①Kozosin Tab.②Korus Terazosin HCl Tab.③ Terosin Tab.),20100722,201004643,[M250456]테라조신염산염수화물,,단일,20140109,안전성 및 유효성 미확립,,특정연령대금기
,연한 오렌지색의 원형 정제,02590,기타의 비뇨생식기관 및 항문용약,(주)이든파마,전문의약품,나정,D000681,Terazosin Hydrochloride Hydrate,Terazosin Hydrochloride Hydrate(테라조신염산염수화물),테라조신염산염수화물,테라조정(테라조신염산염수화물),20140822,201403941,[M250456]테라조신염산염수화물,,단일,20140109,안전성 및 유효성 미확립,,특정연령대금기
,연한 오렌지색의 원형정제,02590,기타의 비뇨생식기관 및 항문용약,(주)휴비스트제약,전문의약품,나정,D000681,Terazosin Hydrochloride Hydrate,Terazosin Hydrochloride Hydrate(테라조신염산염수화물),테라조신염산염수화물,하이테신정2밀리그램(테라조신염산염수화물),20150127,201500429,[M250456]테라조신염산염수화물,,단일,20140109,안전성 및 유효성 미확립,,특정연령대금기
,연한 주황색 내지 황색의 원형 정제,02590,기타의 비뇨생식기관 및 항문용약,(주)오스코리아제약,전문의약품,나정,D000681,Terazosin Hydrochloride Hydrate,Terazosin Hydrochloride Hydrate(테라조신염산염수화물),테라조신염산염수화물,오스코신정2밀리그램(테라조신염산염수화물),20150709,201504729,[M250456]테라조신염산염수화물,,단일,20140109,안전성 및 유효성 미확립,,특정연령대금기
,옅은 오렌지색 내지 황색의 원형정제,02590,기타의 비뇨생식기관 및 항문용약,(주)휴온스메디텍,전문의약품,나정,D000681,Terazosin Hydrochloride Hydrate,Terazosin Hydrochloride Hydrate(테라조신염산염수화물),테라조신염산염수화물,테라엔정2밀리그램(테라조신염산염수화물),20150723,201505004,[M250456]테라조신염산염수화물,,단일,20140109,안전성 및 유효성 미확립,,특정연령대금기
,연한 오렌지색의 원형 정제,02590,기타의 비뇨생식기관 및 항문용약,(주)셀트리온제약,전문의약품,나정,D000681,Terazosin Hydrochloride Hydrate,Terazosin Hydrochloride Hydrate(테라조신염산염수화물),테라조신염산염수화물,테라루신정2밀리그램(테라조신염산염수화물),20151001,201506894,[M250456]테라조신염산염수화물,,단일,20140109,안전성 및 유효성 미확립,,특정연령대금기
,흰색의 원형 정제,02590,기타의 비뇨생식기관 및 항문용약,한국휴텍스제약(주),전문의약품,나정,D000681,Terazosin Hydrochloride Hydrate,Terazosin Hydrochloride Hydrate(테라조신염산염수화물),테라조신염산염수화물,텔라조신정2밀리그램(테라조신염산염수화물),20200319,202001911,[M250456]테라조신염산염수화물,,단일,20140109,안전성 및 유효성 미확립,,특정연령대금기
,흰색의 원형 정제,02590,기타의 비뇨생식기관 및 항문용약,(주)다산제약,전문의약품,나정,D000681,Terazosin Hydrochloride Hydrate,Terazosin Hydrochloride Hydrate(테라조신염산염수화물),테라조신염산염수화물,뉴라조신정2밀리그램(테라조신염산염수화물),20200330,202002182,[M250456]테라조신염산염수화물,,단일,20140109,안전성 및 유효성 미확립,,특정연령대금기
,흰색의 원형 정제,02590,기타의 비뇨생식기관 및 항문용약,주식회사더유제약,전문의약품,나정,D000681,Terazosin Hydrochloride Hydrate,Terazosin Hydrochloride Hydrate(테라조신염산염수화물),테라조신염산염수화물,테로조신정(테라조신염산염수화물),20200422,202002855,[M250456]테라조신염산염수화물,,단일,20140109,안전성 및 유효성 미확립,,특정연령대금기
,연한 녹색의 원형정제,02590,기타의 비뇨생식기관 및 항문용약,지엘파마(주),전문의약품,나정,D000681,Terazosin Hydrochloride Hydrate,Terazosin Hydrochloride Hydrate(테라조신염산염수화물),테라조신염산염수화물,테라엘정5밀리그램(테라조신염산염수화물),20240229,202400436,[M250456]테라조신염산염수화물,,단일,20140109,안전성 및 유효성 미확립,,특정연령대금기
,연한 녹색의 원형정제,02590,기타의 비뇨생식기관 및 항문용약,이연제약(주),전문의약품,나정,D000681,Terazosin Hydrochloride Hydrate,Terazosin Hydrochloride Hydrate(테라조신염산염수화물),테라조신염산염수화물,테라지트정5밀리그램(테라조신염산염수화물),20241029,202402552,[M250456]테라조신염산염수화물,,단일,20140109,안전성 및 유효성 미확립,,특정연령대금기
,연한 녹색의 원형정제,02590,기타의 비뇨생식기관 및 항문용약,주식회사큐엘파마,전문의약품,나정,D000681,Terazosin Hydrochloride Hydrate,Terazosin Hydrochloride Hydrate(테라조신염산염수화물),테라조신염산염수화물,오트린정5밀리그램(테라조신염산염수화물),20241029,202402553,[M250456]테라조신염산염수화물,,단일,20140109,안전성 및 유효성 미확립,,특정연령대금기
,연한 녹색의 원형정제,02590,기타의 비뇨생식기관 및 항문용약,국제약품(주),전문의약품,나정,D000681,Terazosin Hydrochloride Hydrate,Terazosin Hydrochloride Hydrate(테라조신염산염수화물),테라조신염산염수화물,트라조신정5밀리그램(테라조신염산염수화물),20241121,202402741,[M250456]테라조신염산염수화물,,단일,20140109,안전성 및 유효성 미확립,,특정연령대금기
,연한 녹색의 원형 정제,02590,기타의 비뇨생식기관 및 항문용약,(주)동구바이오제약,전문의약품,나정,D000681,Terazosin Hydrochloride Hydrate,Terazosin Hydrochloride Hydrate(테라조신염산염수화물),테라조신염산염수화물,푸로조신정5밀리그램(테라조신염산염수화물),20250714,202501775,[M250456]테라조신염산염수화물,,단일,20140109,안전성 및 유효성 미확립,,특정연령대금기
,연한 녹색의 원형 정제,02590,기타의 비뇨생식기관 및 항문용약,(주)다산제약,전문의약품,나정,D000681,Terazosin Hydrochloride Hydrate,Terazosin Hydrochloride Hydrate(테라조신염산염수화물),테라조신염산염수화물,뉴라조신정5밀리그램(테라조신염산염수화물),20260313,202600758,[M250456]테라조신염산염수화물,,단일,20140109,안전성 및 유효성 미확립,,특정연령대금기
,백색의 원형 정제,06290,기타의 화학요법제,(주)이든파마,전문의약품,나정,D000380,Terbinafine Hydrochloride,Terbinafine Hydrochloride(테르비나핀염산염),테르비나핀염산염,이테빈정(테르비나핀염산염),20191205,201908270,[M258362]테르비나핀염산염,,단일,20140109,안전성 및 유효성 미확립,,특정연령대금기
,흰색 내지 연한 노란색의 장방형 정제,06290,기타의 화학요법제,(주)유유제약,전문의약품,나정,D000380,Terbinafine Hydrochloride,Terbinafine Hydrochloride(테르비나핀염산염),테르비나핀염산염,유미실정250밀리그램(테르비나핀염산염),20260507,202601346,[M258362]테르비나핀염산염,,단일,20140109,안전성 및 유효성 미확립,,특정연령대금기
,흰색 내지 연한 노란색의 장방형 정제,06290,기타의 화학요법제,(주)대웅제약,전문의약품,나정,D000380,Terbinafine Hydrochloride,Terbinafine Hydrochloride(테르비나핀염산염),테르비나핀염산염,테비클원정250밀리그램(테르비나핀염산염),20260512,202601375,[M258362]테르비나핀염산염,,단일,20140109,안전성 및 유효성 미확립,,특정연령대금기
,흰색 내지 연한 노란색의 장방형 정제,06290,기타의 화학요법제,원광제약(주),전문의약품,나정,D000380,Terbinafine Hydrochloride,Terbinafine Hydrochloride(테르비나핀염산염),테르비나핀염산염,라미엠정250밀리그램(테르비나핀염산염),20260522,202601499,[M258362]테르비나핀염산염,,단일,20140109,안전성 및 유효성 미확립,,특정연령대금기
20170214,백색-미황색의 내용물이 든 상하 적갈색의 캅셀제이다.,01140,해열.진통.소염제,신풍제약(주),전문의약품,"경질캡슐제, 산제",D000309,Piroxicam,Piroxicam(피록시캄),피록시캄,로시덴캡슐20밀리그램(피록시캄)(수출용),19840921,198400022,[M071634]피록시캄,,단일,20181102,중증의 위장관계 이상반응을 일으킬 위험은 연령에 따라 증가함. 고령자는 중대한 위장관계 이상반응의 위험이 더 클 수 있음.,,특정연령대금기
20230506,밝은 노란색의 분말이 들어있는 상하 노란색의 캡슐제,02390,기타의 소화기관용약,(주)에이프로젠바이오로직스,일반의약품,"경질캡슐제, 산제",D001058,Nifuroxazide,Nifuroxazide(니푸록사지드),니푸록사지드,니라벤캡슐(니푸록사지드)(수출용),19850817,198500172,[M200244]니푸록사지드/[M200244]니푸록사지드,,단일,20171106,Nitrofuran계 항생제는 글루타티온 환원효소 억제로 인한 용혈성 빈혈 위험이 있음,,특정연령대금기
20230506,불투명한 황색의 캅셀내에 밝은 황색의 분말이 들어있다.,02390,기타의 소화기관용약,부광약품(주),일반의약품,"경질캡슐제, 산제",D001058,Nifuroxazide,Nifuroxazide(니푸록사지드),니푸록사지드,에세푸릴캡슐(니푸록사지드),19850830,198500893,[M200244]니푸록사지드,,단일,20171106,Nitrofuran계 항생제는 글루타티온 환원효소 억제로 인한 용혈성 빈혈 위험이 있음,,특정연령대금기
20190904,"백색의 분말이 들어있는 상부 담청색불투명, 하부 백색불투명 경질캅셀",01140,해열.진통.소염제,(주)바스칸바이오제약,전문의약품,"경질캡슐제, 산제",D000309,Piroxicam,Piroxicam(피록시캄),피록시캄,네로이판캅셀(피록시캄)(수출용),19860929,198601260,[M071634]피록시캄,,단일,20181102,중증의 위장관계 이상반응을 일으킬 위험은 연령에 따라 증가함. 고령자는 중대한 위장관계 이상반응의 위험이 더 클 수 있음.,,특정연령대금기
20240522,연청색의 원형정제,01140,해열.진통.소염제,(주)제뉴파마,전문의약품,나정,D000309,Piroxicam,Piroxicam(피록시캄),피록시캄,필로젠정(피록시캄),19870713,198700667,[M071634]피록시캄,,단일,20181102,중증의 위장관계 이상반응을 일으킬 위험은 연령에 따라 증가함. 고령자는 중대한 위장관계 이상반응의 위험이 더 클 수 있음.,,특정연령대금기
20230506,황색의 무정형 과립이 충진된 상하 황색의 불투명 캅셀제이다.,02390,기타의 소화기관용약,(주)씨엠지제약,일반의약품,"경질캡슐제, 과립제",D001058,Nifuroxazide,Nifuroxazide(니푸록사지드),니푸록사지드,니록사캡슐(니푸록사지드)(수출용),19871109,198701479,[M200244]니푸록사지드,,단일,20171106,Nitrofuran계 항생제는 글루타티온 환원효소 억제로 인한 용혈성 빈혈 위험이 있음,,특정연령대금기
20240522,앰플 : 엷은 노란색 액이 갈색 앰플에 든 주사제,01140,해열.진통.소염제,신풍제약(주),전문의약품,용액주사제,D000309,Piroxicam,Piroxicam(피록시캄),피록시캄,로시덴주(피록시캄)(수출용),19890123,198900082,[M071634]피록시캄,,단일,20181102,중증의 위장관계 이상반응을 일으킬 위험은 연령에 따라 증가함. 고령자는 중대한 위장관계 이상반응의 위험이 더 클 수 있음.,,특정연령대금기
20240522,백색내지 미황색의 내용물이든 상하 백색의 경질캅셀제,01140,해열.진통.소염제,지엘파마(주),전문의약품,"경질캡슐제, 과립제",D000309,Piroxicam,Piroxicam(피록시캄),피록시캄,지엘피록시캄캡슐20밀리그램,19890616,198902261,[M071634]피록시캄,,단일,20181102,중증의 위장관계 이상반응을 일으킬 위험은 연령에 따라 증가함. 고령자는 중대한 위장관계 이상반응의 위험이 더 클 수 있음.,,특정연령대금기
20230506,노란색의 가루가 함유된 상하 연한 노란색의 경질캡슐제,02390,기타의 소화기관용약,태극제약(주),일반의약품,"경질캡슐제, 산제",D001058,Nifuroxazide,Nifuroxazide(니푸록사지드),니푸록사지드,샤젠캡슐(니푸록사지드),19901117,199000939,[M200244]니푸록사지드,,단일,20171106,Nitrofuran계 항생제는 글루타티온 환원효소 억제로 인한 용혈성 빈혈 위험이 있음,,특정연령대금기
20240522,내수용갈색앰플내에 연황색의 액체가 들어 있는 주사제수출용연황색의 액체가 든 무색 투명한 앰플 주사제,01140,해열.진통.소염제,(주)휴온스,전문의약품,용액주사제,D000309,Piroxicam,Piroxicam(피록시캄),피록시캄,"휴온스피록시캄근육주사(수출명:CAMADOLinj.,CAMROX20mgInj.)",19900507,199002080,[M071634]피록시캄,,단일,20181102,중증의 위장관계 이상반응을 일으킬 위험은 연령에 따라 증가함. 고령자는 중대한 위장관계 이상반응의 위험이 더 클 수 있음.,,특정연령대금기
20200121,갈색앰플내에 엷은황갈색-엷은황색의맑은액이든주사제,01140,해열.진통.소염제,(주)제일제약,전문의약품,용액주사제,D000309,Piroxicam,Piroxicam(피록시캄),피록시캄,제일제약피록시캄주사액(수출용),19920108,199200650,[M071634]피록시캄,,단일,20181102,중증의 위장관계 이상반응을 일으킬 위험은 연령에 따라 증가함. 고령자는 중대한 위장관계 이상반응의 위험이 더 클 수 있음.,,특정연령대금기
20200818,"흰색 또는 연한 노란색의 분말이 충진된 상부 연청색, 하부 흰색의 경질캡슐제",01140,해열.진통.소염제,대화제약(주),전문의약품,"경질캡슐제, 산제",D000309,Piroxicam,Piroxicam(피록시캄),피록시캄,대화피록시캄캡슐20밀리그람(수출용)(수출명:PIC-20CAP.),19930222,199301970,[M071634]피록시캄,,단일,20181102,중증의 위장관계 이상반응을 일으킬 위험은 연령에 따라 증가함. 고령자는 중대한 위장관계 이상반응의 위험이 더 클 수 있음.,,특정연령대금기
20240522,갈색앰플내에 연황색의 액체가 들어 있는 주사제,01140,해열.진통.소염제,위더스제약(주),전문의약품,용액주사제,D000309,Piroxicam,Piroxicam(피록시캄),피록시캄,위더스피록시캄주사액,19930607,199302453,[M071634]피록시캄,,단일,20181102,중증의 위장관계 이상반응을 일으킬 위험은 연령에 따라 증가함. 고령자는 중대한 위장관계 이상반응의 위험이 더 클 수 있음.,,특정연령대금기
20210507,갈색 앰플중의 무색 투명한 액이다.,02170,혈관확장제,일성아이에스(주),전문의약품,용액주사제,D000329,Verapamil Hydrochloride,Verapamil Hydrochloride(베라파밀염산염),베라파밀염산염,일성이솦틴주사(베라파밀염산염),19940827,199400989,[M203207]베라파밀염산염,,단일,20171106,"신생아 및 영아는 칼슘채널 차단제의 감수성이 높고, 서맥, 심장마비 등을 일으킬 위험이 있음신생아 및 영아에게 이 약을 투여했을 때 심각한 서맥과 저혈압, 심장마비 등이 나타났다는 보고가 있음",,특정연령대금기
20210507,흰색의 원형 필름코팅정,02170,혈관확장제,일성아이에스(주),전문의약품,필름코팅정,D000329,Verapamil Hydrochloride,Verapamil Hydrochloride(베라파밀염산염),베라파밀염산염,일성이솦틴정40밀리그램(베라파밀염산염),19940827,199400991,[M203207]베라파밀염산염,,단일,20171106,"신생아 및 영아는 칼슘채널 차단제의 감수성이 높고, 서맥, 심장마비 등을 일으킬 위험이 있음신생아 및 영아에게 이 약을 투여했을 때 심각한 서맥과 저혈압, 심장마비 등이 나타났다는 보고가 있음",,특정연령대금기
20210507,흰색의 원형 필름코팅정,02170,혈관확장제,일성아이에스(주),전문의약품,필름코팅정,D000329,Verapamil Hydrochloride,Verapamil Hydrochloride(베라파밀염산염),베라파밀염산염,일성이솦틴정80밀리그램(베라파밀염산염),19940827,199400992,[M203207]베라파밀염산염,,단일,20171106,"신생아 및 영아는 칼슘채널 차단제의 감수성이 높고, 서맥, 심장마비 등을 일으킬 위험이 있음신생아 및 영아에게 이 약을 투여했을 때 심각한 서맥과 저혈압, 심장마비 등이 나타났다는 보고가 있음",,특정연령대금기
20200818,백색의 원형정제,01140,해열.진통.소염제,대화제약(주),전문의약품,나정,D000309,Piroxicam,Piroxicam(피록시캄),피록시캄,대화피록시캄정(확산형)(수출용),19940916,199401413,[M071634]피록시캄,,단일,20181102,중증의 위장관계 이상반응을 일으킬 위험은 연령에 따라 증가함. 고령자는 중대한 위장관계 이상반응의 위험이 더 클 수 있음.,,특정연령대금기
20200903,"백색의 분말이 든 상, 하 의 백색 경질캅셀제",01140,해열.진통.소염제,대한뉴팜(주),전문의약품,"경질캡슐제, 산제",D000309,Piroxicam,Piroxicam(피록시캄),피록시캄,헬렌캡슐(피록시캄)(수출용),19941207,199402646,[M071634]피록시캄,,단일,20181102,중증의 위장관계 이상반응을 일으킬 위험은 연령에 따라 증가함. 고령자는 중대한 위장관계 이상반응의 위험이 더 클 수 있음.,,특정연령대금기
20210315,흰색 내지 밝은 노란색의 연고제,01310,안과용제,한국노바티스(주),전문의약품,안연고제,D001154,Polymyxin B Sulfate,Polymyxin B Sulfate(폴리믹신B황산염),폴리믹신B황산염,맥시트롤안연고,19940601,199403244,[M233313]폴리믹신B황산염/[M202893]네오마이신황산염/[M040080]덱사메타손,[D000199]Dexamethasone(덱사메타손)/[D000603]Neomycin(네오마이신),복합,20181102,소아에서 코르티코스테로이드 유발성 고안압증 위험이 더 높을 수 있고 성인보다 더 일찍 발생할 수 있음.,,특정연령대금기
20191025,백색 내지 미황색의 현탁액이 불투명한 흰색 플라스틱 용기에 든 점안제,01310,안과용제,한국노바티스(주),전문의약품,현탁액점안제,D001154,Polymyxin B Sulfate,Polymyxin B Sulfate(폴리믹신B황산염),폴리믹신B황산염,맥시트롤점안액,19940601,199403245,[M233313]폴리믹신B황산염/[M202893]네오마이신황산염/[M040080]덱사메타손,[D000199]Dexamethasone(덱사메타손)/[D000603]Neomycin(네오마이신),복합,20181102,소아에서 코르티코스테로이드 유발성 고안압증 위험이 더 높을 수 있고 성인보다 더 일찍 발생할 수 있음.,,특정연령대금기
20210507,서방형의 필름코팅된 연녹색의 장타원형 정제이다.,02170,혈관확장제,일성아이에스(주),전문의약품,서방성필름코팅정,D000329,Verapamil Hydrochloride,Verapamil Hydrochloride(베라파밀염산염),베라파밀염산염,일성이솦틴서방정240밀리그람(베라파밀염산염),19940914,199403325,[M203207]베라파밀염산염,,단일,20171106,"신생아 및 영아는 칼슘채널 차단제의 감수성이 높고, 서맥, 심장마비 등을 일으킬 위험이 있음신생아 및 영아에게 이 약을 투여했을 때 심각한 서맥과 저혈압, 심장마비 등이 나타났다는 보고가 있음",,특정연령대금기
20191021,흰색 또는 연한 노란색의 안연고제,01310,안과용제,삼일제약(주),전문의약품,안연고제,D001154,Polymyxin B Sulfate,Polymyxin B Sulfate(폴리믹신B황산염),폴리믹신B황산염,포러스안연고,19950923,199500503,[M233313]폴리믹신B황산염/[M202893]네오마이신황산염/[M040080]덱사메타손,[D000199]Dexamethasone(덱사메타손)/[D000603]Neomycin(네오마이신),복합,20181102,소아에서 코르티코스테로이드 유발성 고안압증 위험이 더 높을 수 있고 성인보다 더 일찍 발생할 수 있음.,,특정연령대금기
20240522,미황색의 원형 정제.,01140,해열.진통.소염제,(주)제뉴파마,전문의약품,나정,D000309,Piroxicam,Piroxicam(피록시캄),피록시캄,필로젠정10밀리그람(피록시캄),19951115,199500845,[M071634]피록시캄,,단일,20181102,중증의 위장관계 이상반응을 일으킬 위험은 연령에 따라 증가함. 고령자는 중대한 위장관계 이상반응의 위험이 더 클 수 있음.,,특정연령대금기
20210507,서방성의 필름코팅된 회자색의 타원형 정제이다.,02170,혈관확장제,일성아이에스(주),전문의약품,서방성필름코팅정,D000329,Verapamil Hydrochloride,Verapamil Hydrochloride(베라파밀염산염),베라파밀염산염,일성이솦틴서방정180밀리그람(베라파밀염산염),19951016,199501060,[M203207]베라파밀염산염,,단일,20171106,"신생아 및 영아는 칼슘채널 차단제의 감수성이 높고, 서맥, 심장마비 등을 일으킬 위험이 있음신생아 및 영아에게 이 약을 투여했을 때 심각한 서맥과 저혈압, 심장마비 등이 나타났다는 보고가 있음",,특정연령대금기
20240522,미황색의 액체가 충진된 갈색앰플 주사제,01140,해열.진통.소염제,대화제약(주),전문의약품,용액주사제,D000309,Piroxicam,Piroxicam(피록시캄),피록시캄,대화피록시캄주(피록시캄)(수출용)(수출명:PIC-20INJ.),19950615,199501546,[M071634]피록시캄,,단일,20181102,중증의 위장관계 이상반응을 일으킬 위험은 연령에 따라 증가함. 고령자는 중대한 위장관계 이상반응의 위험이 더 클 수 있음.,,특정연령대금기
20180618,흰색의 현탁성 점안액,01310,안과용제,삼일제약(주),전문의약품,현탁액점안제,D001154,Polymyxin B Sulfate,Polymyxin B Sulfate(폴리믹신B황산염),폴리믹신B황산염,포러스점안액,19880531,199700846,[M233313]폴리믹신B황산염/[M202893]네오마이신황산염/[M040080]덱사메타손,[D000199]Dexamethasone(덱사메타손)/[D000603]Neomycin(네오마이신),복합,20181102,소아에서 코르티코스테로이드 유발성 고안압증 위험이 더 높을 수 있고 성인보다 더 일찍 발생할 수 있음.,,특정연령대금기
20191127,백색의 코팅 정제이다,01140,해열.진통.소염제,한국코러스(주),전문의약품,필름코팅정,D000309,Piroxicam,Piroxicam(피록시캄),피록시캄,코러스피록시캄정20밀리그람(수출용),19970521,199703363,[M071634]피록시캄,,단일,20181102,중증의 위장관계 이상반응을 일으킬 위험은 연령에 따라 증가함. 고령자는 중대한 위장관계 이상반응의 위험이 더 클 수 있음.,,특정연령대금기
20191127,"백색의 분말이 든 상부적색, 하부적색의 경질캅셀이다.",01140,해열.진통.소염제,한국코러스(주),전문의약품,"경질캡슐제, 산제",D000309,Piroxicam,Piroxicam(피록시캄),피록시캄,코러스피록시캄캡슐20밀리그람(수출용),19970521,199703364,[M071634]피록시캄,,단일,20181102,중증의 위장관계 이상반응을 일으킬 위험은 연령에 따라 증가함. 고령자는 중대한 위장관계 이상반응의 위험이 더 클 수 있음.,,특정연령대금기
20250823,회백색에서 엷은 갈색의 반점이 있는 원형 정제,02390,기타의 소화기관용약,한국페링제약(주),전문의약품,서방정,D000631,Mesalazine,Mesalazine(메살라진),메살라진,펜타사서방정500밀리그램(메살라진),19970905,199704519,[M083890]메살라진,,단일,20171106,,,특정연령대금기
20191121,백색의 원형 정제이다.,01140,해열.진통.소염제,한국코러스(주),전문의약품,필름코팅정,D000309,Piroxicam,Piroxicam(피록시캄),피록시캄,피씨마정(피록시캄)(수출용),19971217,199803649,[M071634]피록시캄,,단일,20181102,중증의 위장관계 이상반응을 일으킬 위험은 연령에 따라 증가함. 고령자는 중대한 위장관계 이상반응의 위험이 더 클 수 있음.,,특정연령대금기
20191121,"백색의 분말이 충진된 상,하부 백색의 경집캅셀제이다.",01140,해열.진통.소염제,한국코러스(주),전문의약품,"경질캡슐제, 산제",D000309,Piroxicam,Piroxicam(피록시캄),피록시캄,피씨마캅셀(피록시캄)(수출용),19971223,199803650,[M071634]피록시캄,,단일,20181102,중증의 위장관계 이상반응을 일으킬 위험은 연령에 따라 증가함. 고령자는 중대한 위장관계 이상반응의 위험이 더 클 수 있음.,,특정연령대금기
20190905,백색-미황색의 원형정제,01140,해열.진통.소염제,(주)동구바이오제약,일반의약품,나정,D000309,Piroxicam,Piroxicam(피록시캄),피록시캄,동구피록시캄정20mg(확산형)(수출용)(수출명:펠댄코20mg),19990419,199901315,[M071634]피록시캄,,단일,20181102,중증의 위장관계 이상반응을 일으킬 위험은 연령에 따라 증가함. 고령자는 중대한 위장관계 이상반응의 위험이 더 클 수 있음.,,특정연령대금기
20230506,밝은 황색의 분말이 충진된 상부 하부 황색의 캡슐제,02390,기타의 소화기관용약,삼진제약(주),일반의약품,"경질캡슐제, 산제",D001058,Nifuroxazide,Nifuroxazide(니푸록사지드),니푸록사지드,레피즈캡슐(니푸록사지드),19990913,199901519,[M200244]니푸록사지드,,단일,20171106,Nitrofuran계 항생제는 글루타티온 환원효소 억제로 인한 용혈성 빈혈 위험이 있음,,특정연령대금기
20240522,백색내지 미황색의 내용물이 든 상하 백색의 경질캅셀제 ,01140,해열.진통.소염제,지엘파마(주),전문의약품,"경질캡슐제, 과립제",D000309,Piroxicam,Piroxicam(피록시캄),피록시캄,지엘피록시캄캡슐10밀리그램,20000926,200003825,[M071634]피록시캄,,단일,20181102,중증의 위장관계 이상반응을 일으킬 위험은 연령에 따라 증가함. 고령자는 중대한 위장관계 이상반응의 위험이 더 클 수 있음.,,특정연령대금기
20240522,엷은 황색의 액이 들어있는 갈색의 앰플,01140,해열.진통.소염제,한국유니온제약(주),전문의약품,용액주사제,D000309,Piroxicam,Piroxicam(피록시캄),피록시캄,유니온피록시캄주,20010426,200101498,[M071634]피록시캄,,단일,20181102,중증의 위장관계 이상반응을 일으킬 위험은 연령에 따라 증가함. 고령자는 중대한 위장관계 이상반응의 위험이 더 클 수 있음.,,특정연령대금기
20230506,황색의 분말성과립으로 충전된 상·하 황색의 경질캡슐,02390,기타의 소화기관용약,오스틴제약(주),일반의약품,"경질캡슐제, 과립제",D001058,Nifuroxazide,Nifuroxazide(니푸록사지드),니푸록사지드,엔터폴캡슐(니푸록사지드),20001208,200102013,[M200244]니푸록사지드,,단일,20171106,Nitrofuran계 항생제는 글루타티온 환원효소 억제로 인한 용혈성 빈혈 위험이 있음,,특정연령대금기
20200730,무색 투명한 액체가 들어있는 갈색 앰플,01140,해열.진통.소염제,대한뉴팜(주),전문의약품,용액주사제,D000309,Piroxicam,Piroxicam(피록시캄),피록시캄,헬렌주20mg(피록시캄)(수출용),20010806,200103725,[M071634]피록시캄,,단일,20181102,중증의 위장관계 이상반응을 일으킬 위험은 연령에 따라 증가함. 고령자는 중대한 위장관계 이상반응의 위험이 더 클 수 있음.,,특정연령대금기
20210304,흰색의 원형 구강붕해정,01170,정신신경용제,한국오가논(주),전문의약품,구강붕해정,D000323,Mirtazapine Coated,Mirtazapine Coated(제피미르타자핀),제피미르타자핀,레메론솔탭정15밀리그램(제피미르타자핀),20031016,200307847,[M260571]제피미르타자핀,,단일,20161230,소아 및 청소년에서의 사용 승인되지 않음.소아(7~17세) 임상시험에서 7% 이상 체중이 증가된 환자 비율이 위약군보다 높음.,,특정연령대금기
20210304,흰색의 원형 구강붕해정,01170,정신신경용제,한국오가논(주),전문의약품,구강붕해정,D000323,Mirtazapine Coated,Mirtazapine Coated(제피미르타자핀),제피미르타자핀,레메론솔탭정30밀리그램(제피미르타자핀),20031016,200307848,[M260571]제피미르타자핀,,단일,20161230,소아 및 청소년에서의 사용 승인되지 않음.소아(7~17세) 임상시험에서 7% 이상 체중이 증가된 환자 비율이 위약군보다 높음.,,특정연령대금기
20180718,백색 또는 미황색의 안연고,01310,안과용제,한림제약(주),전문의약품,안연고제,D001154,Polymyxin B Sulfate,Polymyxin B Sulfate(폴리믹신B황산염),폴리믹신B황산염,"네오덱스안연고(덱사메타손,네오마이신황산염,폴리믹신B황산염)",20050713,200502890,[M040080]덱사메타손/[M202893]네오마이신황산염/[M233313]폴리믹신B황산염,[D000199]Dexamethasone(덱사메타손)/[D000603]Neomycin(네오마이신),복합,20181102,소아에서 코르티코스테로이드 유발성 고안압증 위험이 더 높을 수 있고 성인보다 더 일찍 발생할 수 있음.,,특정연령대금기
20210304,미황색의 필름코팅 타원형 정제,01170,정신신경용제,한국오가논(주),전문의약품,필름코팅정,D000323,Mirtazapine,Mirtazapine(미르타자핀),미르타자핀,레메론정15밀리그램(미르타자핀),20060327,200603875,[M088893]미르타자핀,,단일,20161230,소아 및 청소년에서의 사용 승인되지 않음.소아(7~17세) 임상시험에서 7% 이상 체중이 증가된 환자 비율이 위약군보다 높음.,,특정연령대금기
20201230,흰색 또는 미황색의 타원형 필름코팅정제,01410,항히스타민제,한국유씨비제약(주),전문의약품,필름코팅정,D000903,Levocetirizine Hydrochloride,Levocetirizine Hydrochloride(레보세티리진염산염),레보세티리진염산염,씨잘정5밀리그램(레보세티리진염산염),20060426,200604084,[M244596]레보세티리진염산염,,단일,20161230,(정제) 6세 미만의 유아에게는 정제가 아닌 액제를 투여할 것,,특정연령대금기
20250823,회백색 내지 엷은 갈색의 원통형 과립제,02390,기타의 소화기관용약,한국페링제약(주),전문의약품,서방성과립제,D000631,Mesalazine,Mesalazine(메살라진),메살라진,펜타사서방과립1그램(메살라진),20060615,200606206,[M083890]메살라진,,단일,20171106,,,특정연령대금기
20260219,연한 황색의 장방형 필름코팅 정제,01140,해열.진통.소염제,(주)유영제약,전문의약품,필름코팅정,D000773,Tramadol Hydrochloride,Tramadol Hydrochloride(트라마돌염산염),트라마돌염산염,트리마셋세미정,20070516,200705587,[M040353]아세트아미노펜/[M222893]트라마돌염산염,[D000147]Acetaminophen(아세트아미노펜),복합,20190522,소아에서 생명에 치명적인 호흡 억제 및 사망 발생,,특정연령대금기
20260219,연한 황색의 장방형 필름 코팅 정제,01140,해열.진통.소염제,(주)유영제약,전문의약품,필름코팅정,D000773,Tramadol Hydrochloride,Tramadol Hydrochloride(트라마돌염산염),트라마돌염산염,트리마셋정,20070516,200705588,[M040353]아세트아미노펜/[M222893]트라마돌염산염,[D000147]Acetaminophen(아세트아미노펜),복합,20190522,소아에서 생명에 치명적인 호흡 억제 및 사망 발생,,특정연령대금기
20260219,연한 황색의 장방형 필름코팅 정제,01140,해열.진통.소염제,고려제약(주),전문의약품,필름코팅정,D000773,Tramadol Hydrochloride,Tramadol Hydrochloride(트라마돌염산염),트라마돌염산염,"울트라메트세미정(트라마돌염산염, 아세트아미노펜)",20070516,200705591,[M222893]트라마돌염산염/[M040353]아세트아미노펜,[D000147]Acetaminophen(아세트아미노펜),복합,20190522,소아에서 생명에 치명적인 호흡 억제 및 사망 발생,,특정연령대금기
20260219,연한 황색의 장방형 필름코팅정제,01140,해열.진통.소염제,고려제약(주),전문의약품,필름코팅정,D000773,Tramadol Hydrochloride,Tramadol Hydrochloride(트라마돌염산염),트라마돌염산염,"울트라메트정(트라마돌염산염, 아세트아미노펜)",20070516,200705592,[M222893]트라마돌염산염/[M040353]아세트아미노펜,[D000147]Acetaminophen(아세트아미노펜),복합,20190522,소아에서 생명에 치명적인 호흡 억제 및 사망 발생,,특정연령대금기
20260219,연한 황색의 장방형 필름코팅정제,01140,해열.진통.소염제,신풍제약(주),전문의약품,필름코팅정,D000773,Tramadol Hydrochloride,Tramadol Hydrochloride(트라마돌염산염),트라마돌염산염,트라노펜세미정,20070516,200705593,[M040353]아세트아미노펜/[M222893]트라마돌염산염,[D000147]Acetaminophen(아세트아미노펜),복합,20190522,소아에서 생명에 치명적인 호흡 억제 및 사망 발생,,특정연령대금기
20260219,연한 황색의 장방형 필름코팅정제,01140,해열.진통.소염제,신풍제약(주),전문의약품,필름코팅정,D000773,Tramadol Hydrochloride,Tramadol Hydrochloride(트라마돌염산염),트라마돌염산염,트라노펜정,20070516,200705594,[M040353]아세트아미노펜/[M222893]트라마돌염산염,[D000147]Acetaminophen(아세트아미노펜),복합,20190522,소아에서 생명에 치명적인 호흡 억제 및 사망 발생,,특정연령대금기
20260219,연한 황색의 장방형 필름코팅 정제,01140,해열.진통.소염제,알보젠코리아(주),전문의약품,필름코팅정,D000773,Tramadol Hydrochloride,Tramadol Hydrochloride(트라마돌염산염),트라마돌염산염,아트세미정,20070516,200705595,[M040353]아세트아미노펜/[M255410]트라마돌염산염,[D000147]Acetaminophen(아세트아미노펜),복합,20190522,소아에서 생명에 치명적인 호흡 억제 및 사망 발생,,특정연령대금기
20260219,연한 황색의 장방형 필름코팅 정제,01140,해열.진통.소염제,알보젠코리아(주),전문의약품,필름코팅정,D000773,Tramadol Hydrochloride,Tramadol Hydrochloride(트라마돌염산염),트라마돌염산염,아트정,20070516,200705596,[M040353]아세트아미노펜/[M255410]트라마돌염산염,[D000147]Acetaminophen(아세트아미노펜),복합,20190522,소아에서 생명에 치명적인 호흡 억제 및 사망 발생,,특정연령대금기
20260219,연한 황색의 장방형 필름코팅정제,01140,해열.진통.소염제,풍림무약(주),전문의약품,필름코팅정,D000773,Tramadol Hydrochloride,Tramadol Hydrochloride(트라마돌염산염),트라마돌염산염,아세트라셋세미정,20070516,200705597,[M040353]아세트아미노펜/[M222893]트라마돌염산염,[D000147]Acetaminophen(아세트아미노펜),복합,20190522,소아에서 생명에 치명적인 호흡 억제 및 사망 발생,,특정연령대금기
20260219,연한 황색의 장방형 필름코팅정제,01140,해열.진통.소염제,풍림무약(주),전문의약품,필름코팅정,D000773,Tramadol Hydrochloride,Tramadol Hydrochloride(트라마돌염산염),트라마돌염산염,아세트라셋정,20070516,200705598,[M040353]아세트아미노펜/[M222893]트라마돌염산염,[D000147]Acetaminophen(아세트아미노펜),복합,20190522,소아에서 생명에 치명적인 호흡 억제 및 사망 발생,,특정연령대금기
20260219,연한 황색의 장방형 필름코팅 정제,01140,해열.진통.소염제,국제약품(주),전문의약품,필름코팅정,D000773,Tramadol Hydrochloride,Tramadol Hydrochloride(트라마돌염산염),트라마돌염산염,하이셋세미정,20070525,200705993,[M040353]아세트아미노펜/[M222893]트라마돌염산염,[D000147]Acetaminophen(아세트아미노펜),복합,20190522,소아에서 생명에 치명적인 호흡 억제 및 사망 발생,,특정연령대금기
20260219,연한 황색의 장방형 필름코팅 정제,01140,해열.진통.소염제,국제약품(주),전문의약품,필름코팅정,D000773,Tramadol Hydrochloride,Tramadol Hydrochloride(트라마돌염산염),트라마돌염산염,하이셋정,20070525,200705994,[M040353]아세트아미노펜/[M222893]트라마돌염산염,[D000147]Acetaminophen(아세트아미노펜),복합,20190522,소아에서 생명에 치명적인 호흡 억제 및 사망 발생,,특정연령대금기
20260219,연한 노란색의 장방형 필름코팅 정제,01140,해열.진통.소염제,아주약품(주),전문의약품,필름코팅정,D000773,Tramadol Hydrochloride,Tramadol Hydrochloride(트라마돌염산염),트라마돌염산염,아마돌세미정,20070528,200706007,[M040353]아세트아미노펜/[M222893]트라마돌염산염,[D000147]Acetaminophen(아세트아미노펜),복합,20190522,소아에서 생명에 치명적인 호흡 억제 및 사망 발생,,특정연령대금기
20260219,연한 황색의 장방형 필름코팅 정제,01140,해열.진통.소염제,아주약품(주),전문의약품,필름코팅정,D000773,Tramadol Hydrochloride,Tramadol Hydrochloride(트라마돌염산염),트라마돌염산염,아마돌정,20070528,200706008,[M222893]트라마돌염산염/[M040353]아세트아미노펜,[D000147]Acetaminophen(아세트아미노펜),복합,20190522,소아에서 생명에 치명적인 호흡 억제 및 사망 발생,,특정연령대금기
20260219,연한 황색의 장방형 필름코팅 정제,01140,해열.진통.소염제,(주)한독,전문의약품,필름코팅정,D000773,Tramadol Hydrochloride,Tramadol Hydrochloride(트라마돌염산염),트라마돌염산염,엑스페인세미정,20070529,200706109,[M040353]아세트아미노펜/[M222893]트라마돌염산염,[D000147]Acetaminophen(아세트아미노펜),복합,20190522,소아에서 생명에 치명적인 호흡 억제 및 사망 발생,,특정연령대금기
20260219,연한 황색의 장방형 필름코팅 정제,01140,해열.진통.소염제,(주)한독,전문의약품,필름코팅정,D000773,Tramadol Hydrochloride,Tramadol Hydrochloride(트라마돌염산염),트라마돌염산염,엑스페인정,20070529,200706110,[M040353]아세트아미노펜/[M222893]트라마돌염산염,[D000147]Acetaminophen(아세트아미노펜),복합,20190522,소아에서 생명에 치명적인 호흡 억제 및 사망 발생,,특정연령대금기
20170308,분홍색의 장방형 필름코팅정제,01170,정신신경용제,삼일제약(주),전문의약품,필름코팅정,D000323,Mirtazapine,Mirtazapine(미르타자핀),미르타자핀,미르탁스정30밀리그램(미르타자핀),20070607,200706541,[M088893]미르타자핀,,단일,20161230,소아 및 청소년에서의 사용 승인되지 않음.소아(7~17세) 임상시험에서 7% 이상 체중이 증가된 환자 비율이 위약군보다 높음.,,특정연령대금기
20260219,연한 황색의 장방형 필름코팅정,01140,해열.진통.소염제,코오롱제약(주),전문의약품,필름코팅정,D000773,Tramadol Hydrochloride,Tramadol Hydrochloride(트라마돌염산염),트라마돌염산염,에이트라정,20070608,200706597,[M040353]아세트아미노펜/[M222893]트라마돌염산염,[D000147]Acetaminophen(아세트아미노펜),복합,20190522,소아에서 생명에 치명적인 호흡 억제 및 사망 발생,,특정연령대금기
20260219,연한 황색의 장방형 필픔코팅정제,01140,해열.진통.소염제,현대약품(주),전문의약품,필름코팅정,D000773,Tramadol Hydrochloride,Tramadol Hydrochloride(트라마돌염산염),트라마돌염산염,펜큐어세미정,20070622,200707218,[M222893]트라마돌염산염/[M040353]아세트아미노펜,[D000147]Acetaminophen(아세트아미노펜),복합,20190522,소아에서 생명에 치명적인 호흡 억제 및 사망 발생,,특정연령대금기
20260219,연한 황색의 장방형 필림코팅 정제,01140,해열.진통.소염제,현대약품(주),전문의약품,필름코팅정,D000773,Tramadol Hydrochloride,Tramadol Hydrochloride(트라마돌염산염),트라마돌염산염,펜큐어정,20070622,200707219,[M222893]트라마돌염산염/[M040353]아세트아미노펜,[D000147]Acetaminophen(아세트아미노펜),복합,20190522,소아에서 생명에 치명적인 호흡 억제 및 사망 발생,,특정연령대금기
20260219,연한 황색의 장방형 필름코팅정,01140,해열.진통.소염제,한림제약(주),전문의약품,필름코팅정,D000773,Tramadol Hydrochloride,Tramadol Hydrochloride(트라마돌염산염),트라마돌염산염,"엔시트라세미정(트라마돌염산염,아세트아미노펜)",20070622,200707222,[M222893]트라마돌염산염/[M040353]아세트아미노펜,[D000147]Acetaminophen(아세트아미노펜),복합,20190522,소아에서 생명에 치명적인 호흡 억제 및 사망 발생,,특정연령대금기
20260219,연한 황색의 장방형 필름코팅정,01140,해열.진통.소염제,한림제약(주),전문의약품,필름코팅정,D000773,Tramadol Hydrochloride,Tramadol Hydrochloride(트라마돌염산염),트라마돌염산염,"엔시트라정(트라마돌염산염,아세트아미노펜)",20070622,200707223,[M222893]트라마돌염산염/[M040353]아세트아미노펜,[D000147]Acetaminophen(아세트아미노펜),복합,20190522,소아에서 생명에 치명적인 호흡 억제 및 사망 발생,,특정연령대금기
20260219,연한황색의 장방형 필름코팅정,01140,해열.진통.소염제,코오롱제약(주),전문의약품,필름코팅정,D000773,Tramadol Hydrochloride,Tramadol Hydrochloride(트라마돌염산염),트라마돌염산염,에이트라세미정,20070625,200707251,[M040353]아세트아미노펜/[M222893]트라마돌염산염,[D000147]Acetaminophen(아세트아미노펜),복합,20190522,소아에서 생명에 치명적인 호흡 억제 및 사망 발생,,특정연령대금기
20260219,연한 황색의 장방형 필름코팅정제,01140,해열.진통.소염제,명문제약(주),전문의약품,필름코팅정,D000773,Tramadol Hydrochloride,Tramadol Hydrochloride(트라마돌염산염),트라마돌염산염,트라펜정,20070702,200707592,[M222893]트라마돌염산염/[M040353]아세트아미노펜,[D000147]Acetaminophen(아세트아미노펜),복합,20190522,소아에서 생명에 치명적인 호흡 억제 및 사망 발생,,특정연령대금기
20260219,연한 황색의 장방형 필름코팅 정제,01140,해열.진통.소염제,(주)하원제약,전문의약품,필름코팅정,D000773,Tramadol Hydrochloride,Tramadol Hydrochloride(트라마돌염산염),트라마돌염산염,타미돌정,20070709,200707920,[M040353]아세트아미노펜/[M222893]트라마돌염산염,[D000147]Acetaminophen(아세트아미노펜),복합,20190522,소아에서 생명에 치명적인 호흡 억제 및 사망 발생,,특정연령대금기
20260219,연한 황색의 장방형 필름코팅정제,01140,해열.진통.소염제,(주)셀트리온제약,전문의약품,필름코팅정,D000773,Tramadol Hydrochloride,Tramadol Hydrochloride(트라마돌염산염),트라마돌염산염,아라펜세미정,20070710,200707943,[M222893]트라마돌염산염/[M040353]아세트아미노펜,[D000147]Acetaminophen(아세트아미노펜),복합,20190522,소아에서 생명에 치명적인 호흡 억제 및 사망 발생,,특정연령대금기
20260219,연한 황색의 장방형 필름코팅정제,01140,해열.진통.소염제,(주)셀트리온제약,전문의약품,필름코팅정,D000773,Tramadol Hydrochloride,Tramadol Hydrochloride(트라마돌염산염),트라마돌염산염,아라펜정,20070710,200707944,[M222893]트라마돌염산염/[M040353]아세트아미노펜,[D000147]Acetaminophen(아세트아미노펜),복합,20190522,소아에서 생명에 치명적인 호흡 억제 및 사망 발생,,특정연령대금기
20260219,연한 황색의 장방형 필름코팅정제,01140,해열.진통.소염제,동화약품(주),전문의약품,필름코팅정,D000773,Tramadol Hydrochloride,Tramadol Hydrochloride(트라마돌염산염),트라마돌염산염,타라마돌정,20070716,200708257,[M040353]아세트아미노펜/[M222893]트라마돌염산염,[D000147]Acetaminophen(아세트아미노펜),복합,20190522,소아에서 생명에 치명적인 호흡 억제 및 사망 발생,,특정연령대금기
20260219,연한 황색의 장방형 필름코팅정제,01140,해열.진통.소염제,동화약품(주),전문의약품,필름코팅정,D000773,Tramadol Hydrochloride,Tramadol Hydrochloride(트라마돌염산염),트라마돌염산염,타라마돌세미정,20070716,200708258,[M040353]아세트아미노펜/[M222893]트라마돌염산염,[D000147]Acetaminophen(아세트아미노펜),복합,20190522,소아에서 생명에 치명적인 호흡 억제 및 사망 발생,,특정연령대금기
20260219,연한 노란색의 장방형 필름코팅정,01140,해열.진통.소염제,(주)중헌제약,전문의약품,필름코팅정,D000773,Tramadol Hydrochloride,Tramadol Hydrochloride(트라마돌염산염),트라마돌염산염,듀얼셋정,20070816,200709529,[M040353]아세트아미노펜/[M255410]트라마돌염산염,[D000147]Acetaminophen(아세트아미노펜),복합,20190522,소아에서 생명에 치명적인 호흡 억제 및 사망 발생,,특정연령대금기
20260219,연한 노란색의 장방형 필름코팅정제,01140,해열.진통.소염제,신일제약(주),전문의약품,필름코팅정,D000773,Tramadol Hydrochloride,Tramadol Hydrochloride(트라마돌염산염),트라마돌염산염,엑세트라세미정,20070820,200709608,[M255410]트라마돌염산염/[M040353]아세트아미노펜,[D000147]Acetaminophen(아세트아미노펜),복합,20190522,소아에서 생명에 치명적인 호흡 억제 및 사망 발생,,특정연령대금기
20260219,연한 노란색의 장방형 필름코팅 정제,01140,해열.진통.소염제,신일제약(주),전문의약품,필름코팅정,D000773,Tramadol Hydrochloride,Tramadol Hydrochloride(트라마돌염산염),트라마돌염산염,엑세트라정,20070820,200709609,[M040353]아세트아미노펜/[M255410]트라마돌염산염,[D000147]Acetaminophen(아세트아미노펜),복합,20190522,소아에서 생명에 치명적인 호흡 억제 및 사망 발생,,특정연령대금기
20260219,연한 황색의 장방형 필름코팅정제,01140,해열.진통.소염제,(주)종근당,전문의약품,필름코팅정,D000773,Tramadol Hydrochloride,Tramadol Hydrochloride(트라마돌염산염),트라마돌염산염,래피셋정,20070821,200709640,[M222893]트라마돌염산염/[M040353]아세트아미노펜,[D000147]Acetaminophen(아세트아미노펜),복합,20190522,소아에서 생명에 치명적인 호흡 억제 및 사망 발생,,특정연령대금기
20260219,연한 황색의 장방형 필름코팅 정제,01140,해열.진통.소염제,(주)종근당,전문의약품,필름코팅정,D000773,Tramadol Hydrochloride,Tramadol Hydrochloride(트라마돌염산염),트라마돌염산염,래피셋세미정,20070821,200709641,[M040353]아세트아미노펜/[M255410]트라마돌염산염,[D000147]Acetaminophen(아세트아미노펜),복합,20190522,소아에서 생명에 치명적인 호흡 억제 및 사망 발생,,특정연령대금기
20260219,연한 노란색의 장방형 필름코팅정제,01140,해열.진통.소염제,(주)경보제약,전문의약품,필름코팅정,D000773,Tramadol Hydrochloride,Tramadol Hydrochloride(트라마돌염산염),트라마돌염산염,뉴트라셋정,20070828,200709909,[M040353]아세트아미노펜/[M255410]트라마돌염산염,[D000147]Acetaminophen(아세트아미노펜),복합,20190522,소아에서 생명에 치명적인 호흡 억제 및 사망 발생,,특정연령대금기
20260219,연한 노란색의 장방형 필름코팅정제,01140,해열.진통.소염제,(주)경보제약,전문의약품,필름코팅정,D000773,Tramadol Hydrochloride,Tramadol Hydrochloride(트라마돌염산염),트라마돌염산염,뉴트라셋세미정,20070828,200709910,[M040353]아세트아미노펜/[M255410]트라마돌염산염,[D000147]Acetaminophen(아세트아미노펜),복합,20190522,소아에서 생명에 치명적인 호흡 억제 및 사망 발생,,특정연령대금기
20260219,연한 노란색의 장방형 필름코팅정제,01140,해열.진통.소염제,한화제약(주),전문의약품,필름코팅정,D000773,Tramadol Hydrochloride,Tramadol Hydrochloride(트라마돌염산염),트라마돌염산염,하이퍼셋정,20070903,200710087,[M040353]아세트아미노펜/[M255410]트라마돌염산염,[D000147]Acetaminophen(아세트아미노펜),복합,20190522,소아에서 생명에 치명적인 호흡 억제 및 사망 발생,,특정연령대금기
20260219,연한 황색의 장방형 필름코팅정제,01140,해열.진통.소염제,한국유나이티드제약(주),전문의약품,필름코팅정,D000773,Tramadol Hydrochloride,Tramadol Hydrochloride(트라마돌염산염),트라마돌염산염,슈퍼셋정,20070905,200710130,[M040353]아세트아미노펜/[M222893]트라마돌염산염,[D000147]Acetaminophen(아세트아미노펜),복합,20190522,소아에서 생명에 치명적인 호흡 억제 및 사망 발생,,특정연령대금기
20260219,연한 황색의 장방형 필름코팅정,01140,해열.진통.소염제,광동제약(주),전문의약품,필름코팅정,D000773,Tramadol Hydrochloride,Tramadol Hydrochloride(트라마돌염산염),트라마돌염산염,돌트람셋정,20070906,200710197,[M222893]트라마돌염산염/[M040353]아세트아미노펜,[D000147]Acetaminophen(아세트아미노펜),복합,20190522,소아에서 생명에 치명적인 호흡 억제 및 사망 발생,,특정연령대금기
20260219,연한 황색의 장방형 필름코팅제,01140,해열.진통.소염제,동광제약(주),전문의약품,필름코팅정,D000773,Tramadol Hydrochloride,Tramadol Hydrochloride(트라마돌염산염),트라마돌염산염,타라셋정,20070906,200710202,[M040353]아세트아미노펜/[M222893]트라마돌염산염,[D000147]Acetaminophen(아세트아미노펜),복합,20190522,소아에서 생명에 치명적인 호흡 억제 및 사망 발생,,특정연령대금기
20260219,연한 황색의 장방형 필름코팅제,01140,해열.진통.소염제,동광제약(주),전문의약품,필름코팅정,D000773,Tramadol Hydrochloride,Tramadol Hydrochloride(트라마돌염산염),트라마돌염산염,타라셋세미정,20070907,200710254,[M040353]아세트아미노펜/[M222893]트라마돌염산염,[D000147]Acetaminophen(아세트아미노펜),복합,20190522,소아에서 생명에 치명적인 호흡 억제 및 사망 발생,,특정연령대금기
20260219,연한 황색의 장방형 필름코팅 정제,01140,해열.진통.소염제,대원제약(주),전문의약품,필름코팅정,D000773,Tramadol Hydrochloride,Tramadol Hydrochloride(트라마돌염산염),트라마돌염산염,원트란정,20070918,200710609,[M255410]트라마돌염산염/[M040353]아세트아미노펜/[M255410]트라마돌염산염/[M040353]아세트아미노펜/[M255410]트라마돌염산염/[M040353]아세트아미노펜,[D000147]Acetaminophen(아세트아미노펜),복합,20190522,소아에서 생명에 치명적인 호흡 억제 및 사망 발생,,특정연령대금기
20260219,연한 노란색의 장방형 필름코팅정제,01140,해열.진통.소염제,한화제약(주),전문의약품,필름코팅정,D000773,Tramadol Hydrochloride,Tramadol Hydrochloride(트라마돌염산염),트라마돌염산염,하이퍼셋세미정,20070919,200710628,[M040353]아세트아미노펜/[M222893]트라마돌염산염,[D000147]Acetaminophen(아세트아미노펜),복합,20190522,소아에서 생명에 치명적인 호흡 억제 및 사망 발생,,특정연령대금기
20260219,연한 황색의 장방형 필름코팅정,01140,해열.진통.소염제,알리코제약(주),전문의약품,필름코팅정,D000773,Tramadol Hydrochloride,Tramadol Hydrochloride(트라마돌염산염),트라마돌염산염,안티피라정,20070910,200710632,[M040353]아세트아미노펜/[M222893]트라마돌염산염,[D000147]Acetaminophen(아세트아미노펜),복합,20190522,소아에서 생명에 치명적인 호흡 억제 및 사망 발생,,특정연령대금기
20260219,내수용 : 연한 황색의 장방형 필름코팅정수출용 : 흰색의 원형 필름코팅정,01140,해열.진통.소염제,알리코제약(주),전문의약품,필름코팅정,D000773,Tramadol Hydrochloride,Tramadol Hydrochloride(트라마돌염산염),트라마돌염산염,안티피라세미정,20070910,200710633,[M040353]아세트아미노펜/[M222893]트라마돌염산염/[M040353]아세트아미노펜/[M222893]트라마돌염산염,[D000147]Acetaminophen(아세트아미노펜),복합,20190522,소아에서 생명에 치명적인 호흡 억제 및 사망 발생,,특정연령대금기
20260219,연한 황색의 장방형 필름코팅정,01140,해열.진통.소염제,광동제약(주),전문의약품,필름코팅정,D000773,Tramadol Hydrochloride,Tramadol Hydrochloride(트라마돌염산염),트라마돌염산염,돌트람셋세미정,20070919,200710638,[M222893]트라마돌염산염/[M040353]아세트아미노펜,[D000147]Acetaminophen(아세트아미노펜),복합,20190522,소아에서 생명에 치명적인 호흡 억제 및 사망 발생,,특정연령대금기
20260219,연한황색의 장방형 필름코팅정제,01140,해열.진통.소염제,동성제약(주),전문의약품,필름코팅정,D000773,Tramadol Hydrochloride,Tramadol Hydrochloride(트라마돌염산염),트라마돌염산염,세타돌정,20070927,200710808,[M222893]트라마돌염산염/[M040353]아세트아미노펜,[D000147]Acetaminophen(아세트아미노펜),복합,20190522,소아에서 생명에 치명적인 호흡 억제 및 사망 발생,,특정연령대금기
20260219,연한 황색의 장방형 필름코팅정제,01140,해열.진통.소염제,대화제약(주),전문의약품,필름코팅정,D000773,Tramadol Hydrochloride,Tramadol Hydrochloride(트라마돌염산염),트라마돌염산염,메가셋정,20071009,200711209,[M040353]아세트아미노펜/[M222893]트라마돌염산염,[D000147]Acetaminophen(아세트아미노펜),복합,20190522,소아에서 생명에 치명적인 호흡 억제 및 사망 발생,,특정연령대금기
20260219,연한 황색의 장방형 필름코팅정,01140,해열.진통.소염제,(주)동구바이오제약,전문의약품,필름코팅정,D000773,Tramadol Hydrochloride,Tramadol Hydrochloride(트라마돌염산염),트라마돌염산염,지무라돌정,20071026,200711793,[M222893]트라마돌염산염/[M040353]아세트아미노펜,[D000147]Acetaminophen(아세트아미노펜),복합,20190522,소아에서 생명에 치명적인 호흡 억제 및 사망 발생,,특정연령대금기
20260219,연한 황색의 장방형 필름코팅정,01140,해열.진통.소염제,하나제약(주),전문의약품,필름코팅정,D000773,Tramadol Hydrochloride,Tramadol Hydrochloride(트라마돌염산염),트라마돌염산염,트라미펜세미정,20071029,200711885,[M222893]트라마돌염산염/[M040353]아세트아미노펜,[D000147]Acetaminophen(아세트아미노펜),복합,20190522,소아에서 생명에 치명적인 호흡 억제 및 사망 발생,,특정연령대금기
20260219,연한 황색의 장방형 필름코팅정제,01140,해열.진통.소염제,하나제약(주),전문의약품,필름코팅정,D000773,Tramadol Hydrochloride,Tramadol Hydrochloride(트라마돌염산염),트라마돌염산염,트라미펜정,20071029,200711886,[M222893]트라마돌염산염/[M040353]아세트아미노펜,[D000147]Acetaminophen(아세트아미노펜),복합,20190522,소아에서 생명에 치명적인 호흡 억제 및 사망 발생,,특정연령대금기
20260219,연한 황색의 장방형 필름코팅정제,01140,해열.진통.소염제,(주)휴온스,전문의약품,필름코팅정,D000773,Tramadol Hydrochloride,Tramadol Hydrochloride(트라마돌염산염),트라마돌염산염,휴트라돌세미정,20071119,200712587,[M040353]아세트아미노펜/[M222893]트라마돌염산염,[D000147]Acetaminophen(아세트아미노펜),복합,20190522,소아에서 생명에 치명적인 호흡 억제 및 사망 발생,,특정연령대금기
20260219,연한 황색의 장방형 필름코팅정제,01140,해열.진통.소염제,(주)휴온스,전문의약품,필름코팅정,D000773,Tramadol Hydrochloride,Tramadol Hydrochloride(트라마돌염산염),트라마돌염산염,휴트라돌정,20071119,200712588,[M040353]아세트아미노펜/[M222893]트라마돌염산염/[M040353]아세트아미노펜/[M222893]트라마돌염산염,[D000147]Acetaminophen(아세트아미노펜),복합,20190522,소아에서 생명에 치명적인 호흡 억제 및 사망 발생,,특정연령대금기
20260219,연한황색의 장방형 필름코팅정,01140,해열.진통.소염제,(주)테라젠이텍스,전문의약품,필름코팅정,D000773,Tramadol Hydrochloride,Tramadol Hydrochloride(트라마돌염산염),트라마돌염산염,아트놀셋세미정,20071120,200712647,[M222893]트라마돌염산염/[M040353]아세트아미노펜,[D000147]Acetaminophen(아세트아미노펜),복합,20190522,소아에서 생명에 치명적인 호흡 억제 및 사망 발생,,특정연령대금기
20260219,연한황색의 장방형 필름코팅정,01140,해열.진통.소염제,(주)테라젠이텍스,전문의약품,필름코팅정,D000773,Tramadol Hydrochloride,Tramadol Hydrochloride(트라마돌염산염),트라마돌염산염,아트놀셋정,20071120,200712648,[M255410]트라마돌염산염/[M040353]아세트아미노펜/[M255410]트라마돌염산염/[M040353]아세트아미노펜,[D000147]Acetaminophen(아세트아미노펜),복합,20190522,소아에서 생명에 치명적인 호흡 억제 및 사망 발생,,특정연령대금기
20260219,연한 노란색의 장방형 필름코팅정제,01140,해열.진통.소염제,(주)하원제약,전문의약품,필름코팅정,D000773,Tramadol Hydrochloride,Tramadol Hydrochloride(트라마돌염산염),트라마돌염산염,타미돌세미정,20071123,200712789,[M040353]아세트아미노펜/[M222893]트라마돌염산염,[D000147]Acetaminophen(아세트아미노펜),복합,20190522,소아에서 생명에 치명적인 호흡 억제 및 사망 발생,,특정연령대금기
20260219,연한 황색의 장방형 필름코팅정제,01140,해열.진통.소염제,주식회사제뉴원사이언스,전문의약품,필름코팅정,D000773,Tramadol Hydrochloride,Tramadol Hydrochloride(트라마돌염산염),트라마돌염산염,페인리스정,20071127,200712868,[M222893]트라마돌염산염/[M040353]아세트아미노펜,[D000147]Acetaminophen(아세트아미노펜),복합,20190522,소아에서 생명에 치명적인 호흡 억제 및 사망 발생,,특정연령대금기
20260219,연한 황색의 장방형 필름코팅정제,01140,해열.진통.소염제,오스틴제약(주),전문의약품,필름코팅정,D000773,Tramadol Hydrochloride,Tramadol Hydrochloride(트라마돌염산염),트라마돌염산염,디워렌정,20071127,200712872,[M222893]트라마돌염산염/[M040353]아세트아미노펜,[D000147]Acetaminophen(아세트아미노펜),복합,20190522,소아에서 생명에 치명적인 호흡 억제 및 사망 발생,,특정연령대금기
20260219,연한 황색의 장방형 필름코팅정,01140,해열.진통.소염제,진양제약(주),전문의약품,필름코팅정,D000773,Tramadol Hydrochloride,Tramadol Hydrochloride(트라마돌염산염),트라마돌염산염,도라셋정,20071128,200712885,[M040353]아세트아미노펜/[M255410]트라마돌염산염,[D000147]Acetaminophen(아세트아미노펜),복합,20190522,소아에서 생명에 치명적인 호흡 억제 및 사망 발생,,특정연령대금기
20200711,흰색 또는 미백색의 원형 필름코팅정제,01410,항히스타민제,에이치케이이노엔(주),전문의약품,필름코팅정,D000903,Levocetirizine Hydrochloride,Levocetirizine Hydrochloride(레보세티리진염산염),레보세티리진염산염,자알린정5밀리그램(레보세티리진염산염),20071205,200713032,[M244596]레보세티리진염산염,,단일,20161230,(정제) 6세 미만의 유아에게는 정제가 아닌 액제를 투여할 것,,특정연령대금기
20260219,연한 황색의 장방형 필름코팅정제,01140,해열.진통.소염제,성원애드콕제약(주),전문의약품,필름코팅정,D000773,Tramadol Hydrochloride,Tramadol Hydrochloride(트라마돌염산염),트라마돌염산염,트라칸정,20071206,200713092,[M255410]트라마돌염산염/[M040353]아세트아미노펜,[D000147]Acetaminophen(아세트아미노펜),복합,20190522,소아에서 생명에 치명적인 호흡 억제 및 사망 발생,,특정연령대금기
20260219,연한 노란색의 장방형 필름코팅정,01140,해열.진통.소염제,(주)비씨월드제약,전문의약품,필름코팅정,D000773,Tramadol Hydrochloride,Tramadol Hydrochloride(트라마돌염산염),트라마돌염산염,울셋세미정,20071206,200713094,[M222893]트라마돌염산염/[M040353]아세트아미노펜,[D000147]Acetaminophen(아세트아미노펜),복합,20190522,소아에서 생명에 치명적인 호흡 억제 및 사망 발생,,특정연령대금기
20260219,연한 노란색의 장방형 필름코팅정,01140,해열.진통.소염제,(주)비씨월드제약,전문의약품,필름코팅정,D000773,Tramadol Hydrochloride,Tramadol Hydrochloride(트라마돌염산염),트라마돌염산염,울셋정,20071206,200713095,[M222893]트라마돌염산염/[M040353]아세트아미노펜,[D000147]Acetaminophen(아세트아미노펜),복합,20190522,소아에서 생명에 치명적인 호흡 억제 및 사망 발생,,특정연령대금기
20260219,연한 황색의 장방형 필름코팅정제,01140,해열.진통.소염제,(주)넥스팜코리아,전문의약품,필름코팅정,D000773,Tramadol Hydrochloride,Tramadol Hydrochloride(트라마돌염산염),트라마돌염산염,테라펜정,20071214,200713377,[M222893]트라마돌염산염/[M040353]아세트아미노펜/[M222893]트라마돌염산염/[M040353]아세트아미노펜,[D000147]Acetaminophen(아세트아미노펜),복합,20190522,소아에서 생명에 치명적인 호흡 억제 및 사망 발생,,특정연령대금기
20200711,흰색 또는 미황색의 타원형 필름코팅정제,01410,항히스타민제,한화제약(주),전문의약품,필름코팅정,D000903,Levocetirizine Hydrochloride,Levocetirizine Hydrochloride(레보세티리진염산염),레보세티리진염산염,렙티진정(레보세티리진 염산염),20071221,200713591,[M244596]레보세티리진염산염,,단일,20161230,(정제) 6세 미만의 유아에게는 정제가 아닌 액제를 투여할 것,,특정연령대금기
20200711,흰색 또는 미황색의 타원형 필름코팅정제,01410,항히스타민제,동광제약(주),전문의약품,필름코팅정,D000903,Levocetirizine Hydrochloride,Levocetirizine Hydrochloride(레보세티리진염산염),레보세티리진염산염,레보세잘정5밀리그램(레보세티리진염산염),20071214,200713679,[M244596]레보세티리진염산염,,단일,20161230,(정제) 6세 미만의 유아에게는 정제가 아닌 액제를 투여할 것,,특정연령대금기
20240522,엷은 황색의 용액이 든 갈색 앰플,01140,해열.진통.소염제,대한약품공업(주),전문의약품,용액주사제,D000309,Piroxicam,Piroxicam(피록시캄),피록시캄,대한피록시캄주,20071231,200713905,[M071634]피록시캄/[M071634]피록시캄,,단일,20181102,중증의 위장관계 이상반응을 일으킬 위험은 연령에 따라 증가함. 고령자는 중대한 위장관계 이상반응의 위험이 더 클 수 있음.,,특정연령대금기
20200711,흰색 또는 미황색의 타원형 필름코팅정,01410,항히스타민제,경동제약(주),전문의약품,필름코팅정,D000903,Levocetirizine Hydrochloride,Levocetirizine Hydrochloride(레보세티리진염산염),레보세티리진염산염,스타리진정(레보세티리진염산염),20080114,200800569,[M244596]레보세티리진염산염,,단일,20161230,(정제) 6세 미만의 유아에게는 정제가 아닌 액제를 투여할 것,,특정연령대금기
20250823,회백색 내지 엷은 갈색의 원통형 과립제,02390,기타의 소화기관용약,한국페링제약(주),전문의약품,서방성과립제,D000631,Mesalazine,Mesalazine(메살라진),메살라진,펜타사서방과립2그램(메살라진),20080121,200800783,[M083890]메살라진,,단일,20171106,,,특정연령대금기
20260219,연한 황색의 장방형 필름코팅 정제,01140,해열.진통.소염제,(주)셀릭스,전문의약품,필름코팅정,D000773,Tramadol Hydrochloride,Tramadol Hydrochloride(트라마돌염산염),트라마돌염산염,올펜정,20071112,200801284,[M040353]아세트아미노펜/[M222893]트라마돌염산염,[D000147]Acetaminophen(아세트아미노펜),복합,20190522,소아에서 생명에 치명적인 호흡 억제 및 사망 발생,,특정연령대금기
20200711,흰색 또는 미황색의 타원형 필름코팅정제,01410,항히스타민제,(주)서울제약,전문의약품,필름코팅정,D000903,Levocetirizine Hydrochloride,Levocetirizine Hydrochloride(레보세티리진염산염),레보세티리진염산염,알러잘정(레보세티리진염산염),20080321,200803201,[M244596]레보세티리진염산염,,단일,20161230,(정제) 6세 미만의 유아에게는 정제가 아닌 액제를 투여할 것,,특정연령대금기
20210131,고유의 향이 있는 양면이 편평한 흰색 원형 속붕해성 정제,01170,정신신경용제,삼일제약(주),전문의약품,구강붕해정,D000323,Mirtazapine,Mirtazapine(미르타자핀),미르타자핀,미르탁스오디티정30밀리그램(미르타자핀),20080328,200803427,[M088893]미르타자핀,,단일,20161230,소아 및 청소년에서의 사용 승인되지 않음.소아(7~17세) 임상시험에서 7% 이상 체중이 증가된 환자 비율이 위약군보다 높음.,,특정연령대금기
20200822,흰색 또는 연한 황색의 타원형 필름코팅정제,01410,항히스타민제,알보젠코리아(주),전문의약품,필름코팅정,D000903,Levocetirizine Hydrochloride,Levocetirizine Hydrochloride(레보세티리진염산염),레보세티리진염산염,레티잘정(레보세티리진염산염),20080402,200803641,[M244596]레보세티리진염산염,,단일,20161230,(정제) 6세 미만의 유아에게는 정제가 아닌 액제를 투여할 것,,특정연령대금기
20200711,흰색 또는 미황색의 타원형 필름코팅 정제,01410,항히스타민제,광동제약(주),전문의약품,필름코팅정,D000903,Levocetirizine Hydrochloride,Levocetirizine Hydrochloride(레보세티리진염산염),레보세티리진염산염,레보큐정(레보세티리진염산염),20080404,200803721,[M244596]레보세티리진염산염,,단일,20161230,(정제) 6세 미만의 유아에게는 정제가 아닌 액제를 투여할 것,,특정연령대금기
20200711,흰색 또는 미황색의 타원형 필름코팅정,01410,항히스타민제,(주)메디카코리아,전문의약품,필름코팅정,D000903,Levocetirizine Hydrochloride,Levocetirizine Hydrochloride(레보세티리진염산염),레보세티리진염산염,잘티진정(레보세티리진염산염),20080404,200803737,[M244596]레보세티리진염산염,,단일,20161230,(정제) 6세 미만의 유아에게는 정제가 아닌 액제를 투여할 것,,특정연령대금기
20200711,흰색 또는 미황색의 타원형 필름코팅정,01410,항히스타민제,(주)셀트리온제약,전문의약품,필름코팅정,D000903,Levocetirizine Hydrochloride,Levocetirizine Hydrochloride(레보세티리진염산염),레보세티리진염산염,알세틴정(레보세티리진염산염),20080404,200803803,[M244596]레보세티리진염산염,,단일,20161230,(정제) 6세 미만의 유아에게는 정제가 아닌 액제를 투여할 것,,특정연령대금기
20200711,흰색 또는 미황색의 타원형 필름코팅정,01410,항히스타민제,동화약품(주),전문의약품,필름코팅정,D000903,Levocetirizine Hydrochloride,Levocetirizine Hydrochloride(레보세티리진염산염),레보세티리진염산염,레티리진정(레보세티리진염산염),20080418,200804288,[M244596]레보세티리진염산염,,단일,20161230,(정제) 6세 미만의 유아에게는 정제가 아닌 액제를 투여할 것,,특정연령대금기
20200711,흰색 또는 미황색의 타원형 필름코팅정제,01410,항히스타민제,(주)팜젠사이언스,전문의약품,필름코팅정,D000903,Levocetirizine Hydrochloride,Levocetirizine Hydrochloride(레보세티리진염산염),레보세티리진염산염,세틴잘정5밀리그램(레보세티리진염산염),20080421,200804360,[M244596]레보세티리진염산염,,단일,20161230,(정제) 6세 미만의 유아에게는 정제가 아닌 액제를 투여할 것,,특정연령대금기
20260219,연한 노란색의 장방형의 필름코팅정,01140,해열.진통.소염제,한미약품(주),전문의약품,필름코팅정,D000773,Tramadol Hydrochloride,Tramadol Hydrochloride(트라마돌염산염),트라마돌염산염,"트라스펜세미정(트라마돌,아세트아미노펜)",20080423,200804519,[M222893]트라마돌염산염/[M040353]아세트아미노펜,[D000147]Acetaminophen(아세트아미노펜),복합,20190522,소아에서 생명에 치명적인 호흡 억제 및 사망 발생,,특정연령대금기
20260219,연한 황색의 장방형 필름코팅정제,01140,해열.진통.소염제,영풍제약(주),전문의약품,필름코팅정,D000773,Tramadol Hydrochloride,Tramadol Hydrochloride(트라마돌염산염),트라마돌염산염,울트펜정,20080423,200804556,[M222893]트라마돌염산염/[M040353]아세트아미노펜,[D000147]Acetaminophen(아세트아미노펜),복합,20190522,소아에서 생명에 치명적인 호흡 억제 및 사망 발생,,특정연령대금기
20260219,연한 황색의 장방형 필름코팅정,01140,해열.진통.소염제,제이더블유신약(주),전문의약품,필름코팅정,D000773,Tramadol Hydrochloride,Tramadol Hydrochloride(트라마돌염산염),트라마돌염산염,트라마셋정,20080423,200804557,[M040353]아세트아미노펜/[M222893]트라마돌염산염,[D000147]Acetaminophen(아세트아미노펜),복합,20190522,소아에서 생명에 치명적인 호흡 억제 및 사망 발생,,특정연령대금기
20241002,연한 황색의 장방형 필름코팅 정제,01140,해열.진통.소염제,(주)대웅제약,전문의약품,필름코팅정,D000773,Tramadol Hydrochloride,Tramadol Hydrochloride(트라마돌염산염),트라마돌염산염,"베아트라정(아세트아미노펜,트라마돌)(수출용)",20080423,200804558,[M040353]아세트아미노펜/[M222893]트라마돌염산염,[D000147]Acetaminophen(아세트아미노펜),복합,20190522,소아에서 생명에 치명적인 호흡 억제 및 사망 발생,,특정연령대금기
20260219,연한 노란색의 장방형의 필름코팅정,01140,해열.진통.소염제,한미약품(주),전문의약품,필름코팅정,D000773,Tramadol Hydrochloride,Tramadol Hydrochloride(트라마돌염산염),트라마돌염산염,"트라스펜정(트라마돌,아세트아미노펜)",20080423,200804560,[M222893]트라마돌염산염/[M040353]아세트아미노펜,[D000147]Acetaminophen(아세트아미노펜),복합,20190522,소아에서 생명에 치명적인 호흡 억제 및 사망 발생,,특정연령대금기
20260219,연한 황색 장방형 필름코팅 정제,01140,해열.진통.소염제,삼천당제약(주),전문의약품,필름코팅정,D000773,Tramadol Hydrochloride,Tramadol Hydrochloride(트라마돌염산염),트라마돌염산염,듀오셋정,20080423,200804561,[M040353]아세트아미노펜/[M255410]트라마돌염산염/[M040353]아세트아미노펜/[M255410]트라마돌염산염/[M040353]아세트아미노펜/[M255410]트라마돌염산염/[M040353]아세트아미노펜/[M255410]트라마돌염산염,[D000147]Acetaminophen(아세트아미노펜),복합,20190522,소아에서 생명에 치명적인 호흡 억제 및 사망 발생,,특정연령대금기
20260219,연한 황색의 장방형필름코팅정,01140,해열.진통.소염제,일동제약(주),전문의약품,필름코팅정,D000773,Tramadol Hydrochloride,Tramadol Hydrochloride(트라마돌염산염),트라마돌염산염,세타마돌정,20080423,200804562,[M222893]트라마돌염산염/[M040353]아세트아미노펜,[D000147]Acetaminophen(아세트아미노펜),복합,20190522,소아에서 생명에 치명적인 호흡 억제 및 사망 발생,,특정연령대금기
20260219,연한 황색의 장방형 필름코팅 정제,01140,해열.진통.소염제,구주제약(주),전문의약품,필름코팅정,D000773,Tramadol Hydrochloride,Tramadol Hydrochloride(트라마돌염산염),트라마돌염산염,트라마펜정,20080423,200804563,[M040353]아세트아미노펜/[M222893]트라마돌염산염,[D000147]Acetaminophen(아세트아미노펜),복합,20190522,소아에서 생명에 치명적인 호흡 억제 및 사망 발생,,특정연령대금기
20260219,연한 황색의 장방형 필름코팅정제,01140,해열.진통.소염제,한국프라임제약(주),전문의약품,필름코팅정,D000773,Tramadol Hydrochloride,Tramadol Hydrochloride(트라마돌염산염),트라마돌염산염,아트라펜정,20080424,200804586,[M222893]트라마돌염산염/[M040353]아세트아미노펜,[D000147]Acetaminophen(아세트아미노펜),복합,20190522,소아에서 생명에 치명적인 호흡 억제 및 사망 발생,,특정연령대금기
20260219,연한 황색의 장방형 필름코팅정제,01140,해열.진통.소염제,삼익제약(주),전문의약품,필름코팅정,D000773,Tramadol Hydrochloride,Tramadol Hydrochloride(트라마돌염산염),트라마돌염산염,타미트라정,20080424,200804611,[M040353]아세트아미노펜/[M222893]트라마돌염산염,[D000147]Acetaminophen(아세트아미노펜),복합,20190522,소아에서 생명에 치명적인 호흡 억제 및 사망 발생,,특정연령대금기
20260219,연한 노란색의 장방형 필름코팅정,01140,해열.진통.소염제,(주)중헌제약,전문의약품,필름코팅정,D000773,Tramadol Hydrochloride,Tramadol Hydrochloride(트라마돌염산염),트라마돌염산염,듀얼셋세미정,20080424,200804631,[M222893]트라마돌염산염/[M040353]아세트아미노펜,[D000147]Acetaminophen(아세트아미노펜),복합,20190522,소아에서 생명에 치명적인 호흡 억제 및 사망 발생,,특정연령대금기
20260219,연한 황색의 장방형 필름코팅정제,01140,해열.진통.소염제,(주)바이넥스,전문의약품,필름코팅정,D000773,Tramadol Hydrochloride,Tramadol Hydrochloride(트라마돌염산염),트라마돌염산염,아세트람세미정,20080425,200804633,[M040353]아세트아미노펜/[M222893]트라마돌염산염,[D000147]Acetaminophen(아세트아미노펜),복합,20190522,소아에서 생명에 치명적인 호흡 억제 및 사망 발생,,특정연령대금기
20260219,연한 황색의 장방형 필름코팅정,01140,해열.진통.소염제,영진약품(주),전문의약품,필름코팅정,D000773,Tramadol Hydrochloride,Tramadol Hydrochloride(트라마돌염산염),트라마돌염산염,영트라셋정,20080425,200804696,[M040353]아세트아미노펜/[M255410]트라마돌염산염,[D000147]Acetaminophen(아세트아미노펜),복합,20190522,소아에서 생명에 치명적인 호흡 억제 및 사망 발생,,특정연령대금기
20260219,연한 황색의 장방형필름코팅정제,01140,해열.진통.소염제,한국코러스(주),전문의약품,필름코팅정,D000773,Tramadol Hydrochloride,Tramadol Hydrochloride(트라마돌염산염),트라마돌염산염,라노펜정,20080425,200804702,[M222893]트라마돌염산염/[M040353]아세트아미노펜,[D000147]Acetaminophen(아세트아미노펜),복합,20190522,소아에서 생명에 치명적인 호흡 억제 및 사망 발생,,특정연령대금기
20260219,연한 황색의 장방형 필름코팅정제,01140,해열.진통.소염제,삼진제약(주),전문의약품,필름코팅정,D000773,Tramadol Hydrochloride,Tramadol Hydrochloride(트라마돌염산염),트라마돌염산염,시너젯정,20080428,200804771,[M222893]트라마돌염산염/[M040353]아세트아미노펜,[D000147]Acetaminophen(아세트아미노펜),복합,20190522,소아에서 생명에 치명적인 호흡 억제 및 사망 발생,,특정연령대금기
20260219,연한 황색의 장방형 필름코팅정,01140,해열.진통.소염제,(주)한국피엠지제약,전문의약품,필름코팅정,D000773,Tramadol Hydrochloride,Tramadol Hydrochloride(트라마돌염산염),트라마돌염산염,아트라셋세미정,20080428,200804778,[M255410]트라마돌염산염/[M040353]아세트아미노펜,[D000147]Acetaminophen(아세트아미노펜),복합,20190522,소아에서 생명에 치명적인 호흡 억제 및 사망 발생,,특정연령대금기
20201223,흰색 또는 미황색의 타원형 필름코팅정제,01410,항히스타민제,대원제약(주),전문의약품,필름코팅정,D000903,Levocetirizine Hydrochloride,Levocetirizine Hydrochloride(레보세티리진염산염),레보세티리진염산염,씨진정5mg(레보세티리진염산염)(수출용),20080428,200804779,[M244596]레보세티리진염산염,,단일,20161230,(정제) 6세 미만의 유아에게는 정제가 아닌 액제를 투여할 것,,특정연령대금기
20260219,연한 황색의 장방형 필름 코팅정,01140,해열.진통.소염제,일동제약(주),전문의약품,필름코팅정,D000773,Tramadol Hydrochloride,Tramadol Hydrochloride(트라마돌염산염),트라마돌염산염,세타마돌세미정,20080428,200804796,[M222893]트라마돌염산염/[M040353]아세트아미노펜,[D000147]Acetaminophen(아세트아미노펜),복합,20190522,소아에서 생명에 치명적인 호흡 억제 및 사망 발생,,특정연령대금기
20200711,흰색 또는 미백색의 원형 필름코팅정제,01410,항히스타민제,삼천당제약(주),전문의약품,필름코팅정,D000903,Levocetirizine Hydrochloride,Levocetirizine Hydrochloride(레보세티리진염산염),레보세티리진염산염,쎄티린정(레보세티리진염산염),20080428,200804797,[M244596]레보세티리진염산염,,단일,20161230,(정제) 6세 미만의 유아에게는 정제가 아닌 액제를 투여할 것,,특정연령대금기
20200711,흰색 또는 미황색의 타원형 필름코팅정제,01410,항히스타민제,제이더블유신약(주),전문의약품,필름코팅정,D000903,Levocetirizine Hydrochloride,Levocetirizine Hydrochloride(레보세티리진염산염),레보세티리진염산염,알러반정(레보세티리진염산염),20080428,200804798,[M244596]레보세티리진염산염,,단일,20161230,(정제) 6세 미만의 유아에게는 정제가 아닌 액제를 투여할 것,,특정연령대금기
20260219,연한 황색의 장방형 필름코팅 정제,01140,해열.진통.소염제,경동제약(주),전문의약품,필름코팅정,D000773,Tramadol Hydrochloride,Tramadol Hydrochloride(트라마돌염산염),트라마돌염산염,메가스펜정,20080428,200804802,[M222893]트라마돌염산염/[M040353]아세트아미노펜,[D000147]Acetaminophen(아세트아미노펜),복합,20190522,소아에서 생명에 치명적인 호흡 억제 및 사망 발생,,특정연령대금기
20260219,연한황색의 장방형 필름코팅정,01140,해열.진통.소염제,안국약품(주),전문의약품,필름코팅정,D000773,Tramadol Hydrochloride,Tramadol Hydrochloride(트라마돌염산염),트라마돌염산염,슈프라펜정,20080428,200804810,[M040353]아세트아미노펜/[M222893]트라마돌염산염,[D000147]Acetaminophen(아세트아미노펜),복합,20190522,소아에서 생명에 치명적인 호흡 억제 및 사망 발생,,특정연령대금기
20260219,연한 황색의 장방형 필름코팅정,01140,해열.진통.소염제,화일약품(주),전문의약품,필름코팅정,D000773,Tramadol Hydrochloride,Tramadol Hydrochloride(트라마돌염산염),트라마돌염산염,노통펜프러스정,20080428,200804821,[M222893]트라마돌염산염/[M040353]아세트아미노펜,[D000147]Acetaminophen(아세트아미노펜),복합,20190522,소아에서 생명에 치명적인 호흡 억제 및 사망 발생,,특정연령대금기
20260219,연한 황색의 장방형 필름코팅정,01140,해열.진통.소염제,(주)한국피엠지제약,전문의약품,필름코팅정,D000773,Tramadol Hydrochloride,Tramadol Hydrochloride(트라마돌염산염),트라마돌염산염,아트라셋정,20080429,200804859,[M255410]트라마돌염산염/[M040353]아세트아미노펜,[D000147]Acetaminophen(아세트아미노펜),복합,20190522,소아에서 생명에 치명적인 호흡 억제 및 사망 발생,,특정연령대금기
20260219,연한 황색의 장방형 필름코팅정제,01140,해열.진통.소염제,(주)보령,전문의약품,필름코팅정,D000773,Tramadol Hydrochloride,Tramadol Hydrochloride(트라마돌염산염),트라마돌염산염,맥스노펜정,20080429,200804908,[M222893]트라마돌염산염/[M040353]아세트아미노펜,[D000147]Acetaminophen(아세트아미노펜),복합,20190522,소아에서 생명에 치명적인 호흡 억제 및 사망 발생,,특정연령대금기
20260219,연한 황색의 장방형 필름코팅정제,01140,해열.진통.소염제,(주)킴스제약,전문의약품,필름코팅정,D000773,Tramadol Hydrochloride,Tramadol Hydrochloride(트라마돌염산염),트라마돌염산염,업트라셋세미정,20080429,200804909,[M040353]아세트아미노펜/[M255410]트라마돌염산염,[D000147]Acetaminophen(아세트아미노펜),복합,20190522,소아에서 생명에 치명적인 호흡 억제 및 사망 발생,,특정연령대금기
20260219,연한 황색의 장방형 필름코팅정제,01140,해열.진통.소염제,주식회사제뉴원사이언스,전문의약품,필름코팅정,D000773,Tramadol Hydrochloride,Tramadol Hydrochloride(트라마돌염산염),트라마돌염산염,페인리스세미정,20080429,200804912,[M222893]트라마돌염산염/[M040353]아세트아미노펜,[D000147]Acetaminophen(아세트아미노펜),복합,20190522,소아에서 생명에 치명적인 호흡 억제 및 사망 발생,,특정연령대금기
20260219,연한 황색의 장방형 필름코팅정제,01140,해열.진통.소염제,영일제약(주),전문의약품,필름코팅정,D000773,Tramadol Hydrochloride,Tramadol Hydrochloride(트라마돌염산염),트라마돌염산염,듀라셋정,20080429,200804916,[M040353]아세트아미노펜/[M222893]트라마돌염산염,[D000147]Acetaminophen(아세트아미노펜),복합,20190522,소아에서 생명에 치명적인 호흡 억제 및 사망 발생,,특정연령대금기
20260219,연한 황색의 장방형 필름코팅제,01140,해열.진통.소염제,영일제약(주),전문의약품,필름코팅정,D000773,Tramadol Hydrochloride,Tramadol Hydrochloride(트라마돌염산염),트라마돌염산염,듀라셋세미정,20080429,200804917,[M040353]아세트아미노펜/[M255410]트라마돌염산염,[D000147]Acetaminophen(아세트아미노펜),복합,20190522,소아에서 생명에 치명적인 호흡 억제 및 사망 발생,,특정연령대금기
20260219,연한 황색의 장방형 필름코팅정제,01140,해열.진통.소염제,에스케이케미칼(주),전문의약품,필름코팅정,D000773,Tramadol Hydrochloride,Tramadol Hydrochloride(트라마돌염산염),트라마돌염산염,울트라스크세미정,20080429,200804918,[M040353]아세트아미노펜/[M222893]트라마돌염산염,[D000147]Acetaminophen(아세트아미노펜),복합,20190522,소아에서 생명에 치명적인 호흡 억제 및 사망 발생,,특정연령대금기
20260219,연한 황색의 장방형 필름코팅정제,01140,해열.진통.소염제,명문제약(주),전문의약품,필름코팅정,D000773,Tramadol Hydrochloride,Tramadol Hydrochloride(트라마돌염산염),트라마돌염산염,트라펜세미정,20080430,200804938,[M222893]트라마돌염산염/[M040353]아세트아미노펜,[D000147]Acetaminophen(아세트아미노펜),복합,20190522,소아에서 생명에 치명적인 호흡 억제 및 사망 발생,,특정연령대금기
20260219,연한 황색의 장방형 필름코팅정제,01140,해열.진통.소염제,태극제약(주),전문의약품,필름코팅정,D000773,Tramadol Hydrochloride,Tramadol Hydrochloride(트라마돌염산염),트라마돌염산염,"스타리셋정(아세트아미노펜,트라마돌염산염)",20080430,200804939,[M040353]아세트아미노펜/[M222893]트라마돌염산염,[D000147]Acetaminophen(아세트아미노펜),복합,20190522,소아에서 생명에 치명적인 호흡 억제 및 사망 발생,,특정연령대금기
20260219,연한 황색의 장방형 필름코팅정제,01140,해열.진통.소염제,(주)킴스제약,전문의약품,필름코팅정,D000773,Tramadol Hydrochloride,Tramadol Hydrochloride(트라마돌염산염),트라마돌염산염,업트라셋정,20080430,200804940,[M040353]아세트아미노펜/[M255410]트라마돌염산염,[D000147]Acetaminophen(아세트아미노펜),복합,20190522,소아에서 생명에 치명적인 호흡 억제 및 사망 발생,,특정연령대금기
20260219,연한 황색의 장방형 필름코팅정제,01140,해열.진통.소염제,대한뉴팜(주),전문의약품,필름코팅정,D000773,Tramadol Hydrochloride,Tramadol Hydrochloride(트라마돌염산염),트라마돌염산염,무파인세미정,20080430,200804942,[M040353]아세트아미노펜/[M255410]트라마돌염산염,[D000147]Acetaminophen(아세트아미노펜),복합,20190522,소아에서 생명에 치명적인 호흡 억제 및 사망 발생,,특정연령대금기
20260219,연한 노란색의 장방형 필름코팅정제,01140,해열.진통.소염제,삼성제약(주),전문의약품,필름코팅정,D000773,Tramadol Hydrochloride,Tramadol Hydrochloride(트라마돌염산염),트라마돌염산염,스트롱셋정,20080430,200804943,[M040353]아세트아미노펜/[M222893]트라마돌염산염,[D000147]Acetaminophen(아세트아미노펜),복합,20190522,소아에서 생명에 치명적인 호흡 억제 및 사망 발생,,특정연령대금기
20210131,한면에 분할선이 있는 황색의 장방형 필름코팅 정제,01170,정신신경용제,삼일제약(주),전문의약품,필름코팅정,D000323,Mirtazapine,Mirtazapine(미르타자핀),미르타자핀,미르탁스정15mg(미르타자핀),20080430,200804995,[M088893]미르타자핀,,단일,20161230,소아 및 청소년에서의 사용 승인되지 않음.소아(7~17세) 임상시험에서 7% 이상 체중이 증가된 환자 비율이 위약군보다 높음.,,특정연령대금기
20200711,흰색 또는 연한 노란색의 타원형 필름코팅정제,01410,항히스타민제,삼일제약(주),전문의약품,필름코팅정,D000903,Levocetirizine Hydrochloride,Levocetirizine Hydrochloride(레보세티리진염산염),레보세티리진염산염,쎄렌잘정(레보세티리진염산염),20080501,200805037,[M244596]레보세티리진염산염,,단일,20161230,(정제) 6세 미만의 유아에게는 정제가 아닌 액제를 투여할 것,,특정연령대금기
20200711,백색 또는 미황색의 타원형 필름코팅정,01410,항히스타민제,일동제약(주),전문의약품,필름코팅정,D000903,Levocetirizine Hydrochloride,Levocetirizine Hydrochloride(레보세티리진염산염),레보세티리진염산염,세노바엘정(레보세티리진염산염),20080501,200805063,[M244596]레보세티리진염산염,,단일,20161230,(정제) 6세 미만의 유아에게는 정제가 아닌 액제를 투여할 것,,특정연령대금기
20200711,흰색 또는 연한 노란색의 타원형 필름코팅정,01410,항히스타민제,맥널티제약(주),전문의약품,필름코팅정,D000903,Levocetirizine Hydrochloride,Levocetirizine Hydrochloride(레보세티리진염산염),레보세티리진염산염,맥씨정(레보세티리진염산염),20080502,200805089,[M244596]레보세티리진염산염,,단일,20161230,(정제) 6세 미만의 유아에게는 정제가 아닌 액제를 투여할 것,,특정연령대금기
20200711,흰색 또는 연한 노란색의 타원형 필름코팅정제,01410,항히스타민제,에이치엘비제약(주),전문의약품,필름코팅정,D000903,Levocetirizine Hydrochloride,Levocetirizine Hydrochloride(레보세티리진염산염),레보세티리진염산염,레티린정(레보세티리진염산염),20080506,200805122,[M244596]레보세티리진염산염,,단일,20161230,(정제) 6세 미만의 유아에게는 정제가 아닌 액제를 투여할 것,,특정연령대금기
20200711,흰색 또는 미황색의 타원형 필름코팅정,01410,항히스타민제,국제약품(주),전문의약품,필름코팅정,D000903,Levocetirizine Hydrochloride,Levocetirizine Hydrochloride(레보세티리진염산염),레보세티리진염산염,엘트리진정(레보세티리진염산염),20080506,200805142,[M244596]레보세티리진염산염,,단일,20161230,(정제) 6세 미만의 유아에게는 정제가 아닌 액제를 투여할 것,,특정연령대금기
20200711,흰색 또는 미황색의 타원형 필름코팅정,01410,항히스타민제,(주)동구바이오제약,전문의약품,필름코팅정,D000903,Levocetirizine Hydrochloride,Levocetirizine Hydrochloride(레보세티리진염산염),레보세티리진염산염,레티진정(레보세티리진염산염),20080507,200805175,[M244596]레보세티리진염산염,,단일,20161230,(정제) 6세 미만의 유아에게는 정제가 아닌 액제를 투여할 것,,특정연령대금기
20200711,흰색 또는 미황색의 타원형 필름코팅정제,01410,항히스타민제,대웅바이오(주),전문의약품,필름코팅정,D000903,Levocetirizine Hydrochloride,Levocetirizine Hydrochloride(레보세티리진염산염),레보세티리진염산염,베아티린정(레보세티리진염산염),20080508,200805263,[M244596]레보세티리진염산염,,단일,20161230,(정제) 6세 미만의 유아에게는 정제가 아닌 액제를 투여할 것,,특정연령대금기
20200711,흰색 또는 미황색의 타원형 필름코팅정,01410,항히스타민제,삼아제약(주),전문의약품,필름코팅정,D000903,Levocetirizine Hydrochloride,Levocetirizine Hydrochloride(레보세티리진염산염),레보세티리진염산염,네오세틴정(레보세티리진염산염),20080508,200805265,[M244596]레보세티리진염산염,,단일,20161230,(정제) 6세 미만의 유아에게는 정제가 아닌 액제를 투여할 것,,특정연령대금기
20200711,흰색 또는 연한 노란색의 타원형 필름코팅정,01410,항히스타민제,고려제약(주),전문의약품,필름코팅정,D000903,Levocetirizine Hydrochloride,Levocetirizine Hydrochloride(레보세티리진염산염),레보세티리진염산염,알러탑정(레보세티리진염산염),20080508,200805288,[M244596]레보세티리진염산염,,단일,20161230,(정제) 6세 미만의 유아에게는 정제가 아닌 액제를 투여할 것,,특정연령대금기
20200711,흰색 또는 미황색의 타원형 필름코팅정제,01410,항히스타민제,동성제약(주),전문의약품,필름코팅정,D000903,Levocetirizine Hydrochloride,Levocetirizine Hydrochloride(레보세티리진염산염),레보세티리진염산염,레티신정(레보세티리진염산염),20080508,200805290,[M244596]레보세티리진염산염,,단일,20161230,(정제) 6세 미만의 유아에게는 정제가 아닌 액제를 투여할 것,,특정연령대금기
20200711,흰색 또는 연한 노란색의 타원형 필름코팅정,01410,항히스타민제,아주약품(주),전문의약품,필름코팅정,D000903,Levocetirizine Hydrochloride,Levocetirizine Hydrochloride(레보세티리진염산염),레보세티리진염산염,코알비정(레보세티리진염산염),20080508,200805408,[M244596]레보세티리진염산염/[M244596]레보세티리진염산염,,단일,20161230,(정제) 6세 미만의 유아에게는 정제가 아닌 액제를 투여할 것,,특정연령대금기
20200711,흰색 또는 미황색의 타원형 필름코팅정제,01410,항히스타민제,코오롱제약(주),전문의약품,필름코팅정,D000903,Levocetirizine Hydrochloride,Levocetirizine Hydrochloride(레보세티리진염산염),레보세티리진염산염,레보코트정5밀리그램(레보세티리진염산염),20080513,200805421,[M244596]레보세티리진염산염,,단일,20161230,(정제) 6세 미만의 유아에게는 정제가 아닌 액제를 투여할 것,,특정연령대금기
20200711,흰색 또는 미황색의 타원형 필름코팅정제,01410,항히스타민제,케이엠에스제약(주),전문의약품,필름코팅정,D000903,Levocetirizine Hydrochloride,Levocetirizine Hydrochloride(레보세티리진염산염),레보세티리진염산염,케트라진정(레보세티리진염산염),20080521,200805653,[M244596]레보세티리진염산염/[M244596]레보세티리진염산염,,단일,20161230,(정제) 6세 미만의 유아에게는 정제가 아닌 액제를 투여할 것,,특정연령대금기
20210430,흰색 또는 미황색의 타원형 필름코팅정,01410,항히스타민제,주식회사제뉴원사이언스,전문의약품,필름코팅정,D000903,Levocetirizine Hydrochloride,Levocetirizine Hydrochloride(레보세티리진염산염),레보세티리진염산염,알레린정(레보세티리진염산염),20080521,200805676,[M244596]레보세티리진염산염,,단일,20161230,(정제) 6세 미만의 유아에게는 정제가 아닌 액제를 투여할 것,,특정연령대금기
20200711,흰색 또는 미황색의 타원형 필름코팅정제,01410,항히스타민제,(주)종근당,전문의약품,필름코팅정,D000903,Levocetirizine Hydrochloride,Levocetirizine Hydrochloride(레보세티리진염산염),레보세티리진염산염,레세티잘정(레보세티리진염산염),20080521,200805680,[M244596]레보세티리진염산염,,단일,20161230,(정제) 6세 미만의 유아에게는 정제가 아닌 액제를 투여할 것,,특정연령대금기
20200711,흰색 또는 미황색의 타원형 필름코팅정제,01410,항히스타민제,오스틴제약(주),전문의약품,필름코팅정,D000903,Levocetirizine Hydrochloride,Levocetirizine Hydrochloride(레보세티리진염산염),레보세티리진염산염,알씨텍정5mg(레보세티리진염산염),20080602,200806072,[M244596]레보세티리진염산염,,단일,20161230,(정제) 6세 미만의 유아에게는 정제가 아닌 액제를 투여할 것,,특정연령대금기
20210128,흰색 또는 연한 노란색의 타원형 필름코팅정제,01410,항히스타민제,(주)하원제약,전문의약품,필름코팅정,D000903,Levocetirizine Hydrochloride,Levocetirizine Hydrochloride(레보세티리진염산염),레보세티리진염산염,네오리진정(레보세티리진염산염)(수출용),20080625,200807051,[M244596]레보세티리진염산염,,단일,20161230,(정제) 6세 미만의 유아에게는 정제가 아닌 액제를 투여할 것,,특정연령대금기
20210323,흰색 또는 연한 노란색의 타원형 필름코팅정제,01410,항히스타민제,태극제약(주),전문의약품,필름코팅정,D000903,Levocetirizine Hydrochloride,Levocetirizine Hydrochloride(레보세티리진염산염),레보세티리진염산염,알레세틴정5밀리그램(레보세티리진염산염),20080721,200807943,[M244596]레보세티리진염산염,,단일,20161230,(정제) 6세 미만의 유아에게는 정제가 아닌 액제를 투여할 것,,특정연령대금기
20200711,흰색 또는 미황색의 타원형 필름코팅정,01410,항히스타민제,삼익제약(주),전문의약품,필름코팅정,D000903,Levocetirizine Hydrochloride,Levocetirizine Hydrochloride(레보세티리진염산염),레보세티리진염산염,코세틴정(레보세티리진염산염),20080721,200807949,[M244596]레보세티리진염산염,,단일,20161230,(정제) 6세 미만의 유아에게는 정제가 아닌 액제를 투여할 것,,특정연령대금기
20201214,흰색 또는 연한 노란색의 타원형 필름코팅정제,01410,항히스타민제,대우제약(주),전문의약품,필름코팅정,D000903,Levocetirizine Hydrochloride,Levocetirizine Hydrochloride(레보세티리진염산염),레보세티리진염산염,카이잘정(레보세티리진염산염),20080721,200807962,[M244596]레보세티리진염산염,,단일,20161230,(정제) 6세 미만의 유아에게는 정제가 아닌 액제를 투여할 것,,특정연령대금기
20200711,흰색 또는 미황색의 타원형 필름코팅정제,01410,항히스타민제,제일약품(주),전문의약품,필름코팅정,D000903,Levocetirizine Hydrochloride,Levocetirizine Hydrochloride(레보세티리진염산염),레보세티리진염산염,세티잘정(레보세티리진염산염),20080722,200807963,[M244596]레보세티리진염산염,,단일,20161230,(정제) 6세 미만의 유아에게는 정제가 아닌 액제를 투여할 것,,특정연령대금기
20200711,흰색 또는 미황색의 타원형 필름코팅정,01410,항히스타민제,(주)제뉴파마,전문의약품,필름코팅정,D000903,Levocetirizine Hydrochloride,Levocetirizine Hydrochloride(레보세티리진염산염),레보세티리진염산염,레보네스정(레보세티리진염산염),20080722,200807986,[M244596]레보세티리진염산염,,단일,20161230,(정제) 6세 미만의 유아에게는 정제가 아닌 액제를 투여할 것,,특정연령대금기
20200711,흰색 또는 미황색의 타원형 필름코팅정제,01410,항히스타민제,위더스제약(주),전문의약품,필름코팅정,D000903,Levocetirizine Hydrochloride,Levocetirizine Hydrochloride(레보세티리진염산염),레보세티리진염산염,레티라진정(레보세티리진염산염),20080722,200807989,[M244596]레보세티리진염산염,,단일,20161230,(정제) 6세 미만의 유아에게는 정제가 아닌 액제를 투여할 것,,특정연령대금기
20200711,흰색 또는 연한 노란색의 타원형 필름 코팅정제,01410,항히스타민제,한미약품(주),전문의약품,필름코팅정,D000903,Levocetirizine Hydrochloride,Levocetirizine Hydrochloride(레보세티리진염산염),레보세티리진염산염,엘티리진정5밀리그램(레보세티리진염산염),20080725,200808150,[M244596]레보세티리진염산염,,단일,20161230,(정제) 6세 미만의 유아에게는 정제가 아닌 액제를 투여할 것,,특정연령대금기
20210304,적갈색의 필름코팅 타원형 정제,01170,정신신경용제,한국오가논(주),전문의약품,필름코팅정,D000323,Mirtazapine,Mirtazapine(미르타자핀),미르타자핀,레메론정30밀리그램(미르타자핀),20080806,200808414,[M088893]미르타자핀,,단일,20161230,소아 및 청소년에서의 사용 승인되지 않음.소아(7~17세) 임상시험에서 7% 이상 체중이 증가된 환자 비율이 위약군보다 높음.,,특정연령대금기
20200711,흰색 또는 연한 노랑색의 타원형 필름코팅정제,01410,항히스타민제,한국프라임제약(주),전문의약품,필름코팅정,D000903,Levocetirizine Hydrochloride,Levocetirizine Hydrochloride(레보세티리진염산염),레보세티리진염산염,씨펜정(레보세티리진염산염),20080820,200808828,[M244596]레보세티리진염산염,,단일,20161230,(정제) 6세 미만의 유아에게는 정제가 아닌 액제를 투여할 것,,특정연령대금기
20200711,흰색 또는 연한 노랑색의 달갈형 필름코팅정제,01410,항히스타민제,한국유나이티드제약(주),전문의약품,필름코팅정,D000903,Levocetirizine Hydrochloride,Levocetirizine Hydrochloride(레보세티리진염산염),레보세티리진염산염,쎄잘정5밀리그램(레보세티리진염산염)(수출용),20080822,200808915,[M244596]레보세티리진염산염,,단일,20161230,(정제) 6세 미만의 유아에게는 정제가 아닌 액제를 투여할 것,,특정연령대금기
20230506,황색 분말이 충진된 상하부 황색의 경질캡슐제,02390,기타의 소화기관용약,알파제약(주),일반의약품,"경질캡슐제, 산제",D001058,Nifuroxazide,Nifuroxazide(니푸록사지드),니푸록사지드,알파니푸록사지드캡슐(수출용),20080829,200809148,[M200244]니푸록사지드,,단일,20171106,Nitrofuran계 항생제는 글루타티온 환원효소 억제로 인한 용혈성 빈혈 위험이 있음,,특정연령대금기
20200711,흰색 또는 미황색의 타원형 필름코팅정제,01410,항히스타민제,명문제약(주),전문의약품,필름코팅정,D000903,Levocetirizine Hydrochloride,Levocetirizine Hydrochloride(레보세티리진염산염),레보세티리진염산염,레보틸정(레보세티리진염산염),20080912,200809465,[M244596]레보세티리진염산염/[M244596]레보세티리진염산염,,단일,20161230,(정제) 6세 미만의 유아에게는 정제가 아닌 액제를 투여할 것,,특정연령대금기
20200711,흰색 또는 미황색의 타원형 필름코팅정제,01410,항히스타민제,영풍제약(주),전문의약품,필름코팅정,D000903,Levocetirizine Hydrochloride,Levocetirizine Hydrochloride(레보세티리진염산염),레보세티리진염산염,레보세티정(레보세티리진염산염),20080918,200809649,[M244596]레보세티리진염산염,,단일,20161230,(정제) 6세 미만의 유아에게는 정제가 아닌 액제를 투여할 것,,특정연령대금기
20210131,고유의 향이 있는 양면의 편평한 흰색 원형 속붕해성 정제,01170,정신신경용제,삼일제약(주),전문의약품,구강붕해정,D000323,Mirtazapine,Mirtazapine(미르타자핀),미르타자핀,미르탁스오디티정15밀리그램(미르타자핀),20090227,200901546,[M088893]미르타자핀,,단일,20161230,소아 및 청소년에서의 사용 승인되지 않음.소아(7~17세) 임상시험에서 7% 이상 체중이 증가된 환자 비율이 위약군보다 높음.,,특정연령대금기
20200711,흰색 또는 미황색의 타원형 필름코팅정제,01410,항히스타민제,영진약품(주),전문의약품,필름코팅정,D000903,Levocetirizine Hydrochloride,Levocetirizine Hydrochloride(레보세티리진염산염),레보세티리진염산염,레보세린정(레보세티리진염산염),20090827,200906585,[M244596]레보세티리진염산염,,단일,20161230,(정제) 6세 미만의 유아에게는 정제가 아닌 액제를 투여할 것,,특정연령대금기
20210617,적갈색 타원형의 서방형 장용필름코팅정제,02390,기타의 소화기관용약,한국다케다제약(주),전문의약품,서방성장용필름코팅정,D000631,Mesalazine,Mesalazine(메살라진),메살라진,메자반트엑스엘장용정1200밀리그램(메살라진),20100305,201001891,[M083890]메살라진,,단일,20171106,,,특정연령대금기
20191028,무색-미황색의 용액을 함유한 갈색 앰플제임,01140,해열.진통.소염제,명인제약(주),전문의약품,용액주사제,D000309,Piroxicam,Piroxicam(피록시캄),피록시캄,일라탐주(피록시캄)(수출용),20110111,201100130,[M071634]피록시캄,,단일,20181102,중증의 위장관계 이상반응을 일으킬 위험은 연령에 따라 증가함. 고령자는 중대한 위장관계 이상반응의 위험이 더 클 수 있음.,,특정연령대금기
20200108,미황색의 타원형 필름코팅정,01170,정신신경용제,현대약품(주),전문의약품,필름코팅정,D000323,Mirtazapine,Mirtazapine(미르타자핀),미르타자핀,멀타핀정15밀리그램(미르타자핀),20120627,201205950,[M088893]미르타자핀,,단일,20161230,소아 및 청소년에서의 사용 승인되지 않음.소아(7~17세) 임상시험에서 7% 이상 체중이 증가된 환자 비율이 위약군보다 높음.,,특정연령대금기
20200108,적갈색의 타원형 필름코팅정,01170,정신신경용제,현대약품(주),전문의약품,필름코팅정,D000323,Mirtazapine,Mirtazapine(미르타자핀),미르타자핀,멀타핀정30밀리그램(미르타자핀),20120627,201205951,[M088893]미르타자핀,,단일,20161230,소아 및 청소년에서의 사용 승인되지 않음.소아(7~17세) 임상시험에서 7% 이상 체중이 증가된 환자 비율이 위약군보다 높음.,,특정연령대금기
20200108,청색의 타원형 필름코팅정,01170,정신신경용제,현대약품(주),전문의약품,필름코팅정,D000323,Mirtazapine,Mirtazapine(미르타자핀),미르타자핀,멀타핀정7.5밀리그램(미르타자핀),20120629,201205974,[M088893]미르타자핀,,단일,20161230,소아 및 청소년에서의 사용 승인되지 않음.소아(7~17세) 임상시험에서 7% 이상 체중이 증가된 환자 비율이 위약군보다 높음.,,특정연령대금기
20200711,흰색 또는 미황색의 타원형 필름코팅정제,01410,항히스타민제,(주)테라젠이텍스,전문의약품,필름코팅정,D000903,Levocetirizine Hydrochloride,Levocetirizine Hydrochloride(레보세티리진염산염),레보세티리진염산염,레보세탄정(레보세티리진염산염),20130108,201300152,[M244596]레보세티리진염산염,,단일,20161230,(정제) 6세 미만의 유아에게는 정제가 아닌 액제를 투여할 것,,특정연령대금기
20200711,흰색 또는 연한 노란색의 타원형 필름코팅정제,01410,항히스타민제,이연제약(주),전문의약품,필름코팅정,D000903,Levocetirizine Hydrochloride,Levocetirizine Hydrochloride(레보세티리진염산염),레보세티리진염산염,알레세트정(레보세티리진염산염)(수출용),20130201,201303236,[M244596]레보세티리진염산염,,단일,20161230,(정제) 6세 미만의 유아에게는 정제가 아닌 액제를 투여할 것,,특정연령대금기
20200711,흰색 또는 미백색의 원형 필름코팅정제,01410,항히스타민제,(주)일화,전문의약품,필름코팅정,D000903,Levocetirizine Hydrochloride,Levocetirizine Hydrochloride(레보세티리진염산염),레보세티리진염산염,레티정(레보세티리진염산염),20130401,201306549,[M244596]레보세티리진염산염,,단일,20161230,(정제) 6세 미만의 유아에게는 정제가 아닌 액제를 투여할 것,,특정연령대금기
20200711,흰색 또는 미황색의 타원형 필름코팅정,01410,항히스타민제,한국휴텍스제약(주),전문의약품,필름코팅정,D000903,Levocetirizine Hydrochloride,Levocetirizine Hydrochloride(레보세티리진염산염),레보세티리진염산염,레보세트린정(레보세티리진염산염),20130726,201308400,[M244596]레보세티리진염산염,,단일,20161230,(정제) 6세 미만의 유아에게는 정제가 아닌 액제를 투여할 것,,특정연령대금기
20191029,담황색 액체가 든 갈색앰플 주사제,01140,해열.진통.소염제,(주)비씨월드제약,전문의약품,용액주사제,D000309,Piroxicam,Piroxicam(피록시캄),피록시캄,비씨피록시캄주사(수출용),20131004,201309565,[M071634]피록시캄/[M071634]피록시캄,,단일,20181102,중증의 위장관계 이상반응을 일으킬 위험은 연령에 따라 증가함. 고령자는 중대한 위장관계 이상반응의 위험이 더 클 수 있음.,,특정연령대금기
20200711,흰색 또는 미황색의 타원형 필름코팅정,01410,항히스타민제,하나제약(주),전문의약품,필름코팅정,D000903,Levocetirizine Hydrochloride,Levocetirizine Hydrochloride(레보세티리진염산염),레보세티리진염산염,케트라정(레보세티리진염산염),20131016,201309743,[M244596]레보세티리진염산염,,단일,20161230,(정제) 6세 미만의 유아에게는 정제가 아닌 액제를 투여할 것,,특정연령대금기
20210506,노란색의 타원형 필름코팅정,01170,정신신경용제,명인제약(주),전문의약품,필름코팅정,D000323,Mirtazapine,Mirtazapine(미르타자핀),미르타자핀,밀타정15밀리그램(미르타자핀),20140113,201400120,[M088893]미르타자핀,,단일,20161230,소아 및 청소년에서의 사용 승인되지 않음.소아(7~17세) 임상시험에서 7% 이상 체중이 증가된 환자 비율이 위약군보다 높음.,,특정연령대금기
20220907,엷은 분홍색의 한면이 피라미드형인 정사각형 서방성 필름코팅정,01170,정신신경용제,한국화이자제약(주),전문의약품,서방성필름코팅정,D001010,Desvenlafaxine Succinate Monohydrate,Desvenlafaxine Succinate Monohydrate(데스벤라팍신숙신산염일수화물),데스벤라팍신숙신산염일수화물,프리스틱서방정50밀리그램(데스벤라팍신숙신산염일수화물),20140206,201400537,[M258837]데스벤라팍신숙신산염일수화물,,단일,20161230,소아 및 청소년에서의 사용 승인되지 않음.,,특정연령대금기
20220907,주홍색의 한면이 피라미드형인 정사각형 서방성 필름코팅정,01170,정신신경용제,한국화이자제약(주),전문의약품,서방성필름코팅정,D001010,Desvenlafaxine Succinate Monohydrate,Desvenlafaxine Succinate Monohydrate(데스벤라팍신숙신산염일수화물),데스벤라팍신숙신산염일수화물,프리스틱서방정100밀리그램(데스벤라팍신숙신산염일수화물),20140206,201400538,[M258837]데스벤라팍신숙신산염일수화물,,단일,20161230,소아 및 청소년에서의 사용 승인되지 않음.,,특정연령대금기
20200711,흰색 또는 미황색의 타원형 필름코팅정,01410,항히스타민제,(주)바이넥스,전문의약품,필름코팅정,D000903,Levocetirizine Hydrochloride,Levocetirizine Hydrochloride(레보세티리진염산염),레보세티리진염산염,알레넥스정(레보세티리진염산염),20140328,201401456,[M244596]레보세티리진염산염,,단일,20161230,(정제) 6세 미만의 유아에게는 정제가 아닌 액제를 투여할 것,,특정연령대금기
20200711,흰색 또는 미황색의 타원형 필름코팅정,01410,항히스타민제,알리코제약(주),전문의약품,필름코팅정,D000903,Levocetirizine Hydrochloride,Levocetirizine Hydrochloride(레보세티리진염산염),레보세티리진염산염,레보코나진정(레보세티리진염산염),20140424,201401997,[M244596]레보세티리진염산염,,단일,20161230,(정제) 6세 미만의 유아에게는 정제가 아닌 액제를 투여할 것,,특정연령대금기
20200711,흰색 또는 미황색의 타원형 필름코팅정,01410,항히스타민제,(주)화이트생명과학,전문의약품,필름코팅정,D000903,Levocetirizine Hydrochloride,Levocetirizine Hydrochloride(레보세티리진염산염),레보세티리진염산염,알레난정(레보세티리진염산염),20140630,201402901,[M244596]레보세티리진염산염,,단일,20161230,(정제) 6세 미만의 유아에게는 정제가 아닌 액제를 투여할 것,,특정연령대금기
20251017,한쪽 면에 “TL” 다른쪽 면에 “5”가 새겨진 분홍색의 달걀형 필름코팅정,01170,정신신경용제,한국룬드벡(주),전문의약품,필름코팅정,D001011,Vortioxetine Hydrobromide,Vortioxetine Hydrobromide(보티옥세틴브롬화수소산염),보티옥세틴브롬화수소산염,브린텔릭스정5밀리그램(보티옥세틴브롬화수소산염),20140819,201403835,[M260128]보티옥세틴브롬화수소산염,,단일,20161230,"소아에 대한 안전성 및 유효성이 확립되지 않았으므로, 소아에게 이 약을 투여하는 것은 권장되지 않음.",,특정연령대금기
20251017,한쪽 면에 “TL” 다른쪽 면에 “10”가 새겨진 노란색의 달걀형 필름코팅정,01170,정신신경용제,한국룬드벡(주),전문의약품,필름코팅정,D001011,Vortioxetine Hydrobromide,Vortioxetine Hydrobromide(보티옥세틴브롬화수소산염),보티옥세틴브롬화수소산염,브린텔릭스정10밀리그램(보티옥세틴브롬화수소산염),20140819,201403836,[M260128]보티옥세틴브롬화수소산염,,단일,20161230,"소아에 대한 안전성 및 유효성이 확립되지 않았으므로, 소아에게 이 약을 투여하는 것은 권장되지 않음.",,특정연령대금기
20251017,한쪽 면에 “TL” 다른쪽 면에 “20”가 새겨진 빨간색의 달걀형 필름코팅정,01170,정신신경용제,한국룬드벡(주),전문의약품,필름코팅정,D001011,Vortioxetine Hydrobromide,Vortioxetine Hydrobromide(보티옥세틴브롬화수소산염),보티옥세틴브롬화수소산염,브린텔릭스정20밀리그램(보티옥세틴브롬화수소산염),20140819,201403837,[M260128]보티옥세틴브롬화수소산염,,단일,20161230,"소아에 대한 안전성 및 유효성이 확립되지 않았으므로, 소아에게 이 약을 투여하는 것은 권장되지 않음.",,특정연령대금기
20200711,흰색 또는 미황색의 타원형 필름코팅정,01410,항히스타민제,(주)휴비스트제약,전문의약품,필름코팅정,D000903,Levocetirizine Hydrochloride,Levocetirizine Hydrochloride(레보세티리진염산염),레보세티리진염산염,알티리진정(레보세티리진염산염),20140820,201403886,[M244596]레보세티리진염산염,,단일,20161230,(정제) 6세 미만의 유아에게는 정제가 아닌 액제를 투여할 것,,특정연령대금기
20191125,적갈색의 타원형 필름코팅정,01170,정신신경용제,명인제약(주),전문의약품,필름코팅정,D000323,Mirtazapine,Mirtazapine(미르타자핀),미르타자핀,밀타정30밀리그램(미르타자핀),20141013,201404690,[M088893]미르타자핀,,단일,20161230,소아 및 청소년에서의 사용 승인되지 않음.소아(7~17세) 임상시험에서 7% 이상 체중이 증가된 환자 비율이 위약군보다 높음.,,특정연령대금기
20200711,흰색 또는 미황색의 타원형 필름코팅정,01410,항히스타민제,(주)킵스바이오파마,전문의약품,필름코팅정,D000903,Levocetirizine Hydrochloride,Levocetirizine Hydrochloride(레보세티리진염산염),레보세티리진염산염,네티진정(레보세티리진염산염),20141120,201405423,[M244596]레보세티리진염산염,,단일,20161230,(정제) 6세 미만의 유아에게는 정제가 아닌 액제를 투여할 것,,특정연령대금기
20200711,흰색 또는 미황색의 타원형 필름코팅정제,01410,항히스타민제,대한뉴팜(주),전문의약품,필름코팅정,D000903,Levocetirizine Hydrochloride,Levocetirizine Hydrochloride(레보세티리진염산염),레보세티리진염산염,레보티진정(레보세티리진염산염),20141128,201405631,[M244596]레보세티리진염산염,,단일,20161230,(정제) 6세 미만의 유아에게는 정제가 아닌 액제를 투여할 것,,특정연령대금기
20191118,흰색의 원형 구강붕해 정제,01170,정신신경용제,명인제약(주),전문의약품,구강붕해정,D000323,Mirtazapine,Mirtazapine(미르타자핀),미르타자핀,밀타오디정30밀리그램(미르타자핀),20141128,201405633,[M088893]미르타자핀,,단일,20161230,소아 및 청소년에서의 사용 승인되지 않음.소아(7~17세) 임상시험에서 7% 이상 체중이 증가된 환자 비율이 위약군보다 높음.,,특정연령대금기
20191118,흰색의 원형 구강붕해 정제,01170,정신신경용제,명인제약(주),전문의약품,구강붕해정,D000323,Mirtazapine,Mirtazapine(미르타자핀),미르타자핀,밀타오디정15밀리그램(미르타자핀),20141128,201405634,[M088893]미르타자핀,,단일,20161230,소아 및 청소년에서의 사용 승인되지 않음.소아(7~17세) 임상시험에서 7% 이상 체중이 증가된 환자 비율이 위약군보다 높음.,,특정연령대금기
20200411,"흰색 내지 연한 갈색의 장용성 구형과립이 든 상부 청색, 하부 흰색의 경질캡슐제",01170,정신신경용제,동국제약(주),전문의약품,"장용성캡슐제, 펠렛",D000890,Duloxetine Hydrochloride Enteric-Coated Granules,Duloxetine Hydrochloride Enteric-Coated Granules(둘록세틴염산염장용과립),둘록세틴염산염장용과립,둘세린캡슐30밀리그램(둘록세틴염산염),20141209,201405813,[M259598]둘록세틴염산염장용과립,,단일,20161230,소아 및 18세 미만의 청소년의 주요우울장애의 치료에는 사용해서는 안 됨.만 7세에서 17세까지의 주요우울장애 환자에서 플루옥세틴 군보다 이상사례(주로 오심)로 인한 중단 및 자살행동 높음.,"다만, '주요 우울장애의 치료'에 한함",특정연령대금기
20200711,흰색 또는 미황색의 타원형 필름코팅정,01410,항히스타민제,구주제약(주),전문의약품,필름코팅정,D000903,Levocetirizine Hydrochloride,Levocetirizine Hydrochloride(레보세티리진염산염),레보세티리진염산염,알러세틴정(레보세티리진염산염),20141230,201406135,[M244596]레보세티리진염산염,,단일,20161230,(정제) 6세 미만의 유아에게는 정제가 아닌 액제를 투여할 것,,특정연령대금기
20200711,흰색 또는 미황색의 타원형 필름코팅정,01410,항히스타민제,(주)마더스제약,전문의약품,필름코팅정,D000903,Levocetirizine Hydrochloride,Levocetirizine Hydrochloride(레보세티리진염산염),레보세티리진염산염,렙세틴정(레보세티리진염산염),20150114,201500181,[M244596]레보세티리진염산염,,단일,20161230,(정제) 6세 미만의 유아에게는 정제가 아닌 액제를 투여할 것,,특정연령대금기
20220327,파란색의 타원형 필름코팅정,06290,기타의 화학요법제,동화약품(주),전문의약품,필름코팅정,D001059,Zabofloxacin D-Aspartate Hydrate,Zabofloxacin D-Aspartate Hydrate(자보플록사신D-아스파르트산염수화물),자보플록사신D-아스파르트산염수화물,자보란테정(자보플록사신D-아스파르트산염수화물),20150320,201501455,[M261970]자보플록사신D-아스파르트산염수화물,,단일,20171106,"안전성 및 유효성 미확립퀴놀론계 항균제는 몇몇 어린 동물종에서 관절병증, 뼈연골증을 유발함",,특정연령대금기
20200711,흰색 또는 미황색의 타원형 필름코팅정,01410,항히스타민제,(주)다산제약,전문의약품,필름코팅정,D000903,Levocetirizine Hydrochloride,Levocetirizine Hydrochloride(레보세티리진염산염),레보세티리진염산염,알레자이정(레보세티리진염산염),20150501,201502730,[M244596]레보세티리진염산염,,단일,20161230,(정제) 6세 미만의 유아에게는 정제가 아닌 액제를 투여할 것,,특정연령대금기
20200831,"흰색 내지 연한 갈색의 장용성 구형과립이 든 상부 청색, 하부 노란연두색의 경질캡슐제",01170,정신신경용제,동국제약(주),전문의약품,"장용성캡슐제, 펠렛",D000890,Duloxetine Hydrochloride Enteric-Coated Granules,Duloxetine Hydrochloride Enteric-Coated Granules(둘록세틴염산염장용과립),둘록세틴염산염장용과립,둘세린캡슐60밀리그램(둘록세틴염산염),20141212,201405865,[M259598]둘록세틴염산염장용과립,,단일,20161230,소아 및 18세 미만의 청소년의 주요우울장애의 치료에는 사용해서는 안 됨.만 7세에서 17세까지의 주요우울장애 환자에서 플루옥세틴 군보다 이상사례(주로 오심)로 인한 중단 및 자살행동 높음.,"다만, '주요 우울장애의 치료'에 한함",특정연령대금기
20200411,"흰색 내지 연한 갈색의 장용성 구형과립이 든 상부 청색, 하부 흰색의 경질캡슐제",01170,정신신경용제,(주)킵스바이오파마,전문의약품,"장용성캡슐제, 펠렛",D000890,Duloxetine Hydrochloride Enteric-Coated Granules,Duloxetine Hydrochloride Enteric-Coated Granules(둘록세틴염산염장용과립),둘록세틴염산염장용과립,둘세틴캡슐30밀리그램(둘록세틴염산염),20150410,201501973,[M259598]둘록세틴염산염장용과립,,단일,20161230,소아 및 18세 미만의 청소년의 주요우울장애의 치료에는 사용해서는 안 됨.만 7세에서 17세까지의 주요우울장애 환자에서 플루옥세틴 군보다 이상사례(주로 오심)로 인한 중단 및 자살행동 높음.,"다만, '주요 우울장애의 치료'에 한함",특정연령대금기
20200411,"흰색 내지 연한 갈색의 장용성 구형과립이 든 상부 청색, 하부 노란 연두색의 경질캡슐제",01170,정신신경용제,(주)킵스바이오파마,전문의약품,"장용성캡슐제, 펠렛",D000890,Duloxetine Hydrochloride Enteric-Coated Granules,Duloxetine Hydrochloride Enteric-Coated Granules(둘록세틴염산염장용과립),둘록세틴염산염장용과립,둘세틴캡슐60밀리그램(둘록세틴염산염),20150410,201501974,[M259598]둘록세틴염산염장용과립,,단일,20161230,소아 및 18세 미만의 청소년의 주요우울장애의 치료에는 사용해서는 안 됨.만 7세에서 17세까지의 주요우울장애 환자에서 플루옥세틴 군보다 이상사례(주로 오심)로 인한 중단 및 자살행동 높음.,"다만, '주요 우울장애의 치료'에 한함",특정연령대금기
20200429,"흰색 내지 연한 갈색의 장용성 구형과립이 든 상부 청색, 하부 노란연두색의 경질캡슐제",01170,정신신경용제,(주)마더스제약,전문의약품,"장용성캡슐제, 펠렛",D000890,Duloxetine Hydrochloride Enteric-Coated Granules,Duloxetine Hydrochloride Enteric-Coated Granules(둘록세틴염산염장용과립),둘록세틴염산염장용과립,두울세틴캡슐60밀리그램(둘록세틴염산염),20150416,201502313,[M259598]둘록세틴염산염장용과립,,단일,20161230,소아 및 18세 미만의 청소년의 주요우울장애의 치료에는 사용해서는 안 됨.만 7세에서 17세까지의 주요우울장애 환자에서 플루옥세틴 군보다 이상사례(주로 오심)로 인한 중단 및 자살행동 높음.,"다만, '주요 우울장애의 치료'에 한함",특정연령대금기
20200429,"흰색 내지 연한 갈색의 장용성 구형과립이 든 상부 청색, 하부 흰색의 경질캡슐제",01170,정신신경용제,(주)마더스제약,전문의약품,"장용성캡슐제, 펠렛",D000890,Duloxetine Hydrochloride Enteric-Coated Granules,Duloxetine Hydrochloride Enteric-Coated Granules(둘록세틴염산염장용과립),둘록세틴염산염장용과립,두울세틴캡슐30밀리그램(둘록세틴염산염),20150416,201502314,[M259598]둘록세틴염산염장용과립,,단일,20161230,소아 및 18세 미만의 청소년의 주요우울장애의 치료에는 사용해서는 안 됨.만 7세에서 17세까지의 주요우울장애 환자에서 플루옥세틴 군보다 이상사례(주로 오심)로 인한 중단 및 자살행동 높음.,"다만, '주요 우울장애의 치료'에 한함",특정연령대금기
20200711,흰색 또는 미황색의 타원형 필름코팅정제,01410,항히스타민제,(주)휴온스메디텍,전문의약품,필름코팅정,D000903,Levocetirizine Hydrochloride,Levocetirizine Hydrochloride(레보세티리진염산염),레보세티리진염산염,휴니즈레보세티리진염산염정,20150514,201502926,[M244596]레보세티리진염산염,,단일,20161230,(정제) 6세 미만의 유아에게는 정제가 아닌 액제를 투여할 것,,특정연령대금기
20200711,흰색 또는 연한 노란색의 타원형 필름코팅정제,01410,항히스타민제,(주)셀릭스,전문의약품,필름코팅정,D000903,Levocetirizine Hydrochloride,Levocetirizine Hydrochloride(레보세티리진염산염),레보세티리진염산염,레세티정(레보세티리진염산염),20150610,201503771,[M244596]레보세티리진염산염,,단일,20161230,(정제) 6세 미만의 유아에게는 정제가 아닌 액제를 투여할 것,,특정연령대금기
20200711,갈색 유리병 혹은 플라스틱병에 든 무색 투명한 용액,01410,항히스타민제,한국휴텍스제약(주),전문의약품,경구용액제,D000903,Levocetirizine Hydrochloride,Levocetirizine Hydrochloride(레보세티리진염산염),레보세티리진염산염,레보세트린액(레보세티리진염산염),20150714,201504834,[M244596]레보세티리진염산염,,단일,20161230,"(액제) 1세 미만의 영아에 대한 사용 경험이 적어 투여하지 않음.1세 이상 6세 미만의 소아에 대한 임상시험 결과, 가장 흔하게 나타난 이상반응은 발열, 설사, 구토, 중이염이었음.",,특정연령대금기
20220930,4.5mL 카트리지가 들어 있는 알루미늄 실린더에 든 무색 투명한 액제 (밝은 녹색 마개가 달린 레스피맷 흡입기가 첨부될 수 있다),02290,기타의 호흡기관용약,한국베링거인겔하임(주),전문의약품,"정량흡입제, 용액제",D001005,Olodaterol Hydrochloride,Olodaterol Hydrochloride(올로다테롤염산염),올로다테롤염산염,바헬바레스피맷,20150831,201506154,[M260630]티오트로퓸브롬화물수화물/[M262661]올로다테롤염산염,[D001006]Tiotropium(티오트로피움),복합,20171106,안전성 및 유효성 미확립,,특정연령대금기
20170802,흰색의 원형 구강붕해 정제,01170,정신신경용제,명인제약(주),전문의약품,구강붕해정,D000323,Mirtazapine,Mirtazapine(미르타자핀),미르타자핀,밀타오디정7.5밀리그램(미르타자핀),20160321,201601663,[M088893]미르타자핀,,단일,20161230,소아 및 청소년에서의 사용 승인되지 않음.소아(7~17세) 임상시험에서 7% 이상 체중이 증가된 환자 비율이 위약군보다 높음.,,특정연령대금기
20200711,흰색 또는 연한 노란색의 타원형 필름코팅정제,01410,항히스타민제,진양제약(주),전문의약품,필름코팅정,D000903,Levocetirizine Hydrochloride,Levocetirizine Hydrochloride(레보세티리진염산염),레보세티리진염산염,레보세진정5밀리그램(레보세티리진염산염),20160422,201602239,[M244596]레보세티리진염산염,,단일,20161230,(정제) 6세 미만의 유아에게는 정제가 아닌 액제를 투여할 것,,특정연령대금기
20200527,"흰색 내지 연한 갈색의 장용성 구형 과립이 든 상부 보라색, 하부 노란연두색의 경질캡슐제",01170,정신신경용제,유니메드제약(주),전문의약품,"장용성캡슐제, 펠렛",D000890,Duloxetine Hydrochloride Granules,Duloxetine Hydrochloride Granules(둘록세틴염산염과립),둘록세틴염산염과립,듀로센캡슐60밀리그램(둘록세틴염산염),20150520,201503029,[M258601]둘록세틴염산염과립,,단일,20161230,소아 및 18세 미만의 청소년의 주요우울장애의 치료에는 사용해서는 안 됨.만 7세에서 17세까지의 주요우울장애 환자에서 플루옥세틴 군보다 이상사례(주로 오심)로 인한 중단 및 자살행동 높음.,"다만, '주요 우울장애의 치료'에 한함",특정연령대금기
20200411,"흰색내지 연한갈색의 장용성 구형과립이 든 상부 보라색,하부 흰색의 경질캡슐제",01170,정신신경용제,유니메드제약(주),전문의약품,"장용성캡슐제, 펠렛",D000890,Duloxetine Hydrochloride Granules,Duloxetine Hydrochloride Granules(둘록세틴염산염과립),둘록세틴염산염과립,듀로센캡슐30밀리그램(둘록세틴염산염),20150812,201505607,[M258601]둘록세틴염산염과립,,단일,20161230,소아 및 18세 미만의 청소년의 주요우울장애의 치료에는 사용해서는 안 됨.만 7세에서 17세까지의 주요우울장애 환자에서 플루옥세틴 군보다 이상사례(주로 오심)로 인한 중단 및 자살행동 높음.,"다만, '주요 우울장애의 치료'에 한함",특정연령대금기
20200711,흰색 또는 미황색의 타원형 필름코팅정,01410,항히스타민제,안국약품(주),전문의약품,필름코팅정,D000903,Levocetirizine Hydrochloride,Levocetirizine Hydrochloride(레보세티리진염산염),레보세티리진염산염,엘레틴정(레보세티리진염산염)(수출용),20160510,201602577,[M244596]레보세티리진염산염,,단일,20161230,(정제) 6세 미만의 유아에게는 정제가 아닌 액제를 투여할 것,,특정연령대금기
20210513,흰색 또는 미황색의 타원형 필름코팅정,01410,항히스타민제,일성아이에스(주),전문의약품,필름코팅정,D000903,Levocetirizine Hydrochloride,Levocetirizine Hydrochloride(레보세티리진염산염),레보세티리진염산염,센레보정(레보세티리진염산염),20160510,201602578,[M244596]레보세티리진염산염,,단일,20161230,(정제) 6세 미만의 유아에게는 정제가 아닌 액제를 투여할 것,,특정연령대금기
20210429,플라스틱 병에 든 무색 투명한 용액,01410,항히스타민제,일성아이에스(주),전문의약품,경구용액제,D000903,Levocetirizine Hydrochloride,Levocetirizine Hydrochloride(레보세티리진염산염),레보세티리진염산염,센레보액(레보세티리진염산염),20160516,201602663,[M244596]레보세티리진염산염,,단일,20161230,"(액제) 1세 미만의 영아에 대한 사용 경험이 적어 투여하지 않음.1세 이상 6세 미만의 소아에 대한 임상시험 결과, 가장 흔하게 나타난 이상반응은 발열, 설사, 구토, 중이염이었음.",,특정연령대금기
20200511,"흰색 내지 연한 갈색의 장용성 구형 과립이 들어 있는 상부 청색, 하부 노란연두색의 경질캡슐제",01170,정신신경용제,에이치케이이노엔(주),전문의약품,"장용성캡슐제, 펠렛",D000890,Duloxetine Hydrochloride Enteric-Coated Granules,Duloxetine Hydrochloride Enteric-Coated Granules(둘록세틴염산염장용과립),둘록세틴염산염장용과립,듀록타캡슐60밀리그램(둘록세틴염산염),20160627,201603992,[M259598]둘록세틴염산염장용과립,,단일,20161230,소아 및 18세 미만의 청소년의 주요우울장애의 치료에는 사용해서는 안 됨.만 7세에서 17세까지의 주요우울장애 환자에서 플루옥세틴 군보다 이상사례(주로 오심)로 인한 중단 및 자살행동 높음.,"다만, '주요 우울장애의 치료'에 한함",특정연령대금기
20200711,갈색 유리병 혹은 플라스틱병에 든 무색 투명한 용액,01410,항히스타민제,(주)보령바이오파마,전문의약품,경구용액제,D000903,Levocetirizine Hydrochloride,Levocetirizine Hydrochloride(레보세티리진염산염),레보세티리진염산염,비알세티액(레보세티리진염산염),20161101,201606429,[M244596]레보세티리진염산염,,단일,20161230,"(액제) 1세 미만의 영아에 대한 사용 경험이 적어 투여하지 않음.1세 이상 6세 미만의 소아에 대한 임상시험 결과, 가장 흔하게 나타난 이상반응은 발열, 설사, 구토, 중이염이었음.",,특정연령대금기
20200711,흰색 또는 연한 노란색의 타원형 필름코팅정제,01410,항히스타민제,(주)보령바이오파마,전문의약품,필름코팅정,D000903,Levocetirizine Hydrochloride,Levocetirizine Hydrochloride(레보세티리진염산염),레보세티리진염산염,비알세티정(레보세티리진염산염),20161116,201606641,[M244596]레보세티리진염산염,,단일,20161230,(정제) 6세 미만의 유아에게는 정제가 아닌 액제를 투여할 것,,특정연령대금기
20200711,흰색 또는 미황색의 타원형 필름코팅정,01410,항히스타민제,동국제약(주),전문의약품,필름코팅정,D000903,Levocetirizine Hydrochloride,Levocetirizine Hydrochloride(레보세티리진염산염),레보세티리진염산염,레보트리진정(레보세티리진염산염),20170125,201700463,[M244596]레보세티리진염산염,,단일,20161230,(정제) 6세 미만의 유아에게는 정제가 아닌 액제를 투여할 것,,특정연령대금기
20210528,적갈색의 타원형 필름코팅정,01170,정신신경용제,영진약품(주),전문의약품,필름코팅정,D000323,Mirtazapine,Mirtazapine(미르타자핀),미르타자핀,영진멀타자핀정30밀리그램(미르타자핀),20170327,201701436,[M088893]미르타자핀,,단일,20161230,소아 및 청소년에서의 사용 승인되지 않음.소아(7~17세) 임상시험에서 7% 이상 체중이 증가된 환자 비율이 위약군보다 높음.,,특정연령대금기
20210528,연한 노란색의 타원형 필름코팅정,01170,정신신경용제,영진약품(주),전문의약품,필름코팅정,D000323,Mirtazapine,Mirtazapine(미르타자핀),미르타자핀,영진멀타자핀정15밀리그램(미르타자핀),20170327,201701437,[M088893]미르타자핀,,단일,20161230,소아 및 청소년에서의 사용 승인되지 않음.소아(7~17세) 임상시험에서 7% 이상 체중이 증가된 환자 비율이 위약군보다 높음.,,특정연령대금기
20210507,파란색의 타원형 필름코팅정,01170,정신신경용제,명인제약(주),전문의약품,필름코팅정,D000323,Mirtazapine,Mirtazapine(미르타자핀),미르타자핀,밀타정7.5밀리그램(미르타자핀),20170828,201706845,[M088893]미르타자핀,,단일,20161230,소아 및 청소년에서의 사용 승인되지 않음.소아(7~17세) 임상시험에서 7% 이상 체중이 증가된 환자 비율이 위약군보다 높음.,,특정연령대금기
20190909,오렌지 향이 나는 흰색의 원형 정제,01170,정신신경용제,명문제약(주),전문의약품,나정,D000323,Mirtazapine,Mirtazapine(미르타자핀),미르타자핀,명문미르타오디정15밀리그램(미르타자핀),20170831,201706900,[M088893]미르타자핀,,단일,20161230,소아 및 청소년에서의 사용 승인되지 않음.소아(7~17세) 임상시험에서 7% 이상 체중이 증가된 환자 비율이 위약군보다 높음.,,특정연령대금기
20201026,미황색의 타원형 필름코팅정제,01170,정신신경용제,환인제약(주),전문의약품,필름코팅정,D000323,Mirtazapine,Mirtazapine(미르타자핀),미르타자핀,미르젠탁정15밀리그램(미르타자핀),20170912,201707054,[M088893]미르타자핀,,단일,20161230,소아 및 청소년에서의 사용 승인되지 않음.소아(7~17세) 임상시험에서 7% 이상 체중이 증가된 환자 비율이 위약군보다 높음.,,특정연령대금기
20201026,적갈색의 타원형 필름코팅정제,01170,정신신경용제,환인제약(주),전문의약품,필름코팅정,D000323,Mirtazapine,Mirtazapine(미르타자핀),미르타자핀,미르젠탁정30밀리그램(미르타자핀),20170912,201707055,[M088893]미르타자핀,,단일,20161230,소아 및 청소년에서의 사용 승인되지 않음.소아(7~17세) 임상시험에서 7% 이상 체중이 증가된 환자 비율이 위약군보다 높음.,,특정연령대금기
20201026,청색의 타원형 필름코팅정제,01170,정신신경용제,환인제약(주),전문의약품,필름코팅정,D000323,Mirtazapine,Mirtazapine(미르타자핀),미르타자핀,미르젠탁정7.5밀리그램(미르타자핀),20170912,201707056,[M088893]미르타자핀,,단일,20161230,소아 및 청소년에서의 사용 승인되지 않음.소아(7~17세) 임상시험에서 7% 이상 체중이 증가된 환자 비율이 위약군보다 높음.,,특정연령대금기
20200711,흰색 또는 미황색의 타원형 필름코팅정제,01410,항히스타민제,안국뉴팜(주),전문의약품,필름코팅정,D000903,Levocetirizine Hydrochloride,Levocetirizine Hydrochloride(레보세티리진염산염),레보세티리진염산염,뉴세레틴정(레보세티리진염산염),20180105,201800071,[M244596]레보세티리진염산염,,단일,20161230,(정제) 6세 미만의 유아에게는 정제가 아닌 액제를 투여할 것,,특정연령대금기
20190909,오렌지 향이 나는 흰색의 원형 정제,01170,정신신경용제,명문제약(주),전문의약품,구강붕해정,D000323,Mirtazapine,Mirtazapine(미르타자핀),미르타자핀,명문미르타오디정30밀리그램(미르타자핀),20180223,201800907,[M088893]미르타자핀,,단일,20161230,소아 및 청소년에서의 사용 승인되지 않음.소아(7~17세) 임상시험에서 7% 이상 체중이 증가된 환자 비율이 위약군보다 높음.,,특정연령대금기
20200711,흰색 또는 연한 노란색의 타원형 필름코팅정제,01410,항히스타민제,한국코러스(주),전문의약품,필름코팅정,D000903,Levocetirizine Hydrochloride,Levocetirizine Hydrochloride(레보세티리진염산염),레보세티리진염산염,코러스레보세티리진염산염정(수출용),20180321,201801235,[M244596]레보세티리진염산염,,단일,20161230,(정제) 6세 미만의 유아에게는 정제가 아닌 액제를 투여할 것,,특정연령대금기
20200618,"흰색 내지 회백색의 장용성 구형 과립이 들어있는 상부 청색, 하부 흰색의 경질캡슐제",01170,정신신경용제,(주)다산제약,전문의약품,"장용성캡슐제, 펠렛",D000890,Duloxetine Hydrochloride Enteric-Coated Granules,Duloxetine Hydrochloride Enteric-Coated Granules(둘록세틴염산염장용과립),둘록세틴염산염장용과립,심발세틴캡슐30밀리그램(둘록세틴염산염),20180328,201801367,[M259598]둘록세틴염산염장용과립,,단일,20161230,소아 및 18세 미만의 청소년의 주요우울장애의 치료에는 사용해서는 안 됨.만 7세에서 17세까지의 주요우울장애 환자에서 플루옥세틴 군보다 이상사례(주로 오심)로 인한 중단 및 자살행동 높음.,"다만, '주요 우울장애의 치료'에 한함",특정연령대금기
20200618,"흰색 내지 회백색의 장용성 구형 과립이 들어있는 상부 청색, 하부 노란 연두색의 경질캡슐제",01170,정신신경용제,(주)다산제약,전문의약품,"장용성캡슐제, 펠렛",D000890,Duloxetine Hydrochloride Enteric-Coated Granules,Duloxetine Hydrochloride Enteric-Coated Granules(둘록세틴염산염장용과립),둘록세틴염산염장용과립,심발세틴캡슐60밀리그램(둘록세틴염산염),20180328,201801368,[M259598]둘록세틴염산염장용과립,,단일,20161230,소아 및 18세 미만의 청소년의 주요우울장애의 치료에는 사용해서는 안 됨.만 7세에서 17세까지의 주요우울장애 환자에서 플루옥세틴 군보다 이상사례(주로 오심)로 인한 중단 및 자살행동 높음.,"다만, '주요 우울장애의 치료'에 한함",특정연령대금기
20260213,무색투명한 프리필드시린지에 무색 내지 거의 무색의 투명한 겔제,01210,국소마취제,(주)퍼슨,전문의약품,피부용겔제,D001152,Chlorhexidine Gluconate Solution,Chlorhexidine Gluconate Solution(클로르헥시딘글루콘산염 액),클로르헥시딘글루콘산염 액,인카인겔,20190201,201900789,[M223220]클로르헥시딘글루콘산염 액/[M203064]리도카인염산염일수화물,[D000709]Lidocaine(리도카인),복합,20181102,,,특정연령대금기
20200711,흰색 또는 미황색의 타원형 필름코팅정,01410,항히스타민제,(주)이든파마,전문의약품,필름코팅정,D000903,Levocetirizine Hydrochloride,Levocetirizine Hydrochloride(레보세티리진염산염),레보세티리진염산염,인티진정(레보세티리진염산염),20190423,201902533,[M244596]레보세티리진염산염,,단일,20161230,(정제) 6세 미만의 유아에게는 정제가 아닌 액제를 투여할 것,,특정연령대금기
20200711,플라스틱 병에 든 무색 투명한 용액,01410,항히스타민제,독립바이오제약(주),전문의약품,경구용액제,D000903,Levocetirizine Hydrochloride,Levocetirizine Hydrochloride(레보세티리진염산염),레보세티리진염산염,레세린액(레보세티리진염산염),20190531,201903600,[M244596]레보세티리진염산염,,단일,20161230,"(액제) 1세 미만의 영아에 대한 사용 경험이 적어 투여하지 않음.1세 이상 6세 미만의 소아에 대한 임상시험 결과, 가장 흔하게 나타난 이상반응은 발열, 설사, 구토, 중이염이었음.",,특정연령대금기
20200711,흰색 또는 미황색의 타원형 필름코팅정,01410,항히스타민제,독립바이오제약(주),전문의약품,필름코팅정,D000903,Levocetirizine Hydrochloride,Levocetirizine Hydrochloride(레보세티리진염산염),레보세티리진염산염,레세린정(레보세티리진염산염),20190531,201903601,[M244596]레보세티리진염산염,,단일,20161230,(정제) 6세 미만의 유아에게는 정제가 아닌 액제를 투여할 것,,특정연령대금기
20200411,"흰색 내지 연한 갈색의 장용성 구형과립이 든 상부 청색, 하부 흰색의 경질캡슐제",01170,정신신경용제,한국코러스(주),전문의약품,"장용성캡슐제, 펠렛",D000890,Duloxetine Hydrochloride Enteric-Coated Granules,Duloxetine Hydrochloride Enteric-Coated Granules(둘록세틴염산염장용과립),둘록세틴염산염장용과립,듀로세틴캡슐30밀리그램(둘록세틴염산염),20180601,201802298,[M259598]둘록세틴염산염장용과립,,단일,20161230,소아 및 18세 미만의 청소년의 주요우울장애의 치료에는 사용해서는 안 됨.만 7세에서 17세까지의 주요우울장애 환자에서 플루옥세틴 군보다 이상사례(주로 오심)로 인한 중단 및 자살행동 높음.,"다만, '주요 우울장애의 치료'에 한함",특정연령대금기
20200411,"흰색 내지 연한 갈색의 장용성 구형과립이 든 상부 청색, 하부 노란연두색의 경질캡슐제",01170,정신신경용제,한국코러스(주),전문의약품,"장용성캡슐제, 펠렛",D000890,Duloxetine Hydrochloride Enteric-Coated Granules,Duloxetine Hydrochloride Enteric-Coated Granules(둘록세틴염산염장용과립),둘록세틴염산염장용과립,듀로세틴캡슐60밀리그램(둘록세틴염산염)(수출용),20180601,201802300,[M259598]둘록세틴염산염장용과립,,단일,20161230,소아 및 18세 미만의 청소년의 주요우울장애의 치료에는 사용해서는 안 됨.만 7세에서 17세까지의 주요우울장애 환자에서 플루옥세틴 군보다 이상사례(주로 오심)로 인한 중단 및 자살행동 높음.,"다만, '주요 우울장애의 치료'에 한함",특정연령대금기
20200528,"흰색 내지 연한 갈색의 장용성 구형과립이 든 상부 청색, 하부 흰색의 경질캡슐제",01170,정신신경용제,(주)제뉴파마,전문의약품,"장용성캡슐제, 펠렛",D000890,Duloxetine Hydrochloride Enteric-Coated Granules,Duloxetine Hydrochloride Enteric-Coated Granules(둘록세틴염산염장용과립),둘록세틴염산염장용과립,피엠에스둘록세틴캡슐30mg(둘록세틴염산염),20180614,201802463,[M259598]둘록세틴염산염장용과립,,단일,20161230,소아 및 18세 미만의 청소년의 주요우울장애의 치료에는 사용해서는 안 됨.만 7세에서 17세까지의 주요우울장애 환자에서 플루옥세틴 군보다 이상사례(주로 오심)로 인한 중단 및 자살행동 높음.,"다만, '주요 우울장애의 치료'에 한함",특정연령대금기
20200604,"흰색 내지 연한 갈색의 장용성 구형과립이 든 상부 청색, 하부 노란연두색의 경질캡슐제",01170,정신신경용제,(주)제뉴파마,전문의약품,"장용성캡슐제, 펠렛",D000890,Duloxetine Hydrochloride Enteric-Coated Granules,Duloxetine Hydrochloride Enteric-Coated Granules(둘록세틴염산염장용과립),둘록세틴염산염장용과립,피엠에스둘록세틴캡슐60mg(둘록세틴염산염),20180628,201802697,[M259598]둘록세틴염산염장용과립,,단일,20161230,소아 및 18세 미만의 청소년의 주요우울장애의 치료에는 사용해서는 안 됨.만 7세에서 17세까지의 주요우울장애 환자에서 플루옥세틴 군보다 이상사례(주로 오심)로 인한 중단 및 자살행동 높음.,"다만, '주요 우울장애의 치료'에 한함",특정연령대금기
20201027,"흰색 내지 연한 갈색의 장용성 구형 과립이 든 상부 청색, 하부 흰색의 경질캡슐제",01170,정신신경용제,하나제약(주),전문의약품,"장용성캡슐제, 펠렛",D000890,Duloxetine Hydrochloride Enteric-Coated Granules,Duloxetine Hydrochloride Enteric-Coated Granules(둘록세틴염산염장용과립),둘록세틴염산염장용과립,듀로스캡슐30밀리그램(둘록세틴염산염),20190529,201903549,[M259598]둘록세틴염산염장용과립,,단일,20161230,소아 및 18세 미만의 청소년의 주요우울장애의 치료에는 사용해서는 안 됨.만 7세에서 17세까지의 주요우울장애 환자에서 플루옥세틴 군보다 이상사례(주로 오심)로 인한 중단 및 자살행동 높음.,"다만, '주요 우울장애의 치료'에 한함",특정연령대금기
20201027,"흰색 내지 연한 갈색의 장용성 구형과립이 든 상부 청색, 하부 노란연두색의 경질캡슐제",01170,정신신경용제,하나제약(주),전문의약품,"장용성캡슐제, 펠렛",D000890,Duloxetine Hydrochloride Enteric-Coated Granules,Duloxetine Hydrochloride Enteric-Coated Granules(둘록세틴염산염장용과립),둘록세틴염산염장용과립,듀로스캡슐60밀리그램(둘록세틴염산염),20190529,201903550,[M259598]둘록세틴염산염장용과립,,단일,20161230,소아 및 18세 미만의 청소년의 주요우울장애의 치료에는 사용해서는 안 됨.만 7세에서 17세까지의 주요우울장애 환자에서 플루옥세틴 군보다 이상사례(주로 오심)로 인한 중단 및 자살행동 높음.,"다만, '주요 우울장애의 치료'에 한함",특정연령대금기
20200711,흰색 또는 미황색의 타원형 필름코팅정,01410,항히스타민제,(주)대웅제약,전문의약품,필름코팅정,D000903,Levocetirizine Hydrochloride,Levocetirizine Hydrochloride(레보세티리진염산염),레보세티리진염산염,비코잘정5밀리그램(레보세티리진염산염),20190806,201905541,[M244596]레보세티리진염산염,,단일,20161230,(정제) 6세 미만의 유아에게는 정제가 아닌 액제를 투여할 것,,특정연령대금기
20200711,플라스틱병에 든 무색 투명한 용액,01410,항히스타민제,성원애드콕제약(주),전문의약품,경구용액제,D000903,Levocetirizine Hydrochloride,Levocetirizine Hydrochloride(레보세티리진염산염),레보세티리진염산염,레보실잔액(레보세티리진염산염),20190920,201906581,[M244596]레보세티리진염산염,,단일,20161230,"(액제) 1세 미만의 영아에 대한 사용 경험이 적어 투여하지 않음.1세 이상 6세 미만의 소아에 대한 임상시험 결과, 가장 흔하게 나타난 이상반응은 발열, 설사, 구토, 중이염이었음.",,특정연령대금기
20200711,플라스틱 병에 든 무색 투명한 용액,01410,항히스타민제,조아제약(주),전문의약품,경구용액제,D000903,Levocetirizine Hydrochloride,Levocetirizine Hydrochloride(레보세티리진염산염),레보세티리진염산염,알티즈액(레보세티리진염산염),20191011,201907180,[M244596]레보세티리진염산염,,단일,20161230,"(액제) 1세 미만의 영아에 대한 사용 경험이 적어 투여하지 않음.1세 이상 6세 미만의 소아에 대한 임상시험 결과, 가장 흔하게 나타난 이상반응은 발열, 설사, 구토, 중이염이었음.",,특정연령대금기
20200711,흰색 또는 미황색의 타원형 필름코팅정,01410,항히스타민제,(주)유한양행,전문의약품,필름코팅정,D000903,Levocetirizine Hydrochloride,Levocetirizine Hydrochloride(레보세티리진염산염),레보세티리진염산염,레리진정5밀리그램(레보세티리진염산염),20191113,201907900,[M244596]레보세티리진염산염,,단일,20161230,(정제) 6세 미만의 유아에게는 정제가 아닌 액제를 투여할 것,,특정연령대금기
20210326,플라스틱 병에 든 무색 투명한 용액,01410,항히스타민제,주식회사더유제약,전문의약품,경구용액제,D000903,Levocetirizine Hydrochloride,Levocetirizine Hydrochloride(레보세티리진염산염),레보세티리진염산염,알레스잘액(레보세티리진염산염),20191219,201908548,[M244596]레보세티리진염산염,,단일,20161230,"(액제) 1세 미만의 영아에 대한 사용 경험이 적어 투여하지 않음.1세 이상 6세 미만의 소아에 대한 임상시험 결과, 가장 흔하게 나타난 이상반응은 발열, 설사, 구토, 중이염이었음.",,특정연령대금기
20200711,흰색 또는 미황색의 타원형 필름코팅정,01410,항히스타민제,주식회사더유제약,전문의약품,필름코팅정,D000903,Levocetirizine Hydrochloride,Levocetirizine Hydrochloride(레보세티리진염산염),레보세티리진염산염,알레스잘정(레보세티리진염산염),20200103,202000038,[M244596]레보세티리진염산염,,단일,20161230,(정제) 6세 미만의 유아에게는 정제가 아닌 액제를 투여할 것,,특정연령대금기
20210512,흰색 또는 미황색의 타원형 필름코팅정,01410,항히스타민제,(주)엘앤씨바이오 ,전문의약품,필름코팅정,D000903,Levocetirizine Hydrochloride,Levocetirizine Hydrochloride(레보세티리진염산염),레보세티리진염산염,메가세티리정(레보세티리진염산염),20200103,202000057,[M244596]레보세티리진염산염,,단일,20161230,(정제) 6세 미만의 유아에게는 정제가 아닌 액제를 투여할 것,,특정연령대금기
20200711,흰색 또는 미황색의 타원형 필름코팅정,01410,항히스타민제,(주)넥스팜코리아,전문의약품,필름코팅정,D000903,Levocetirizine Hydrochloride,Levocetirizine Hydrochloride(레보세티리진염산염),레보세티리진염산염,레로진정(레보세티리진염산염),20200226,202001353,[M244596]레보세티리진염산염,,단일,20161230,(정제) 6세 미만의 유아에게는 정제가 아닌 액제를 투여할 것,,특정연령대금기
20200711,흰색 또는 미황색의 타원형 필름코팅정제,01410,항히스타민제,한국신텍스제약(주),전문의약품,필름코팅정,D000903,Levocetirizine Hydrochloride,Levocetirizine Hydrochloride(레보세티리진염산염),레보세티리진염산염,레보세딘정5밀리그램(레보세티리진염산염),20200324,202002051,[M244596]레보세티리진염산염,,단일,20161230,(정제) 6세 미만의 유아에게는 정제가 아닌 액제를 투여할 것,,특정연령대금기
20220907,엷은 분홍색의 한면이 피라미드형인 정사각형 서방성 필름코팅정,01170,정신신경용제,환인제약(주),전문의약품,필름코팅정,D001010,Desvenlafaxine,Desvenlafaxine(데스벤라팍신),데스벤라팍신,데팍신서방정50밀리그램(데스벤라팍신),20200407,202002453,[M268885]데스벤라팍신,,단일,20161230,소아 및 청소년에서의 사용 승인되지 않음.,,특정연령대금기
20220907,주홍색의 한면이 피라미드형인 정사각형 서방성 필름코팅정 ,01170,정신신경용제,환인제약(주),전문의약품,필름코팅정,D001010,Desvenlafaxine,Desvenlafaxine(데스벤라팍신),데스벤라팍신,데팍신서방정100밀리그램(데스벤라팍신),20200407,202002454,[M268885]데스벤라팍신,,단일,20161230,소아 및 청소년에서의 사용 승인되지 않음.,,특정연령대금기
20220907,엷은 분홍색의 정사각형 서방성 필름코팅정,01170,정신신경용제,(주)넥스팜코리아,전문의약품,서방성필름코팅정,D001010,Desvenlafaxine Benzoate,Desvenlafaxine Benzoate(데스벤라팍신벤조산염),데스벤라팍신벤조산염,데스베라서방정50밀리그램(데스벤라팍신벤조산염),20200407,202002455,[M268768]데스벤라팍신벤조산염,,단일,20161230,소아 및 청소년에서의 사용 승인되지 않음.,,특정연령대금기
20220907,주홍색의 정사각형 서방성 필름코팅정,01170,정신신경용제,(주)넥스팜코리아,전문의약품,서방성필름코팅정,D001010,Desvenlafaxine Benzoate,Desvenlafaxine Benzoate(데스벤라팍신벤조산염),데스벤라팍신벤조산염,데스베라서방정100밀리그램(데스벤라팍신벤조산염),20200407,202002456,[M268768]데스벤라팍신벤조산염,,단일,20161230,소아 및 청소년에서의 사용 승인되지 않음.,,특정연령대금기
20220907,엷은 분홍색의 정사각형 서방성 필름코팅정,01170,정신신경용제,명인제약(주),전문의약품,필름코팅정,D001010,Desvenlafaxine Benzoate,Desvenlafaxine Benzoate(데스벤라팍신벤조산염),데스벤라팍신벤조산염,에스벤서방정50밀리그램(데스벤라팍신벤조산염),20200407,202002457,[M268768]데스벤라팍신벤조산염,,단일,20161230,소아 및 청소년에서의 사용 승인되지 않음.,,특정연령대금기
20220907,주홍색의 정사각형 서방성 필름코팅정,01170,정신신경용제,명인제약(주),전문의약품,필름코팅정,D001010,Desvenlafaxine Benzoate,Desvenlafaxine Benzoate(데스벤라팍신벤조산염),데스벤라팍신벤조산염,에스벤서방정100밀리그램(데스벤라팍신벤조산염),20200407,202002458,[M278470]데스벤라팍신벤조산염,,단일,20161230,소아 및 청소년에서의 사용 승인되지 않음.,,특정연령대금기
20220907,엷은 분홍색의 정사각형 서방성 필름코팅정,01170,정신신경용제,한림제약(주),전문의약품,필름코팅정,D001010,Desvenlafaxine Benzoate,Desvenlafaxine Benzoate(데스벤라팍신벤조산염),데스벤라팍신벤조산염,프리넥사서방정50밀리그램(데스벤라팍신벤조산염),20200407,202002459,[M278470]데스벤라팍신벤조산염,,단일,20161230,소아 및 청소년에서의 사용 승인되지 않음.,,특정연령대금기
20220907,주홍색의 정사각형 서방성 필름코팅정,01170,정신신경용제,한림제약(주),전문의약품,필름코팅정,D001010,Desvenlafaxine Benzoate,Desvenlafaxine Benzoate(데스벤라팍신벤조산염),데스벤라팍신벤조산염,프리넥사서방정100밀리그램(데스벤라팍신벤조산염),20200407,202002460,[M278470]데스벤라팍신벤조산염,,단일,20161230,소아 및 청소년에서의 사용 승인되지 않음.,,특정연령대금기
20210201,흰색의 원형 구강붕해정,01170,정신신경용제,환인제약(주),전문의약품,구강붕해정,D000323,Mirtazapine,Mirtazapine(미르타자핀),미르타자핀,미르젠탁오디정15밀리그램(미르타자핀),20201207,202008509,[M088893]미르타자핀,,단일,20161230,소아 및 청소년에서의 사용 승인되지 않음.소아(7~17세) 임상시험에서 7% 이상 체중이 증가된 환자 비율이 위약군보다 높음.,,특정연령대금기
20210201,흰색의 원형 구강붕해정,01170,정신신경용제,환인제약(주),전문의약품,구강붕해정,D000323,Mirtazapine,Mirtazapine(미르타자핀),미르타자핀,미르젠탁오디정30밀리그램(미르타자핀),20201224,202009229,[M088893]미르타자핀,,단일,20161230,소아 및 청소년에서의 사용 승인되지 않음.소아(7~17세) 임상시험에서 7% 이상 체중이 증가된 환자 비율이 위약군보다 높음.,,특정연령대금기
20210201,흰색의 원형 구강붕해정,01170,정신신경용제,환인제약(주),전문의약품,구강붕해정,D000323,Mirtazapine,Mirtazapine(미르타자핀),미르타자핀,미르젠탁오디정7.5밀리그램(미르타자핀),20201231,202009438,[M088893]미르타자핀,,단일,20161230,소아 및 청소년에서의 사용 승인되지 않음.소아(7~17세) 임상시험에서 7% 이상 체중이 증가된 환자 비율이 위약군보다 높음.,,특정연령대금기
20260213,무색투명한 프리필드시린지에 무색 내지 거의 무색의 투명한 겔제,01210,국소마취제,제일메딕스약품,전문의약품,피부용겔제,D001152,Chlorhexidine Gluconate Solution,Chlorhexidine Gluconate Solution(클로르헥시딘글루콘산염 액),클로르헥시딘글루콘산염 액,인스틸라젤겔,20210223,202101791,[M203064]리도카인염산염일수화물/[M223220]클로르헥시딘글루콘산염 액,[D000709]Lidocaine(리도카인),복합,20181102,,,특정연령대금기
20220907,흰색의 정사각형의 서방성 필름코팅정,01170,정신신경용제,환인제약(주),전문의약품,서방성필름코팅정,D001010,Desvenlafaxine,Desvenlafaxine(데스벤라팍신),데스벤라팍신,데팍신서방정25밀리그램(데스벤라팍신),20220128,202200501,[M268885]데스벤라팍신,,단일,20161230,소아 및 청소년에서의 사용 승인되지 않음.,,특정연령대금기
20251017,분홍색의 장방형 필름코팅정,01170,정신신경용제,명인제약(주),전문의약품,필름코팅정,D001011,Vortioxetine Hydrobromide,Vortioxetine Hydrobromide(보티옥세틴브롬화수소산염),보티옥세틴브롬화수소산염,보세틴정5밀리그램(보티옥세틴브롬화수소산염),20230417,202301253,[M260128]보티옥세틴브롬화수소산염,,단일,20161230,"소아에 대한 안전성 및 유효성이 확립되지 않았으므로, 소아에게 이 약을 투여하는 것은 권장되지 않음.",,특정연령대금기
20251017,노란색의 장방형 필름코팅정,01170,정신신경용제,명인제약(주),전문의약품,필름코팅정,D001011,Vortioxetine Hydrobromide,Vortioxetine Hydrobromide(보티옥세틴브롬화수소산염),보티옥세틴브롬화수소산염,보세틴정10밀리그램(보티옥세틴브롬화수소산염),20230417,202301254,[M260128]보티옥세틴브롬화수소산염,,단일,20161230,"소아에 대한 안전성 및 유효성이 확립되지 않았으므로, 소아에게 이 약을 투여하는 것은 권장되지 않음.",,특정연령대금기
20251017,연한 주황색의 장방형 필름코팅정,01170,정신신경용제,명인제약(주),전문의약품,필름코팅정,D001011,Vortioxetine Hydrobromide,Vortioxetine Hydrobromide(보티옥세틴브롬화수소산염),보티옥세틴브롬화수소산염,보세틴정15밀리그램(보티옥세틴브롬화수소산염),20230417,202301255,[M260128]보티옥세틴브롬화수소산염,,단일,20161230,"소아에 대한 안전성 및 유효성이 확립되지 않았으므로, 소아에게 이 약을 투여하는 것은 권장되지 않음.",,특정연령대금기
20251017,적갈색의 장방형 필름코팅정,01170,정신신경용제,명인제약(주),전문의약품,필름코팅정,D001011,Vortioxetine Hydrobromide,Vortioxetine Hydrobromide(보티옥세틴브롬화수소산염),보티옥세틴브롬화수소산염,보세틴정20밀리그램(보티옥세틴브롬화수소산염),20230417,202301256,[M260128]보티옥세틴브롬화수소산염,,단일,20161230,"소아에 대한 안전성 및 유효성이 확립되지 않았으므로, 소아에게 이 약을 투여하는 것은 권장되지 않음.",,특정연령대금기
20251017,분홍색의 장방형 필름코팅정,01170,정신신경용제,유니메드제약(주),전문의약품,필름코팅정,D001011,Vortioxetine Hydrobromide,Vortioxetine Hydrobromide(보티옥세틴브롬화수소산염),보티옥세틴브롬화수소산염,보티옥센정5밀리그램(보티옥세틴브롬화수소산염),20230419,202301274,[M260128]보티옥세틴브롬화수소산염,,단일,20161230,"소아에 대한 안전성 및 유효성이 확립되지 않았으므로, 소아에게 이 약을 투여하는 것은 권장되지 않음.",,특정연령대금기
20251017,노란색의 장방형 필름코팅정,01170,정신신경용제,유니메드제약(주),전문의약품,필름코팅정,D001011,Vortioxetine Hydrobromide,Vortioxetine Hydrobromide(보티옥세틴브롬화수소산염),보티옥세틴브롬화수소산염,보티옥센정10밀리그램(보티옥세틴브롬화수소산염),20230419,202301275,[M260128]보티옥세틴브롬화수소산염,,단일,20161230,"소아에 대한 안전성 및 유효성이 확립되지 않았으므로, 소아에게 이 약을 투여하는 것은 권장되지 않음.",,특정연령대금기
20251017,연한 주황색의 장방형 필름코팅정,01170,정신신경용제,유니메드제약(주),전문의약품,필름코팅정,D001011,Vortioxetine Hydrobromide,Vortioxetine Hydrobromide(보티옥세틴브롬화수소산염),보티옥세틴브롬화수소산염,보티옥센정15밀리그램(보티옥세틴브롬화수소산염),20230419,202301276,[M260128]보티옥세틴브롬화수소산염,,단일,20161230,"소아에 대한 안전성 및 유효성이 확립되지 않았으므로, 소아에게 이 약을 투여하는 것은 권장되지 않음.",,특정연령대금기
20251017,적갈색의 장방형 필름코팅정,01170,정신신경용제,유니메드제약(주),전문의약품,필름코팅정,D001011,Vortioxetine Hydrobromide,Vortioxetine Hydrobromide(보티옥세틴브롬화수소산염),보티옥세틴브롬화수소산염,보티옥센정20밀리그램(보티옥세틴브롬화수소산염),20230419,202301277,[M260128]보티옥세틴브롬화수소산염,,단일,20161230,"소아에 대한 안전성 및 유효성이 확립되지 않았으므로, 소아에게 이 약을 투여하는 것은 권장되지 않음.",,특정연령대금기
,파란색의 타원형 필름코팅정,01170,정신신경용제,영진약품(주),전문의약품,필름코팅정,D000323,Mirtazapine,Mirtazapine(미르타자핀),미르타자핀,영진멀타자핀정7.5밀리그램(미르타자핀),20170327,201701438,[M088893]미르타자핀,,단일,20161230,소아 및 청소년에서의 사용 승인되지 않음.소아(7~17세) 임상시험에서 7% 이상 체중이 증가된 환자 비율이 위약군보다 높음.,,특정연령대금기
,노란색의 타원형 필름코팅정,01170,정신신경용제,명인제약(주),전문의약품,필름코팅정,D000323,Mirtazapine,Mirtazapine(미르타자핀),미르타자핀,밀타정45밀리그램(미르타자핀),20220511,202201970,[M088893]미르타자핀,,단일,20161230,소아 및 청소년에서의 사용 승인되지 않음.소아(7~17세) 임상시험에서 7% 이상 체중이 증가된 환자 비율이 위약군보다 높음.,,특정연령대금기
,미황색의 타원형 필름코팅정,01170,정신신경용제,(주)한국파마,전문의약품,필름코팅정,D000323,Mirtazapine,Mirtazapine(미르타자핀),미르타자핀,파마멀타자핀정15밀리그램(미르타자핀),20241125,202402770,[M088893]미르타자핀,,단일,20161230,소아 및 청소년에서의 사용 승인되지 않음.소아(7~17세) 임상시험에서 7% 이상 체중이 증가된 환자 비율이 위약군보다 높음.,,특정연령대금기
,"흰색 내지 연한 갈색의 장용성 구형과립이 든 상부 청색, 하부 노란연두색의 경질캡슐제 ",01170,정신신경용제,건일바이오팜주식회사,전문의약품,"장용성캡슐제, 펠렛",D000890,Duloxetine Hydrochloride Enteric-Coated Granules,Duloxetine Hydrochloride Enteric-Coated Granules(둘록세틴염산염장용과립),둘록세틴염산염장용과립,듀록틴캡슐60밀리그램(둘록세틴염산염),20200428,202003119,[M259598]둘록세틴염산염장용과립,,단일,20161230,소아 및 18세 미만의 청소년의 주요우울장애의 치료에는 사용해서는 안 됨.만 7세에서 17세까지의 주요우울장애 환자에서 플루옥세틴 군보다 이상사례(주로 오심)로 인한 중단 및 자살행동 높음.,"다만, '주요 우울장애의 치료'에 한함",특정연령대금기
,"흰색 내지 연한 갈색의 장용성 구형과립이 든 상부 청색, 하부 흰색의 경질캡슐제 ",01170,정신신경용제,건일바이오팜주식회사,전문의약품,"장용성캡슐제, 펠렛",D000890,Duloxetine Hydrochloride Enteric-Coated Granules,Duloxetine Hydrochloride Enteric-Coated Granules(둘록세틴염산염장용과립),둘록세틴염산염장용과립,듀록틴캡슐30밀리그램(둘록세틴염산염),20200428,202003120,[M259598]둘록세틴염산염장용과립,,단일,20161230,소아 및 18세 미만의 청소년의 주요우울장애의 치료에는 사용해서는 안 됨.만 7세에서 17세까지의 주요우울장애 환자에서 플루옥세틴 군보다 이상사례(주로 오심)로 인한 중단 및 자살행동 높음.,"다만, '주요 우울장애의 치료'에 한함",특정연령대금기
,청색의 타원형 필름코팅정,01170,정신신경용제,(주)한국파마,전문의약품,필름코팅정,D000323,Mirtazapine,Mirtazapine(미르타자핀),미르타자핀,파마멀타자핀정7.5밀리그램(미르타자핀),20241125,202402771,[M088893]미르타자핀,,단일,20161230,소아 및 청소년에서의 사용 승인되지 않음.소아(7~17세) 임상시험에서 7% 이상 체중이 증가된 환자 비율이 위약군보다 높음.,,특정연령대금기
,적갈색의 타원형 필름코팅정,01170,정신신경용제,(주)한국파마,전문의약품,필름코팅정,D000323,Mirtazapine,Mirtazapine(미르타자핀),미르타자핀,파마멀타자핀정30밀리그램(미르타자핀),20241125,202402772,[M088893]미르타자핀,,단일,20161230,소아 및 청소년에서의 사용 승인되지 않음.소아(7~17세) 임상시험에서 7% 이상 체중이 증가된 환자 비율이 위약군보다 높음.,,특정연령대금기
,연한 노란색의 장방형 서방정,08210,합성마약,주|비씨월드제약,전문의약품,서방성필름코팅정,D001016,Tapentadol Hydrochloride,Tapentadol Hydrochloride(타펜타돌염산염),타펜타돌염산염,뉴신타서방정100밀리그램(타펜타돌염산염),20160610,201603372,[M252145]타펜타돌염산염,,단일,20161230,8세 미만에서 사용 권장되지 않음.,,특정연령대금기
,흰색의 장방형 서방정,08210,합성마약,주|비씨월드제약,전문의약품,서방성필름코팅정,D001016,Tapentadol Hydrochloride,Tapentadol Hydrochloride(타펜타돌염산염),타펜타돌염산염,뉴신타서방정50밀리그램(타펜타돌염산염),20160610,201603373,[M252145]타펜타돌염산염,,단일,20161230,8세 미만에서 사용 권장되지 않음.,,특정연령대금기
,흰색의 양면이 볼록한 원형 필름코팅정제,08210,합성마약,주|비씨월드제약,전문의약품,필름코팅정,D001016,Tapentadol Hydrochloride,Tapentadol Hydrochloride(타펜타돌염산염),타펜타돌염산염,뉴신타아이알정50밀리그램(타펜타돌염산염),20171116,201707914,[M252145]타펜타돌염산염,,단일,20161230,8세 미만에서 사용 권장되지 않음.,,특정연령대금기
,연한 주황색의 장방형 서방정,08210,합성마약,주|비씨월드제약,전문의약품,서방정,D001016,Tapentadol Hydrochloride,Tapentadol Hydrochloride(타펜타돌염산염),타펜타돌염산염,뉴신타서방정200밀리그램(타펜타돌염산염),20171215,201708383,[M252145]타펜타돌염산염,,단일,20161230,8세 미만에서 사용 권장되지 않음.,,특정연령대금기
,주홍색의 한면이 피라미드형인 정사각형 서방성 필름코팅정제,01170,정신신경용제,(주)한국파마,전문의약품,서방성필름코팅정,D001010,Desvenlafaxine Succinate Monohydrate,Desvenlafaxine Succinate Monohydrate(데스벤라팍신숙신산염일수화물),데스벤라팍신숙신산염일수화물,파마데스벤라팍신서방정100밀리그램(데스벤라팍신숙신산염일수화물),20240321,202400587,[M258837]데스벤라팍신숙신산염일수화물,,단일,20161230,소아 및 청소년에서의 사용 승인되지 않음.,,특정연령대금기
,엷은 분홍색의 한 면이 피라미드형인 정사각형 서방성 필름코팅정제,01170,정신신경용제,(주)한국파마,전문의약품,서방성필름코팅정,D001010,Desvenlafaxine Succinate Monohydrate,Desvenlafaxine Succinate Monohydrate(데스벤라팍신숙신산염일수화물),데스벤라팍신숙신산염일수화물,파마데스벤라팍신서방정50밀리그램(데스벤라팍신숙신산염일수화물),20240627,202401555,[M258837]데스벤라팍신숙신산염일수화물,,단일,20161230,소아 및 청소년에서의 사용 승인되지 않음.,,특정연령대금기
,흰색의 정사각형 서방성 필름코팅정,01170,정신신경용제,(주)넥스팜코리아,전문의약품,서방성필름코팅정,D001010,Desvenlafaxine Benzoate,Desvenlafaxine Benzoate(데스벤라팍신벤조산염),데스벤라팍신벤조산염,데스베라서방정25밀리그램(데스벤라팍신벤조산염),20250409,202500838,[M278470]데스벤라팍신벤조산염,,단일,20161230,소아 및 청소년에서의 사용 승인되지 않음.,,특정연령대금기
,흰색의 정사각형 서방성 필름코팅정,01170,정신신경용제,한림제약(주),전문의약품,서방성필름코팅정,D001010,Desvenlafaxine Benzoate,Desvenlafaxine Benzoate(데스벤라팍신벤조산염),데스벤라팍신벤조산염,프리넥사서방정25밀리그램(데스벤라팍신벤조산염),20250421,202500934,[M278470]데스벤라팍신벤조산염,,단일,20161230,소아 및 청소년에서의 사용 승인되지 않음.,,특정연령대금기
,흰색의 정사각형 서방성 필름코팅정,01170,정신신경용제,명인제약(주),전문의약품,필름코팅정,D001010,Desvenlafaxine Benzoate,Desvenlafaxine Benzoate(데스벤라팍신벤조산염),데스벤라팍신벤조산염,에스벤서방정25밀리그램(데스벤라팍신벤조산염),20250421,202500935,[M278470]데스벤라팍신벤조산염,,단일,20161230,소아 및 청소년에서의 사용 승인되지 않음.,,특정연령대금기
,무색의 방향성 감미의 액체,02220,진해거담제,삼아제약(주),전문의약품,액상시럽제,D000092,Dihydrocodeine Tartrate,Dihydrocodeine Tartrate(디히드로코데인타르타르산염),디히드로코데인타르타르산염,코데날액,19691224,196900131,[M249060]디히드로코데인타르타르산염/[M204422]dl-메틸에페드린염산염/[M050058]구아이페네신/[M223211]클로르페니라민말레산염,[D000893]Chlorpheniramine(클로르페니라민)/[D001116]Methylephedrine(메틸에페드린)/[D000493]Guaifenesin(구아이페네신),복합,20181102,12세 미만 소아는 호흡억제 감수성이 큼.12세 미만 소아에서 사망을 포함하는 중증 호흡억제 위험이 크다는 국외 보고 있음.,,특정연령대금기
,(내수용) 흰색의 원형 정제(수출용) 미황색의 원형 정제,02220,진해거담제,삼아제약(주),전문의약품,나정,D000092,Dihydrocodeine Tartrate,Dihydrocodeine Tartrate(디히드로코데인타르타르산염),디히드로코데인타르타르산염,코데날정,19720920,197200376,[M249060]디히드로코데인타르타르산염/[M050058]구아이페네신/[M204422]dl-메틸에페드린염산염/[M223211]클로르페니라민말레산염/[M249060]디히드로코데인타르타르산염/[M050058]구아이페네신/[M204422]dl-메틸에페드린염산염/[M223211]클로르페니라민말레산염,[D000893]Chlorpheniramine(클로르페니라민)/[D001116]Methylephedrine(메틸에페드린)/[D000493]Guaifenesin(구아이페네신),복합,20181102,12세 미만 소아는 호흡억제 감수성이 큼.12세 미만 소아에서 사망을 포함하는 중증 호흡억제 위험이 크다는 국외 보고 있음.,,특정연령대금기
,"내수용 - 흰색의 원형 정제, 수출용 - 미황색의 타원형 정제",02220,진해거담제,대원제약(주),전문의약품,나정,D000092,Dihydrocodeine Tartrate,Dihydrocodeine Tartrate(디히드로코데인타르타르산염),디히드로코데인타르타르산염,코대원정,19850129,198501820,[M249060]디히드로코데인타르타르산염/[M050058]구아이페네신/[M204422]dl-메틸에페드린염산염/[M223211]클로르페니라민말레산염/[M249060]디히드로코데인타르타르산염/[M050058]구아이페네신/[M204422]dl-메틸에페드린염산염/[M223211]클로르페니라민말레산염,[D000893]Chlorpheniramine(클로르페니라민)/[D001116]Methylephedrine(메틸에페드린)/[D000493]Guaifenesin(구아이페네신),복합,20181102,12세 미만 소아는 호흡억제 감수성이 큼.12세 미만 소아에서 사망을 포함하는 중증 호흡억제 위험이 크다는 국외 보고 있음.,,특정연령대금기
,엷은 주황색의 원형 정제,02220,진해거담제,(주)종근당,전문의약품,나정,D000092,Dihydrocodeine Tartrate,Dihydrocodeine Tartrate(디히드로코데인타르타르산염),디히드로코데인타르타르산염,코데닝정,19911230,199103287,[M249060]디히드로코데인타르타르산염/[M204422]dl-메틸에페드린염산염/[M223211]클로르페니라민말레산염/[M050058]구아이페네신,[D000893]Chlorpheniramine(클로르페니라민)/[D001116]Methylephedrine(메틸에페드린)/[D000493]Guaifenesin(구아이페네신),복합,20181102,12세 미만 소아는 호흡억제 감수성이 큼.12세 미만 소아에서 사망을 포함하는 중증 호흡억제 위험이 크다는 국외 보고 있음.,,특정연령대금기
,미황색의 원형 정제,02220,진해거담제,(주)유한양행,전문의약품,나정,D000092,Dihydrocodeine Tartrate,Dihydrocodeine Tartrate(디히드로코데인타르타르산염),디히드로코데인타르타르산염,코푸정,19960315,199604977,[M249060]디히드로코데인타르타르산염/[M050058]구아이페네신/[M204422]dl-메틸에페드린염산염/[M223211]클로르페니라민말레산염,[D000893]Chlorpheniramine(클로르페니라민)/[D001116]Methylephedrine(메틸에페드린)/[D000493]Guaifenesin(구아이페네신),복합,20181102,12세 미만 소아는 호흡억제 감수성이 큼.12세 미만 소아에서 사망을 포함하는 중증 호흡억제 위험이 크다는 국외 보고 있음.,,특정연령대금기
,플라스틱병 또는 알루미늄 호일 파우치에 든 적색의 방향성 감미의 시럽제,02220,진해거담제,대원제약(주),전문의약품,액상시럽제,D000092,Dihydrocodeine Tartrate,Dihydrocodeine Tartrate(디히드로코데인타르타르산염),디히드로코데인타르타르산염,코대원시럽(수출용),19990319,199907284,[M249060]디히드로코데인타르타르산염/[M204422]dl-메틸에페드린염산염/[M050058]구아이페네신/[M223211]클로르페니라민말레산염/[M249060]디히드로코데인타르타르산염/[M204422]dl-메틸에페드린염산염/[M050058]구아이페네신/[M223211]클로르페니라민말레산염,[D000893]Chlorpheniramine(클로르페니라민)/[D001116]Methylephedrine(메틸에페드린)/[D000493]Guaifenesin(구아이페네신),복합,20181102,12세 미만 소아는 호흡억제 감수성이 큼.12세 미만 소아에서 사망을 포함하는 중증 호흡억제 위험이 크다는 국외 보고 있음.,,특정연령대금기
,플라스틱병 또는 알루미늄 호일 파우치에 든 빨간색의 방향성 감미의 시럽제,02220,진해거담제,대원제약(주),전문의약품,액상시럽제,D000092,Dihydrocodeine Tartrate,Dihydrocodeine Tartrate(디히드로코데인타르타르산염),디히드로코데인타르타르산염,코대원포르테시럽,20130905,201309204,[M261072]디히드로코데인타르타르산염/[M204422]dl-메틸에페드린염산염/[M223211]클로르페니라민말레산염/[M095727]염화암모늄/[M261072]디히드로코데인타르타르산염/[M204422]dl-메틸에페드린염산염/[M223211]클로르페니라민말레산염/[M095727]염화암모늄/[M261072]디히드로코데인타르타르산염/[M264046]DL-메틸에페드린염산염/[M223211]클로르페니라민말레산염/[M095727]염화암모늄/[M261072]디히드로코데인타르타르산염/[M264046]DL-메틸에페드린염산염/[M223211]클로르페니라민말레산염/[M095727]염화암모늄,[D000893]Chlorpheniramine(클로르페니라민)/[D001116]Methylephedrine(메틸에페드린)/[D000493]Guaifenesin(구아이페네신),복합,20181102,12세 미만 소아는 호흡억제 감수성이 큼.12세 미만 소아에서 사망을 포함하는 중증 호흡억제 위험이 크다는 국외 보고 있음.,,특정연령대금기
,백색의 원형 정제,02220,진해거담제,동광제약(주),전문의약품,나정,D000092,Dihydrocodeine Tartrate,Dihydrocodeine Tartrate(디히드로코데인타르타르산염),디히드로코데인타르타르산염,코데농정,19700213,197000215,[M261072]디히드로코데인타르타르산염/[M223211]클로르페니라민말레산염/[M204422]dl-메틸에페드린염산염/[M223183]카페인무수물,[D000893]Chlorpheniramine(클로르페니라민)/[D001116]Methylephedrine(메틸에페드린)/[D000852]Caffeine(카페인),복합,20181102,12세 미만 소아는 호흡억제 감수성이 큼.12세 미만 소아에서 사망을 포함하는 중증 호흡억제 위험이 크다는 국외 보고 있음.,,특정연령대금기
,연분홍색의 원형 정제,02220,진해거담제,(주)보령,전문의약품,나정,D000092,Dihydrocodeine Tartrate,Dihydrocodeine Tartrate(디히드로코데인타르타르산염),디히드로코데인타르타르산염,네오메디코푸정,19771103,197700537,[M249060]디히드로코데인타르타르산염/[M223211]클로르페니라민말레산염/[M204422]dl-메틸에페드린염산염/[M223183]카페인무수물,[D000893]Chlorpheniramine(클로르페니라민)/[D001116]Methylephedrine(메틸에페드린)/[D000852]Caffeine(카페인),복합,20181102,12세 미만 소아는 호흡억제 감수성이 큼.12세 미만 소아에서 사망을 포함하는 중증 호흡억제 위험이 크다는 국외 보고 있음.,,특정연령대금기
,진한 분홍색의 원형 필름코팅정,02220,진해거담제,대원제약(주),전문의약품,필름코팅정,D000092,Dihydrocodeine Tartrate,Dihydrocodeine Tartrate(디히드로코데인타르타르산염),디히드로코데인타르타르산염,코대원플러스정,20250928,202502560,[M261072]디히드로코데인타르타르산염/[M050058]구아이페네신/[M204422]dl-메틸에페드린염산염/[M223211]클로르페니라민말레산염/[M267961]펠라고니움시도이데스11%에탄올건조엑스(5.5~6.6→1),[D000893]Chlorpheniramine(클로르페니라민)/[D001116]Methylephedrine(메틸에페드린)/[D000493]Guaifenesin(구아이페네신),복합,20181102,12세 미만 소아는 호흡억제 감수성이 큼.12세 미만 소아에서 사망을 포함하는 중증 호흡억제 위험이 크다는 국외 보고 있음.,,특정연령대금기
,진한 분홍색의 원형 필름코팅정,02220,진해거담제,대원바이오텍주식회사,전문의약품,필름코팅정,D000092,Dihydrocodeine Tartrate,Dihydrocodeine Tartrate(디히드로코데인타르타르산염),디히드로코데인타르타르산염,코다나플러스정,20260108,202600066,[M261072]디히드로코데인타르타르산염/[M050058]구아이페네신/[M204422]dl-메틸에페드린염산염/[M223211]클로르페니라민말레산염/[M267961]펠라고니움시도이데스11%에탄올건조엑스(5.5~6.6→1),[D000893]Chlorpheniramine(클로르페니라민)/[D001116]Methylephedrine(메틸에페드린)/[D000493]Guaifenesin(구아이페네신),복합,20181102,12세 미만 소아는 호흡억제 감수성이 큼.12세 미만 소아에서 사망을 포함하는 중증 호흡억제 위험이 크다는 국외 보고 있음.,,특정연령대금기
,등황색의 원형 정제,02220,진해거담제,신일제약(주),전문의약품,나정,D000092,Dihydrocodeine Tartrate,Dihydrocodeine Tartrate(디히드로코데인타르타르산염),디히드로코데인타르타르산염,후리코정(수출용),20240823,202402033,[M261072]디히드로코데인타르타르산염/[M223211]클로르페니라민말레산염/[M204422]dl-메틸에페드린염산염/[M223183]카페인무수물,[D000893]Chlorpheniramine(클로르페니라민)/[D001116]Methylephedrine(메틸에페드린)/[D000852]Caffeine(카페인),복합,20181102,12세 미만 소아는 호흡억제 감수성이 큼.12세 미만 소아에서 사망을 포함하는 중증 호흡억제 위험이 크다는 국외 보고 있음.,,특정연령대금기
,갈색의 플라스틱병 또는 알루미늄호일 포장에 들어있는 엷은 적색의 방향성 시럽제,02220,진해거담제,(주)유한양행,전문의약품,액상시럽제,D000092,Dihydrocodeine Tartrate,Dihydrocodeine Tartrate(디히드로코데인타르타르산염),디히드로코데인타르타르산염,코푸시럽,19691224,196900130,[M249060]디히드로코데인타르타르산염/[M204422]dl-메틸에페드린염산염/[M223211]클로르페니라민말레산염/[M040435]염화암모늄/[M249060]디히드로코데인타르타르산염/[M204422]dl-메틸에페드린염산염/[M223211]클로르페니라민말레산염/[M040435]염화암모늄/[M249060]디히드로코데인타르타르산염/[M204422]dl-메틸에페드린염산염/[M223211]클로르페니라민말레산염/[M040435]염화암모늄,[D000893]Chlorpheniramine(클로르페니라민)/[D001116]Methylephedrine(메틸에페드린)/[D001156]ammonium chloride(암모늄염),복합,20181102,12세 미만 소아는 호흡억제 감수성이 큼.12세 미만 소아에서 사망을 포함하는 중증 호흡억제 위험이 크다는 국외 보고 있음.,,특정연령대금기
,알루미늄 파우치에 충전된 과일향을 가진 붉은색의 시럽제,02220,진해거담제,코오롱제약(주),전문의약품,액상시럽제,D000092,Dihydrocodeine Tartrate,Dihydrocodeine Tartrate(디히드로코데인타르타르산염),디히드로코데인타르타르산염,코푸진시럽,20131129,201310406,[M249060]디히드로코데인타르타르산염/[M204422]dl-메틸에페드린염산염/[M223211]클로르페니라민말레산염/[M040435]염화암모늄,[D000893]Chlorpheniramine(클로르페니라민)/[D001116]Methylephedrine(메틸에페드린)/[D001156]ammonium chloride(암모늄염),복합,20181102,12세 미만 소아는 호흡억제 감수성이 큼.12세 미만 소아에서 사망을 포함하는 중증 호흡억제 위험이 크다는 국외 보고 있음.,,특정연령대금기
,엷은 빨강색의 방향성 시럽제,02220,진해거담제,주식회사제뉴원사이언스,전문의약품,액상시럽제,D000092,Dihydrocodeine Tartrate,Dihydrocodeine Tartrate(디히드로코데인타르타르산염),디히드로코데인타르타르산염,코포나시럽,20140331,201401526,[M261072]디히드로코데인타르타르산염/[M204422]dl-메틸에페드린염산염/[M223211]클로르페니라민말레산염/[M095727]염화암모늄/[M261072]디히드로코데인타르타르산염/[M204422]dl-메틸에페드린염산염/[M223211]클로르페니라민말레산염/[M095727]염화암모늄,[D000893]Chlorpheniramine(클로르페니라민)/[D001116]Methylephedrine(메틸에페드린)/[D001156]ammonium chloride(암모늄염),복합,20181102,12세 미만 소아는 호흡억제 감수성이 큼.12세 미만 소아에서 사망을 포함하는 중증 호흡억제 위험이 크다는 국외 보고 있음.,,특정연령대금기
,엷은 빨강색의 방향성 시럽제,02220,진해거담제,삼아제약(주),전문의약품,액상시럽제,D000092,Dihydrocodeine Tartrate,Dihydrocodeine Tartrate(디히드로코데인타르타르산염),디히드로코데인타르타르산염,코데날시럽,20140930,201404496,[M249060]디히드로코데인타르타르산염/[M204422]dl-메틸에페드린염산염/[M223211]클로르페니라민말레산염/[M040435]염화암모늄,[D000893]Chlorpheniramine(클로르페니라민)/[D001116]Methylephedrine(메틸에페드린)/[D001156]ammonium chloride(암모늄염),복합,20181102,12세 미만 소아는 호흡억제 감수성이 큼.12세 미만 소아에서 사망을 포함하는 중증 호흡억제 위험이 크다는 국외 보고 있음.,,특정연령대금기
,엷은 빨강색의 방향성 시럽제,02220,진해거담제,(주)종근당,전문의약품,액상시럽제,D000092,Dihydrocodeine Tartrate,Dihydrocodeine Tartrate(디히드로코데인타르타르산염),디히드로코데인타르타르산염,코데닝시럽,20150325,201501586,[M249060]디히드로코데인타르타르산염/[M204422]dl-메틸에페드린염산염/[M223211]클로르페니라민말레산염/[M040435]염화암모늄,[D000893]Chlorpheniramine(클로르페니라민)/[D001116]Methylephedrine(메틸에페드린)/[D001156]ammonium chloride(암모늄염),복합,20181102,12세 미만 소아는 호흡억제 감수성이 큼.12세 미만 소아에서 사망을 포함하는 중증 호흡억제 위험이 크다는 국외 보고 있음.,,특정연령대금기
,엷은 빨강색의 방향성 시럽제,02220,진해거담제,제이더블유신약(주),전문의약품,액상시럽제,D000092,Dihydrocodeine Tartrate,Dihydrocodeine Tartrate(디히드로코데인타르타르산염),디히드로코데인타르타르산염,코담시럽,20150409,201501949,[M249060]디히드로코데인타르타르산염/[M204422]dl-메틸에페드린염산염/[M223211]클로르페니라민말레산염/[M040435]염화암모늄,[D000893]Chlorpheniramine(클로르페니라민)/[D001116]Methylephedrine(메틸에페드린)/[D001156]ammonium chloride(암모늄염),복합,20181102,12세 미만 소아는 호흡억제 감수성이 큼.12세 미만 소아에서 사망을 포함하는 중증 호흡억제 위험이 크다는 국외 보고 있음.,,특정연령대금기
,플라스틱병 또는 알루미늄 호일 파우치에 든 빨간색의 방향성 감미의 시럽제,02220,진해거담제,한미약품(주),전문의약품,액상시럽제,D000092,Dihydrocodeine Tartrate,Dihydrocodeine Tartrate(디히드로코데인타르타르산염),디히드로코데인타르타르산염,한미콜시럽,20140930,201404495,[M261072]디히드로코데인타르타르산염/[M264046]DL-메틸에페드린염산염/[M223211]클로르페니라민말레산염/[M095727]염화암모늄/[M261072]디히드로코데인타르타르산염/[M264046]DL-메틸에페드린염산염/[M223211]클로르페니라민말레산염/[M095727]염화암모늄,[D000893]Chlorpheniramine(클로르페니라민)/[D001116]Methylephedrine(메틸에페드린)/[D001156]ammonium chloride(암모늄염),복합,20181102,12세 미만 소아는 호흡억제 감수성이 큼.12세 미만 소아에서 사망을 포함하는 중증 호흡억제 위험이 크다는 국외 보고 있음.,,특정연령대금기
,플라스틱병 또는 알루미늄 호일 파우치에 든 빨간색의 방향성 감미의 시럽제,02220,진해거담제,㈜보령바이오파마,전문의약품,액상시럽제,D000092,Dihydrocodeine Tartrate,Dihydrocodeine Tartrate(디히드로코데인타르타르산염),디히드로코데인타르타르산염,비알코시럽,20141208,201405776,[M249060]디히드로코데인타르타르산염/[M204422]dl-메틸에페드린염산염/[M223211]클로르페니라민말레산염/[M040435]염화암모늄/[M249060]디히드로코데인타르타르산염/[M204422]dl-메틸에페드린염산염/[M223211]클로르페니라민말레산염/[M040435]염화암모늄,[D000893]Chlorpheniramine(클로르페니라민)/[D001116]Methylephedrine(메틸에페드린)/[D001156]ammonium chloride(암모늄염),복합,20181102,12세 미만 소아는 호흡억제 감수성이 큼.12세 미만 소아에서 사망을 포함하는 중증 호흡억제 위험이 크다는 국외 보고 있음.,,특정연령대금기
,엷은 빨강색의 방향성 시럽제,02220,진해거담제,일성아이에스(주),전문의약품,액상시럽제,D000092,Dihydrocodeine Tartrate,Dihydrocodeine Tartrate(디히드로코데인타르타르산염),디히드로코데인타르타르산염,제로코푸시럽,20150519,201502995,[M249060]디히드로코데인타르타르산염/[M204422]dl-메틸에페드린염산염/[M223211]클로르페니라민말레산염/[M040435]염화암모늄,[D000893]Chlorpheniramine(클로르페니라민)/[D001116]Methylephedrine(메틸에페드린)/[D001156]ammonium chloride(암모늄염),복합,20181102,12세 미만 소아는 호흡억제 감수성이 큼.12세 미만 소아에서 사망을 포함하는 중증 호흡억제 위험이 크다는 국외 보고 있음.,,특정연령대금기
,엷은 빨강색의 방향성 시럽제,02220,진해거담제,현대약품(주),전문의약품,액상시럽제,D000092,Dihydrocodeine Tartrate,Dihydrocodeine Tartrate(디히드로코데인타르타르산염),디히드로코데인타르타르산염,코프원시럽,20150810,201505485,[M249060]디히드로코데인타르타르산염/[M204422]dl-메틸에페드린염산염/[M223211]클로르페니라민말레산염/[M040435]염화암모늄,[D000893]Chlorpheniramine(클로르페니라민)/[D001116]Methylephedrine(메틸에페드린)/[D001156]ammonium chloride(암모늄염),복합,20181102,12세 미만 소아는 호흡억제 감수성이 큼.12세 미만 소아에서 사망을 포함하는 중증 호흡억제 위험이 크다는 국외 보고 있음.,,특정연령대금기
,엷은 빨강색의 방향성 시럽제,02220,진해거담제,영진약품(주),전문의약품,액상시럽제,D000092,Dihydrocodeine Tartrate,Dihydrocodeine Tartrate(디히드로코데인타르타르산염),디히드로코데인타르타르산염,코디프로시럽,20150810,201505486,[M261072]디히드로코데인타르타르산염/[M204422]dl-메틸에페드린염산염/[M223211]클로르페니라민말레산염/[M040435]염화암모늄,[D000893]Chlorpheniramine(클로르페니라민)/[D001116]Methylephedrine(메틸에페드린)/[D001156]ammonium chloride(암모늄염),복합,20181102,12세 미만 소아는 호흡억제 감수성이 큼.12세 미만 소아에서 사망을 포함하는 중증 호흡억제 위험이 크다는 국외 보고 있음.,,특정연령대금기
,알루미늄 호일 파우치에 든 갈색 내지 흑갈색의 방향성 감미의 시럽제,02220,진해거담제,대원제약(주),전문의약품,액상시럽제,D000092,Dihydrocodeine Tartrate,Dihydrocodeine Tartrate(디히드로코데인타르타르산염),디히드로코데인타르타르산염,코대원에스시럽,20200715,202005079,[M261072]디히드로코데인타르타르산염/[M270039]dl-메틸에페드린염산염/[M223211]클로르페니라민말레산염/[M095727]염화암모늄/[M278323]펠라고니움시도이데스11%에탄올추출물(1→8~10),[D000893]Chlorpheniramine(클로르페니라민)/[D001116]Methylephedrine(메틸에페드린)/[D001156]ammonium chloride(암모늄염),복합,20181102,12세 미만 소아는 호흡억제 감수성이 큼.12세 미만 소아에서 사망을 포함하는 중증 호흡억제 위험이 크다는 국외 보고 있음.,,특정연령대금기
20160112,특이한 방향성이 있는 무색투명한 액체,01320,이비과용제,삼천당제약(주),일반의약품,일반액상분무제,D000893,Chlorpheniramine Maleate,Chlorpheniramine Maleate(클로르페니라민말레산염),클로르페니라민말레산염,"나리스타에스점비액(수출명:듀라존점비액,나소존점비액)",19890425,198900833,[M222937]나파졸린염산염/[M223211]클로르페니라민말레산염/[M256386]글리시리진산이칼륨,[D001767]Dipotassium Glycyrrhizinate(글리시리진산이칼륨)/[D001768]Naphazoline(나파졸린),복합,20250714,-,,특정연령대금기
20210212,흰색의 장방형 필름코팅정제,01410,항히스타민제,한국휴텍스제약(주),일반의약품,필름코팅정,D000647,Cetirizine Hydrochloride,Cetirizine Hydrochloride(세티리진염산염),세티리진염산염,세트린정(세티리진염산염)(수출명:ANTIRIZINtab),19970711,199700120,[M222857]세티리진염산염/[M222857]세티리진염산염/[M222857]세티리진염산염,,단일,20140109,안전성 및 유효성 미확립,,특정연령대금기
20210212,흰색의 장방형 필름코팅정제,01410,항히스타민제,이연제약(주),일반의약품,필름코팅정,D000647,Cetirizine Hydrochloride,Cetirizine Hydrochloride(세티리진염산염),세티리진염산염,알레리진정(세티리진염산염),19970929,199700265,[M222857]세티리진염산염,,단일,20140109,안전성 및 유효성 미확립,,특정연령대금기
20201113,황갈색의 액제.,02590,기타의 비뇨생식기관 및 항문용약,(주)퍼슨,일반의약품,질세정액,D001733,Povidone Iodine,Povidone Iodine(포비돈요오드),포비돈요오드,지노클렌질세정액,19971030,199700636,[M244708]포비돈요오드,,단일,20251223,-,"질용좌제, 외용액제, 연고제",특정연령대금기
,알루미늄 호일 파우치에 든 갈색 내지 흑갈색의 방향성 감미의 시럽제,02220,진해거담제,대원바이오텍주식회사,전문의약품,액상시럽제,D000092,Dihydrocodeine Tartrate,Dihydrocodeine Tartrate(디히드로코데인타르타르산염),디히드로코데인타르타르산염,코다나에스시럽,20200731,202005580,[M261072]디히드로코데인타르타르산염/[M270039]dl-메틸에페드린염산염/[M223211]클로르페니라민말레산염/[M095727]염화암모늄/[M278323]펠라고니움시도이데스11%에탄올추출물(1→8~10),[D000893]Chlorpheniramine(클로르페니라민)/[D001116]Methylephedrine(메틸에페드린)/[D001156]ammonium chloride(암모늄염),복합,20181102,12세 미만 소아는 호흡억제 감수성이 큼.12세 미만 소아에서 사망을 포함하는 중증 호흡억제 위험이 크다는 국외 보고 있음.,,특정연령대금기
20210212,"흰색의 장방형 필름코팅정제. 단, 수출용 성상은 흰색의 원형 또는 장방형 필름코팅정제",01410,항히스타민제,알리코제약(주),일반의약품,필름코팅정,D000647,Cetirizine Hydrochloride,Cetirizine Hydrochloride(세티리진염산염),세티리진염산염,"코나진정(세티리진염산염)(수출명:알리코염산세티리진정,보파세티리진나정,자이조세트정)",19971208,199701033,[M222857]세티리진염산염,,단일,20140109,안전성 및 유효성 미확립,,특정연령대금기
20210212,(내수용) 흰색의 장방형 필름코팅정(수출용-1) 흰색의 장방형 필름제피정(수출용-2) 흰색의 장방형 필름코팅정제,01410,항히스타민제,(주)에이프로젠바이오로직스,일반의약품,필름코팅정,D000647,Cetirizine Hydrochloride,Cetirizine Hydrochloride(세티리진염산염),세티리진염산염,알메텍정(세티리진염산염),19970922,199701099,[M222857]세티리진염산염/[M222857]세티리진염산염/[M222857]세티리진염산염,,단일,20140109,안전성 및 유효성 미확립,,특정연령대금기
20210212,백색의 장방형 필름코팅정,01410,항히스타민제,(주)메디카코리아,일반의약품,필름코팅정,D000647,Cetirizine Hydrochloride,Cetirizine Hydrochloride(세티리진염산염),세티리진염산염,아루텍정(세티리진염산염),19970711,199701398,[M222857]세티리진염산염/[M222857]세티리진염산염,,단일,20140109,안전성 및 유효성 미확립,,특정연령대금기
20210212,백색의 장방형 필름코팅정(수출용:백색의 타원형 필름코팅정)   ,01410,항히스타민제,대원제약(주),일반의약품,필름코팅정,D000647,Cetirizine Hydrochloride,Cetirizine Hydrochloride(세티리진염산염),세티리진염산염,리진정(세티리진염산염)(수출용),19970829,199701674,[M222857]세티리진염산염/[M222857]세티리진염산염/[M222857]세티리진염산염/[M222857]세티리진염산염/[M222857]세티리진염산염,,단일,20140109,안전성 및 유효성 미확립,,특정연령대금기
20210212,흰색의 타원형 필름코팅정,01410,항히스타민제,대화제약(주),일반의약품,필름코팅정,D000647,Cetirizine Hydrochloride,Cetirizine Hydrochloride(세티리진염산염),세티리진염산염,"알티린정(세티리진염산염)(수출명:Vilex, Cetirin)",19970901,199701900,[M222857]세티리진염산염,,단일,20140109,안전성 및 유효성 미확립,,특정연령대금기
20210212,백색의 장방형 필름코팅 정제,01410,항히스타민제,고려제약(주),일반의약품,필름코팅정,D000647,Cetirizine Hydrochloride,Cetirizine Hydrochloride(세티리진염산염),세티리진염산염,알러텍정(세티리진염산염),19970711,199701908,[M222857]세티리진염산염/[M222857]세티리진염산염/[M222857]세티리진염산염,,단일,20140109,안전성 및 유효성 미확립,,특정연령대금기
20210212,흰색의 장방형 필름코팅정,01410,항히스타민제,영일제약(주),일반의약품,필름코팅정,D000647,Cetirizine Hydrochloride,Cetirizine Hydrochloride(세티리진염산염),세티리진염산염,로텍정(세티리진염산염)(수출용)(수출명:ZINRYTECTabs),19971014,199701967,[M222857]세티리진염산염/[M222857]세티리진염산염/[M222857]세티리진염산염/[M222857]세티리진염산염/[M222857]세티리진염산염/[M222857]세티리진염산염,,단일,20140109,안전성 및 유효성 미확립,,특정연령대금기
20210212,흰색의 장방형 필름코팅정,01410,항히스타민제,경동제약(주),일반의약품,필름코팅정,D000647,Cetirizine Hydrochloride,Cetirizine Hydrochloride(세티리진염산염),세티리진염산염,코졸텍정(세티리진염산염),19971121,199702105,[M222857]세티리진염산염/[M222857]세티리진염산염/[M222857]세티리진염산염,,단일,20140109,안전성 및 유효성 미확립,,특정연령대금기
20210202,흰색의 장방형 필름코팅정제,01410,항히스타민제,신일제약(주),일반의약품,필름코팅정,D000647,Cetirizine Hydrochloride,Cetirizine Hydrochloride(세티리진염산염),세티리진염산염,신일세티리진정(세티리진염산염),19970711,199702520,[M222857]세티리진염산염/[M222857]세티리진염산염,,단일,20140109,안전성 및 유효성 미확립,,특정연령대금기
20210212,흰색 장방형의 필름코팅정,01410,항히스타민제,영풍제약(주),일반의약품,필름코팅정,D000647,Cetirizine Hydrochloride,Cetirizine Hydrochloride(세티리진염산염),세티리진염산염,세리텍정(세티리진염산염),19971219,199702829,[M222857]세티리진염산염,,단일,20140109,안전성 및 유효성 미확립,,특정연령대금기
20210212,흰색의 타원형 필름코팅정,01410,항히스타민제,(주)하원제약,일반의약품,필름코팅정,D000647,Cetirizine Hydrochloride,Cetirizine Hydrochloride(세티리진염산염),세티리진염산염,하원세티리진정(세티리진염산염),19971222,199702846,[M222857]세티리진염산염,,단일,20140109,안전성 및 유효성 미확립,,특정연령대금기
20201013,등황색의원형 필름코팅정,01410,항히스타민제,명문제약(주),일반의약품,필름코팅정,D000647,Cetirizine Hydrochloride,Cetirizine Hydrochloride(세티리진염산염),세티리진염산염,세틸정(세티리진염산염)(수출용),19970722,199702993,[M222857]세티리진염산염,,단일,20140109,안전성 및 유효성 미확립,,특정연령대금기
20210212,흰색의 타원형 필름코팅정,01410,항히스타민제,(주)녹십자,일반의약품,필름코팅정,D000647,Cetirizine Hydrochloride,Cetirizine Hydrochloride(세티리진염산염),세티리진염산염,씨즈날정(세티리진염산염),19971118,199703153,[M222857]세티리진염산염,,단일,20140109,안전성 및 유효성 미확립,,특정연령대금기
20170901,2. 성상(형상 및 구조)(수출용) 흰색의 타원형 필름코팅정,01410,항히스타민제,(주)서울제약,일반의약품,필름코팅정,D000647,Cetirizine Hydrochloride,Cetirizine Hydrochloride(세티리진염산염),세티리진염산염,테리진정(세티리진염산염)(수출용),19970722,199703200,[M222857]세티리진염산염,,단일,20140109,안전성 및 유효성 미확립,,특정연령대금기
20210212,"내수용:흰색의 장방형 필름코팅 정제, 수출용:흰색의 타원형 필름제피정",01410,항히스타민제,정우신약(주),일반의약품,필름코팅정,D000647,Cetirizine Hydrochloride,Cetirizine Hydrochloride(세티리진염산염),세티리진염산염,알지텍정(세티리진염산염),19980204,199800303,[M222857]세티리진염산염/[M222857]세티리진염산염,,단일,20140109,안전성 및 유효성 미확립,,특정연령대금기
20210212,백색의 타원형 필름제피정 ,01410,항히스타민제,일동제약(주),일반의약품,필름코팅정,D000647,Cetirizine Hydrochloride,Cetirizine Hydrochloride(세티리진염산염),세티리진염산염,세노바정(세티리진염산염),19980625,199800468,[M222857]세티리진염산염,,단일,20140109,안전성 및 유효성 미확립,,특정연령대금기
20200218,수촐용1: 백색의 사각형 필름코팅정제 수출용2: 연녹색의 사각형 필름코팅정제,01410,항히스타민제,(주)한국파마,일반의약품,필름코팅정,D000647,Cetirizine Hydrochloride,Cetirizine Hydrochloride(세티리진염산염),세티리진염산염,"파마염산세티리진정(수출용)(수출명:세르텍정,와이케이피세르텍정)",19980725,199801447,[M222857]세티리진염산염/[M222857]세티리진염산염,,단일,20140109,안전성 및 유효성 미확립,,특정연령대금기
20210212,백색의 타원형 필름제피정,01410,항히스타민제,삼진제약(주),일반의약품,필름코팅정,D000647,Cetirizine Hydrochloride,Cetirizine Hydrochloride(세티리진염산염),세티리진염산염,"세라진정(세티리진염산염)[수출명: Cera tablet, Allergen tablet, Unizef tablet, Highcera tablet]",19980506,199801495,[M222857]세티리진염산염,,단일,20140109,안전성 및 유효성 미확립,,특정연령대금기
20210212,흰색의 장방형 필름코팅정,01410,항히스타민제,오스틴제약(주),일반의약품,필름코팅정,D000647,Cetirizine Hydrochloride,Cetirizine Hydrochloride(세티리진염산염),세티리진염산염,알지렉스정(세티리진염산염),19980126,199801849,[M222857]세티리진염산염,,단일,20140109,안전성 및 유효성 미확립,,특정연령대금기
20210212,흰색의 장방형 필름코팅정,01410,항히스타민제,하이플생명과학(주),일반의약품,필름코팅정,D000647,Cetirizine Hydrochloride,Cetirizine Hydrochloride(세티리진염산염),세티리진염산염,러지텍정(세티리진염산염),19980525,199802009,[M222857]세티리진염산염,,단일,20140109,안전성 및 유효성 미확립,,특정연령대금기
20200526,흰색의 장방형 필름코팅정제,01410,항히스타민제,(주)팜젠사이언스,일반의약품,필름코팅정,D000647,Cetirizine Hydrochloride,Cetirizine Hydrochloride(세티리진염산염),세티리진염산염,라리세틴정10밀리그람(세티리진염산염)(수출용),19981103,199802228,[M222857]세티리진염산염,,단일,20140109,안전성 및 유효성 미확립,,특정연령대금기
20210221,흰색의 장방형 필름코팅정제,01410,항히스타민제,(주)바스칸바이오제약,일반의약품,필름코팅정,D000647,Cetirizine Hydrochloride,Cetirizine Hydrochloride(세티리진염산염),세티리진염산염,쎄르텍정(세티리진염산염),19980107,199802497,[M222857]세티리진염산염,,단일,20140109,안전성 및 유효성 미확립,,특정연령대금기
20210212,흰색의 원형 필름코팅정제,01410,항히스타민제,(주)씨엠지제약,일반의약품,필름코팅정,D000647,Cetirizine Hydrochloride,Cetirizine Hydrochloride(세티리진염산염),세티리진염산염,쎄로테정(세티리진염산염),19980704,199802620,[M222857]세티리진염산염,,단일,20140109,안전성 및 유효성 미확립,,특정연령대금기
20210212,흰색의 장방형 필름코팅정제,01410,항히스타민제,지엘파마(주),일반의약품,필름코팅정,D000647,Cetirizine Hydrochloride,Cetirizine Hydrochloride(세티리진염산염),세티리진염산염,지엘세티리진염산염정,19981127,199803095,[M222857]세티리진염산염,,단일,20140109,안전성 및 유효성 미확립,,특정연령대금기
20210212,흰색 내지 거의 흰색의 원형 필름코팅정제,01410,항히스타민제,초당약품공업(주),일반의약품,필름코팅정,D000647,Cetirizine Hydrochloride,Cetirizine Hydrochloride(세티리진염산염),세티리진염산염,나노텍정(세티리진염산염),19980513,199803133,[M222857]세티리진염산염,,단일,20140109,안전성 및 유효성 미확립,,특정연령대금기
20100815,백색의 장방형 제피정.,01410,항히스타민제,(주)바이넥스,일반의약품,필름코팅정,D000647,Cetirizine Hydrochloride,Cetirizine Hydrochloride(염산세티리진),염산세티리진,바이넥스비로텍정(염산세티리진)(수출용),20001122,200000927,[M051285]염산세티리진,,단일,20140109,안전성 및 유효성 미확립,,특정연령대금기
20210212,흰색의 원형 필름코팅정,01410,항히스타민제,일양약품(주),일반의약품,필름코팅정,D000647,Cetirizine Hydrochloride,Cetirizine Hydrochloride(세티리진염산염),세티리진염산염,알레드정(세티리진염산염),20000706,200001515,[M222857]세티리진염산염,,단일,20140109,안전성 및 유효성 미확립,,특정연령대금기
20210212,흰색의 장방형 필름코팅정제,01410,항히스타민제,(주)동구바이오제약,일반의약품,필름코팅정,D000647,Cetirizine Hydrochloride,Cetirizine Hydrochloride(세티리진염산염),세티리진염산염,세진정(세티리진염산염),20001229,200001634,[M222857]세티리진염산염,,단일,20140109,안전성 및 유효성 미확립,,특정연령대금기
20210212,흰색의 장방형 필름코팅정제,01410,항히스타민제,삼남제약(주),일반의약품,필름코팅정,D000647,Cetirizine Hydrochloride,Cetirizine Hydrochloride(세티리진염산염),세티리진염산염,세티진정(세티리진염산염),20001123,200001713,[M222857]세티리진염산염,,단일,20140109,안전성 및 유효성 미확립,,특정연령대금기
20200512,황색 분말이 든 적갈색 경질캡슐,03910,간장질환용제,(주)동구바이오제약,일반의약품,"경질캡슐제, 산제",D001518,Milk-Thistle Fruit Dried Extract,Milk-Thistle Fruit Dried Extract(밀크시슬열매 건조엑스),밀크시슬열매 건조엑스,헤프린캡슐(밀크시슬열매건조엑스)(수출용),20011127,200101248,[M272736]밀크시슬열매 건조엑스,,단일,20201228,,,특정연령대금기
20210212,흰색의 장방형 필름코팅정,01410,항히스타민제,에이치엘비제약(주),일반의약품,필름코팅정,D000647,Cetirizine Hydrochloride,Cetirizine Hydrochloride(세티리진염산염),세티리진염산염,세리노즈정(세티리진염산염),20011229,200101870,[M222857]세티리진염산염,,단일,20140109,안전성 및 유효성 미확립,,특정연령대금기
20210212,흰색의 장방형 필름코팅정,01410,항히스타민제,미래바이오제약(주),일반의약품,필름코팅정,D000647,Cetirizine Hydrochloride,Cetirizine Hydrochloride(세티리진염산염),세티리진염산염,노텍정(세티리진염산염),20011108,200102527,[M222857]세티리진염산염,,단일,20140109,안전성 및 유효성 미확립,,특정연령대금기
20120128,백색 원형의 장용성 필름코팅정제,01190,기타의 중추신경용약,환인제약(주),전문의약품,장용성필름코팅정,D000033,Acamprosate Calcium,Acamprosate Calcium(아캄프로세이트칼슘),아캄프로세이트칼슘,환인아캄프로세이트정(아캄프로세이트칼슘),20051213,200501241,[M102626]아캄프로세이트칼슘,,단일,20190522,65세 이상에서 안전성 및 유효성 미확립. 연령이 높아질 수록 신장기능이 저하되어 이 약이 축적될 수 있음.,,특정연령대금기
20100815,흰색의 원형 필름코팅정,01410,항히스타민제,한국유니온제약(주),일반의약품,필름코팅정,D000647,Cetirizine Hydrochloride,Cetirizine Hydrochloride(염산세티리진),염산세티리진,유니온염산세티리진정(수출용),20050314,200501459,[M051285]염산세티리진,,단일,20140109,안전성 및 유효성 미확립,,특정연령대금기
20210625,갈색의 액상 내용물이 든 투명한 갈색의 장방형 연질캡슐,03910,간장질환용제,대원제약(주),일반의약품,"연질캡슐제, 액상",D001518,Milk-Thistle Fruit Dried Extract,Milk-Thistle Fruit Dried Extract(밀크시슬열매 건조엑스),밀크시슬열매 건조엑스,레가셀연질캡슐(밀크시슬열매건조엑스),20050131,200501601,[M272736]밀크시슬열매 건조엑스,,단일,20201228,,,특정연령대금기
20210104,흰색의 장방형 필름코팅정 ,01410,항히스타민제,한국유씨비제약(주),일반의약품,필름코팅정,D000647,Cetirizine Hydrochloride,Cetirizine Hydrochloride(세티리진염산염),세티리진염산염,지르텍정(세티리진염산염),20060626,200610765,[M222857]세티리진염산염,,단일,20140109,안전성 및 유효성 미확립,,특정연령대금기
20210212,흰색의 장방형 필름코팅정,01410,항히스타민제,(주)아이월드제약,일반의약품,필름코팅정,D000647,Cetirizine Hydrochloride,Cetirizine Hydrochloride(세티리진염산염),세티리진염산염,기스톱정(세티리진염산염),20080328,200803434,[M222857]세티리진염산염,,단일,20140109,안전성 및 유효성 미확립,,특정연령대금기
20260219,연한 노란색의 장방형 필름코팅정제,01140,해열.진통.소염제,에이치엘비제약(주),전문의약품,필름코팅정,D000773,Tramadol Hydrochloride,Tramadol Hydrochloride(트라마돌염산염),트라마돌염산염,"마이티셋정(트라마돌염산염, 아세트아미노펜)",20080430,200804952,[M040353]아세트아미노펜/[M222893]트라마돌염산염,[D000147]Acetaminophen(아세트아미노펜),복합,20190522,소아에서 생명에 치명적인 호흡 억제 및 사망 발생,,특정연령대금기
20260219,연한 황색의 장방형 필름코팅정제,01140,해열.진통.소염제,(주)일화,전문의약품,필름코팅정,D000773,Tramadol Hydrochloride,Tramadol Hydrochloride(트라마돌염산염),트라마돌염산염,트라셋펜정,20080430,200804956,[M040353]아세트아미노펜/[M255410]트라마돌염산염,[D000147]Acetaminophen(아세트아미노펜),복합,20190522,소아에서 생명에 치명적인 호흡 억제 및 사망 발생,,특정연령대금기
20260219,연한 황색의 장방형 필름코팅정제,01140,해열.진통.소염제,에스케이케미칼(주),전문의약품,필름코팅정,D000773,Tramadol Hydrochloride,Tramadol Hydrochloride(트라마돌염산염),트라마돌염산염,울트라스크정,20080430,200804957,[M040353]아세트아미노펜/[M222893]트라마돌염산염,[D000147]Acetaminophen(아세트아미노펜),복합,20190522,소아에서 생명에 치명적인 호흡 억제 및 사망 발생,,특정연령대금기
20260219,연한 황색의 장방형 필름코팅정제,01140,해열.진통.소염제,이연제약(주),전문의약품,필름코팅정,D000773,Tramadol Hydrochloride,Tramadol Hydrochloride(트라마돌염산염),트라마돌염산염,"트라콤정(트라마돌염산염, 아세트아미노펜)",20080430,200804958,[M222893]트라마돌염산염/[M040353]아세트아미노펜,[D000147]Acetaminophen(아세트아미노펜),복합,20190522,소아에서 생명에 치명적인 호흡 억제 및 사망 발생,,특정연령대금기
20260219,연한 황색의 장방형 필름코팅정제,01140,해열.진통.소염제,유니메드제약(주),전문의약품,필름코팅정,D000773,Tramadol Hydrochloride,Tramadol Hydrochloride(트라마돌염산염),트라마돌염산염,트라세트정,20080501,200805064,[M222893]트라마돌염산염/[M040353]아세트아미노펜,[D000147]Acetaminophen(아세트아미노펜),복합,20190522,소아에서 생명에 치명적인 호흡 억제 및 사망 발생,,특정연령대금기
20260219,연한 황색의 장방형 필름코팅정제,01140,해열.진통.소염제,(주)비보존제약,전문의약품,필름코팅정,D000773,Tramadol Hydrochloride,Tramadol Hydrochloride(트라마돌염산염),트라마돌염산염,제이트라정,20080502,200805085,[M222893]트라마돌염산염/[M040353]아세트아미노펜,[D000147]Acetaminophen(아세트아미노펜),복합,20190522,소아에서 생명에 치명적인 호흡 억제 및 사망 발생,,특정연령대금기
20260219,연한 노란색의 장방형 필름코팅정제,01140,해열.진통.소염제,(주)바스칸바이오제약,전문의약품,필름코팅정,D000773,Tramadol Hydrochloride,Tramadol Hydrochloride(트라마돌염산염),트라마돌염산염,"레바셋세미정(트라마돌염산염,아세트아미노펜)",20080506,200805143,[M222893]트라마돌염산염/[M040353]아세트아미노펜,[D000147]Acetaminophen(아세트아미노펜),복합,20190522,소아에서 생명에 치명적인 호흡 억제 및 사망 발생,,특정연령대금기
20260219,연한 노란색의 장방형 필름코팅정제,01140,해열.진통.소염제,(주)바스칸바이오제약,전문의약품,필름코팅정,D000773,Tramadol Hydrochloride,Tramadol Hydrochloride(트라마돌염산염),트라마돌염산염,"레바셋정(트라마돌염산염,아세트아미노펜)",20080506,200805144,[M040353]아세트아미노펜/[M222893]트라마돌염산염,[D000147]Acetaminophen(아세트아미노펜),복합,20190522,소아에서 생명에 치명적인 호흡 억제 및 사망 발생,,특정연령대금기
20260219,연한 황색의 장방형 필름코팅정제,01140,해열.진통.소염제,위더스제약(주),전문의약품,필름코팅정,D000773,Tramadol Hydrochloride,Tramadol Hydrochloride(트라마돌염산염),트라마돌염산염,위더셋정,20080506,200805152,[M040353]아세트아미노펜/[M255410]트라마돌염산염/[M040353]아세트아미노펜/[M255410]트라마돌염산염,[D000147]Acetaminophen(아세트아미노펜),복합,20190522,소아에서 생명에 치명적인 호흡 억제 및 사망 발생,,특정연령대금기
20260219,연한 황색의 장방형 필름코팅정제,01140,해열.진통.소염제,동국제약(주),전문의약품,필름코팅정,D000773,Tramadol Hydrochloride,Tramadol Hydrochloride(트라마돌염산염),트라마돌염산염,엘리펜세미정,20080507,200805214,[M040353]아세트아미노펜/[M222893]트라마돌염산염,[D000147]Acetaminophen(아세트아미노펜),복합,20190522,소아에서 생명에 치명적인 호흡 억제 및 사망 발생,,특정연령대금기
20260219,연한 황색의 장방형 필름코팅정제,01140,해열.진통.소염제,동국제약(주),전문의약품,필름코팅정,D000773,Tramadol Hydrochloride,Tramadol Hydrochloride(트라마돌염산염),트라마돌염산염,엘리펜정,20080507,200805215,[M040353]아세트아미노펜/[M222893]트라마돌염산염,[D000147]Acetaminophen(아세트아미노펜),복합,20190522,소아에서 생명에 치명적인 호흡 억제 및 사망 발생,,특정연령대금기
20260219,연한 황색의 장방형 필름코팅정제,01140,해열.진통.소염제,대우제약(주),전문의약품,필름코팅정,D000773,Tramadol Hydrochloride,Tramadol Hydrochloride(트라마돌염산염),트라마돌염산염,오르펜정,20080508,200805233,[M255410]트라마돌염산염/[M040353]아세트아미노펜/[M255410]트라마돌염산염/[M040353]아세트아미노펜,[D000147]Acetaminophen(아세트아미노펜),복합,20190522,소아에서 생명에 치명적인 호흡 억제 및 사망 발생,,특정연령대금기
20260219,연한 황색의 장방형 필름코팅정제,01140,해열.진통.소염제,(주)한국파비스제약,전문의약품,필름코팅정,D000773,Tramadol Hydrochloride,Tramadol Hydrochloride(트라마돌염산염),트라마돌염산염,"아트라쿨정(트라마돌염산염,아세트아미노펜)",20080508,200805273,[M040353]아세트아미노펜/[M255410]트라마돌염산염,[D000147]Acetaminophen(아세트아미노펜),복합,20190522,소아에서 생명에 치명적인 호흡 억제 및 사망 발생,,특정연령대금기
20260219,연한 노란색의 장방형 필름코팅정제,01140,해열.진통.소염제,(주)메디카코리아,전문의약품,필름코팅정,D000773,Tramadol Hydrochloride,Tramadol Hydrochloride(트라마돌염산염),트라마돌염산염,"페나셋정(트라마돌염산염,아세트아미노펜)",20080508,200805275,[M040353]아세트아미노펜/[M222893]트라마돌염산염,[D000147]Acetaminophen(아세트아미노펜),복합,20190522,소아에서 생명에 치명적인 호흡 억제 및 사망 발생,,특정연령대금기
20260219,연한 황색의 장방형 필름코팅정제,01140,해열.진통.소염제,성원애드콕제약(주),전문의약품,필름코팅정,D000773,Tramadol Hydrochloride,Tramadol Hydrochloride(트라마돌염산염),트라마돌염산염,트라칸세미정,20080508,200805289,[M255410]트라마돌염산염/[M040353]아세트아미노펜,[D000147]Acetaminophen(아세트아미노펜),복합,20190522,소아에서 생명에 치명적인 호흡 억제 및 사망 발생,,특정연령대금기
20260219,연한 황색의 장방형 필름코팅정제,01140,해열.진통.소염제,(주)보령,전문의약품,필름코팅정,D000773,Tramadol Hydrochloride,Tramadol Hydrochloride(트라마돌염산염),트라마돌염산염,맥스노펜세미정,20080509,200805296,[M222893]트라마돌염산염/[M040353]아세트아미노펜,[D000147]Acetaminophen(아세트아미노펜),복합,20190522,소아에서 생명에 치명적인 호흡 억제 및 사망 발생,,특정연령대금기
20260219,미황색 ~ 황색의 장방형 필름코팅정제,01140,해열.진통.소염제,한국유니온제약(주),전문의약품,필름코팅정,D000773,Tramadol Hydrochloride,Tramadol Hydrochloride(트라마돌염산염),트라마돌염산염,아트라센정,20080509,200805301,[M040353]아세트아미노펜/[M255410]트라마돌염산염,[D000147]Acetaminophen(아세트아미노펜),복합,20190522,소아에서 생명에 치명적인 호흡 억제 및 사망 발생,,특정연령대금기
20260219,연한 황색의 장방형 필름코팅정,01140,해열.진통.소염제,(주)팜젠사이언스,전문의약품,필름코팅정,D000773,Tramadol Hydrochloride,Tramadol Hydrochloride(트라마돌염산염),트라마돌염산염,펜클리어맥스정,20080508,200805370,[M040353]아세트아미노펜/[M255410]트라마돌염산염,[D000147]Acetaminophen(아세트아미노펜),복합,20190522,소아에서 생명에 치명적인 호흡 억제 및 사망 발생,,특정연령대금기
20260219,연한 황색의 장방형 필름코팅정제,01140,해열.진통.소염제,(주)서울제약,전문의약품,필름코팅정,D000773,Tramadol Hydrochloride,Tramadol Hydrochloride(트라마돌염산염),트라마돌염산염,트로셋세미정,20080513,200805386,[M222893]트라마돌염산염/[M040353]아세트아미노펜,[D000147]Acetaminophen(아세트아미노펜),복합,20190522,소아에서 생명에 치명적인 호흡 억제 및 사망 발생,,특정연령대금기
20260219,연한 노란색의 장방형 필름코팅정제,01140,해열.진통.소염제,(주)메디카코리아,전문의약품,필름코팅정,D000773,Tramadol Hydrochloride,Tramadol Hydrochloride(트라마돌염산염),트라마돌염산염,"페나셋세미정(트라마돌염산염,아세트아미노펜)",20080513,200805387,[M222893]트라마돌염산염/[M040353]아세트아미노펜,[D000147]Acetaminophen(아세트아미노펜),복합,20190522,소아에서 생명에 치명적인 호흡 억제 및 사망 발생,,특정연령대금기
20260219,연한 황색의 장방형 필름코팅정제,01140,해열.진통.소염제,맥널티제약(주),전문의약품,필름코팅정,D000773,Tramadol Hydrochloride,Tramadol Hydrochloride(트라마돌염산염),트라마돌염산염,울트라맥정,20080513,200805388,[M222893]트라마돌염산염/[M040353]아세트아미노펜,[D000147]Acetaminophen(아세트아미노펜),복합,20190522,소아에서 생명에 치명적인 호흡 억제 및 사망 발생,,특정연령대금기
20260219,연한 황색의 장방형 필름코팅정제,01140,해열.진통.소염제,맥널티제약(주),전문의약품,필름코팅정,D000773,Tramadol Hydrochloride,Tramadol Hydrochloride(트라마돌염산염),트라마돌염산염,울트라맥세미정,20080513,200805389,[M222893]트라마돌염산염/[M040353]아세트아미노펜,[D000147]Acetaminophen(아세트아미노펜),복합,20190522,소아에서 생명에 치명적인 호흡 억제 및 사망 발생,,특정연령대금기
20260219,연한 황색의 장방형 필름코팅 정제,01140,해열.진통.소염제,(주)한국파마,전문의약품,필름코팅정,D000773,Tramadol Hydrochloride,Tramadol Hydrochloride(트라마돌염산염),트라마돌염산염,하이세펜정,20080515,200805497,[M040353]아세트아미노펜/[M222893]트라마돌염산염/[M040353]아세트아미노펜/[M222893]트라마돌염산염,[D000147]Acetaminophen(아세트아미노펜),복합,20190522,소아에서 생명에 치명적인 호흡 억제 및 사망 발생,,특정연령대금기
20260219,연한 황색의 장방형 필름코팅정제,01140,해열.진통.소염제,케이엠에스제약(주),전문의약품,필름코팅정,D000773,Tramadol Hydrochloride,Tramadol Hydrochloride(트라마돌염산염),트라마돌염산염,울트란정,20080516,200805520,[M222893]트라마돌염산염/[M040353]아세트아미노펜/[M222893]트라마돌염산염/[M040353]아세트아미노펜,[D000147]Acetaminophen(아세트아미노펜),복합,20190522,소아에서 생명에 치명적인 호흡 억제 및 사망 발생,,특정연령대금기
20260219,연한 황색의 장방형 필름코팅정제,01140,해열.진통.소염제,(주)서울제약,전문의약품,필름코팅정,D000773,Tramadol Hydrochloride,Tramadol Hydrochloride(트라마돌염산염),트라마돌염산염,트로셋정,20080513,200805556,[M222893]트라마돌염산염/[M040353]아세트아미노펜,[D000147]Acetaminophen(아세트아미노펜),복합,20190522,소아에서 생명에 치명적인 호흡 억제 및 사망 발생,,특정연령대금기
20260219,연한 노란색의 장방형 필름코팅정제,01140,해열.진통.소염제,일양바이오팜(주),전문의약품,필름코팅정,D000773,Tramadol Hydrochloride,Tramadol Hydrochloride(트라마돌염산염),트라마돌염산염,유트렌정,20080519,200805598,[M040353]아세트아미노펜/[M222893]트라마돌염산염,[D000147]Acetaminophen(아세트아미노펜),복합,20190522,소아에서 생명에 치명적인 호흡 억제 및 사망 발생,,특정연령대금기
20260219,연한 노란색의 장방형 필름코팅정제,01140,해열.진통.소염제,일양바이오팜(주),전문의약품,필름코팅정,D000773,Tramadol Hydrochloride,Tramadol Hydrochloride(트라마돌염산염),트라마돌염산염,유트렌세미정,20080519,200805599,[M040353]아세트아미노펜/[M222893]트라마돌염산염,[D000147]Acetaminophen(아세트아미노펜),복합,20190522,소아에서 생명에 치명적인 호흡 억제 및 사망 발생,,특정연령대금기
20260219,연한 황색의 장방형 필름코팅제,01140,해열.진통.소염제,(주)에이프로젠바이오로직스,전문의약품,필름코팅정,D000773,Tramadol Hydrochloride,Tramadol Hydrochloride(트라마돌염산염),트라마돌염산염,웰트라정,20080520,200805631,[M222893]트라마돌염산염/[M040353]아세트아미노펜,[D000147]Acetaminophen(아세트아미노펜),복합,20190522,소아에서 생명에 치명적인 호흡 억제 및 사망 발생,,특정연령대금기
20260219,연한 황색의 장방형 필름코팅제,01140,해열.진통.소염제,삼익제약(주),전문의약품,필름코팅정,D000773,Tramadol Hydrochloride,Tramadol Hydrochloride(트라마돌염산염),트라마돌염산염,타미트라세미정,20080520,200805632,[M040353]아세트아미노펜/[M222893]트라마돌염산염,[D000147]Acetaminophen(아세트아미노펜),복합,20190522,소아에서 생명에 치명적인 호흡 억제 및 사망 발생,,특정연령대금기
20260219,연한 노란색의 장방형 필름코팅정제,01140,해열.진통.소염제,(주)휴온스생명과학,전문의약품,필름코팅정,D000773,Tramadol Hydrochloride,Tramadol Hydrochloride(트라마돌염산염),트라마돌염산염,티오셋세미정,20080521,200805734,[M040353]아세트아미노펜/[M222893]트라마돌염산염,[D000147]Acetaminophen(아세트아미노펜),복합,20190522,소아에서 생명에 치명적인 호흡 억제 및 사망 발생,,특정연령대금기
20260219,연한 황색의 장방형 필름코팅정,01140,해열.진통.소염제,한국프라임제약(주),전문의약품,필름코팅정,D000773,Tramadol Hydrochloride,Tramadol Hydrochloride(트라마돌염산염),트라마돌염산염,아트라펜세미정,20080522,200805737,[M222893]트라마돌염산염/[M040353]아세트아미노펜,[D000147]Acetaminophen(아세트아미노펜),복합,20190522,소아에서 생명에 치명적인 호흡 억제 및 사망 발생,,특정연령대금기
20260219,연한 황색의 장방형 필름코팅정제,01140,해열.진통.소염제,(주)셀릭스,전문의약품,필름코팅정,D000773,Tramadol Hydrochloride,Tramadol Hydrochloride(트라마돌염산염),트라마돌염산염,올펜세미정,20080522,200805739,[M040353]아세트아미노펜/[M222893]트라마돌염산염,[D000147]Acetaminophen(아세트아미노펜),복합,20190522,소아에서 생명에 치명적인 호흡 억제 및 사망 발생,,특정연령대금기
20260219,연한 황색의 장방형 필름코팅정제,01140,해열.진통.소염제,(주)아이월드제약,전문의약품,필름코팅정,D000773,Tramadol Hydrochloride,Tramadol Hydrochloride(트라마돌염산염),트라마돌염산염,유로셋정,20080523,200805748,[M255410]트라마돌염산염/[M040353]아세트아미노펜,[D000147]Acetaminophen(아세트아미노펜),복합,20190522,소아에서 생명에 치명적인 호흡 억제 및 사망 발생,,특정연령대금기
20260219,연한 황색의 장방형 필름코팅정제,01140,해열.진통.소염제,(주)아이월드제약,전문의약품,필름코팅정,D000773,Tramadol Hydrochloride,Tramadol Hydrochloride(트라마돌염산염),트라마돌염산염,유로셋세미정,20080523,200805749,[M255410]트라마돌염산염/[M040353]아세트아미노펜,[D000147]Acetaminophen(아세트아미노펜),복합,20190522,소아에서 생명에 치명적인 호흡 억제 및 사망 발생,,특정연령대금기
20260219,연한 황색의 장방형 필름코팅정제,01140,해열.진통.소염제,에이치케이이노엔(주),전문의약품,필름코팅정,D000773,Tramadol Hydrochloride,Tramadol Hydrochloride(트라마돌염산염),트라마돌염산염,유토펜정,20080523,200805752,[M040353]아세트아미노펜/[M222893]트라마돌염산염,[D000147]Acetaminophen(아세트아미노펜),복합,20190522,소아에서 생명에 치명적인 호흡 억제 및 사망 발생,,특정연령대금기
20260219,연한 황색의 장방형 필름코팅정제,01140,해열.진통.소염제,한국넬슨제약(주),전문의약품,필름코팅정,D000773,Tramadol Hydrochloride,Tramadol Hydrochloride(트라마돌염산염),트라마돌염산염,아펜트라정,20080526,200805810,[M222893]트라마돌염산염/[M040353]아세트아미노펜,[D000147]Acetaminophen(아세트아미노펜),복합,20190522,소아에서 생명에 치명적인 호흡 억제 및 사망 발생,,특정연령대금기
20260219,연한 황색의 장방형 필름코팅정제,01140,해열.진통.소염제,에이치케이이노엔(주),전문의약품,필름코팅정,D000773,Tramadol Hydrochloride,Tramadol Hydrochloride(트라마돌염산염),트라마돌염산염,유토펜세미정,20080526,200805812,[M040353]아세트아미노펜/[M222893]트라마돌염산염,[D000147]Acetaminophen(아세트아미노펜),복합,20190522,소아에서 생명에 치명적인 호흡 억제 및 사망 발생,,특정연령대금기
20260219,연한 황색의 장방형 필름코팅정제,01140,해열.진통.소염제,동아에스티(주),전문의약품,필름코팅정,D000773,Tramadol Hydrochloride,Tramadol Hydrochloride(트라마돌염산염),트라마돌염산염,파라마셋정,20080526,200805821,[M222893]트라마돌염산염/[M040353]아세트아미노펜,[D000147]Acetaminophen(아세트아미노펜),복합,20190522,소아에서 생명에 치명적인 호흡 억제 및 사망 발생,,특정연령대금기
20260219,연한 황색의 장방형 필름코팅 정제,01140,해열.진통.소염제,동아에스티(주),전문의약품,필름코팅정,D000773,Tramadol Hydrochloride,Tramadol Hydrochloride(트라마돌염산염),트라마돌염산염,파라마셋세미정,20080526,200805842,[M222893]트라마돌염산염/[M040353]아세트아미노펜,[D000147]Acetaminophen(아세트아미노펜),복합,20190522,소아에서 생명에 치명적인 호흡 억제 및 사망 발생,,특정연령대금기
20260219,연한황색의 장방형 필름코팅정,01140,해열.진통.소염제,한국유나이티드제약(주),전문의약품,필름코팅정,D000773,Tramadol Hydrochloride,Tramadol Hydrochloride(트라마돌염산염),트라마돌염산염,슈퍼셋세미정,20080526,200805843,[M222893]트라마돌염산염/[M040353]아세트아미노펜,[D000147]Acetaminophen(아세트아미노펜),복합,20190522,소아에서 생명에 치명적인 호흡 억제 및 사망 발생,,특정연령대금기
20260219,연한 황색의 장방형 필름코팅 정제,01140,해열.진통.소염제,(주)휴온스생명과학,전문의약품,필름코팅정,D000773,Tramadol Hydrochloride,Tramadol Hydrochloride(트라마돌염산염),트라마돌염산염,티오셋정,20080526,200805849,[M040353]아세트아미노펜/[M222893]트라마돌염산염,[D000147]Acetaminophen(아세트아미노펜),복합,20190522,소아에서 생명에 치명적인 호흡 억제 및 사망 발생,,특정연령대금기
20260219,연한 황색의 장방형 필름코팅정제,01140,해열.진통.소염제,유니메드제약(주),전문의약품,필름코팅정,D000773,Tramadol Hydrochloride,Tramadol Hydrochloride(트라마돌염산염),트라마돌염산염,트라세트세미정,20080527,200805915,[M222893]트라마돌염산염/[M040353]아세트아미노펜,[D000147]Acetaminophen(아세트아미노펜),복합,20190522,소아에서 생명에 치명적인 호흡 억제 및 사망 발생,,특정연령대금기
20260219,연한 노란색의 장방형 필름코팅정,01140,해열.진통.소염제,(주)킵스바이오파마,전문의약품,필름코팅정,D000773,Tramadol Hydrochloride,Tramadol Hydrochloride(트라마돌염산염),트라마돌염산염,트라임정,20080528,200805928,[M040353]아세트아미노펜/[M255410]트라마돌염산염,[D000147]Acetaminophen(아세트아미노펜),복합,20190522,소아에서 생명에 치명적인 호흡 억제 및 사망 발생,,특정연령대금기
20260219,연한 황색의 장방형 필름코팅정,01140,해열.진통.소염제,한국휴텍스제약(주),전문의약품,필름코팅정,D000773,Tramadol Hydrochloride,Tramadol Hydrochloride(트라마돌염산염),트라마돌염산염,에이셋정,20080604,200806185,[M040353]아세트아미노펜/[M255410]트라마돌염산염,[D000147]Acetaminophen(아세트아미노펜),복합,20190522,소아에서 생명에 치명적인 호흡 억제 및 사망 발생,,특정연령대금기
20180121,황갈색의 내용물을 함유한 황녹색의 장방형 연질캡슐,03910,간장질환용제,(주)테라젠이텍스,일반의약품,"연질캡슐제, 현탁상",D001521,Calcium Pantothenate,Calcium Pantothenate(판토텐산칼슘),판토텐산칼슘,헤파플러스연질캡슐,20080902,200809185,[M272736]밀크시슬열매 건조엑스/[M223262]티아민질산염/[M204304]피리독신염산염/[M040064]니코틴산아미드/[M244748]판토텐산칼슘/[M096429]시아노코발라민,[D001117]Cyanocobalamin(시아노코발라민)/[D001518]Milk-thistle Fruit Dry Extract(Milk Thistke Dry Extract)(밀크시슬건조엑스)/[D001519]Nicotinamide(니코틴산아미드)/[D001265]Pyridoxine Hydrochloride(피리독신염산염)/[D001520]Thiamine nitrate(티아민질산염),복합,20201228,,,특정연령대금기
20210212,흰색의 장방형 필름코팅정,01410,항히스타민제,한솔신약(주),일반의약품,필름코팅정,D000647,Cetirizine Hydrochloride,Cetirizine Hydrochloride(세티리진염산염),세티리진염산염,세티스정(세티리진염산염),20090106,200900207,[M222857]세티리진염산염,,단일,20140109,안전성 및 유효성 미확립,,특정연령대금기
20210212,흰색의 장방형 필름제피정제,01410,항히스타민제,주식회사제뉴원사이언스,일반의약품,필름코팅정,D000647,Cetirizine Hydrochloride,Cetirizine Hydrochloride(세티리진염산염),세티리진염산염,세레지아정(세티리진염산염)(수출용),20090615,200904150,[M222857]세티리진염산염/[M222857]세티리진염산염/[M222857]세티리진염산염,,단일,20140109,안전성 및 유효성 미확립,,특정연령대금기
20210212,흰색의 장방형 필름코팅정제,01410,항히스타민제,조아제약(주),일반의약품,필름코팅정,D000647,Cetirizine Hydrochloride,Cetirizine Hydrochloride(세티리진염산염),세티리진염산염,쥬르택정(세티리진염산염),20090626,200904516,[M222857]세티리진염산염,,단일,20140109,안전성 및 유효성 미확립,,특정연령대금기
20210212,무색 내지 연보라색의 내용물이 든 보라색의 투명한 타원형 연질캡슐,01410,항히스타민제,(주)알피바이오,일반의약품,"연질캡슐제, 액상",D000647,Cetirizine Hydrochloride,Cetirizine Hydrochloride(세티리진염산염),세티리진염산염,아르텍연질캡슐10mg(세티리진염산염),20090630,200904666,[M222857]세티리진염산염,,단일,20140109,안전성 및 유효성 미확립,,특정연령대금기
20210212,흰색의 장방형 필름코팅정제,01410,항히스타민제,익수제약(주),일반의약품,필름코팅정,D000647,Cetirizine Hydrochloride,Cetirizine Hydrochloride(세티리진염산염),세티리진염산염,알드라민정(세티리진염산염),20090710,200905228,[M222857]세티리진염산염,,단일,20140109,안전성 및 유효성 미확립,,특정연령대금기
20200708,황갈색의 유상 내용물을 함유한 암갈색의 장방형연질캡슐,03910,간장질환용제,삼진제약(주),일반의약품,"연질캡슐제, 현탁상",D001518,Milk-Thistle Fruit Dried Extract,Milk-Thistle Fruit Dried Extract(밀크시슬열매 건조엑스),밀크시슬열매 건조엑스,외유내간연질캡슐(밀크시슬열매건조엑스),20090714,200905353,[M272736]밀크시슬열매 건조엑스,,단일,20201228,,,특정연령대금기
20210212,흰색의 장방형 필름코팅정제,01410,항히스타민제,(주)휴온스생명과학,일반의약품,필름코팅정,D000647,Cetirizine Hydrochloride,Cetirizine Hydrochloride(세티리진염산염),세티리진염산염,알세진정10밀리그램(세티리진염산염),20090715,200905403,[M222857]세티리진염산염,,단일,20140109,안전성 및 유효성 미확립,,특정연령대금기
20180121,황갈색의 내용물을 함유한 황녹색의 장방형 연질캡슐,03910,간장질환용제,아이큐어(주),일반의약품,"연질캡슐제, 현탁상",D001521,Calcium Pantothenate,Calcium Pantothenate(판토텐산칼슘),판토텐산칼슘,리버파워포르테연질캡슐,20090428,200903043,[M272736]밀크시슬열매 건조엑스/[M223262]티아민질산염/[M204304]피리독신염산염/[M040064]니코틴산아미드/[M244748]판토텐산칼슘/[M096429]시아노코발라민,[D001117]Cyanocobalamin(시아노코발라민)/[D001518]Milk-thistle Fruit Dry Extract(Milk Thistke Dry Extract)(밀크시슬건조엑스)/[D001519]Nicotinamide(니코틴산아미드)/[D001265]Pyridoxine Hydrochloride(피리독신염산염)/[D001520]Thiamine nitrate(티아민질산염),복합,20201228,,,특정연령대금기
20210212,무색 내지 연보라색의 내용물이 든 보라색의 투명한 타원형 연질캡슐,01410,항히스타민제,(주)대웅제약,일반의약품,"연질캡슐제, 액상",D000647,Cetirizine Hydrochloride,Cetirizine Hydrochloride(세티리진염산염),세티리진염산염,알지엔스피드연질캡슐10밀리그램(세티리진염산염),20090720,200905653,[M222857]세티리진염산염,,단일,20140109,안전성 및 유효성 미확립,,특정연령대금기
20210212,무색 내지 연보라색의 내용물이 든 보라색의 투명한 타원형 연질캡슐,01410,항히스타민제,(주)녹십자,일반의약품,"연질캡슐제, 액상",D000647,Cetirizine Hydrochloride,Cetirizine Hydrochloride(세티리진염산염),세티리진염산염,알러샷연질캡슐(세티리진염산염),20090812,200906254,[M222857]세티리진염산염,,단일,20140109,안전성 및 유효성 미확립,,특정연령대금기
20200907,황갈색의 유상 내용물을 함유한 암적색의 장방형 연질캡슐,03910,간장질환용제,(주)마더스제약,일반의약품,"연질캡슐제, 현탁상",D001518,Milk-Thistle Fruit Dried Extract,Milk-Thistle Fruit Dried Extract(밀크시슬열매 건조엑스),밀크시슬열매 건조엑스,헤파가드연질캡슐350mg(밀크시슬열매건조엑스),20120919,201206837,[M272736]밀크시슬열매 건조엑스,,단일,20201228,,,특정연령대금기
20260219,연한 황색의 장방형 필름코팅서방정,01140,해열.진통.소염제,제일약품(주),전문의약품,서방성필름코팅정,D000773,Tramadol Hydrochloride,Tramadol Hydrochloride(트라마돌염산염),트라마돌염산염,트라마롤서방정,20121031,201207590,[M222893]트라마돌염산염/[M040353]아세트아미노펜/[M040353]아세트아미노펜,[D000147]Acetaminophen(아세트아미노펜),복합,20190522,소아에서 생명에 치명적인 호흡 억제 및 사망 발생,,특정연령대금기
20260219,연한 황색의 장방형 필름코팅서방정,01140,해열.진통.소염제,(주)한독,전문의약품,서방성필름코팅정,D000773,Tramadol Hydrochloride,Tramadol Hydrochloride(트라마돌염산염),트라마돌염산염,엑스페인ER서방정,20121031,201207591,[M222893]트라마돌염산염/[M040353]아세트아미노펜/[M040353]아세트아미노펜,[D000147]Acetaminophen(아세트아미노펜),복합,20190522,소아에서 생명에 치명적인 호흡 억제 및 사망 발생,,특정연령대금기
20260219,연한 황색의 장방형 필름코팅서방정,01140,해열.진통.소염제,대원제약(주),전문의약품,서방성필름코팅정,D000773,Tramadol Hydrochloride,Tramadol Hydrochloride(트라마돌염산염),트라마돌염산염,원트란서방정,20121031,201207592,[M255410]트라마돌염산염/[M040353]아세트아미노펜/[M040353]아세트아미노펜/[M255410]트라마돌염산염/[M040353]아세트아미노펜/[M040353]아세트아미노펜/[M255410]트라마돌염산염/[M040353]아세트아미노펜/[M040353]아세트아미노펜,[D000147]Acetaminophen(아세트아미노펜),복합,20190522,소아에서 생명에 치명적인 호흡 억제 및 사망 발생,,특정연령대금기
20260219,연한 황색의 장방형 필름코팅서방정,01140,해열.진통.소염제,명문제약(주),전문의약품,서방성필름코팅정,D000773,Tramadol Hydrochloride,Tramadol Hydrochloride(트라마돌염산염),트라마돌염산염,트라펜서방정,20121130,201209007,[M222893]트라마돌염산염/[M040353]아세트아미노펜/[M040353]아세트아미노펜,[D000147]Acetaminophen(아세트아미노펜),복합,20190522,소아에서 생명에 치명적인 호흡 억제 및 사망 발생,,특정연령대금기
20260219,연한 황색의 장방형 필름코팅정,01140,해열.진통.소염제,대웅바이오(주),전문의약품,필름코팅정,D000773,Tramadol Hydrochloride,Tramadol Hydrochloride(트라마돌염산염),트라마돌염산염,베아셋정,20130122,201301696,[M222893]트라마돌염산염/[M040353]아세트아미노펜,[D000147]Acetaminophen(아세트아미노펜),복합,20190522,소아에서 생명에 치명적인 호흡 억제 및 사망 발생,,특정연령대금기
20260219,연한 황색의 장방형 필름코팅서방정,01140,해열.진통.소염제,삼진제약(주),전문의약품,서방성필름코팅정,D000773,Tramadol Hydrochloride,Tramadol Hydrochloride(트라마돌염산염),트라마돌염산염,시너젯이알서방정,20130308,201306118,[M040353]아세트아미노펜/[M222893]트라마돌염산염/[M040353]아세트아미노펜,[D000147]Acetaminophen(아세트아미노펜),복합,20190522,소아에서 생명에 치명적인 호흡 억제 및 사망 발생,,특정연령대금기
20260219,연한 황색의 장방형 필름코팅정,01140,해열.진통.소염제,동성제약(주),전문의약품,필름코팅정,D000773,Tramadol Hydrochloride,Tramadol Hydrochloride(트라마돌염산염),트라마돌염산염,세타돌세미정,20130322,201306379,[M222893]트라마돌염산염/[M040353]아세트아미노펜,[D000147]Acetaminophen(아세트아미노펜),복합,20190522,소아에서 생명에 치명적인 호흡 억제 및 사망 발생,,특정연령대금기
20241002,연한 황색 장방형 필름코팅정제,01140,해열.진통.소염제,대한약품공업(주),전문의약품,필름코팅정,D000773,Tramadol Hydrochloride,Tramadol Hydrochloride(트라마돌염산염),트라마돌염산염,아디고정(수출용),20130520,201307383,[M040353]아세트아미노펜/[M222893]트라마돌염산염,[D000147]Acetaminophen(아세트아미노펜),복합,20190522,소아에서 생명에 치명적인 호흡 억제 및 사망 발생,,특정연령대금기
20260219,연한 황색의 원형 필름코팅서방정,01140,해열.진통.소염제,(주)한독,전문의약품,서방성필름코팅정,D000773,Tramadol Hydrochloride,Tramadol Hydrochloride(트라마돌염산염),트라마돌염산염,엑스페인ER세미서방정,20130627,201307895,[M222893]트라마돌염산염/[M040353]아세트아미노펜/[M040353]아세트아미노펜,[D000147]Acetaminophen(아세트아미노펜),복합,20190522,소아에서 생명에 치명적인 호흡 억제 및 사망 발생,,특정연령대금기
20260219,연한 황색의 원형 필름코팅서방정,01140,해열.진통.소염제,대원제약(주),전문의약품,서방성필름코팅정,D000773,Tramadol Hydrochloride,Tramadol Hydrochloride(트라마돌염산염),트라마돌염산염,원트란세미서방정,20130627,201307896,[M222893]트라마돌염산염/[M040353]아세트아미노펜/[M040353]아세트아미노펜,[D000147]Acetaminophen(아세트아미노펜),복합,20190522,소아에서 생명에 치명적인 호흡 억제 및 사망 발생,,특정연령대금기
20260219,연한 황색의 원형 필름코팅서방정,01140,해열.진통.소염제,삼진제약(주),전문의약품,서방성필름코팅정,D000773,Tramadol Hydrochloride,Tramadol Hydrochloride(트라마돌염산염),트라마돌염산염,시너젯이알세미서방정,20130628,201307929,[M040353]아세트아미노펜/[M222893]트라마돌염산염/[M040353]아세트아미노펜,[D000147]Acetaminophen(아세트아미노펜),복합,20190522,소아에서 생명에 치명적인 호흡 억제 및 사망 발생,,특정연령대금기
20260219,연한 황색의 원형 필름코팅서방정,01140,해열.진통.소염제,명문제약(주),전문의약품,서방성필름코팅정,D000773,Tramadol Hydrochloride,Tramadol Hydrochloride(트라마돌염산염),트라마돌염산염,트라펜세미서방정,20130705,201308055,[M222893]트라마돌염산염/[M040353]아세트아미노펜/[M040353]아세트아미노펜,[D000147]Acetaminophen(아세트아미노펜),복합,20190522,소아에서 생명에 치명적인 호흡 억제 및 사망 발생,,특정연령대금기
20260219,연한 황색의 원형 필름코팅서방정,01140,해열.진통.소염제,제일약품(주),전문의약품,서방성필름코팅정,D000773,Tramadol Hydrochloride,Tramadol Hydrochloride(트라마돌염산염),트라마돌염산염,트라마롤세미서방정,20130718,201308279,[M222893]트라마돌염산염/[M040353]아세트아미노펜/[M040353]아세트아미노펜,[D000147]Acetaminophen(아세트아미노펜),복합,20190522,소아에서 생명에 치명적인 호흡 억제 및 사망 발생,,특정연령대금기
20260219,연한 황색의 장방형 필름코팅정제,01140,해열.진통.소염제,한올바이오파마(주),전문의약품,필름코팅정,D000773,Tramadol Hydrochloride,Tramadol Hydrochloride(트라마돌염산염),트라마돌염산염,한트라셋세미정,20130724,201308359,[M255410]트라마돌염산염/[M040353]아세트아미노펜,[D000147]Acetaminophen(아세트아미노펜),복합,20190522,소아에서 생명에 치명적인 호흡 억제 및 사망 발생,,특정연령대금기
20260219,연한 황색의 장방형 필름코팅정제,01140,해열.진통.소염제,한올바이오파마(주),전문의약품,필름코팅정,D000773,Tramadol Hydrochloride,Tramadol Hydrochloride(트라마돌염산염),트라마돌염산염,한트라셋정,20130724,201308360,[M255410]트라마돌염산염/[M040353]아세트아미노펜,[D000147]Acetaminophen(아세트아미노펜),복합,20190522,소아에서 생명에 치명적인 호흡 억제 및 사망 발생,,특정연령대금기
20260219,연한 노란색의 장방형 필름코팅정제,01140,해열.진통.소염제,(주)씨엠지제약,전문의약품,필름코팅정,D000773,Tramadol Hydrochloride,Tramadol Hydrochloride(트라마돌염산염),트라마돌염산염,아세라노세미정,20130909,201309260,[M222893]트라마돌염산염/[M040353]아세트아미노펜,[D000147]Acetaminophen(아세트아미노펜),복합,20190522,소아에서 생명에 치명적인 호흡 억제 및 사망 발생,,특정연령대금기
20260219,연한 황색의 장방형 필름코팅정제,01140,해열.진통.소염제,삼진제약(주),전문의약품,필름코팅정,D000773,Tramadol Hydrochloride,Tramadol Hydrochloride(트라마돌염산염),트라마돌염산염,시너젯세미정,20130926,201309439,[M222893]트라마돌염산염/[M040353]아세트아미노펜,[D000147]Acetaminophen(아세트아미노펜),복합,20190522,소아에서 생명에 치명적인 호흡 억제 및 사망 발생,,특정연령대금기
20260219,연한 노란색의 장방형 필름코팅정제,01140,해열.진통.소염제,(주)화이트생명과학,전문의약품,필름코팅정,D000773,Tramadol Hydrochloride,Tramadol Hydrochloride(트라마돌염산염),트라마돌염산염,이트라펜정,20130930,201309487,[M040353]아세트아미노펜/[M222893]트라마돌염산염,[D000147]Acetaminophen(아세트아미노펜),복합,20190522,소아에서 생명에 치명적인 호흡 억제 및 사망 발생,,특정연령대금기
20260219,연한 황색의 장방형 필름코팅정제,01140,해열.진통.소염제,제일약품(주),전문의약품,필름코팅정,D000773,Tramadol Hydrochloride,Tramadol Hydrochloride(트라마돌염산염),트라마돌염산염,트라마롤세미정,20131113,201310117,[M040353]아세트아미노펜/[M222893]트라마돌염산염,[D000147]Acetaminophen(아세트아미노펜),복합,20190522,소아에서 생명에 치명적인 호흡 억제 및 사망 발생,,특정연령대금기
20260219,연한 황색의 장방형 필름코팅정제,01140,해열.진통.소염제,제일약품(주),전문의약품,필름코팅정,D000773,Tramadol Hydrochloride,Tramadol Hydrochloride(트라마돌염산염),트라마돌염산염,트라마롤정,20131113,201310118,[M040353]아세트아미노펜/[M222893]트라마돌염산염,[D000147]Acetaminophen(아세트아미노펜),복합,20190522,소아에서 생명에 치명적인 호흡 억제 및 사망 발생,,특정연령대금기
20260219,연한 황색의 장방형 필름코팅정제,01140,해열.진통.소염제,화일약품(주),전문의약품,필름코팅정,D000773,Tramadol Hydrochloride,Tramadol Hydrochloride(트라마돌염산염),트라마돌염산염,노통펜프러스미니정,20131204,201310500,[M222893]트라마돌염산염/[M040353]아세트아미노펜,[D000147]Acetaminophen(아세트아미노펜),복합,20190522,소아에서 생명에 치명적인 호흡 억제 및 사망 발생,,특정연령대금기
20260219,연한 황색의 장방형 필름코팅정제,01140,해열.진통.소염제,(주)마더스제약,전문의약품,필름코팅정,D000773,Tramadol Hydrochloride,Tramadol Hydrochloride(트라마돌염산염),트라마돌염산염,트라플엠정,20131208,201310583,[M040353]아세트아미노펜/[M222893]트라마돌염산염,[D000147]Acetaminophen(아세트아미노펜),복합,20190522,소아에서 생명에 치명적인 호흡 억제 및 사망 발생,,특정연령대금기
20260219,연한 황색의 장방형 필름코팅정제,01140,해열.진통.소염제,(주)넥스팜코리아,전문의약품,필름코팅정,D000773,Tramadol Hydrochloride,Tramadol Hydrochloride(트라마돌염산염),트라마돌염산염,테라펜세미정,20131216,201310700,[M222893]트라마돌염산염/[M040353]아세트아미노펜,[D000147]Acetaminophen(아세트아미노펜),복합,20190522,소아에서 생명에 치명적인 호흡 억제 및 사망 발생,,특정연령대금기
20260219,연한 노란색의 장방형 필름코팅정제,01140,해열.진통.소염제,(주)씨엠지제약,전문의약품,필름코팅정,D000773,Tramadol Hydrochloride,Tramadol Hydrochloride(트라마돌염산염),트라마돌염산염,아세라노정,20140124,201400343,[M040353]아세트아미노펜/[M222893]트라마돌염산염,[D000147]Acetaminophen(아세트아미노펜),복합,20190522,소아에서 생명에 치명적인 호흡 억제 및 사망 발생,,특정연령대금기
20260219,연한 황색의 장방형 필름코팅정제,01140,해열.진통.소염제,(주)비보존제약,전문의약품,필름코팅정,D000773,Tramadol Hydrochloride,Tramadol Hydrochloride(트라마돌염산염),트라마돌염산염,제이트라세미정,20140326,201401376,[M222893]트라마돌염산염/[M040353]아세트아미노펜,[D000147]Acetaminophen(아세트아미노펜),복합,20190522,소아에서 생명에 치명적인 호흡 억제 및 사망 발생,,특정연령대금기
20260219,연한 황색의 장방형 필름코팅정제,01140,해열.진통.소염제,대화제약(주),전문의약품,필름코팅정,D000773,Tramadol Hydrochloride,Tramadol Hydrochloride(트라마돌염산염),트라마돌염산염,메가셋세미정,20140529,201402450,[M040353]아세트아미노펜/[M222893]트라마돌염산염,[D000147]Acetaminophen(아세트아미노펜),복합,20190522,소아에서 생명에 치명적인 호흡 억제 및 사망 발생,,특정연령대금기
20260219,연한 노란색의 장방형 필름코팅정제,01140,해열.진통.소염제,진양제약(주),전문의약품,필름코팅정,D000773,Tramadol Hydrochloride,Tramadol Hydrochloride(트라마돌염산염),트라마돌염산염,도라셋세미정,20140626,201402850,[M255410]트라마돌염산염/[M040353]아세트아미노펜,[D000147]Acetaminophen(아세트아미노펜),복합,20190522,소아에서 생명에 치명적인 호흡 억제 및 사망 발생,,특정연령대금기
20260219,연한 황색의 장방형 필름코팅정제,01140,해열.진통.소염제,구주제약(주),전문의약품,필름코팅정,D000773,Tramadol Hydrochloride,Tramadol Hydrochloride(트라마돌염산염),트라마돌염산염,트라마펜세미정,20140630,201402890,[M255410]트라마돌염산염/[M040353]아세트아미노펜,[D000147]Acetaminophen(아세트아미노펜),복합,20190522,소아에서 생명에 치명적인 호흡 억제 및 사망 발생,,특정연령대금기
20260219,연한 황색의 장방형 필름코팅정제,01140,해열.진통.소염제,(주)팜젠사이언스,전문의약품,필름코팅정,D000773,Tramadol Hydrochloride,Tramadol Hydrochloride(트라마돌염산염),트라마돌염산염,펜클리어정,20140812,201403740,[M040353]아세트아미노펜/[M255410]트라마돌염산염,[D000147]Acetaminophen(아세트아미노펜),복합,20190522,소아에서 생명에 치명적인 호흡 억제 및 사망 발생,,특정연령대금기
20260219,연한 노란색의 장방형 필름코팅정제,01140,해열.진통.소염제,(주)휴비스트제약,전문의약품,필름코팅정,D000773,Tramadol Hydrochloride,Tramadol Hydrochloride(트라마돌염산염),트라마돌염산염,파인미정,20140822,201403947,[M255410]트라마돌염산염/[M040353]아세트아미노펜,[D000147]Acetaminophen(아세트아미노펜),복합,20190522,소아에서 생명에 치명적인 호흡 억제 및 사망 발생,,특정연령대금기
20260219,연한 황색의 장방형 필름코팅정,01140,해열.진통.소염제,(주)화이트생명과학,전문의약품,필름코팅정,D000773,Tramadol Hydrochloride,Tramadol Hydrochloride(트라마돌염산염),트라마돌염산염,이트라펜세미정,20140827,201403995,[M222893]트라마돌염산염/[M040353]아세트아미노펜,[D000147]Acetaminophen(아세트아미노펜),복합,20190522,소아에서 생명에 치명적인 호흡 억제 및 사망 발생,,특정연령대금기
20260219,연한 황색의 장방형 필름코팅정제,01140,해열.진통.소염제,(주)이든파마,전문의약품,필름코팅정,D000773,Tramadol Hydrochloride,Tramadol Hydrochloride(트라마돌염산염),트라마돌염산염,아세돌세미정,20141016,201404759,[M222893]트라마돌염산염/[M040353]아세트아미노펜,[D000147]Acetaminophen(아세트아미노펜),복합,20190522,소아에서 생명에 치명적인 호흡 억제 및 사망 발생,,특정연령대금기
20260219,연한 황색의 장방형 필름코팅정제,01140,해열.진통.소염제,(주)이든파마,전문의약품,필름코팅정,D000773,Tramadol Hydrochloride,Tramadol Hydrochloride(트라마돌염산염),트라마돌염산염,아세돌정,20141018,201404784,[M222893]트라마돌염산염/[M040353]아세트아미노펜,[D000147]Acetaminophen(아세트아미노펜),복합,20190522,소아에서 생명에 치명적인 호흡 억제 및 사망 발생,,특정연령대금기
20260219,연한 노란색의 장방형 필름코팅정,01140,해열.진통.소염제,(주)킵스바이오파마,전문의약품,필름코팅정,D000773,Tramadol Hydrochloride,Tramadol Hydrochloride(트라마돌염산염),트라마돌염산염,트라임세미정,20141024,201404905,[M040353]아세트아미노펜/[M222893]트라마돌염산염,[D000147]Acetaminophen(아세트아미노펜),복합,20190522,소아에서 생명에 치명적인 호흡 억제 및 사망 발생,,특정연령대금기
20260219,연한 황색의 장방형 필름코팅정제,01140,해열.진통.소염제,(주)마더스제약,전문의약품,필름코팅정,D000773,Tramadol Hydrochloride,Tramadol Hydrochloride(트라마돌염산염),트라마돌염산염,트라플엠세미정,20141119,201405383,[M222893]트라마돌염산염/[M040353]아세트아미노펜,[D000147]Acetaminophen(아세트아미노펜),복합,20190522,소아에서 생명에 치명적인 호흡 억제 및 사망 발생,,특정연령대금기
20260219,황색의 장방형 필름코팅서방정,01140,해열.진통.소염제,한림제약(주),전문의약품,서방성필름코팅정,D000773,Tramadol Hydrochloride,Tramadol Hydrochloride(트라마돌염산염),트라마돌염산염,"엔시트라서방정(트라마돌염산염, 아세트아미노펜)",20150130,201500497,[M040353]아세트아미노펜/[M040353]아세트아미노펜/[M222893]트라마돌염산염,[D000147]Acetaminophen(아세트아미노펜),복합,20190522,소아에서 생명에 치명적인 호흡 억제 및 사망 발생,,특정연령대금기
20260219,연한 황색의 장방형 필름코팅정제,01140,해열.진통.소염제,대웅바이오(주),전문의약품,필름코팅정,D000773,Tramadol Hydrochloride,Tramadol Hydrochloride(트라마돌염산염),트라마돌염산염,베아셋세미정,20150325,201501581,[M222893]트라마돌염산염/[M040353]아세트아미노펜,[D000147]Acetaminophen(아세트아미노펜),복합,20190522,소아에서 생명에 치명적인 호흡 억제 및 사망 발생,,특정연령대금기
20260219,연한 노란색의 장방형 서방성 필름코팅정,01140,해열.진통.소염제,주식회사제뉴원사이언스,전문의약품,서방성필름코팅정,D000773,Tramadol Hydrochloride,Tramadol Hydrochloride(트라마돌염산염),트라마돌염산염,페인리스서방정,20150330,201501690,[M040353]아세트아미노펜/[M040353]아세트아미노펜/[M222893]트라마돌염산염,[D000147]Acetaminophen(아세트아미노펜),복합,20190522,소아에서 생명에 치명적인 호흡 억제 및 사망 발생,,특정연령대금기
20260219,연한 노란색의 장방형 서방성 필름코팅정,01140,해열.진통.소염제,(주)서울제약,전문의약품,서방성필름코팅정,D000773,Tramadol Hydrochloride,Tramadol Hydrochloride(트라마돌염산염),트라마돌염산염,트로셋서방정,20150417,201502351,[M040353]아세트아미노펜/[M040353]아세트아미노펜/[M222893]트라마돌염산염,[D000147]Acetaminophen(아세트아미노펜),복합,20190522,소아에서 생명에 치명적인 호흡 억제 및 사망 발생,,특정연령대금기
20260219,연한 노란색의 장방형 서방성 필름코팅정,01140,해열.진통.소염제,한국휴텍스제약(주),전문의약품,서방성필름코팅정,D000773,Tramadol Hydrochloride,Tramadol Hydrochloride(트라마돌염산염),트라마돌염산염,에이셋서방정,20150417,201502352,[M040353]아세트아미노펜/[M040353]아세트아미노펜/[M222893]트라마돌염산염,[D000147]Acetaminophen(아세트아미노펜),복합,20190522,소아에서 생명에 치명적인 호흡 억제 및 사망 발생,,특정연령대금기
20260219,연한 노란색의 장방형 서방성 필름코팅정,01140,해열.진통.소염제,동아에스티(주),전문의약품,서방성필름코팅정,D000773,Tramadol Hydrochloride,Tramadol Hydrochloride(트라마돌염산염),트라마돌염산염,파라마셋이알서방정,20150430,201502631,[M040353]아세트아미노펜/[M040353]아세트아미노펜/[M222893]트라마돌염산염,[D000147]Acetaminophen(아세트아미노펜),복합,20190522,소아에서 생명에 치명적인 호흡 억제 및 사망 발생,,특정연령대금기
20260219,연한 노란색의 장방형 서방성 필름코팅정,01140,해열.진통.소염제,동광제약(주),전문의약품,서방성필름코팅정,D000773,Tramadol Hydrochloride,Tramadol Hydrochloride(트라마돌염산염),트라마돌염산염,타라셋서방정,20150430,201502641,[M040353]아세트아미노펜/[M040353]아세트아미노펜/[M222893]트라마돌염산염,[D000147]Acetaminophen(아세트아미노펜),복합,20190522,소아에서 생명에 치명적인 호흡 억제 및 사망 발생,,특정연령대금기
20260219,연한 황색의 장방형 필름코팅정제,01140,해열.진통.소염제,(주)에이프로젠바이오로직스,전문의약품,필름코팅정,D000773,Tramadol Hydrochloride,Tramadol Hydrochloride(트라마돌염산염),트라마돌염산염,웰트라세미정,20150430,201502713,[M222893]트라마돌염산염/[M040353]아세트아미노펜,[D000147]Acetaminophen(아세트아미노펜),복합,20190522,소아에서 생명에 치명적인 호흡 억제 및 사망 발생,,특정연령대금기
20260219,연한 황색의 장방형 필름코팅정제,01140,해열.진통.소염제,(주)휴온스메디텍,전문의약품,필름코팅정,D000773,Tramadol Hydrochloride,Tramadol Hydrochloride(트라마돌염산염),트라마돌염산염,휴니즈트라셋정,20150514,201502928,[M040353]아세트아미노펜/[M255410]트라마돌염산염,[D000147]Acetaminophen(아세트아미노펜),복합,20190522,소아에서 생명에 치명적인 호흡 억제 및 사망 발생,,특정연령대금기
20251110,연한 황색의 장방형 필름코팅정제,01140,해열.진통.소염제,경진제약(주),전문의약품,필름코팅정,D000773,Tramadol Hydrochloride,Tramadol Hydrochloride(트라마돌염산염),트라마돌염산염,써토몬정(수출용),20150515,201502951,[M222893]트라마돌염산염/[M040353]아세트아미노펜,[D000147]Acetaminophen(아세트아미노펜),복합,20190522,소아에서 생명에 치명적인 호흡 억제 및 사망 발생,,특정연령대금기
20260219,연한 황색의 장방형 필름코팅정제,01140,해열.진통.소염제,에스피씨(주),전문의약품,필름코팅정,D000773,Tramadol Hydrochloride,Tramadol Hydrochloride(트라마돌염산염),트라마돌염산염,울트라핀정,20150527,201503181,[M040353]아세트아미노펜/[M222893]트라마돌염산염,[D000147]Acetaminophen(아세트아미노펜),복합,20190522,소아에서 생명에 치명적인 호흡 억제 및 사망 발생,,특정연령대금기
20260219,연한 황색의 장방형 필름코팅정제,01140,해열.진통.소염제,에스피씨(주),전문의약품,필름코팅정,D000773,Tramadol Hydrochloride,Tramadol Hydrochloride(트라마돌염산염),트라마돌염산염,울트라핀세미정,20150527,201503182,[M040353]아세트아미노펜/[M222893]트라마돌염산염,[D000147]Acetaminophen(아세트아미노펜),복합,20190522,소아에서 생명에 치명적인 호흡 억제 및 사망 발생,,특정연령대금기
20260219,미황색 ~ 황색의 장방형 필름코팅정제,01140,해열.진통.소염제,(주)오스코리아제약,전문의약품,필름코팅정,D000773,Tramadol Hydrochloride,Tramadol Hydrochloride(트라마돌염산염),트라마돌염산염,아세타돌정,20150710,201504763,[M040353]아세트아미노펜/[M255410]트라마돌염산염,[D000147]Acetaminophen(아세트아미노펜),복합,20190522,소아에서 생명에 치명적인 호흡 억제 및 사망 발생,,특정연령대금기
20260219,연한 노란색의 장방형 서방성 필름코팅정,01140,해열.진통.소염제,이연제약(주),전문의약품,서방성필름코팅정,D000773,Tramadol Hydrochloride,Tramadol Hydrochloride(트라마돌염산염),트라마돌염산염,"트라콤이알서방정(트라마돌염산염, 아세트아미노펜)",20150721,201504978,[M040353]아세트아미노펜/[M040353]아세트아미노펜/[M222893]트라마돌염산염,[D000147]Acetaminophen(아세트아미노펜),복합,20190522,소아에서 생명에 치명적인 호흡 억제 및 사망 발생,,특정연령대금기
20260219,연한 황색의 장방형 필름코팅정제,01140,해열.진통.소염제,이연제약(주),전문의약품,필름코팅정,D000773,Tramadol Hydrochloride,Tramadol Hydrochloride(트라마돌염산염),트라마돌염산염,"트라콤세미정(트라마돌염산염, 아세트아미노펜)",20150727,201505094,[M222893]트라마돌염산염/[M040353]아세트아미노펜,[D000147]Acetaminophen(아세트아미노펜),복합,20190522,소아에서 생명에 치명적인 호흡 억제 및 사망 발생,,특정연령대금기
20260219,연한 노란색의 장방형 서방성 필름코팅정,01140,해열.진통.소염제,제이더블유신약(주),전문의약품,서방성필름코팅정,D000773,Tramadol Hydrochloride,Tramadol Hydrochloride(트라마돌염산염),트라마돌염산염,트라마셋서방정,20150730,201505164,[M040353]아세트아미노펜/[M040353]아세트아미노펜/[M222893]트라마돌염산염,[D000147]Acetaminophen(아세트아미노펜),복합,20190522,소아에서 생명에 치명적인 호흡 억제 및 사망 발생,,특정연령대금기
20260219,연한 노란색의 원형 서방성 필름코팅정,01140,해열.진통.소염제,주식회사제뉴원사이언스,전문의약품,서방성필름코팅정,D000773,Tramadol Hydrochloride,Tramadol Hydrochloride(트라마돌염산염),트라마돌염산염,페인리스세미서방정,20150824,201505904,[M040353]아세트아미노펜/[M040353]아세트아미노펜/[M222893]트라마돌염산염,[D000147]Acetaminophen(아세트아미노펜),복합,20190522,소아에서 생명에 치명적인 호흡 억제 및 사망 발생,,특정연령대금기
20260219,연한 노란색의 원형 서방성 필름코팅정,01140,해열.진통.소염제,(주)서울제약,전문의약품,서방성필름코팅정,D000773,Tramadol Hydrochloride,Tramadol Hydrochloride(트라마돌염산염),트라마돌염산염,트로셋세미서방정,20150909,201506478,[M040353]아세트아미노펜/[M040353]아세트아미노펜/[M222893]트라마돌염산염,[D000147]Acetaminophen(아세트아미노펜),복합,20190522,소아에서 생명에 치명적인 호흡 억제 및 사망 발생,,특정연령대금기
20260219,연한 황색의 원형 필름코팅서방정,01140,해열.진통.소염제,동광제약(주),전문의약품,서방성필름코팅정,D000773,Tramadol Hydrochloride,Tramadol Hydrochloride(트라마돌염산염),트라마돌염산염,타라셋세미서방정,20150909,201506479,[M040353]아세트아미노펜/[M222893]트라마돌염산염/[M040353]아세트아미노펜,[D000147]Acetaminophen(아세트아미노펜),복합,20190522,소아에서 생명에 치명적인 호흡 억제 및 사망 발생,,특정연령대금기
20260219,연한 노란색의 원형 서방성 필름코팅정,01140,해열.진통.소염제,한국휴텍스제약(주),전문의약품,서방성필름코팅정,D000773,Tramadol Hydrochloride,Tramadol Hydrochloride(트라마돌염산염),트라마돌염산염,에이셋세미서방정,20150909,201506480,[M040353]아세트아미노펜/[M040353]아세트아미노펜/[M222893]트라마돌염산염,[D000147]Acetaminophen(아세트아미노펜),복합,20190522,소아에서 생명에 치명적인 호흡 억제 및 사망 발생,,특정연령대금기
20260219,연한 노란색의 원형 서방성 필름코팅정,01140,해열.진통.소염제,동아에스티(주),전문의약품,서방성필름코팅정,D000773,Tramadol Hydrochloride,Tramadol Hydrochloride(트라마돌염산염),트라마돌염산염,파라마셋이알세미서방정,20150909,201506481,[M040353]아세트아미노펜/[M040353]아세트아미노펜/[M222893]트라마돌염산염,[D000147]Acetaminophen(아세트아미노펜),복합,20190522,소아에서 생명에 치명적인 호흡 억제 및 사망 발생,,특정연령대금기
20260219,연한 노란색의 원형 서방성 필름코팅정,01140,해열.진통.소염제,(주)중헌제약,전문의약품,서방성필름코팅정,D000773,Tramadol Hydrochloride,Tramadol Hydrochloride(트라마돌염산염),트라마돌염산염,듀얼셋세미서방정,20150917,201506597,[M040353]아세트아미노펜/[M040353]아세트아미노펜/[M222893]트라마돌염산염,[D000147]Acetaminophen(아세트아미노펜),복합,20190522,소아에서 생명에 치명적인 호흡 억제 및 사망 발생,,특정연령대금기
20260219,연한 노란색의 원형 서방성 필름코팅정,01140,해열.진통.소염제,제이더블유신약(주),전문의약품,서방성필름코팅정,D000773,Tramadol Hydrochloride,Tramadol Hydrochloride(트라마돌염산염),트라마돌염산염,트라마셋세미서방정,20150917,201506598,[M040353]아세트아미노펜/[M040353]아세트아미노펜/[M222893]트라마돌염산염,[D000147]Acetaminophen(아세트아미노펜),복합,20190522,소아에서 생명에 치명적인 호흡 억제 및 사망 발생,,특정연령대금기
20260219,연한 노란색의 장방형 서방성 필름코팅정,01140,해열.진통.소염제,대한뉴팜(주),전문의약품,서방성필름코팅정,D000773,Tramadol Hydrochloride,Tramadol Hydrochloride(트라마돌염산염),트라마돌염산염,무파인서방정,20150924,201506781,[M040353]아세트아미노펜/[M040353]아세트아미노펜/[M222893]트라마돌염산염,[D000147]Acetaminophen(아세트아미노펜),복합,20190522,소아에서 생명에 치명적인 호흡 억제 및 사망 발생,,특정연령대금기
20260219,연한 노란색의 원형 서방성 필름코팅정,01140,해열.진통.소염제,대한뉴팜(주),전문의약품,서방성필름코팅정,D000773,Tramadol Hydrochloride,Tramadol Hydrochloride(트라마돌염산염),트라마돌염산염,무파인세미서방정,20150924,201506782,[M040353]아세트아미노펜/[M040353]아세트아미노펜/[M222893]트라마돌염산염,[D000147]Acetaminophen(아세트아미노펜),복합,20190522,소아에서 생명에 치명적인 호흡 억제 및 사망 발생,,특정연령대금기
20200903,제 1법 : 바닐라의 향과 감미 및 약간의 점성이 있는 옅은 갈색의 액제 제 2법 : 청포도의 향과 감미 및 약간의 점성이 있는 옅은 갈색의 액제,02310,치과구강용약,태극제약(주),일반의약품,일반액상분무제,D001733,Povidone Iodine,Povidone Iodine(포비돈요오드),포비돈요오드,"1.포리비돈인후스프레이(포비돈요오드)(바닐라향), 2.포리비돈인후스프레이(포비돈요오드)(청포도향)",20151014,201507140,[M244708]포비돈요오드/[M244708]포비돈요오드,,단일,20251223,,"구강용 액제, 구강용 스프레이제",특정연령대금기
20260219,연한 황색의 장방형 필름코팅정,01140,해열.진통.소염제,조아제약(주),전문의약품,필름코팅정,D000773,Tramadol Hydrochloride,Tramadol Hydrochloride(트라마돌염산염),트라마돌염산염,젠트라셋세미정,20151023,201507360,[M040353]아세트아미노펜/[M222893]트라마돌염산염,[D000147]Acetaminophen(아세트아미노펜),복합,20190522,소아에서 생명에 치명적인 호흡 억제 및 사망 발생,,특정연령대금기
20260219,연한 노란색의 장방형 서방성 필름코팅정,01140,해열.진통.소염제,아주약품(주),전문의약품,서방성필름코팅정,D000773,Tramadol Hydrochloride,Tramadol Hydrochloride(트라마돌염산염),트라마돌염산염,아마돌ER서방정,20151029,201507458,[M040353]아세트아미노펜/[M040353]아세트아미노펜/[M222893]트라마돌염산염,[D000147]Acetaminophen(아세트아미노펜),복합,20190522,소아에서 생명에 치명적인 호흡 억제 및 사망 발생,,특정연령대금기
20260219,연한 황색의 장방형 필름코팅정,01140,해열.진통.소염제,(주)씨티씨바이오,전문의약품,필름코팅정,D000773,Tramadol Hydrochloride,Tramadol Hydrochloride(트라마돌염산염),트라마돌염산염,트라비트정,20151125,201507887,[M222893]트라마돌염산염/[M040353]아세트아미노펜,[D000147]Acetaminophen(아세트아미노펜),복합,20190522,소아에서 생명에 치명적인 호흡 억제 및 사망 발생,,특정연령대금기
20260219,연한 황색의 장방형 필름코팅정,01140,해열.진통.소염제,(주)씨티씨바이오,전문의약품,필름코팅정,D000773,Tramadol Hydrochloride,Tramadol Hydrochloride(트라마돌염산염),트라마돌염산염,트라비트세미정,20151125,201507888,[M222893]트라마돌염산염/[M040353]아세트아미노펜,[D000147]Acetaminophen(아세트아미노펜),복합,20190522,소아에서 생명에 치명적인 호흡 억제 및 사망 발생,,특정연령대금기
20260219,연한 황색의 장방형 필름코팅제,01140,해열.진통.소염제,(주)씨엘팜,전문의약품,필름코팅정,D000773,Tramadol Hydrochloride,Tramadol Hydrochloride(트라마돌염산염),트라마돌염산염,씨엘트라정,20160125,201600427,[M222893]트라마돌염산염/[M040353]아세트아미노펜,[D000147]Acetaminophen(아세트아미노펜),복합,20190522,소아에서 생명에 치명적인 호흡 억제 및 사망 발생,,특정연령대금기
20260219,연한 황색의 장방형 필름코팅정,01140,해열.진통.소염제,(주)씨엘팜,전문의약품,필름코팅정,D000773,Tramadol Hydrochloride,Tramadol Hydrochloride(트라마돌염산염),트라마돌염산염,씨엘트라세미정,20160125,201600428,[M222893]트라마돌염산염/[M040353]아세트아미노펜,[D000147]Acetaminophen(아세트아미노펜),복합,20190522,소아에서 생명에 치명적인 호흡 억제 및 사망 발생,,특정연령대금기
20260219,연한 노란색의 장방형 필름코팅정제,01140,해열.진통.소염제,(주)휴비스트제약,전문의약품,필름코팅정,D000773,Tramadol Hydrochloride,Tramadol Hydrochloride(트라마돌염산염),트라마돌염산염,파인미세미정,20160218,201600933,[M255410]트라마돌염산염/[M040353]아세트아미노펜,[D000147]Acetaminophen(아세트아미노펜),복합,20190522,소아에서 생명에 치명적인 호흡 억제 및 사망 발생,,특정연령대금기
20260219,연한 노란색의 장방형 필름코팅정,01140,해열.진통.소염제,아이큐어(주),전문의약품,필름코팅정,D000773,Tramadol Hydrochloride,Tramadol Hydrochloride(트라마돌염산염),트라마돌염산염,울파워셋정,20160315,201601504,[M040353]아세트아미노펜/[M255410]트라마돌염산염,[D000147]Acetaminophen(아세트아미노펜),복합,20190522,소아에서 생명에 치명적인 호흡 억제 및 사망 발생,,특정연령대금기
20260219,연한 노란색의 장방형 필름코팅정,01140,해열.진통.소염제,아이큐어(주),전문의약품,필름코팅정,D000773,Tramadol Hydrochloride,Tramadol Hydrochloride(트라마돌염산염),트라마돌염산염,울파워셋세미정,20160315,201601505,[M040353]아세트아미노펜/[M255410]트라마돌염산염,[D000147]Acetaminophen(아세트아미노펜),복합,20190522,소아에서 생명에 치명적인 호흡 억제 및 사망 발생,,특정연령대금기
20260219,[내수용] 황색의 원형 필름코팅 서방정제[수출용] 황색의 장방형 필름코팅 서방정제,01140,해열.진통.소염제,한림제약(주),전문의약품,서방성필름코팅정,D000773,Tramadol Hydrochloride,Tramadol Hydrochloride(트라마돌염산염),트라마돌염산염,"엔시트라세미서방정(트라마돌염산염, 아세트아미노펜)",20160315,201601516,[M040353]아세트아미노펜/[M040353]아세트아미노펜/[M222893]트라마돌염산염/[M040353]아세트아미노펜/[M040353]아세트아미노펜/[M222893]트라마돌염산염,[D000147]Acetaminophen(아세트아미노펜),복합,20190522,소아에서 생명에 치명적인 호흡 억제 및 사망 발생,,특정연령대금기
20260219,연한 황색의 장방형 필름코팅정,01140,해열.진통.소염제,한국코러스(주),전문의약품,필름코팅정,D000773,Tramadol Hydrochloride,Tramadol Hydrochloride(트라마돌염산염),트라마돌염산염,라노펜세미정,20160517,201602709,[M222893]트라마돌염산염/[M040353]아세트아미노펜,[D000147]Acetaminophen(아세트아미노펜),복합,20190522,소아에서 생명에 치명적인 호흡 억제 및 사망 발생,,특정연령대금기
20210212,흰색의 원형 필름코팅정,01410,항히스타민제,태극제약(주),일반의약품,필름코팅정,D000647,Cetirizine Hydrochloride,Cetirizine Hydrochloride(세티리진염산염),세티리진염산염,알러비정(세티리진염산염),20160517,201602714,[M222857]세티리진염산염,,단일,20140109,안전성 및 유효성 미확립,,특정연령대금기
20260219,연한 황색의 장방형 필름코팅정제,01140,해열.진통.소염제,케이엠에스제약(주),전문의약품,필름코팅정,D000773,Tramadol Hydrochloride,Tramadol Hydrochloride(트라마돌염산염),트라마돌염산염,울트란세미정,20160607,201603234,[M222893]트라마돌염산염/[M040353]아세트아미노펜,[D000147]Acetaminophen(아세트아미노펜),복합,20190522,소아에서 생명에 치명적인 호흡 억제 및 사망 발생,,특정연령대금기
20260219,연한 황색의 장방형 필름코팅정제,01140,해열.진통.소염제,(주)휴온스메디텍,전문의약품,필름코팅정,D000773,Tramadol Hydrochloride,Tramadol Hydrochloride(트라마돌염산염),트라마돌염산염,트라셋세미정,20160627,201603985,[M040353]아세트아미노펜/[M222893]트라마돌염산염,[D000147]Acetaminophen(아세트아미노펜),복합,20190522,소아에서 생명에 치명적인 호흡 억제 및 사망 발생,,특정연령대금기
20260219,연한 황색의 장방형 필름코팅정,01140,해열.진통.소염제,안국뉴팜(주),전문의약품,필름코팅정,D000773,Tramadol Hydrochloride,Tramadol Hydrochloride(트라마돌염산염),트라마돌염산염,뉴트라정,20160627,201603986,[M040353]아세트아미노펜/[M222893]트라마돌염산염,[D000147]Acetaminophen(아세트아미노펜),복합,20190522,소아에서 생명에 치명적인 호흡 억제 및 사망 발생,,특정연령대금기
20260219,연한 노란색의 원형 서방성 필름코팅정,01140,해열.진통.소염제,영풍제약(주),전문의약품,서방성필름코팅정,D000773,Tramadol Hydrochloride,Tramadol Hydrochloride(트라마돌염산염),트라마돌염산염,울트펜세미서방정,20160628,201604034,[M040353]아세트아미노펜/[M040353]아세트아미노펜/[M222893]트라마돌염산염,[D000147]Acetaminophen(아세트아미노펜),복합,20190522,소아에서 생명에 치명적인 호흡 억제 및 사망 발생,,특정연령대금기
20260219,연한 노란색의 원형 서방성 필름코팅정,01140,해열.진통.소염제,환인제약(주),전문의약품,필름코팅정,D000773,Tramadol Hydrochloride,Tramadol Hydrochloride(트라마돌염산염),트라마돌염산염,하이콘티세미서방정,20170427,201702153,[M040353]아세트아미노펜/[M040353]아세트아미노펜/[M222893]트라마돌염산염,[D000147]Acetaminophen(아세트아미노펜),복합,20190522,소아에서 생명에 치명적인 호흡 억제 및 사망 발생,,특정연령대금기
20260219,연한 노란색의 장방형 서방성 필름코팅정,01140,해열.진통.소염제,환인제약(주),전문의약품,필름코팅정,D000773,Tramadol Hydrochloride,Tramadol Hydrochloride(트라마돌염산염),트라마돌염산염,하이콘티서방정,20170427,201702154,[M040353]아세트아미노펜/[M040353]아세트아미노펜/[M222893]트라마돌염산염,[D000147]Acetaminophen(아세트아미노펜),복합,20190522,소아에서 생명에 치명적인 호흡 억제 및 사망 발생,,특정연령대금기
20260219,연한 노란색의 원형 서방성 필름코팅정,01140,해열.진통.소염제,일성아이에스(주),전문의약품,서방성필름코팅정,D000773,Tramadol Hydrochloride,Tramadol Hydrochloride(트라마돌염산염),트라마돌염산염,마도펜세미서방정,20170731,201706399,[M040353]아세트아미노펜/[M040353]아세트아미노펜/[M255410]트라마돌염산염,[D000147]Acetaminophen(아세트아미노펜),복합,20190522,소아에서 생명에 치명적인 호흡 억제 및 사망 발생,,특정연령대금기
20260219,연한 황색의 장방형 필름코팅정제,01140,해열.진통.소염제,(주)인트로바이오파마,전문의약품,필름코팅정,D000773,Tramadol Hydrochloride,Tramadol Hydrochloride(트라마돌염산염),트라마돌염산염,엘트라셋정,20170814,201706581,[M040353]아세트아미노펜/[M255410]트라마돌염산염,[D000147]Acetaminophen(아세트아미노펜),복합,20190522,소아에서 생명에 치명적인 호흡 억제 및 사망 발생,,특정연령대금기
20260219,연한 황색의 장방형 필름코팅정제,01140,해열.진통.소염제,(주)인트로바이오파마,전문의약품,필름코팅정,D000773,Tramadol Hydrochloride,Tramadol Hydrochloride(트라마돌염산염),트라마돌염산염,엘트라셋세미정,20170814,201706582,[M040353]아세트아미노펜/[M255410]트라마돌염산염,[D000147]Acetaminophen(아세트아미노펜),복합,20190522,소아에서 생명에 치명적인 호흡 억제 및 사망 발생,,특정연령대금기
20260219,연한 황색의 장방형 필름코팅정제,01140,해열.진통.소염제,한국넬슨제약(주),전문의약품,필름코팅정,D000773,Tramadol Hydrochloride,Tramadol Hydrochloride(트라마돌염산염),트라마돌염산염,"아펜트라세미정(트라마돌염산염, 아세트아미노펜)",20171031,201707662,[M255410]트라마돌염산염/[M040353]아세트아미노펜,[D000147]Acetaminophen(아세트아미노펜),복합,20190522,소아에서 생명에 치명적인 호흡 억제 및 사망 발생,,특정연령대금기
20260219,연한 황색의 장방형 필름코팅정제,01140,해열.진통.소염제,코스맥스파마(주),전문의약품,필름코팅정,D000773,Tramadol Hydrochloride,Tramadol Hydrochloride(트라마돌염산염),트라마돌염산염,티에이정,20171031,201707663,[M255410]트라마돌염산염/[M040353]아세트아미노펜,[D000147]Acetaminophen(아세트아미노펜),복합,20190522,소아에서 생명에 치명적인 호흡 억제 및 사망 발생,,특정연령대금기
20260219,연한 황색의 장방형 필름코팅정제,01140,해열.진통.소염제,(주)다산제약,전문의약품,필름코팅정,D000773,Tramadol Hydrochloride,Tramadol Hydrochloride(트라마돌염산염),트라마돌염산염,굿트라셋정,20180123,201800309,[M255410]트라마돌염산염/[M040353]아세트아미노펜,[D000147]Acetaminophen(아세트아미노펜),복합,20190522,소아에서 생명에 치명적인 호흡 억제 및 사망 발생,,특정연령대금기
20260219,연한 황색의 장방형 필름코팅정제,01140,해열.진통.소염제,(주)동구바이오제약,전문의약품,필름코팅정,D000773,Tramadol Hydrochloride,Tramadol Hydrochloride(트라마돌염산염),트라마돌염산염,지무라돌세미정,20180213,201800810,[M255410]트라마돌염산염/[M040353]아세트아미노펜,[D000147]Acetaminophen(아세트아미노펜),복합,20190522,소아에서 생명에 치명적인 호흡 억제 및 사망 발생,,특정연령대금기
20210212,무색 내지 연보라색의 내용물이 든 보라색의 투명한 타원형 연질캡슐,01410,항히스타민제,동화약품(주),일반의약품,"연질캡슐제, 액상",D000647,Cetirizine Hydrochloride,Cetirizine Hydrochloride(세티리진염산염),세티리진염산염,플로리진연질캡슐(세티리진염산염),20180329,201801393,[M222857]세티리진염산염,,단일,20140109,안전성 및 유효성 미확립,,특정연령대금기
20210104,황갈색의 유상 내용물을 함유한 암적색의 장방형 연질캡슐,03910,간장질환용제,부광약품(주),일반의약품,"연질캡슐제, 현탁상",D001518,Milk-Thistle Fruit Dried Extract,Milk-Thistle Fruit Dried Extract(밀크시슬열매 건조엑스),밀크시슬열매 건조엑스,레가리버350연질캡슐(밀크시슬열매건조엑스),20180330,201801423,[M272736]밀크시슬열매 건조엑스,,단일,20201228,,,특정연령대금기
20210212,흰색의 장방형 필름코팅정제,01410,항히스타민제,(주)다산제약,일반의약품,필름코팅정,D000647,Cetirizine Hydrochloride,Cetirizine Hydrochloride(세티리진염산염),세티리진염산염,세지날정(세티리진염산염),20180611,201802416,[M222857]세티리진염산염,,단일,20140109,안전성 및 유효성 미확립,,특정연령대금기
20210212,미황색 투명한 액상 내용물이 든 보라색 타원형 연질캡슐,01410,항히스타민제,(주)마더스제약,일반의약품,"연질캡슐제, 액상",D000647,Cetirizine Hydrochloride,Cetirizine Hydrochloride(세티리진염산염),세티리진염산염,아르쿨연질캡슐(세티리진염산염),20180621,201802601,[M222857]세티리진염산염,,단일,20140109,안전성 및 유효성 미확립,,특정연령대금기
20210212,무색 내지 연보라색의 내용물이 든 보라색의 투명한 타원형 연질캡슐,01410,항히스타민제,제일헬스사이언스(주),일반의약품,"연질캡슐제, 액상",D000647,Cetirizine Hydrochloride,Cetirizine Hydrochloride(세티리진염산염),세티리진염산염,제일알지싹세티연질캡슐(세티리진염산염),20180808,201803236,[M222857]세티리진염산염,,단일,20140109,안전성 및 유효성 미확립,,특정연령대금기
20260219,연한 노란색의 장방형 필름코팅정제,01140,해열.진통.소염제,에이치엘비제약(주),전문의약품,필름코팅정,D000773,Tramadol Hydrochloride,Tramadol Hydrochloride(트라마돌염산염),트라마돌염산염,"마이티셋세미정(트라마돌염산염, 아세트아미노펜)",20180813,201803289,[M255410]트라마돌염산염/[M040353]아세트아미노펜,[D000147]Acetaminophen(아세트아미노펜),복합,20190522,소아에서 생명에 치명적인 호흡 억제 및 사망 발생,,특정연령대금기
20260219,연한 황색의 장방형 필름코팅정제,01140,해열.진통.소염제,지엘파마(주),전문의약품,필름코팅정,D000773,Tramadol Hydrochloride,Tramadol Hydrochloride(트라마돌염산염),트라마돌염산염,"크라셋세미정(트라마돌,아세트아미노펜)",20180907,201803636,[M040353]아세트아미노펜/[M255410]트라마돌염산염,[D000147]Acetaminophen(아세트아미노펜),복합,20190522,소아에서 생명에 치명적인 호흡 억제 및 사망 발생,,특정연령대금기
20260219,연한 황색의 장방형 필름코팅정제,01140,해열.진통.소염제,엔비케이제약(주),전문의약품,필름코팅정,D000773,Tramadol Hydrochloride,Tramadol Hydrochloride(트라마돌염산염),트라마돌염산염,원트라셋정,20181115,201804528,[M255410]트라마돌염산염/[M040353]아세트아미노펜,[D000147]Acetaminophen(아세트아미노펜),복합,20190522,소아에서 생명에 치명적인 호흡 억제 및 사망 발생,,특정연령대금기
20260219,연한 황색의 장방형 필름코팅정제,01140,해열.진통.소염제,엔비케이제약(주),전문의약품,필름코팅정,D000773,Tramadol Hydrochloride,Tramadol Hydrochloride(트라마돌염산염),트라마돌염산염,원트라셋세미정,20181115,201804529,[M255410]트라마돌염산염/[M040353]아세트아미노펜,[D000147]Acetaminophen(아세트아미노펜),복합,20190522,소아에서 생명에 치명적인 호흡 억제 및 사망 발생,,특정연령대금기
20260219,연한 황색의 장방형 필름코팅정제,01140,해열.진통.소염제,일성아이에스(주),전문의약품,필름코팅정,D000773,Tramadol Hydrochloride,Tramadol Hydrochloride(트라마돌염산염),트라마돌염산염,마도펜세미정,20181219,201805171,[M040353]아세트아미노펜/[M255410]트라마돌염산염,[D000147]Acetaminophen(아세트아미노펜),복합,20190522,소아에서 생명에 치명적인 호흡 억제 및 사망 발생,,특정연령대금기
20260219,연한 노란색의 원형 서방성 필름코팅정,01140,해열.진통.소염제,동국제약(주),전문의약품,서방성필름코팅정,D000773,Tramadol Hydrochloride,Tramadol Hydrochloride(트라마돌염산염),트라마돌염산염,엘리펜세미서방정,20190215,201900956,[M040353]아세트아미노펜/[M255410]트라마돌염산염/[M040353]아세트아미노펜,[D000147]Acetaminophen(아세트아미노펜),복합,20190522,소아에서 생명에 치명적인 호흡 억제 및 사망 발생,,특정연령대금기
20260219,연한 노란색의 장방형 서방성 필름코팅정,01140,해열.진통.소염제,동국제약(주),전문의약품,서방성필름코팅정,D000773,Tramadol Hydrochloride,Tramadol Hydrochloride(트라마돌염산염),트라마돌염산염,엘리펜서방정,20190215,201900957,[M040353]아세트아미노펜/[M255410]트라마돌염산염/[M040353]아세트아미노펜,[D000147]Acetaminophen(아세트아미노펜),복합,20190522,소아에서 생명에 치명적인 호흡 억제 및 사망 발생,,특정연령대금기
20260219,연한 노란색의 원형 서방성 필름코팅정,01140,해열.진통.소염제,안국약품(주),전문의약품,서방성필름코팅정,D000773,Tramadol Hydrochloride,Tramadol Hydrochloride(트라마돌염산염),트라마돌염산염,"슈프라펜세미서방정(트라마돌, 아세트아미노펜)",20190219,201900995,[M040353]아세트아미노펜/[M040353]아세트아미노펜/[M255410]트라마돌염산염,[D000147]Acetaminophen(아세트아미노펜),복합,20190522,소아에서 생명에 치명적인 호흡 억제 및 사망 발생,,특정연령대금기
20260219,연한 노란색의 장방형 서방성 필름코팅정,01140,해열.진통.소염제,안국약품(주),전문의약품,서방성필름코팅정,D000773,Tramadol Hydrochloride,Tramadol Hydrochloride(트라마돌염산염),트라마돌염산염,"슈프라펜서방정(트라마돌, 아세트아미노펜)",20190219,201900996,[M040353]아세트아미노펜/[M040353]아세트아미노펜/[M255410]트라마돌염산염,[D000147]Acetaminophen(아세트아미노펜),복합,20190522,소아에서 생명에 치명적인 호흡 억제 및 사망 발생,,특정연령대금기
20260219,연한 노란색의 원형 서방성 필름코팅정,01140,해열.진통.소염제,풍림무약(주),전문의약품,서방성필름코팅정,D000773,Tramadol Hydrochloride,Tramadol Hydrochloride(트라마돌염산염),트라마돌염산염,아세트라셋세미서방정,20190219,201901007,[M040353]아세트아미노펜/[M040353]아세트아미노펜/[M255410]트라마돌염산염,[D000147]Acetaminophen(아세트아미노펜),복합,20190522,소아에서 생명에 치명적인 호흡 억제 및 사망 발생,,특정연령대금기
20210212,미황색 투명한 액상 내용물이 든 보라색 타원형 연질캡슐,01410,항히스타민제,일양바이오팜(주),일반의약품,"연질캡슐제, 액상",D000647,Cetirizine Hydrochloride,Cetirizine Hydrochloride(세티리진염산염),세티리진염산염,알러캡연질캡슐(세티리진염산염),20190307,201901388,[M222857]세티리진염산염,,단일,20140109,안전성 및 유효성 미확립,,특정연령대금기
20260219,연한 황색의 장방형 필름코팅 정제,01140,해열.진통.소염제,지엘파마(주),전문의약품,필름코팅정,D000773,Tramadol Hydrochloride,Tramadol Hydrochloride(트라마돌염산염),트라마돌염산염,"크라셋정(트라마돌,아세트아미노펜)",20190329,201901925,[M040353]아세트아미노펜/[M255410]트라마돌염산염,[D000147]Acetaminophen(아세트아미노펜),복합,20190522,소아에서 생명에 치명적인 호흡 억제 및 사망 발생,,특정연령대금기
20260219,연한 황색의 장방형 필름코팅 정제,01140,해열.진통.소염제,(주)제뉴파마,전문의약품,필름코팅정,D000773,Tramadol Hydrochloride,Tramadol Hydrochloride(트라마돌염산염),트라마돌염산염,듀오다인세미정,20190409,201902150,[M040353]아세트아미노펜/[M255410]트라마돌염산염,[D000147]Acetaminophen(아세트아미노펜),복합,20190522,소아에서 생명에 치명적인 호흡 억제 및 사망 발생,,특정연령대금기
20260219,연한 노랑색의 장방형 필름코팅정제,01140,해열.진통.소염제,(주)시어스제약,전문의약품,필름코팅정,D000773,Tramadol Hydrochloride,Tramadol Hydrochloride(트라마돌염산염),트라마돌염산염,울트라뉴정,20190412,201902260,[M040353]아세트아미노펜/[M255410]트라마돌염산염,[D000147]Acetaminophen(아세트아미노펜),복합,20190522,소아에서 생명에 치명적인 호흡 억제 및 사망 발생,,특정연령대금기
20260219,연한 노란색의 원형 서방성 필름코팅정,01140,해열.진통.소염제,(주)한국파비스제약,전문의약품,서방성필름코팅정,D000773,Tramadol Hydrochloride,Tramadol Hydrochloride(트라마돌염산염),트라마돌염산염,아트라쿨세미서방정,20190419,201902453,[M040353]아세트아미노펜/[M040353]아세트아미노펜/[M255410]트라마돌염산염,[D000147]Acetaminophen(아세트아미노펜),복합,20190522,소아에서 생명에 치명적인 호흡 억제 및 사망 발생,,특정연령대금기
20260219,연한 노란색의 장방형 서방성 필름코팅정,01140,해열.진통.소염제,(주)한국파비스제약,전문의약품,서방성필름코팅정,D000773,Tramadol Hydrochloride,Tramadol Hydrochloride(트라마돌염산염),트라마돌염산염,아트라쿨서방정,20190419,201902454,[M040353]아세트아미노펜/[M040353]아세트아미노펜/[M255410]트라마돌염산염,[D000147]Acetaminophen(아세트아미노펜),복합,20190522,소아에서 생명에 치명적인 호흡 억제 및 사망 발생,,특정연령대금기
20260219,연한 황색의 장방형 필름코팅정제,01140,해열.진통.소염제,(주)라이트팜텍,전문의약품,필름코팅정,D000773,Tramadol Hydrochloride,Tramadol Hydrochloride(트라마돌염산염),트라마돌염산염,제이아트셋정,20190424,201902554,[M255410]트라마돌염산염/[M040353]아세트아미노펜,[D000147]Acetaminophen(아세트아미노펜),복합,20190522,소아에서 생명에 치명적인 호흡 억제 및 사망 발생,,특정연령대금기
20260219,연한 황색의 장방형 필름코팅정제,01140,해열.진통.소염제,(주)라이트팜텍,전문의약품,필름코팅정,D000773,Tramadol Hydrochloride,Tramadol Hydrochloride(트라마돌염산염),트라마돌염산염,트라맥스세미정,20190425,201902624,[M255410]트라마돌염산염/[M040353]아세트아미노펜,[D000147]Acetaminophen(아세트아미노펜),복합,20190522,소아에서 생명에 치명적인 호흡 억제 및 사망 발생,,특정연령대금기
20260219,연한 황색의 장방형 필름코팅정제,01140,해열.진통.소염제,삼성제약(주),전문의약품,필름코팅정,D000773,Tramadol Hydrochloride,Tramadol Hydrochloride(트라마돌염산염),트라마돌염산염,스트롱셋세미정,20190521,201903286,[M255410]트라마돌염산염/[M040353]아세트아미노펜,[D000147]Acetaminophen(아세트아미노펜),복합,20190522,소아에서 생명에 치명적인 호흡 억제 및 사망 발생,,특정연령대금기
20210212,무색 내지 연보라색의 내용물이 든 보라색의 투명한 타원형 연질캡슐,01410,항히스타민제,동성제약(주),일반의약품,"연질캡슐제, 액상",D000647,Cetirizine Hydrochloride,Cetirizine Hydrochloride(세티리진염산염),세티리진염산염,알레르텍연질캡슐(세티리진염산염),20190523,201903366,[M222857]세티리진염산염,,단일,20140109,안전성 및 유효성 미확립,,특정연령대금기
20260219,연한 황색의 장방형 필름코팅정제,01140,해열.진통.소염제,(주)한국파비스제약,전문의약품,필름코팅정,D000773,Tramadol Hydrochloride,Tramadol Hydrochloride(트라마돌염산염),트라마돌염산염,아트라쿨세미정,20190527,201903417,[M255410]트라마돌염산염/[M040353]아세트아미노펜,[D000147]Acetaminophen(아세트아미노펜),복합,20190522,소아에서 생명에 치명적인 호흡 억제 및 사망 발생,,특정연령대금기
20260219,연한 황색의 장방형 필름코팅정제,01140,해열.진통.소염제,(주)한풍제약,전문의약품,필름코팅정,D000773,Tramadol Hydrochloride,Tramadol Hydrochloride(트라마돌염산염),트라마돌염산염,다노펜세미정,20190610,201903792,[M255410]트라마돌염산염/[M040353]아세트아미노펜,[D000147]Acetaminophen(아세트아미노펜),복합,20190522,소아에서 생명에 치명적인 호흡 억제 및 사망 발생,,특정연령대금기
20260219,연한 황색의 장방형 필름코팅정제 ,01140,해열.진통.소염제,(주)한풍제약,전문의약품,필름코팅정,D000773,Tramadol Hydrochloride,Tramadol Hydrochloride(트라마돌염산염),트라마돌염산염,다노펜정,20190610,201903793,[M255410]트라마돌염산염/[M040353]아세트아미노펜,[D000147]Acetaminophen(아세트아미노펜),복합,20190522,소아에서 생명에 치명적인 호흡 억제 및 사망 발생,,특정연령대금기
20260219,연한 황색의 장방형 필름코팅정제,01140,해열.진통.소염제,(주)셀비온,전문의약품,필름코팅정,D000773,Tramadol Hydrochloride,Tramadol Hydrochloride(트라마돌염산염),트라마돌염산염,아스트라셋정,20190724,201905261,[M255410]트라마돌염산염/[M040353]아세트아미노펜,[D000147]Acetaminophen(아세트아미노펜),복합,20190522,소아에서 생명에 치명적인 호흡 억제 및 사망 발생,,특정연령대금기
20260219,연한 황색의 장방형 필름코팅정제,01140,해열.진통.소염제,(주)셀비온,전문의약품,필름코팅정,D000773,Tramadol Hydrochloride,Tramadol Hydrochloride(트라마돌염산염),트라마돌염산염,아스트라셋세미정,20190724,201905262,[M255410]트라마돌염산염/[M040353]아세트아미노펜,[D000147]Acetaminophen(아세트아미노펜),복합,20190522,소아에서 생명에 치명적인 호흡 억제 및 사망 발생,,특정연령대금기
20260219,연한 노란색의 장방형 서방성 필름코팅정,01140,해열.진통.소염제,익수제약(주),전문의약품,필름코팅정,D000773,Tramadol Hydrochloride,Tramadol Hydrochloride(트라마돌염산염),트라마돌염산염,울트론서방정,20190724,201905269,[M040353]아세트아미노펜/[M040353]아세트아미노펜/[M255410]트라마돌염산염,[D000147]Acetaminophen(아세트아미노펜),복합,20190522,소아에서 생명에 치명적인 호흡 억제 및 사망 발생,,특정연령대금기
20260219,연한 노란색의 원형 서방성 필름코팅정,01140,해열.진통.소염제,익수제약(주),전문의약품,필름코팅정,D000773,Tramadol Hydrochloride,Tramadol Hydrochloride(트라마돌염산염),트라마돌염산염,울트론세미서방정,20190724,201905270,[M040353]아세트아미노펜/[M040353]아세트아미노펜/[M255410]트라마돌염산염,[D000147]Acetaminophen(아세트아미노펜),복합,20190522,소아에서 생명에 치명적인 호흡 억제 및 사망 발생,,특정연령대금기
20260219,연한 황색의 장방형 필름코팅정제,01140,해열.진통.소염제,하이플생명과학(주),전문의약품,필름코팅정,D000773,Tramadol Hydrochloride,Tramadol Hydrochloride(트라마돌염산염),트라마돌염산염,비엘셋정,20190731,201905419,[M040353]아세트아미노펜/[M255410]트라마돌염산염,[D000147]Acetaminophen(아세트아미노펜),복합,20190522,소아에서 생명에 치명적인 호흡 억제 및 사망 발생,,특정연령대금기
20260219,연한 황색의 장방형 필름코팅 정제,01140,해열.진통.소염제,하이플생명과학(주),전문의약품,필름코팅정,D000773,Tramadol Hydrochloride,Tramadol Hydrochloride(트라마돌염산염),트라마돌염산염,비엘셋세미정,20190731,201905420,[M040353]아세트아미노펜/[M255410]트라마돌염산염,[D000147]Acetaminophen(아세트아미노펜),복합,20190522,소아에서 생명에 치명적인 호흡 억제 및 사망 발생,,특정연령대금기
20210212,흰색의 장방형 필름코팅정제,01410,항히스타민제,한국신텍스제약(주),일반의약품,필름코팅정,D000647,Cetirizine Hydrochloride,Cetirizine Hydrochloride(세티리진염산염),세티리진염산염,엔티리진정10밀리그램(세티리진염산염),20190731,201905435,[M222857]세티리진염산염/[M222857]세티리진염산염,,단일,20140109,안전성 및 유효성 미확립,,특정연령대금기
20260219,연한 황색의 장방형 필름코팅정제,01140,해열.진통.소염제,독립바이오제약(주),전문의약품,필름코팅정,D000773,Tramadol Hydrochloride,Tramadol Hydrochloride(트라마돌염산염),트라마돌염산염,아세트라돌정,20190823,201905955,[M255410]트라마돌염산염/[M040353]아세트아미노펜,[D000147]Acetaminophen(아세트아미노펜),복합,20190522,소아에서 생명에 치명적인 호흡 억제 및 사망 발생,,특정연령대금기
20210212,무색 내지 연보라색의 내용물이 든 보라색의 투명한 타원형 연질캡슐,01410,항히스타민제,일동제약(주),일반의약품,"연질캡슐제, 액상",D000647,Cetirizine Hydrochloride,Cetirizine Hydrochloride(세티리진염산염),세티리진염산염,세노바퀵연질캡슐(세티리진염산염) ,20190910,201906400,[M222857]세티리진염산염,,단일,20140109,안전성 및 유효성 미확립,,특정연령대금기
20260219,연한 황색의 장방형 필름코팅정제,01140,해열.진통.소염제,(주)다산제약,전문의약품,필름코팅정,D000773,Tramadol Hydrochloride,Tramadol Hydrochloride(트라마돌염산염),트라마돌염산염,굿트라셋세미정,20190918,201906521,[M255410]트라마돌염산염/[M040353]아세트아미노펜,[D000147]Acetaminophen(아세트아미노펜),복합,20190522,소아에서 생명에 치명적인 호흡 억제 및 사망 발생,,특정연령대금기
20260219,연한 황색의 장방형 필름코팅정제,01140,해열.진통.소염제,(주)대웅제약,전문의약품,필름코팅정,D000773,Tramadol Hydrochloride,Tramadol Hydrochloride(트라마돌염산염),트라마돌염산염,"트라세타정(아세트아미노펜,트라마돌)",20190924,201906674,[M040353]아세트아미노펜/[M222893]트라마돌염산염,[D000147]Acetaminophen(아세트아미노펜),복합,20190522,소아에서 생명에 치명적인 호흡 억제 및 사망 발생,,특정연령대금기
20260219,연한 황색의 장방형 필름코팅정제,01140,해열.진통.소염제,(주)대웅제약,전문의약품,필름코팅정,D000773,Tramadol Hydrochloride,Tramadol Hydrochloride(트라마돌염산염),트라마돌염산염,"트라세타세미정(아세트아미노펜,트라마돌)",20190924,201906675,[M255410]트라마돌염산염/[M040353]아세트아미노펜,[D000147]Acetaminophen(아세트아미노펜),복합,20190522,소아에서 생명에 치명적인 호흡 억제 및 사망 발생,,특정연령대금기
20260219,연한 황색의 장방형 필름코팅정제,01140,해열.진통.소염제,독립바이오제약(주),전문의약품,필름코팅정,D000773,Tramadol Hydrochloride,Tramadol Hydrochloride(트라마돌염산염),트라마돌염산염,아세트라돌세미정,20191007,201907093,[M255410]트라마돌염산염/[M040353]아세트아미노펜,[D000147]Acetaminophen(아세트아미노펜),복합,20190522,소아에서 생명에 치명적인 호흡 억제 및 사망 발생,,특정연령대금기
20250716,연한 적색의 양면이 볼록한 원형 필름코팅정,04210,항악성종양제,제일약품(주),전문의약품,필름코팅정,D001416,Tipiracil Hydrochloride,Tipiracil Hydrochloride(티피라실염산염),티피라실염산염,론서프정20,20191017,201907316,[M085753]트리플루리딘/[M270421]티피라실염산염,[D001417]Trifluridine(트리플루리딘),복합,20201228,소아에 대한 안전성 및 유효성 미확립동물실험(랫트)에서 지속적으로 성장하는 전치에 대한 영향 보고,,특정연령대금기
20250716,흰색의 양면이 볼록한 원형 필름코팅정,04210,항악성종양제,제일약품(주),전문의약품,필름코팅정,D001416,Tipiracil Hydrochloride,Tipiracil Hydrochloride(티피라실염산염),티피라실염산염,론서프정15,20191017,201907317,[M085753]트리플루리딘/[M270421]티피라실염산염,[D001417]Trifluridine(트리플루리딘),복합,20201228,소아에 대한 안전성 및 유효성 미확립동물실험(랫트)에서 지속적으로 성장하는 전치에 대한 영향 보고,,특정연령대금기
20260219,연한 노란색의 장방형 서방성 필름코팅정,01140,해열.진통.소염제,(주)대웅제약,전문의약품,서방성필름코팅정,D000773,Tramadol Hydrochloride,Tramadol Hydrochloride(트라마돌염산염),트라마돌염산염,"트라세타서방정(아세트아미노펜,트라마돌)",20191017,201907320,[M040353]아세트아미노펜/[M040353]아세트아미노펜/[M222893]트라마돌염산염,[D000147]Acetaminophen(아세트아미노펜),복합,20190522,소아에서 생명에 치명적인 호흡 억제 및 사망 발생,,특정연령대금기
20260219,연한 노란색의 원형 서방성 필름코팅정,01140,해열.진통.소염제,(주)대웅제약,전문의약품,서방성필름코팅정,D000773,Tramadol Hydrochloride,Tramadol Hydrochloride(트라마돌염산염),트라마돌염산염,"트라세타세미서방정(아세트아미노펜,트라마돌)",20191017,201907323,[M040353]아세트아미노펜/[M040353]아세트아미노펜/[M222893]트라마돌염산염,[D000147]Acetaminophen(아세트아미노펜),복합,20190522,소아에서 생명에 치명적인 호흡 억제 및 사망 발생,,특정연령대금기
20260219,연한 황색의 장방형 필름코팅정제,01140,해열.진통.소염제,(주)아리제약,전문의약품,필름코팅정,D000773,Tramadol Hydrochloride,Tramadol Hydrochloride(트라마돌염산염),트라마돌염산염,아트마셋세미정,20191017,201907325,[M040353]아세트아미노펜/[M255410]트라마돌염산염,[D000147]Acetaminophen(아세트아미노펜),복합,20190522,소아에서 생명에 치명적인 호흡 억제 및 사망 발생,,특정연령대금기
20260219,연한 황색의 장방형 필름코팅 정제,01140,해열.진통.소염제,(주)아리제약,전문의약품,필름코팅정,D000773,Tramadol Hydrochloride,Tramadol Hydrochloride(트라마돌염산염),트라마돌염산염,아트마셋정,20191017,201907326,[M040353]아세트아미노펜/[M255410]트라마돌염산염,[D000147]Acetaminophen(아세트아미노펜),복합,20190522,소아에서 생명에 치명적인 호흡 억제 및 사망 발생,,특정연령대금기
20260219,연한 황색의 장방형 필름코팅정,01140,해열.진통.소염제,한국휴텍스제약(주),전문의약품,필름코팅정,D000773,Tramadol Hydrochloride,Tramadol Hydrochloride(트라마돌염산염),트라마돌염산염,에이셋세미정,20191220,201908574,[M255410]트라마돌염산염/[M040353]아세트아미노펜,[D000147]Acetaminophen(아세트아미노펜),복합,20190522,소아에서 생명에 치명적인 호흡 억제 및 사망 발생,,특정연령대금기
20210212,무색 내지 연보라색의 내용물이 든 보라색의 투명한 타원형 연질캡슐,01410,항히스타민제,현대약품(주),일반의약품,"연질캡슐제, 액상",D000647,Cetirizine Hydrochloride,Cetirizine Hydrochloride(세티리진염산염),세티리진염산염,시로제노연질캡슐(세티리진염산염),20200106,202000062,[M222857]세티리진염산염,,단일,20140109,안전성 및 유효성 미확립,,특정연령대금기
20260219,연한 황색의 장방형 필름코팅정,01140,해열.진통.소염제,(주)일화,전문의약품,필름코팅정,D000773,Tramadol Hydrochloride,Tramadol Hydrochloride(트라마돌염산염),트라마돌염산염,트라셋펜세미정,20200107,202000086,[M255410]트라마돌염산염/[M040353]아세트아미노펜,[D000147]Acetaminophen(아세트아미노펜),복합,20190522,소아에서 생명에 치명적인 호흡 억제 및 사망 발생,,특정연령대금기
20260219,연한 노란색의 장방형 필름코팅 정제,01140,해열.진통.소염제,주식회사더유제약,전문의약품,필름코팅정,D000773,Tramadol Hydrochloride,Tramadol Hydrochloride(트라마돌염산염),트라마돌염산염,소울트라정,20200203,202000541,[M255410]트라마돌염산염/[M040353]아세트아미노펜,[D000147]Acetaminophen(아세트아미노펜),복합,20190522,소아에서 생명에 치명적인 호흡 억제 및 사망 발생,,특정연령대금기
20260219,연한 황색의 장방형 필름코팅정제 ,01140,해열.진통.소염제,대원바이오텍주식회사,전문의약품,필름코팅정,D000773,Tramadol Hydrochloride,Tramadol Hydrochloride(트라마돌염산염),트라마돌염산염,타노셋정,20200205,202000649,[M255410]트라마돌염산염/[M040353]아세트아미노펜,[D000147]Acetaminophen(아세트아미노펜),복합,20190522,소아에서 생명에 치명적인 호흡 억제 및 사망 발생,,특정연령대금기
20260219,연한 황색의 장방형 필름코팅정제,01140,해열.진통.소염제,대원바이오텍주식회사,전문의약품,필름코팅정,D000773,Tramadol Hydrochloride,Tramadol Hydrochloride(트라마돌염산염),트라마돌염산염,타노셋세미정,20200205,202000651,[M255410]트라마돌염산염/[M040353]아세트아미노펜,[D000147]Acetaminophen(아세트아미노펜),복합,20190522,소아에서 생명에 치명적인 호흡 억제 및 사망 발생,,특정연령대금기
20260219,연한 노란색의 장방형 서방성 필름코팅정,01140,해열.진통.소염제,대원바이오텍주식회사,전문의약품,서방성필름코팅정,D000773,Tramadol Hydrochloride,Tramadol Hydrochloride(트라마돌염산염),트라마돌염산염,타노셋서방정,20200225,202001323,[M040353]아세트아미노펜/[M040353]아세트아미노펜/[M255410]트라마돌염산염,[D000147]Acetaminophen(아세트아미노펜),복합,20190522,소아에서 생명에 치명적인 호흡 억제 및 사망 발생,,특정연령대금기
20260219,연한 노란색의 원형 서방성 필름코팅정,01140,해열.진통.소염제,대원바이오텍주식회사,전문의약품,서방성필름코팅정,D000773,Tramadol Hydrochloride,Tramadol Hydrochloride(트라마돌염산염),트라마돌염산염,타노셋세미서방정,20200225,202001324,[M040353]아세트아미노펜/[M040353]아세트아미노펜/[M255410]트라마돌염산염,[D000147]Acetaminophen(아세트아미노펜),복합,20190522,소아에서 생명에 치명적인 호흡 억제 및 사망 발생,,특정연령대금기
20260219,연한 노란색의 원형 서방성 필름코팅정,01140,해열.진통.소염제,이연제약(주),전문의약품,필름코팅정,D000773,Tramadol Hydrochloride,Tramadol Hydrochloride(트라마돌염산염),트라마돌염산염,"트라콤이알세미서방정(트라마돌염산염, 아세트아미노펜)",20200409,202002519,[M040353]아세트아미노펜/[M040353]아세트아미노펜/[M255410]트라마돌염산염,[D000147]Acetaminophen(아세트아미노펜),복합,20190522,소아에서 생명에 치명적인 호흡 억제 및 사망 발생,,특정연령대금기
20260219,연한 노란색의 원형 서방성 필름코팅정,01140,해열.진통.소염제,대웅바이오(주),전문의약품,서방성필름코팅정,D000773,Tramadol Hydrochloride,Tramadol Hydrochloride(트라마돌염산염),트라마돌염산염,베아셋세미서방정,20200409,202002520,[M040353]아세트아미노펜/[M040353]아세트아미노펜/[M255410]트라마돌염산염,[D000147]Acetaminophen(아세트아미노펜),복합,20190522,소아에서 생명에 치명적인 호흡 억제 및 사망 발생,,특정연령대금기
20260219,연한 노란색의 장방형 서방성 필름코팅정,01140,해열.진통.소염제,대웅바이오(주),전문의약품,서방성필름코팅정,D000773,Tramadol Hydrochloride,Tramadol Hydrochloride(트라마돌염산염),트라마돌염산염,베아셋서방정,20200409,202002521,[M040353]아세트아미노펜/[M040353]아세트아미노펜/[M255410]트라마돌염산염,[D000147]Acetaminophen(아세트아미노펜),복합,20190522,소아에서 생명에 치명적인 호흡 억제 및 사망 발생,,특정연령대금기
20260219,연한 노란색의 원형 서방성 필름코팅정,01140,해열.진통.소염제,건일바이오팜주식회사,전문의약품,서방성필름코팅정,D000773,Tramadol Hydrochloride,Tramadol Hydrochloride(트라마돌염산염),트라마돌염산염,건트라셋세미서방정,20200409,202002522,[M040353]아세트아미노펜/[M040353]아세트아미노펜/[M255410]트라마돌염산염,[D000147]Acetaminophen(아세트아미노펜),복합,20190522,소아에서 생명에 치명적인 호흡 억제 및 사망 발생,,특정연령대금기
20260219,연한 노란색의 장방형 서방성 필름코팅정,01140,해열.진통.소염제,건일바이오팜주식회사,전문의약품,서방성필름코팅정,D000773,Tramadol Hydrochloride,Tramadol Hydrochloride(트라마돌염산염),트라마돌염산염,건트라셋서방정,20200409,202002523,[M040353]아세트아미노펜/[M040353]아세트아미노펜/[M255410]트라마돌염산염,[D000147]Acetaminophen(아세트아미노펜),복합,20190522,소아에서 생명에 치명적인 호흡 억제 및 사망 발생,,특정연령대금기
20260219,연한 황색의 장방형 필름코팅정제,01140,해열.진통.소염제,(주)엘앤씨바이오 ,전문의약품,필름코팅정,D000773,Tramadol Hydrochloride,Tramadol Hydrochloride(트라마돌염산염),트라마돌염산염,메가아세돌정,20200416,202002678,[M040353]아세트아미노펜/[M255410]트라마돌염산염,[D000147]Acetaminophen(아세트아미노펜),복합,20190522,소아에서 생명에 치명적인 호흡 억제 및 사망 발생,,특정연령대금기
20260219,연한 노란색의 원형 서방성 필름코팅정,01140,해열.진통.소염제,대우제약(주),전문의약품,필름코팅정,D000773,Tramadol Hydrochloride,Tramadol Hydrochloride(트라마돌염산염),트라마돌염산염,오르펜세미서방정,20200421,202002826,[M040353]아세트아미노펜/[M040353]아세트아미노펜/[M255410]트라마돌염산염,[D000147]Acetaminophen(아세트아미노펜),복합,20190522,소아에서 생명에 치명적인 호흡 억제 및 사망 발생,,특정연령대금기
20260219,연한 황색의 장방형 필름코팅정제,01140,해열.진통.소염제,(주)엘앤씨바이오 ,전문의약품,필름코팅정,D000773,Tramadol Hydrochloride,Tramadol Hydrochloride(트라마돌염산염),트라마돌염산염,메가아세돌세미정,20200422,202002850,[M040353]아세트아미노펜/[M255410]트라마돌염산염,[D000147]Acetaminophen(아세트아미노펜),복합,20190522,소아에서 생명에 치명적인 호흡 억제 및 사망 발생,,특정연령대금기
20260219,연한 황색의 장방형 필름코팅정제,01140,해열.진통.소염제,한국유니온제약(주),전문의약품,필름코팅정,D000773,Tramadol Hydrochloride,Tramadol Hydrochloride(트라마돌염산염),트라마돌염산염,아트라센세미정,20200429,202003201,[M040353]아세트아미노펜/[M255410]트라마돌염산염,[D000147]Acetaminophen(아세트아미노펜),복합,20190522,소아에서 생명에 치명적인 호흡 억제 및 사망 발생,,특정연령대금기
20260219,연한 노란색의 원형 서방성 필름코팅정,01140,해열.진통.소염제,(주)씨티씨바이오,전문의약품,서방성필름코팅정,D000773,Tramadol Hydrochloride,Tramadol Hydrochloride(트라마돌염산염),트라마돌염산염,트라비트세미서방정,20200508,202003336,[M040353]아세트아미노펜/[M040353]아세트아미노펜/[M255410]트라마돌염산염,[D000147]Acetaminophen(아세트아미노펜),복합,20190522,소아에서 생명에 치명적인 호흡 억제 및 사망 발생,,특정연령대금기
20260219,연한 노란색의 장방형 서방성 필름코팅정,01140,해열.진통.소염제,(주)씨티씨바이오,전문의약품,서방성필름코팅정,D000773,Tramadol Hydrochloride,Tramadol Hydrochloride(트라마돌염산염),트라마돌염산염,트라비트서방정,20200508,202003337,[M040353]아세트아미노펜/[M040353]아세트아미노펜/[M255410]트라마돌염산염,[D000147]Acetaminophen(아세트아미노펜),복합,20190522,소아에서 생명에 치명적인 호흡 억제 및 사망 발생,,특정연령대금기
20260219,연한 노란색의 장방형 필름코팅 정제,01140,해열.진통.소염제,(주)한국얀센,전문의약품,필름코팅정,D000773,Tramadol Hydrochloride,Tramadol Hydrochloride(트라마돌염산염),트라마돌염산염,울트라셋정,20200521,202003694,[M222893]트라마돌염산염/[M040353]아세트아미노펜,[D000147]Acetaminophen(아세트아미노펜),복합,20190522,소아에서 생명에 치명적인 호흡 억제 및 사망 발생,,특정연령대금기
20260219,연한 황색의 장방형 필름 코팅 정제,01140,해열.진통.소염제,주식회사케이에스제약,전문의약품,필름코팅정,D000773,Tramadol Hydrochloride,Tramadol Hydrochloride(트라마돌염산염),트라마돌염산염,케이셋정,20200526,202003799,[M040353]아세트아미노펜/[M222893]트라마돌염산염,[D000147]Acetaminophen(아세트아미노펜),복합,20190522,소아에서 생명에 치명적인 호흡 억제 및 사망 발생,,특정연령대금기
20260219,연한 황색의 장방형 필름코팅 정제,01140,해열.진통.소염제,주식회사케이에스제약,전문의약품,필름코팅정,D000773,Tramadol Hydrochloride,Tramadol Hydrochloride(트라마돌염산염),트라마돌염산염,케이셋세미정,20200526,202003800,[M040353]아세트아미노펜/[M222893]트라마돌염산염,[D000147]Acetaminophen(아세트아미노펜),복합,20190522,소아에서 생명에 치명적인 호흡 억제 및 사망 발생,,특정연령대금기
20260219,연한 노란색의 장방형 필름코팅정제,01140,해열.진통.소염제,(주)시어스제약,전문의약품,필름코팅정,D000773,Tramadol Hydrochloride,Tramadol Hydrochloride(트라마돌염산염),트라마돌염산염,울트라뉴세미정,20200529,202004095,[M040353]아세트아미노펜/[M255410]트라마돌염산염,[D000147]Acetaminophen(아세트아미노펜),복합,20190522,소아에서 생명에 치명적인 호흡 억제 및 사망 발생,,특정연령대금기
20251017,무색 투명한 액이 무색 투명한 플라스틱 용기에 든 점안제,01310,안과용제,(주)라이트팜텍,전문의약품,점안용액제,D000656,Atropine Sulfate,Atropine Sulfate(아트로핀황산염),아트로핀황산염,마이오가드점안액0.125%(아트로핀황산염)(1회용),20201102,202007499,[M110023]아트로핀황산염,,단일,20230705,"- 심각한 전신 부작용 위험이 있음. - 조산아, 영아, 다운증후군, 강직마비 또는 뇌손상 어린이는 이 약의 전신흡수에 따른 중추신경계 장애, 심폐 및 위장관 독성에 감수성이 있음",점안제(0.125%),특정연령대금기
20260219,연한 노란색의 장방형 필름코팅정제,01140,해열.진통.소염제,성이바이오제약주식회사,전문의약품,필름코팅정,D000773,Tramadol Hydrochloride,Tramadol Hydrochloride(트라마돌염산염),트라마돌염산염,와이투아트라세미정,20211022,202107077,[M040353]아세트아미노펜/[M255410]트라마돌염산염,[D000147]Acetaminophen(아세트아미노펜),복합,20190522,소아에서 생명에 치명적인 호흡 억제 및 사망 발생,,특정연령대금기
20260219,연한 노란색의 장방형 필름코팅정제,01140,해열.진통.소염제,성이바이오제약주식회사,전문의약품,필름코팅정,D000773,Tramadol Hydrochloride,Tramadol Hydrochloride(트라마돌염산염),트라마돌염산염,비엘아스트라셋정,20211025,202107098,[M040353]아세트아미노펜/[M255410]트라마돌염산염,[D000147]Acetaminophen(아세트아미노펜),복합,20190522,소아에서 생명에 치명적인 호흡 억제 및 사망 발생,,특정연령대금기
20260219,연한 노란색의 장방형 필름코팅정제,01140,해열.진통.소염제,(주)한국얀센,전문의약품,필름코팅정,D000773,Tramadol Hydrochloride,Tramadol Hydrochloride(트라마돌염산염),트라마돌염산염,울트라셋세미정,20220322,202201142,[M255410]트라마돌염산염/[M040353]아세트아미노펜,[D000147]Acetaminophen(아세트아미노펜),복합,20190522,소아에서 생명에 치명적인 호흡 억제 및 사망 발생,,특정연령대금기
20260219,노란색의 장방형 필름코팅 서방정제,01140,해열.진통.소염제,(주)한국얀센,전문의약품,서방성필름코팅정,D000773,Tramadol Hydrochloride,Tramadol Hydrochloride(트라마돌염산염),트라마돌염산염,울트라셋이알서방정,20220324,202201173,[M040353]아세트아미노펜/[M222893]트라마돌염산염/[M040353]아세트아미노펜/[M222893]트라마돌염산염,[D000147]Acetaminophen(아세트아미노펜),복합,20190522,소아에서 생명에 치명적인 호흡 억제 및 사망 발생,,특정연령대금기
20260219,노란색의 원형 필름코팅 서방정제 ,01140,해열.진통.소염제,(주)한국얀센,전문의약품,서방성필름코팅정,D000773,Tramadol Hydrochloride,Tramadol Hydrochloride(트라마돌염산염),트라마돌염산염,울트라셋이알세미서방정 ,20220324,202201174,[M040353]아세트아미노펜/[M222893]트라마돌염산염/[M040353]아세트아미노펜/[M222893]트라마돌염산염,[D000147]Acetaminophen(아세트아미노펜),복합,20190522,소아에서 생명에 치명적인 호흡 억제 및 사망 발생,,특정연령대금기
20251017,무색 투명한 액이 무색 투명한 플라스틱 용기에 든 점안제,01310,안과용제,대우제약(주),전문의약품,점안용액제,D000656,Atropine Sulfate Hydrate,Atropine Sulfate Hydrate(아트로핀황산염수화물),아트로핀황산염수화물,드림피아점안액0.125%(아트로핀황산염수화물)(1회용),20250418,202500932,[M223111]아트로핀황산염수화물,,단일,20230705,"- 심각한 전신 부작용 위험이 있음. - 조산아, 영아, 다운증후군, 강직마비 또는 뇌손상 어린이는 이 약의 전신흡수에 따른 중추신경계 장애, 심폐 및 위장관 독성에 감수성이 있음",점안제(0.125%),특정연령대금기
20251017,무색 투명한 액이 무색 투명한 플라스틱 용기에 든 점안제,01310,안과용제,유니메드제약(주),전문의약품,점안용액제,D000656,Atropine Sulfate,Atropine Sulfate(아트로핀황산염),아트로핀황산염,마이오캡점안액0.125%(아트로핀황산염)(1회용) ,20250428,202501014,[M110023]아트로핀황산염,,단일,20230705,"- 심각한 전신 부작용 위험이 있음. - 조산아, 영아, 다운증후군, 강직마비 또는 뇌손상 어린이는 이 약의 전신흡수에 따른 중추신경계 장애, 심폐 및 위장관 독성에 감수성이 있음",점안제(0.125%),특정연령대금기
20251017,무색 투명한 액이 무색 투명한 플라스틱 용기에 든 점안제,01310,안과용제,(주)태준제약,전문의약품,점안용액제,D000656,Atropine Sulfate,Atropine Sulfate(아트로핀황산염),아트로핀황산염,마이오텍트점안액0.125%(아트로핀황산염)(1회용),20250616,202501460,[M110023]아트로핀황산염,,단일,20230705,"- 심각한 전신 부작용 위험이 있음. - 조산아, 영아, 다운증후군, 강직마비 또는 뇌손상 어린이는 이 약의 전신흡수에 따른 중추신경계 장애, 심폐 및 위장관 독성에 감수성이 있음",점안제(0.125%),특정연령대금기
,흰색의 원형 장용성 필름코팅정제,01190,기타의 중추신경용약,명인제약(주),전문의약품,장용성필름코팅정,D000033,Acamprosate Calcium,Acamprosate Calcium(아캄프로세이트칼슘),아캄프로세이트칼슘,명인아캄프로세이트정333mg(아캄프로세이트칼슘),20190125,201900645,[M102626]아캄프로세이트칼슘,,단일,20190522,65세 이상에서 안전성 및 유효성 미확립. 연령이 높아질 수록 신장기능이 저하되어 이 약이 축적될 수 있음.,,특정연령대금기
,흰색의 타원형 필름 코팅정제,01410,항히스타민제,한국유나이티드제약(주),일반의약품,필름코팅정,D000647,Cetirizine Hydrochloride,Cetirizine Hydrochloride(세티리진염산염),세티리진염산염,"세로텍정(세티리진염산염)(수출명:UtizineTab.10mg,UkisenTabs.10mg)(수출용)",20150825,201505959,[M222857]세티리진염산염,,단일,20140109,안전성 및 유효성 미확립,,특정연령대금기
,흰색의 장방형 필름코팅정제,01410,항히스타민제,(주)한국파비스제약,일반의약품,필름코팅정,D000647,Cetirizine Hydrochloride,Cetirizine Hydrochloride(세티리진염산염),세티리진염산염,파비스세티리진염산염정(수출용),20180808,201803258,[M222857]세티리진염산염,,단일,20140109,안전성 및 유효성 미확립,,특정연령대금기
,무색 내지 연보라색의 내용물이 든 보라색의 투명한 타원형 연질캡슐,01410,항히스타민제,동광제약(주),일반의약품,"연질캡슐제, 액상",D000647,Cetirizine Hydrochloride,Cetirizine Hydrochloride(세티리진염산염),세티리진염산염,알앤샷연질캡슐(세티리진염산염),20190320,201901675,[M222857]세티리진염산염,,단일,20140109,안전성 및 유효성 미확립,,특정연령대금기
,흰색의 타원형 필름코팅정,01410,항히스타민제,한국코러스(주),일반의약품,필름코팅정,D000647,Cetirizine Hydrochloride,Cetirizine Hydrochloride(세티리진염산염),세티리진염산염,코러스세티리진정(세티리진염산염)(수출용),20190605,201903754,[M222857]세티리진염산염,,단일,20140109,안전성 및 유효성 미확립,,특정연령대금기
,흰색의 장방형 필름코팅정,01410,항히스타민제,(주)시어스제약,일반의약품,필름코팅정,D000647,Cetirizine Hydrochloride,Cetirizine Hydrochloride(세티리진염산염),세티리진염산염,노즈텍정(세티리진염산염),20210623,202104802,[M222857]세티리진염산염,,단일,20140109,안전성 및 유효성 미확립,,특정연령대금기
,흰색의 장방형 필름코팅정제,01410,항히스타민제,(주)한국파비스제약,일반의약품,필름코팅정,D000647,Cetirizine Hydrochloride,Cetirizine Hydrochloride(세티리진염산염),세티리진염산염,알러팜정(세티리진염산염),20211007,202106787,[M222857]세티리진염산염,,단일,20140109,안전성 및 유효성 미확립,,특정연령대금기
,흰색의 장방형 필름코팅정,01410,항히스타민제,경남제약(주),일반의약품,필름코팅정,D000647,Cetirizine Hydrochloride,Cetirizine Hydrochloride(세티리진염산염),세티리진염산염,경남세티리진정(세티리진염산염),20220419,202201616,[M222857]세티리진염산염,,단일,20140109,안전성 및 유효성 미확립,,특정연령대금기
,흰색의 장방형 필름코팅정,01410,항히스타민제,성이바이오제약주식회사,일반의약품,필름코팅정,D000647,Cetirizine Hydrochloride,Cetirizine Hydrochloride(세티리진염산염),세티리진염산염,알진텍정(세티리진염산염),20221020,202203876,[M222857]세티리진염산염,,단일,20140109,안전성 및 유효성 미확립,,특정연령대금기
,흰색의 장방형 필름코팅정,01410,항히스타민제,(주)유한양행,일반의약품,필름코팅정,D000647,Cetirizine Hydrochloride,Cetirizine Hydrochloride(세티리진염산염),세티리진염산염,유한세티리진정(세티리진염산염),20221102,202203978,[M222857]세티리진염산염,,단일,20140109,안전성 및 유효성 미확립,,특정연령대금기
,흰색의 장방형 필름코팅정,01410,항히스타민제,메딕스제약(주),일반의약품,필름코팅정,D000647,Cetirizine Hydrochloride,Cetirizine Hydrochloride(세티리진염산염),세티리진염산염,세리진정(세티리진염산염),20231102,202303056,[M222857]세티리진염산염,,단일,20140109,안전성 및 유효성 미확립,,특정연령대금기
,흰색의 장방형 필름코팅정,01410,항히스타민제,코오롱제약(주),일반의약품,필름코팅정,D000647,Cetirizine Hydrochloride,Cetirizine Hydrochloride(세티리진염산염),세티리진염산염,바로세티정(세티리진염산염),20241227,202403084,[M222857]세티리진염산염,,단일,20140109,안전성 및 유효성 미확립,,특정연령대금기
,흰색의 장방형 필름코팅정,01410,항히스타민제,에스케이케미칼(주),일반의약품,필름코팅정,D000647,Cetirizine Hydrochloride,Cetirizine Hydrochloride(세티리진염산염),세티리진염산염,세티리엔정(세티리진염산염),20250513,202501164,[M222857]세티리진염산염,,단일,20140109,안전성 및 유효성 미확립,,특정연령대금기
,흰색의 원형 필름코팅정,01410,항히스타민제,삼성제약(주),일반의약품,필름코팅정,D000647,Cetirizine Hydrochloride,Cetirizine Hydrochloride(세티리진염산염),세티리진염산염,제트리진정(세티리진염산염),20250709,202501708,[M222857]세티리진염산염,,단일,20140109,안전성 및 유효성 미확립,,특정연령대금기
,흰색의 장방형 필름코팅정,01410,항히스타민제,신신제약(주),일반의약품,필름코팅정,D000647,Cetirizine Hydrochloride,Cetirizine Hydrochloride(세티리진염산염),세티리진염산염,신신세티리진정(세티리진염산염),20250730,202501994,[M222857]세티리진염산염,,단일,20140109,안전성 및 유효성 미확립,,특정연령대금기
,무색 투명한 액이 든 미황색의 투명한 타원형 연질캡슐,01410,항히스타민제,(주)필인터내셔널,일반의약품,"연질캡슐제, 액상",D000647,Cetirizine Hydrochloride,Cetirizine Hydrochloride(세티리진염산염),세티리진염산염,알러프리연질캡슐(세티리진염산염),20251029,202502786,[M222857]세티리진염산염,,단일,20140109,안전성 및 유효성 미확립,,특정연령대금기
,흰색의 장방형 필름코팅정,01410,항히스타민제,주식회사 제이비케이랩,일반의약품,필름코팅정,D000647,Cetirizine Hydrochloride,Cetirizine Hydrochloride(세티리진염산염),세티리진염산염,셀티리진정(세티리진염산염),20260421,202601148,[M222857]세티리진염산염,,단일,20140109,안전성 및 유효성 미확립,,특정연령대금기
,흰색의 장방형 필름코팅정제,01410,항히스타민제,천우신약(주),일반의약품,필름코팅정,D000647,Cetirizine Hydrochloride,Cetirizine Hydrochloride(세티리진염산염),세티리진염산염,세티큐어정(세티리진염산염),20260512,202601382,[M222857]세티리진염산염,,단일,20140109,안전성 및 유효성 미확립,,특정연령대금기
,"흰색 플라스틱 지지대에 부착된, 아랫면은 편평하고 윗면은 반구형인 흰색의 원통형 구강정",08210,합성마약,현대약품(주),전문의약품,트로키제,D000097,Fentanyl Citrate,Fentanyl Citrate(펜타닐시트르산염),펜타닐시트르산염,액틱구강정200마이크로그램(펜타닐시트르산염),20060524,200605327,[M223286]펜타닐시트르산염,,단일,20191217,"(구강정) 적절한 투여 용량 및 안전성 미확립, (박칼정, 설하정, 점비액제) 안전성 및 유효성 미확립",,특정연령대금기
,"흰색 플라스틱 지지대에 부착된, 아랫면은 편평하고 윗면은 반구형인 흰색의 원통형 구강정",08210,합성마약,현대약품(주),전문의약품,트로키제,D000097,Fentanyl Citrate,Fentanyl Citrate(펜타닐시트르산염),펜타닐시트르산염,액틱구강정400마이크로그램(펜타닐시트르산염),20060524,200605328,[M223286]펜타닐시트르산염,,단일,20191217,"(구강정) 적절한 투여 용량 및 안전성 미확립, (박칼정, 설하정, 점비액제) 안전성 및 유효성 미확립",,특정연령대금기
,"흰색 플라스틱 지지대에 부착된, 아랫면은 편평하고 윗면은 반구형인 흰색의 원통형 구강정",08210,합성마약,현대약품(주),전문의약품,트로키제,D000097,Fentanyl Citrate,Fentanyl Citrate(펜타닐시트르산염),펜타닐시트르산염,액틱구강정600마이크로그램(펜타닐시트르산염),20060524,200605329,[M223286]펜타닐시트르산염,,단일,20191217,"(구강정) 적절한 투여 용량 및 안전성 미확립, (박칼정, 설하정, 점비액제) 안전성 및 유효성 미확립",,특정연령대금기
,"흰색 플라스틱 지지대에 부착된, 아랫면은 편평하고 윗면은 반구형인 흰색의 원통형 구강정",08210,합성마약,현대약품(주),전문의약품,트로키제,D000097,Fentanyl Citrate,Fentanyl Citrate(펜타닐시트르산염),펜타닐시트르산염,액틱구강정800마이크로그램(펜타닐시트르산염),20060524,200605330,[M223286]펜타닐시트르산염,,단일,20191217,"(구강정) 적절한 투여 용량 및 안전성 미확립, (박칼정, 설하정, 점비액제) 안전성 및 유효성 미확립",,특정연령대금기
,흰색의 편평한 원형 박칼정,08210,합성마약,(주)한독테바,전문의약품,박칼정,D000097,Fentanyl Citrate,Fentanyl Citrate(펜타닐시트르산염),펜타닐시트르산염,펜토라박칼정800마이크로그램(펜타닐시트르산염),20130621,201307775,[M223286]펜타닐시트르산염,,단일,20191217,"(구강정) 적절한 투여 용량 및 안전성 미확립, (박칼정, 설하정, 점비액제) 안전성 및 유효성 미확립",,특정연령대금기
,흰색의 편평한 원형 박칼정,08210,합성마약,(주)한독테바,전문의약품,박칼정,D000097,Fentanyl Citrate,Fentanyl Citrate(펜타닐시트르산염),펜타닐시트르산염,펜토라박칼정100마이크로그램(펜타닐시트르산염),20130628,201307940,[M223286]펜타닐시트르산염,,단일,20191217,"(구강정) 적절한 투여 용량 및 안전성 미확립, (박칼정, 설하정, 점비액제) 안전성 및 유효성 미확립",,특정연령대금기
,흰색의 편평한 원형 박칼정,08210,합성마약,(주)한독테바,전문의약품,박칼정,D000097,Fentanyl Citrate,Fentanyl Citrate(펜타닐시트르산염),펜타닐시트르산염,펜토라박칼정200마이크로그램(펜타닐시트르산염),20130628,201307941,[M223286]펜타닐시트르산염,,단일,20191217,"(구강정) 적절한 투여 용량 및 안전성 미확립, (박칼정, 설하정, 점비액제) 안전성 및 유효성 미확립",,특정연령대금기
,흰색의 편평한 원형 박칼정,08210,합성마약,(주)한독테바,전문의약품,박칼정,D000097,Fentanyl Citrate,Fentanyl Citrate(펜타닐시트르산염),펜타닐시트르산염,펜토라박칼정400마이크로그램(펜타닐시트르산염),20130628,201307942,[M223286]펜타닐시트르산염,,단일,20191217,"(구강정) 적절한 투여 용량 및 안전성 미확립, (박칼정, 설하정, 점비액제) 안전성 및 유효성 미확립",,특정연령대금기
,흰색의 편평한 원형 박칼정,08210,합성마약,(주)한독테바,전문의약품,박칼정,D000097,Fentanyl Citrate,Fentanyl Citrate(펜타닐시트르산염),펜타닐시트르산염,펜토라박칼정600마이크로그램(펜타닐시트르산염),20130628,201307943,[M223286]펜타닐시트르산염,,단일,20191217,"(구강정) 적절한 투여 용량 및 안전성 미확립, (박칼정, 설하정, 점비액제) 안전성 및 유효성 미확립",,특정연령대금기
,일정량씩 분무되는 측정 가능한 갈색유리병에 든 무색투명한 비강 분무액,08210,합성마약,(주)대웅제약,전문의약품,정량액상분무제,D000097,Fentanyl Citrate,Fentanyl Citrate(펜타닐시트르산염),펜타닐시트르산염,인스타닐나잘스프레이50마이크로그램(펜타닐시트르산염),20140213,201400641,[M223286]펜타닐시트르산염,,단일,20191217,"(구강정) 적절한 투여 용량 및 안전성 미확립, (박칼정, 설하정, 점비액제) 안전성 및 유효성 미확립",,특정연령대금기
,일정량씩 분무되는 측정 가능한 갈색유리병에 든 무색투명한 비강 분무액,08210,합성마약,(주)대웅제약,전문의약품,정량액상분무제,D000097,Fentanyl Citrate,Fentanyl Citrate(펜타닐시트르산염),펜타닐시트르산염,인스타닐나잘스프레이100마이크로그램(펜타닐시트르산염),20140213,201400642,[M223286]펜타닐시트르산염,,단일,20191217,"(구강정) 적절한 투여 용량 및 안전성 미확립, (박칼정, 설하정, 점비액제) 안전성 및 유효성 미확립",,특정연령대금기
,일정량씩 분무되는 측정 가능한 갈색유리병에 든 무색투명한 비강 분무액,08210,합성마약,(주)대웅제약,전문의약품,정량액상분무제,D000097,Fentanyl Citrate,Fentanyl Citrate(펜타닐시트르산염),펜타닐시트르산염,인스타닐나잘스프레이200마이크로그램(펜타닐시트르산염),20140213,201400643,[M223286]펜타닐시트르산염,,단일,20191217,"(구강정) 적절한 투여 용량 및 안전성 미확립, (박칼정, 설하정, 점비액제) 안전성 및 유효성 미확립",,특정연령대금기
,흰색의 원형 정제,08210,합성마약,한국메나리니(주),전문의약품,설하정,D000097,Fentanyl Citrate Micronized,Fentanyl Citrate Micronized(펜타닐시트르산염(미분화)),펜타닐시트르산염(미분화),앱스트랄설하정100마이크로그램(펜타닐시트르산염),20140513,201402208,[M259588]펜타닐시트르산염(미분화),,단일,20191217,"(구강정) 적절한 투여 용량 및 안전성 미확립, (박칼정, 설하정, 점비액제) 안전성 및 유효성 미확립",,특정연령대금기
,흰색의 타원형 정제,08210,합성마약,한국메나리니(주),전문의약품,설하정,D000097,Fentanyl Citrate Micronized,Fentanyl Citrate Micronized(펜타닐시트르산염(미분화)),펜타닐시트르산염(미분화),앱스트랄설하정200마이크로그램(펜타닐시트르산염),20140513,201402209,[M259588]펜타닐시트르산염(미분화),,단일,20191217,"(구강정) 적절한 투여 용량 및 안전성 미확립, (박칼정, 설하정, 점비액제) 안전성 및 유효성 미확립",,특정연령대금기
,흰색의 삼각형 정제,08210,합성마약,한국메나리니(주),전문의약품,설하정,D000097,Fentanyl Citrate Micronized,Fentanyl Citrate Micronized(펜타닐시트르산염(미분화)),펜타닐시트르산염(미분화),앱스트랄설하정300마이크로그램(펜타닐시트르산염),20140513,201402210,[M259588]펜타닐시트르산염(미분화),,단일,20191217,"(구강정) 적절한 투여 용량 및 안전성 미확립, (박칼정, 설하정, 점비액제) 안전성 및 유효성 미확립",,특정연령대금기
,흰색의 다이아몬드형 정제,08210,합성마약,한국메나리니(주),전문의약품,설하정,D000097,Fentanyl Citrate Micronized,Fentanyl Citrate Micronized(펜타닐시트르산염(미분화)),펜타닐시트르산염(미분화),앱스트랄설하정400마이크로그램(펜타닐시트르산염),20140513,201402211,[M259588]펜타닐시트르산염(미분화),,단일,20191217,"(구강정) 적절한 투여 용량 및 안전성 미확립, (박칼정, 설하정, 점비액제) 안전성 및 유효성 미확립",,특정연령대금기
,흰색의 볼록한 삼각형 모양의 필름코팅정,08210,합성마약,(주)한국팜비오,전문의약품,설하정,D000097,Fentanyl Citrate,Fentanyl Citrate(펜타닐시트르산염),펜타닐시트르산염,펜타칸설하정 267마이크로그램(펜타닐시트르산염),20160331,201601706,[M223286]펜타닐시트르산염,,단일,20191217,"(구강정) 적절한 투여 용량 및 안전성 미확립, (박칼정, 설하정, 점비액제) 안전성 및 유효성 미확립",,특정연령대금기
,흰색의 볼록한 삼각형 모양의 필름코팅정,08210,합성마약,(주)한국팜비오,전문의약품,설하정,D000097,Fentanyl Citrate,Fentanyl Citrate(펜타닐시트르산염),펜타닐시트르산염,펜타칸설하정 400마이크로그램 (펜타닐시트르산염),20160331,201601707,[M223286]펜타닐시트르산염,,단일,20191217,"(구강정) 적절한 투여 용량 및 안전성 미확립, (박칼정, 설하정, 점비액제) 안전성 및 유효성 미확립",,특정연령대금기
,흰색의 볼록한 삼각형 모양의 필름코팅정,08210,합성마약,(주)한국팜비오,전문의약품,설하정,D000097,Fentanyl Citrate,Fentanyl Citrate(펜타닐시트르산염),펜타닐시트르산염,펜타칸설하정 533마이크로그램(펜타닐시트르산염),20160331,201601708,[M223286]펜타닐시트르산염,,단일,20191217,"(구강정) 적절한 투여 용량 및 안전성 미확립, (박칼정, 설하정, 점비액제) 안전성 및 유효성 미확립",,특정연령대금기
,흰색의 볼록한 삼각형 모양의 필름코팅정,08210,합성마약,(주)한국팜비오,전문의약품,설하정,D000097,Fentanyl Citrate,Fentanyl Citrate(펜타닐시트르산염),펜타닐시트르산염,펜타칸설하정 133마이크로그램(펜타닐시트르산염),20160331,201601710,[M223286]펜타닐시트르산염,,단일,20191217,"(구강정) 적절한 투여 용량 및 안전성 미확립, (박칼정, 설하정, 점비액제) 안전성 및 유효성 미확립",,특정연령대금기
,흰색의 원형 정제,08210,합성마약,(주)비씨월드제약,전문의약품,설하정,D000097,Fentanyl Citrate,Fentanyl Citrate(펜타닐시트르산염),펜타닐시트르산염,나르코설하정100마이크로그램(펜타닐시트르산염),20171024,201707583,[M223286]펜타닐시트르산염,,단일,20191217,"(구강정) 적절한 투여 용량 및 안전성 미확립, (박칼정, 설하정, 점비액제) 안전성 및 유효성 미확립",,특정연령대금기
,흰색의 타원형 정제,08210,합성마약,(주)비씨월드제약,전문의약품,설하정,D000097,Fentanyl Citrate,Fentanyl Citrate(펜타닐시트르산염),펜타닐시트르산염,나르코설하정200마이크로그램(펜타닐시트르산염),20181017,201804098,[M223286]펜타닐시트르산염,,단일,20191217,"(구강정) 적절한 투여 용량 및 안전성 미확립, (박칼정, 설하정, 점비액제) 안전성 및 유효성 미확립",,특정연령대금기
,흰색의 원형 정제,08210,합성마약,(주)비씨월드제약,전문의약품,설하정,D000097,Fentanyl Citrate,Fentanyl Citrate(펜타닐시트르산염),펜타닐시트르산염,나르코설하정300마이크로그램(펜타닐시트르산염),20181109,201804456,[M223286]펜타닐시트르산염,,단일,20191217,"(구강정) 적절한 투여 용량 및 안전성 미확립, (박칼정, 설하정, 점비액제) 안전성 및 유효성 미확립",,특정연령대금기
,분무횟수가 표시되는 펌프가 달린 투명한 유리병에 든 무색투명한 비강분무액,08210,합성마약,한국메나리니(주),전문의약품,정량액상분무제,D000097,Fentanyl Citrate,Fentanyl Citrate(펜타닐시트르산염),펜타닐시트르산염,팩펜트나잘스프레이100마이크로그램(펜타닐시트르산염),20200109,202000148,[M223286]펜타닐시트르산염,,단일,20191217,"(구강정) 적절한 투여 용량 및 안전성 미확립, (박칼정, 설하정, 점비액제) 안전성 및 유효성 미확립",,특정연령대금기
,황갈색의 유상 내용물을 함유한 암적색(검붉은 색)의 장방형 연질캡슐,03910,간장질환용제,(주)메디카코리아,일반의약품,"연질캡슐제, 액상",D001518,Milk-Thistle Fruit Dried Extract,Milk-Thistle Fruit Dried Extract(밀크시슬열매 건조엑스),밀크시슬열매 건조엑스,리버시슬연질캡슐350밀리그램(밀크시슬열매건조엑스),20210604,202104404,[M272736]밀크시슬열매 건조엑스,,단일,20201228,,,특정연령대금기
,황갈색의 유상 내용물을 함유한 파란색의 장방형 연질캡슐,03910,간장질환용제,경방신약(주),일반의약품,"연질캡슐제, 액상",D001518,Milk-Thistle Fruit Dried Extract,Milk-Thistle Fruit Dried Extract(밀크시슬열매 건조엑스),밀크시슬열매 건조엑스,리버플로우연질캡슐(밀크시슬열매건조엑스),20210708,202105214,[M272736]밀크시슬열매 건조엑스,,단일,20201228,,,특정연령대금기
,황갈색의 유상 내용물을 함유한 암적색의 장방형 연질캡슐,03910,간장질환용제,이연제약(주),일반의약품,"연질캡슐제, 현탁상",D001518,Milk-Thistle Fruit Dried Extract,Milk-Thistle Fruit Dried Extract(밀크시슬열매 건조엑스),밀크시슬열매 건조엑스,헤파시슬350연질캡슐(밀크시슬열매건조엑스),20220413,202201549,[M272736]밀크시슬열매 건조엑스,,단일,20201228,,,특정연령대금기
,적갈색의 장방형 필름코팅정,03910,간장질환용제,에스에스팜(주),일반의약품,필름코팅정,D001518,Milk-Thistle Fruit Dried Extract,Milk-Thistle Fruit Dried Extract(밀크시슬건조엑스),밀크시슬건조엑스,실리메가정350밀리그램(밀크시슬건조엑스),20260304,202600650,[M266819]밀크시슬건조엑스,,단일,20201228,,,특정연령대금기
,모서리가 둥근 반투명의 직사각형 패취,08210,합성마약,(주)한국얀센,전문의약품,서방성경피흡수제,D000097,Fentanyl,Fentanyl(펜타닐),펜타닐,듀로제식디트랜스패취25μg/h(펜타닐),20041227,200410873,[M230151]펜타닐,,단일,20191217,"(구강정) 적절한 투여 용량 및 안전성 미확립, (박칼정, 설하정, 점비액제) 안전성 및 유효성 미확립",,특정연령대금기
,모서리가 둥근 반투명의 직사각형 패취,08210,합성마약,(주)한국얀센,전문의약품,서방성경피흡수제,D000097,Fentanyl,Fentanyl(펜타닐),펜타닐,듀로제식디트랜스패취50㎍/h(펜타닐),20041227,200410874,[M230151]펜타닐,,단일,20191217,"(구강정) 적절한 투여 용량 및 안전성 미확립, (박칼정, 설하정, 점비액제) 안전성 및 유효성 미확립",,특정연령대금기
,모서리가 둥근 반투명의 직사각형 패취,08210,합성마약,(주)한국얀센,전문의약품,서방성경피흡수제,D000097,Fentanyl,Fentanyl(펜타닐),펜타닐,듀로제식디트랜스패취12㎍/h(펜타닐),20051110,200512180,[M230151]펜타닐,,단일,20191217,"(구강정) 적절한 투여 용량 및 안전성 미확립, (박칼정, 설하정, 점비액제) 안전성 및 유효성 미확립",,특정연령대금기
,"흰색 플라스틱 지지대에 부착된, 아랫면은 편평하고 윗면은 반구형인 흰색의 원통형 구강정",08210,합성마약,현대약품(주),전문의약품,트로키제,D000097,Fentanyl Citrate,Fentanyl Citrate(펜타닐시트르산염),펜타닐시트르산염,액틱구강정200마이크로그램(펜타닐시트르산염),20060524,200605327,[M223286]펜타닐시트르산염,,단일,20191217,"(구강정) 적절한 투여 용량 및 안전성 미확립, (박칼정, 설하정, 점비액제) 안전성 및 유효성 미확립",,특정연령대금기
,"흰색 플라스틱 지지대에 부착된, 아랫면은 편평하고 윗면은 반구형인 흰색의 원통형 구강정",08210,합성마약,현대약품(주),전문의약품,트로키제,D000097,Fentanyl Citrate,Fentanyl Citrate(펜타닐시트르산염),펜타닐시트르산염,액틱구강정400마이크로그램(펜타닐시트르산염),20060524,200605328,[M223286]펜타닐시트르산염,,단일,20191217,"(구강정) 적절한 투여 용량 및 안전성 미확립, (박칼정, 설하정, 점비액제) 안전성 및 유효성 미확립",,특정연령대금기
,"흰색 플라스틱 지지대에 부착된, 아랫면은 편평하고 윗면은 반구형인 흰색의 원통형 구강정",08210,합성마약,현대약품(주),전문의약품,트로키제,D000097,Fentanyl Citrate,Fentanyl Citrate(펜타닐시트르산염),펜타닐시트르산염,액틱구강정600마이크로그램(펜타닐시트르산염),20060524,200605329,[M223286]펜타닐시트르산염,,단일,20191217,"(구강정) 적절한 투여 용량 및 안전성 미확립, (박칼정, 설하정, 점비액제) 안전성 및 유효성 미확립",,특정연령대금기
,"흰색 플라스틱 지지대에 부착된, 아랫면은 편평하고 윗면은 반구형인 흰색의 원통형 구강정",08210,합성마약,현대약품(주),전문의약품,트로키제,D000097,Fentanyl Citrate,Fentanyl Citrate(펜타닐시트르산염),펜타닐시트르산염,액틱구강정800마이크로그램(펜타닐시트르산염),20060524,200605330,[M223286]펜타닐시트르산염,,단일,20191217,"(구강정) 적절한 투여 용량 및 안전성 미확립, (박칼정, 설하정, 점비액제) 안전성 및 유효성 미확립",,특정연령대금기
,모서리가 둥근 반투명의 사각형 패취,08210,합성마약,(주)한국얀센,전문의약품,서방성경피흡수제,D000097,Fentanyl,Fentanyl(펜타닐),펜타닐,듀로제식디트랜스패취100μg/h(펜타닐),20080130,200801304,[M230151]펜타닐,,단일,20191217,"(구강정) 적절한 투여 용량 및 안전성 미확립, (박칼정, 설하정, 점비액제) 안전성 및 유효성 미확립",,특정연령대금기
,양면에 박리지가 부착되어 있는 황갈색의 모서리가 둥근 직사각형 경피흡수제,08210,합성마약,(주)한국팜비오,전문의약품,서방성경피흡수제,D000097,Fentanyl,Fentanyl(펜타닐),펜타닐,펜타듀르패취100μg/h(펜타닐),20120223,201201125,[M230151]펜타닐,,단일,20191217,"(구강정) 적절한 투여 용량 및 안전성 미확립, (박칼정, 설하정, 점비액제) 안전성 및 유효성 미확립",,특정연령대금기
,양면에 박리지가 부착되어 있는 황갈색의 모서리가 둥근 직사각형 경피흡수제,08210,합성마약,(주)한국팜비오,전문의약품,서방성경피흡수제,D000097,Fentanyl,Fentanyl(펜타닐),펜타닐,펜타듀르패취50μg/h(펜타닐),20120223,201201127,[M230151]펜타닐,,단일,20191217,"(구강정) 적절한 투여 용량 및 안전성 미확립, (박칼정, 설하정, 점비액제) 안전성 및 유효성 미확립",,특정연령대금기
,양면에 박리지가 부착되어 있는 황갈색의 모서리가 둥근 직사각형 경피흡수제,08210,합성마약,(주)한국팜비오,전문의약품,서방성경피흡수제,D000097,Fentanyl,Fentanyl(펜타닐),펜타닐,펜타듀르패취25μg/h(펜타닐),20120223,201201128,[M230151]펜타닐,,단일,20191217,"(구강정) 적절한 투여 용량 및 안전성 미확립, (박칼정, 설하정, 점비액제) 안전성 및 유효성 미확립",,특정연령대금기
,양면에 박리지가 부착되어 있는 황갈색의 모서리가 둥근 직사각형 경피흡수제,08210,합성마약,(주)한국팜비오,전문의약품,서방성경피흡수제,D000097,Fentanyl,Fentanyl(펜타닐),펜타닐,펜타듀르패취12ug/h(펜타닐),20120223,201201129,[M230151]펜타닐,,단일,20191217,"(구강정) 적절한 투여 용량 및 안전성 미확립, (박칼정, 설하정, 점비액제) 안전성 및 유효성 미확립",,특정연령대금기
,모서리가 둥근 반투명의 직사각형 패취,08210,합성마약,명문제약(주),전문의약품,서방성경피흡수제,D000097,Fentanyl,Fentanyl(펜타닐),펜타닐,명문펜타닐패취12㎍/h(펜타닐),20130125,201302208,[M230151]펜타닐,,단일,20191217,"(구강정) 적절한 투여 용량 및 안전성 미확립, (박칼정, 설하정, 점비액제) 안전성 및 유효성 미확립",,특정연령대금기
,모서리가 둥근 반투명의 직사각형 패취,08210,합성마약,명문제약(주),전문의약품,서방성경피흡수제,D000097,Fentanyl,Fentanyl(펜타닐),펜타닐,명문펜타닐패취25㎍/h(펜타닐),20130125,201302209,[M230151]펜타닐,,단일,20191217,"(구강정) 적절한 투여 용량 및 안전성 미확립, (박칼정, 설하정, 점비액제) 안전성 및 유효성 미확립",,특정연령대금기
,모서리가 둥근 반투명의 직사각형 패취,08210,합성마약,명문제약(주),전문의약품,서방성경피흡수제,D000097,Fentanyl,Fentanyl(펜타닐),펜타닐,명문펜타닐패취50㎍/h(펜타닐),20130125,201302210,[M230151]펜타닐,,단일,20191217,"(구강정) 적절한 투여 용량 및 안전성 미확립, (박칼정, 설하정, 점비액제) 안전성 및 유효성 미확립",,특정연령대금기
,반투명한 필름이 약물 저장부 점착제와 부착되어 있는 각이 둥글고 네모난 모양의 패취,08210,합성마약,한림제약(주),전문의약품,서방성경피흡수제,D000097,Fentanyl,Fentanyl(펜타닐),펜타닐,펜타덤패취25μg/h(펜타닐),20130218,201305187,[M230151]펜타닐,,단일,20191217,"(구강정) 적절한 투여 용량 및 안전성 미확립, (박칼정, 설하정, 점비액제) 안전성 및 유효성 미확립",,특정연령대금기
,반투명한 필름이 약물 저장부 점착제와 부착되어 있는 각이 둥글고 네모난 모양의 패취,08210,합성마약,한림제약(주),전문의약품,서방성경피흡수제,D000097,Fentanyl,Fentanyl(펜타닐),펜타닐,펜타덤패취12μg/h(펜타닐),20130218,201305188,[M230151]펜타닐,,단일,20191217,"(구강정) 적절한 투여 용량 및 안전성 미확립, (박칼정, 설하정, 점비액제) 안전성 및 유효성 미확립",,특정연령대금기
,반투명한 필름이 약물 저장부 점착제와 부착되어 있는 각이 둥글고 네모난 모양의 패취,08210,합성마약,한림제약(주),전문의약품,서방성경피흡수제,D000097,Fentanyl,Fentanyl(펜타닐),펜타닐,펜타덤패취50μg/h(펜타닐),20130218,201305189,[M230151]펜타닐,,단일,20191217,"(구강정) 적절한 투여 용량 및 안전성 미확립, (박칼정, 설하정, 점비액제) 안전성 및 유효성 미확립",,특정연령대금기
,흰색의 편평한 원형 박칼정,08210,합성마약,(주)한독테바,전문의약품,박칼정,D000097,Fentanyl Citrate,Fentanyl Citrate(펜타닐시트르산염),펜타닐시트르산염,펜토라박칼정800마이크로그램(펜타닐시트르산염),20130621,201307775,[M223286]펜타닐시트르산염,,단일,20191217,"(구강정) 적절한 투여 용량 및 안전성 미확립, (박칼정, 설하정, 점비액제) 안전성 및 유효성 미확립",,특정연령대금기
,흰색의 편평한 원형 박칼정,08210,합성마약,(주)한독테바,전문의약품,박칼정,D000097,Fentanyl Citrate,Fentanyl Citrate(펜타닐시트르산염),펜타닐시트르산염,펜토라박칼정100마이크로그램(펜타닐시트르산염),20130628,201307940,[M223286]펜타닐시트르산염,,단일,20191217,"(구강정) 적절한 투여 용량 및 안전성 미확립, (박칼정, 설하정, 점비액제) 안전성 및 유효성 미확립",,특정연령대금기
,흰색의 편평한 원형 박칼정,08210,합성마약,(주)한독테바,전문의약품,박칼정,D000097,Fentanyl Citrate,Fentanyl Citrate(펜타닐시트르산염),펜타닐시트르산염,펜토라박칼정200마이크로그램(펜타닐시트르산염),20130628,201307941,[M223286]펜타닐시트르산염,,단일,20191217,"(구강정) 적절한 투여 용량 및 안전성 미확립, (박칼정, 설하정, 점비액제) 안전성 및 유효성 미확립",,특정연령대금기
,흰색의 편평한 원형 박칼정,08210,합성마약,(주)한독테바,전문의약품,박칼정,D000097,Fentanyl Citrate,Fentanyl Citrate(펜타닐시트르산염),펜타닐시트르산염,펜토라박칼정400마이크로그램(펜타닐시트르산염),20130628,201307942,[M223286]펜타닐시트르산염,,단일,20191217,"(구강정) 적절한 투여 용량 및 안전성 미확립, (박칼정, 설하정, 점비액제) 안전성 및 유효성 미확립",,특정연령대금기
,흰색의 편평한 원형 박칼정,08210,합성마약,(주)한독테바,전문의약품,박칼정,D000097,Fentanyl Citrate,Fentanyl Citrate(펜타닐시트르산염),펜타닐시트르산염,펜토라박칼정600마이크로그램(펜타닐시트르산염),20130628,201307943,[M223286]펜타닐시트르산염,,단일,20191217,"(구강정) 적절한 투여 용량 및 안전성 미확립, (박칼정, 설하정, 점비액제) 안전성 및 유효성 미확립",,특정연령대금기
,일정량씩 분무되는 측정 가능한 갈색유리병에 든 무색투명한 비강 분무액,08210,합성마약,(주)대웅제약,전문의약품,정량액상분무제,D000097,Fentanyl Citrate,Fentanyl Citrate(펜타닐시트르산염),펜타닐시트르산염,인스타닐나잘스프레이50마이크로그램(펜타닐시트르산염),20140213,201400641,[M223286]펜타닐시트르산염,,단일,20191217,"(구강정) 적절한 투여 용량 및 안전성 미확립, (박칼정, 설하정, 점비액제) 안전성 및 유효성 미확립",,특정연령대금기
,일정량씩 분무되는 측정 가능한 갈색유리병에 든 무색투명한 비강 분무액,08210,합성마약,(주)대웅제약,전문의약품,정량액상분무제,D000097,Fentanyl Citrate,Fentanyl Citrate(펜타닐시트르산염),펜타닐시트르산염,인스타닐나잘스프레이100마이크로그램(펜타닐시트르산염),20140213,201400642,[M223286]펜타닐시트르산염,,단일,20191217,"(구강정) 적절한 투여 용량 및 안전성 미확립, (박칼정, 설하정, 점비액제) 안전성 및 유효성 미확립",,특정연령대금기
,일정량씩 분무되는 측정 가능한 갈색유리병에 든 무색투명한 비강 분무액,08210,합성마약,(주)대웅제약,전문의약품,정량액상분무제,D000097,Fentanyl Citrate,Fentanyl Citrate(펜타닐시트르산염),펜타닐시트르산염,인스타닐나잘스프레이200마이크로그램(펜타닐시트르산염),20140213,201400643,[M223286]펜타닐시트르산염,,단일,20191217,"(구강정) 적절한 투여 용량 및 안전성 미확립, (박칼정, 설하정, 점비액제) 안전성 및 유효성 미확립",,특정연령대금기
,흰색의 원형 정제,08210,합성마약,한국메나리니(주),전문의약품,설하정,D000097,Fentanyl Citrate Micronized,Fentanyl Citrate Micronized(펜타닐시트르산염(미분화)),펜타닐시트르산염(미분화),앱스트랄설하정100마이크로그램(펜타닐시트르산염),20140513,201402208,[M259588]펜타닐시트르산염(미분화),,단일,20191217,"(구강정) 적절한 투여 용량 및 안전성 미확립, (박칼정, 설하정, 점비액제) 안전성 및 유효성 미확립",,특정연령대금기
,흰색의 타원형 정제,08210,합성마약,한국메나리니(주),전문의약품,설하정,D000097,Fentanyl Citrate Micronized,Fentanyl Citrate Micronized(펜타닐시트르산염(미분화)),펜타닐시트르산염(미분화),앱스트랄설하정200마이크로그램(펜타닐시트르산염),20140513,201402209,[M259588]펜타닐시트르산염(미분화),,단일,20191217,"(구강정) 적절한 투여 용량 및 안전성 미확립, (박칼정, 설하정, 점비액제) 안전성 및 유효성 미확립",,특정연령대금기
,흰색의 삼각형 정제,08210,합성마약,한국메나리니(주),전문의약품,설하정,D000097,Fentanyl Citrate Micronized,Fentanyl Citrate Micronized(펜타닐시트르산염(미분화)),펜타닐시트르산염(미분화),앱스트랄설하정300마이크로그램(펜타닐시트르산염),20140513,201402210,[M259588]펜타닐시트르산염(미분화),,단일,20191217,"(구강정) 적절한 투여 용량 및 안전성 미확립, (박칼정, 설하정, 점비액제) 안전성 및 유효성 미확립",,특정연령대금기
,흰색의 다이아몬드형 정제,08210,합성마약,한국메나리니(주),전문의약품,설하정,D000097,Fentanyl Citrate Micronized,Fentanyl Citrate Micronized(펜타닐시트르산염(미분화)),펜타닐시트르산염(미분화),앱스트랄설하정400마이크로그램(펜타닐시트르산염),20140513,201402211,[M259588]펜타닐시트르산염(미분화),,단일,20191217,"(구강정) 적절한 투여 용량 및 안전성 미확립, (박칼정, 설하정, 점비액제) 안전성 및 유효성 미확립",,특정연령대금기
,모서리가 둥근 반투명의 직사각형 패취,08210,합성마약,명문제약(주),전문의약품,경피흡수제,D000097,Fentanyl,Fentanyl(펜타닐),펜타닐,명문펜타닐패취25㎍/h(펜타닐)(수출용),20140724,201403355,[M230151]펜타닐,,단일,20191217,"(구강정) 적절한 투여 용량 및 안전성 미확립, (박칼정, 설하정, 점비액제) 안전성 및 유효성 미확립",,특정연령대금기
,모서리가 둥근 반투명의 직사각형 패취,08210,합성마약,명문제약(주),전문의약품,경피흡수제,D000097,Fentanyl,Fentanyl(펜타닐),펜타닐,명문펜타닐패취50㎍/h(펜타닐)(수출용),20140724,201403356,[M230151]펜타닐,,단일,20191217,"(구강정) 적절한 투여 용량 및 안전성 미확립, (박칼정, 설하정, 점비액제) 안전성 및 유효성 미확립",,특정연령대금기
,모서리가 둥근 반투명의 직사각형 패취,08210,합성마약,명문제약(주),전문의약품,경피흡수제,D000097,Fentanyl,Fentanyl(펜타닐),펜타닐,명문펜타닐패취12㎍/h(펜타닐)(수출용),20140724,201403360,[M230151]펜타닐,,단일,20191217,"(구강정) 적절한 투여 용량 및 안전성 미확립, (박칼정, 설하정, 점비액제) 안전성 및 유효성 미확립",,특정연령대금기
,반투명한 필름이 약물 저장부 점착제와 부착되어 있는 각이 둥글고 네모난 모양의 패취,08210,합성마약,한림제약(주),전문의약품,서방성경피흡수제,D000097,Fentanyl,Fentanyl(펜타닐),펜타닐,펜타덤패취100㎍/h(펜타닐),20150925,201506803,[M261073]펜타닐,,단일,20191217,"(구강정) 적절한 투여 용량 및 안전성 미확립, (박칼정, 설하정, 점비액제) 안전성 및 유효성 미확립",,특정연령대금기
,흰색의 볼록한 삼각형 모양의 필름코팅정,08210,합성마약,(주)한국팜비오,전문의약품,설하정,D000097,Fentanyl Citrate,Fentanyl Citrate(펜타닐시트르산염),펜타닐시트르산염,펜타칸설하정 267마이크로그램(펜타닐시트르산염),20160331,201601706,[M223286]펜타닐시트르산염,,단일,20191217,"(구강정) 적절한 투여 용량 및 안전성 미확립, (박칼정, 설하정, 점비액제) 안전성 및 유효성 미확립",,특정연령대금기
,흰색의 볼록한 삼각형 모양의 필름코팅정,08210,합성마약,(주)한국팜비오,전문의약품,설하정,D000097,Fentanyl Citrate,Fentanyl Citrate(펜타닐시트르산염),펜타닐시트르산염,펜타칸설하정 400마이크로그램 (펜타닐시트르산염),20160331,201601707,[M223286]펜타닐시트르산염,,단일,20191217,"(구강정) 적절한 투여 용량 및 안전성 미확립, (박칼정, 설하정, 점비액제) 안전성 및 유효성 미확립",,특정연령대금기
,흰색의 볼록한 삼각형 모양의 필름코팅정,08210,합성마약,(주)한국팜비오,전문의약품,설하정,D000097,Fentanyl Citrate,Fentanyl Citrate(펜타닐시트르산염),펜타닐시트르산염,펜타칸설하정 533마이크로그램(펜타닐시트르산염),20160331,201601708,[M223286]펜타닐시트르산염,,단일,20191217,"(구강정) 적절한 투여 용량 및 안전성 미확립, (박칼정, 설하정, 점비액제) 안전성 및 유효성 미확립",,특정연령대금기
,흰색의 볼록한 삼각형 모양의 필름코팅정,08210,합성마약,(주)한국팜비오,전문의약품,설하정,D000097,Fentanyl Citrate,Fentanyl Citrate(펜타닐시트르산염),펜타닐시트르산염,펜타칸설하정 133마이크로그램(펜타닐시트르산염),20160331,201601710,[M223286]펜타닐시트르산염,,단일,20191217,"(구강정) 적절한 투여 용량 및 안전성 미확립, (박칼정, 설하정, 점비액제) 안전성 및 유효성 미확립",,특정연령대금기
,흰색의 원형 정제,08210,합성마약,(주)비씨월드제약,전문의약품,설하정,D000097,Fentanyl Citrate,Fentanyl Citrate(펜타닐시트르산염),펜타닐시트르산염,나르코설하정100마이크로그램(펜타닐시트르산염),20171024,201707583,[M223286]펜타닐시트르산염,,단일,20191217,"(구강정) 적절한 투여 용량 및 안전성 미확립, (박칼정, 설하정, 점비액제) 안전성 및 유효성 미확립",,특정연령대금기
,흰색의 타원형 정제,08210,합성마약,(주)비씨월드제약,전문의약품,설하정,D000097,Fentanyl Citrate,Fentanyl Citrate(펜타닐시트르산염),펜타닐시트르산염,나르코설하정200마이크로그램(펜타닐시트르산염),20181017,201804098,[M223286]펜타닐시트르산염,,단일,20191217,"(구강정) 적절한 투여 용량 및 안전성 미확립, (박칼정, 설하정, 점비액제) 안전성 및 유효성 미확립",,특정연령대금기
,흰색의 원형 정제,08210,합성마약,(주)비씨월드제약,전문의약품,설하정,D000097,Fentanyl Citrate,Fentanyl Citrate(펜타닐시트르산염),펜타닐시트르산염,나르코설하정300마이크로그램(펜타닐시트르산염),20181109,201804456,[M223286]펜타닐시트르산염,,단일,20191217,"(구강정) 적절한 투여 용량 및 안전성 미확립, (박칼정, 설하정, 점비액제) 안전성 및 유효성 미확립",,특정연령대금기
,분무횟수가 표시되는 펌프가 달린 투명한 유리병에 든 무색투명한 비강분무액,08210,합성마약,한국메나리니(주),전문의약품,정량액상분무제,D000097,Fentanyl Citrate,Fentanyl Citrate(펜타닐시트르산염),펜타닐시트르산염,팩펜트나잘스프레이100마이크로그램(펜타닐시트르산염),20200109,202000148,[M223286]펜타닐시트르산염,,단일,20191217,"(구강정) 적절한 투여 용량 및 안전성 미확립, (박칼정, 설하정, 점비액제) 안전성 및 유효성 미확립",,특정연령대금기
,반투명한 필름이 약물 저장부 점착제와 부착되어 있는 각이 둥글고 네모난 모양의 패취,08210,합성마약,한림제약(주),전문의약품,서방성경피흡수제,D000097,Fentanyl,Fentanyl(펜타닐),펜타닐,펜타덤패취12μg/h(펜타닐)(수출용),20210114,202100397,[M230151]펜타닐,,단일,20191217,"(구강정) 적절한 투여 용량 및 안전성 미확립, (박칼정, 설하정, 점비액제) 안전성 및 유효성 미확립",,특정연령대금기
,반투명한 필름이 약물 저장부 점착제와 부착되어 있는 각이 둥글고 네모난 모양의 패취,08210,합성마약,한림제약(주),전문의약품,서방성경피흡수제,D000097,Fentanyl,Fentanyl(펜타닐),펜타닐,펜타덤패취50μg/h(펜타닐)(수출용),20210114,202100399,[M230151]펜타닐,,단일,20191217,"(구강정) 적절한 투여 용량 및 안전성 미확립, (박칼정, 설하정, 점비액제) 안전성 및 유효성 미확립",,특정연령대금기
,반투명한 필름이 약물 저장부 점착제와 부착되어 있는 각이 둥글고 네모난 모양의 패취,08210,합성마약,한림제약(주),전문의약품,서방성경피흡수제,D000097,Fentanyl,Fentanyl(펜타닐),펜타닐,펜타덤패취100μg/h(펜타닐)(수출용),20210114,202100400,[M261073]펜타닐,,단일,20191217,"(구강정) 적절한 투여 용량 및 안전성 미확립, (박칼정, 설하정, 점비액제) 안전성 및 유효성 미확립",,특정연령대금기
,무색 투명한 액이 무색 투명한 플라스틱 용기에 든 점안제,01310,안과용제,하나제약(주),전문의약품,점안용액제,D000656,Atropine Sulfate Hydrate,Atropine Sulfate Hydrate(아트로핀황산염수화물),아트로핀황산염수화물,마이원점안액0.125%(아트로핀황산염수화물)(1회용),20251029,202502791,[M223111]아트로핀황산염수화물,,단일,20230705,"- 심각한 전신 부작용 위험이 있음. - 조산아, 영아, 다운증후군, 강직마비 또는 뇌손상 어린이는 이 약의 전신흡수에 따른 중추신경계 장애, 심폐 및 위장관 독성에 감수성이 있음",점안제(0.125%),특정연령대금기
,무색 투명한 액이 무색 투명한 플라스틱 용기에 든 점안제,01310,안과용제,(주)태준제약,전문의약품,점안용액제,D000656,Atropine Sulfate,Atropine Sulfate(아트로핀황산염),아트로핀황산염,마이오텍트점안액0.1%(아트로핀황산염)(1회용),20260112,202600106,[M110023]아트로핀황산염,,단일,20230705,"- 심각한 전신 부작용 위험이 있음. - 조산아, 영아, 다운증후군, 강직마비 또는 뇌손상 어린이는 이 약의 전신흡수에 따른 중추신경계 장애, 심폐 및 위장관 독성에 감수성이 있음",점안제(0.125%),특정연령대금기
,무색 투명한 액이 무색 투명한 플라스틱 용기에 든 점안제,01310,안과용제,(주)태준제약,전문의약품,점안용액제,D000656,Atropine Sulfate,Atropine Sulfate(아트로핀황산염),아트로핀황산염,마이오텍트점안액0.05%(아트로핀황산염)(1회용),20260112,202600107,[M110023]아트로핀황산염,,단일,20230705,"- 심각한 전신 부작용 위험이 있음. - 조산아, 영아, 다운증후군, 강직마비 또는 뇌손상 어린이는 이 약의 전신흡수에 따른 중추신경계 장애, 심폐 및 위장관 독성에 감수성이 있음",점안제(0.125%),특정연령대금기
,황갈색의 액제,02310,치과구강용약,(주)퍼슨,일반의약품,가글제,D001733,Povidone Iodine,Povidone Iodine(포비돈요오드),포비돈요오드,포비딘가글액(포비돈요오드)(수출용),20200723,202005276,[M244708]포비돈요오드,,단일,20251223,,"구강용 액제, 구강용 스프레이제",특정연령대금기
,남적색의 액제,02310,치과구강용약,(주)그린제약,일반의약품,가글제,D001733,Povidone Iodine,Povidone Iodine(포비돈요오드),포비돈요오드,그린포비돈요오드가글액7.5%,20220112,202200222,[M244708]포비돈요오드,,단일,20251223,,"구강용 액제, 구강용 스프레이제",특정연령대금기
,황갈색의 가글제,02310,치과구강용약,광동제약(주),일반의약품,"가글제, 용액용정제",D001733,Povidone Iodine,Povidone Iodine(포비돈요오드),포비돈요오드,광동인후엔가글액(포비돈요오드),20230707,202302073,[M244708]포비돈요오드,,단일,20251223,,"구강용 액제, 구강용 스프레이제",특정연령대금기
,펌프스프레이 용기에 든 약간의 점성 있는 옅은 갈색의 액제 ,02310,치과구강용약,주식회사삼현제약,일반의약품,경구용액제,D001733,Povidone Iodine,Povidone Iodine(포비돈요오드),포비돈요오드,삼현포비돈스프레이액(포비돈요오드),20250516,202501208,[M244708]포비돈요오드,,단일,20251223,,"구강용 액제, 구강용 스프레이제",특정연령대금기
,황갈색의 액체,02610,외피용살균소독제,(주)퍼슨,일반의약품,피부액제,D001733,Povidone Iodine,Povidone Iodine(포비돈요오드),포비돈요오드,포비딘액(포비돈요오드)(수출용),20200630,202004777,[M244708]포비돈요오드,,단일,20251223,-,"질용좌제, 외용액제, 연고제",특정연령대금기
,성 상황갈색의 액체,02610,외피용살균소독제,(주)두원사이언스제약,일반의약품,피부액제,D001733,Povidone Iodine,Povidone Iodine(포비돈요오드),포비돈요오드,두원포비돈요오드액(포비돈요오드액10%),20230725,202302242,[M244708]포비돈요오드,,단일,20251223,-,"질용좌제, 외용액제, 연고제",특정연령대금기
,짙은 적갈색의 연고,02610,외피용살균소독제,태극제약(주),일반의약품,피부연고제,D001733,Povidone Iodine,Povidone Iodine(포비돈요오드),포비돈요오드,포리비돈연고(포비돈요오드),20230926,202302826,[M244708]포비돈요오드,,단일,20251223,-,"질용좌제, 외용액제, 연고제",특정연령대금기
,황갈색의 액,02610,외피용살균소독제,(주)한창메딕 ,일반의약품,피부액제,D001733,Povidone Iodine,Povidone Iodine(포비돈요오드),포비돈요오드,케이포비돈아오다인액10%(포비돈요오드),20240814,202401986,[M244708]포비돈요오드,,단일,20251223,-,"질용좌제, 외용액제, 연고제",특정연령대금기
,플라스틱 용기에 든 황갈색의 액,02610,외피용살균소독제,주식회사삼현제약,일반의약품,피부액제,D001733,Povidone Iodine,Povidone Iodine(포비돈요오드),포비돈요오드,삼현포비돈요오드세정액,20241115,202402700,[M244708]포비돈요오드,,단일,20251223,-,"질용좌제, 외용액제, 연고제",특정연령대금기
,황갈색의 액체,02610,외피용살균소독제,알리코제약(주),일반의약품,피부액제,D001733,Povidone Iodine,Povidone Iodine(포비돈요오드),포비돈요오드,알리코포비돈요오드액10%,20241213,202402957,[M244708]포비돈요오드,,단일,20251223,-,"질용좌제, 외용액제, 연고제",특정연령대금기
,폴리우레탄 스폰지가 달린 폴리에틸렌주입기 내 폴리에틸렌용기에 들어있는 적갈색 액,02610,외피용살균소독제,(주)퍼슨,일반의약품,피부액제,D001733,Povidone Iodine,Povidone Iodine(포비돈요오드),포비돈요오드,포비콜프렙외용액(포비돈요오드),20250314,202500570,[M244708]포비돈요오드,,단일,20251223,-,"질용좌제, 외용액제, 연고제",특정연령대금기
,플라스틱용기에 든 황갈색의 액제,02590,기타의 비뇨생식기관 및 항문용약,주식회사삼현제약,일반의약품,질세정액,D001733,Povidone Iodine,Povidone Iodine(포비돈요오드),포비돈요오드,지노워시질세정액(포비돈요오드),20250721,202501836,[M244708]포비돈요오드,,단일,20251223,-,"질용좌제, 외용액제, 연고제",특정연령대금기
,흰색의 양면이 볼록한 장방형 필름코팅 서방정,08210,합성마약,한국먼디파마 유한회사,전문의약품,서방성필름코팅정,D000393,Naloxone Hydrochloride Dihydrate,Naloxone Hydrochloride Dihydrate(날록손염산염이수화물),날록손염산염이수화물,타진서방정 10/5mg,20090618,200904275,[M238042]옥시코돈염산염/[M246655]날록손염산염이수화물,[D000356]Oxycodone(옥시코돈),복합,20251223,- 안전성 및 유효성 미확립,,특정연령대금기
,분홍색의 양면이 볼록한 장방형 필름코팅 서방정,08210,합성마약,한국먼디파마 유한회사,전문의약품,서방성필름코팅정,D000393,Naloxone Hydrochloride Dihydrate,Naloxone Hydrochloride Dihydrate(날록손염산염이수화물),날록손염산염이수화물,타진서방정 20/10mg,20090618,200904276,[M238042]옥시코돈염산염/[M246655]날록손염산염이수화물,[D000356]Oxycodone(옥시코돈),복합,20251223,- 안전성 및 유효성 미확립,,특정연령대금기
,파란색의 양면이 볼록한 장방형 필름코팅서방정,08210,합성마약,한국먼디파마 유한회사,전문의약품,서방성필름코팅정,D000393,Naloxone Hydrochloride Dihydrate,Naloxone Hydrochloride Dihydrate(날록손염산염이수화물),날록손염산염이수화물,타진서방정 5/2.5mg,20110718,201104436,[M238042]옥시코돈염산염/[M246655]날록손염산염이수화물,[D000356]Oxycodone(옥시코돈),복합,20251223,- 안전성 및 유효성 미확립,,특정연령대금기
,노란색의 양면이 볼록한 장방형 필름코팅서방정,08210,합성마약,한국먼디파마 유한회사,전문의약품,서방성필름코팅정,D000393,Naloxone Hydrochloride Dihydrate,Naloxone Hydrochloride Dihydrate(날록손염산염이수화물),날록손염산염이수화물,타진서방정 40/20mg,20110718,201104437,[M238042]옥시코돈염산염/[M246655]날록손염산염이수화물,[D000356]Oxycodone(옥시코돈),복합,20251223,- 안전성 및 유효성 미확립,,특정연령대금기
,갈색의 양면이 볼록한 장방형 필름코팅서방정,08210,합성마약,한국먼디파마 유한회사,전문의약품,서방성필름코팅정,D000393,Naloxone Hydrochloride Dihydrate,Naloxone Hydrochloride Dihydrate(날록손염산염이수화물),날록손염산염이수화물,타진서방정80/40mg,20171207,201708261,[M238042]옥시코돈염산염/[M246655]날록손염산염이수화물,[D000356]Oxycodone(옥시코돈),복합,20251223,- 안전성 및 유효성 미확립,,특정연령대금기
