CHANGE_DATE,CHART,CLASS_CODE,CLASS_NAME,ENTP_NAME,ETC_OTC_NAME,FORM_NAME,INGR_CODE,INGR_ENG_NAME,INGR_ENG_NAME_FULL,INGR_NAME,ITEM_NAME,ITEM_PERMIT_DATE,ITEM_SEQ,MAIN_INGR,MIX_INGR,MIX_TYPE,NOTIFICATION_DATE,PROHBT_CONTENT,REMARK,TYPE_NAME
20140103,흰색의 원형 필름코팅정,02390,기타의 소화기관용약,동화약품(주),전문의약품,필름코팅정,D000425,Metoclopramide,Metoclopramide(메토클로프라미드),메토클로프라미드,맥페란정(메토클로프라미드),19720210,197200484,[M050465]메토클로프라미드,,단일,20150331,,,투여기간주의
20210422,노란색의 원형 장용성 필름코팅정,02380,"하제, 완장제",신일제약(주),일반의약품,장용성당의정,D001300,Bisacodyl,Bisacodyl(비사코딜),비사코딜,신일비사코딜정,19760629,197600483,[M050687]비사코딜,,단일,20231108,,,투여기간주의
20260220,황색의 장용피 원형정제,01140,해열.진통.소염제,동광제약(주),전문의약품,장용성필름코팅정,D000506,Diclofenac Sodium,Diclofenac Sodium(디클로페낙나트륨),디클로페낙나트륨,디페인정(디클로페낙나트륨),19800329,198000058,[M050288]디클로페낙나트륨,,단일,20150507,,,투여기간주의
20220129,흰색 거의 흰색의 유연한 크림으로 이물질이 없이 전질 균등한 외용 크림제이다.,02640,진통.진양.수렴.소염제,(주)동구바이오제약,전문의약품,피부크림제,D000479,Clobetasol Propionate,Clobetasol Propionate(클로베타솔프로피오네이트),클로베타솔프로피오네이트,도모호론크림(클로베타솔프로피오네이트),19810224,198100280,[M223224]클로베타솔프로피오네이트,,단일,20190621,,,투여기간주의
20260220,황갈색의 원형 장용성 제피정제이다.,01140,해열.진통.소염제,하나제약(주),전문의약품,장용성필름코팅정,D000506,Diclofenac Sodium,Diclofenac Sodium(디클로페낙나트륨),디클로페낙나트륨,하나디클로페낙나트륨정(수출용),19820427,198200559,[M050288]디클로페낙나트륨,,단일,20150507,,,투여기간주의
20180614,흰색의 로션,02640,진통.진양.수렴.소염제,(주)한독,전문의약품,피부로션제,D001309,Desoximetasone,Desoximetasone(데속시메타손),데속시메타손,에스파손로션(0.25%)(데속시메타손),19831216,198300438,[M050197]데속시메타손,,단일,20190621,,,투여기간주의
20220129,무색 내지 백색의 전질균등한 외용연고제이다,02640,진통.진양.수렴.소염제,고려제약(주),전문의약품,피부연고제,D000479,Clobetasol Propionate,Clobetasol Propionate(클로베타솔프로피오네이트),클로베타솔프로피오네이트,베타베이트연고(클로베타솔프로피오네이트)(수출명:클로베덤0.05%연고)(CLOBEDERM0.05%Ointment),19830317,198300730,[M223224]클로베타솔프로피오네이트,,단일,20190621,,,투여기간주의
20250415,무색 또는 미황색의 액체가 충진된 갈색 앰플제임.,01140,해열.진통.소염제,아주약품(주),전문의약품,용액주사제,D000506,Diclofenac Sodium,Diclofenac Sodium(디클로페낙나트륨),디클로페낙나트륨,소페낙주사(디클로페낙나트륨),19860628,198600424,[M050288]디클로페낙나트륨,,단일,20150507,,,투여기간주의
20250415,무색 투명한 액체가 든 갈색의 앰플제,01140,해열.진통.소염제,환인제약(주),전문의약품,용액주사제,D000506,Diclofenac Sodium,Diclofenac Sodium(디클로페낙나트륨),디클로페낙나트륨,바렌탁주(디클로페낙나트륨),19860628,198600666,[M050288]디클로페낙나트륨,,단일,20150507,,,투여기간주의
20260220,주황색의 원형장용제피정,01140,해열.진통.소염제,대화제약(주),전문의약품,장용성필름코팅정,D000506,Diclofenac Sodium,Diclofenac Sodium(디클로페낙나트륨),디클로페낙나트륨,레틸론정(디클로페낙나트륨)(수출용),19861117,198601054,[M050288]디클로페낙나트륨,,단일,20150507,,,투여기간주의
20260220,주황색의 원형 장용성 제피정제,01140,해열.진통.소염제,하나제약(주),전문의약품,장용성필름코팅정,D000506,Diclofenac Sodium,Diclofenac Sodium(디클로페낙나트륨),디클로페낙나트륨,하나디클로페낙나트륨정50밀리그램(수출용),19860320,198601164,[M050288]디클로페낙나트륨,,단일,20150507,,,투여기간주의
20220129,반투명한 흰색-미황색의 전질균등한 연고제,02640,진통.진양.수렴.소염제,(주)동구바이오제약,전문의약품,피부연고제,D000479,Clobetasol Propionate,Clobetasol Propionate(클로베타솔프로피오네이트),클로베타솔프로피오네이트,도모호론연고(클로베타솔프로피오네이트),19870513,198700788,[M223224]클로베타솔프로피오네이트,,단일,20190621,,,투여기간주의
20260220,주황색의 원형 장용피정.,01140,해열.진통.소염제,지엘파마(주),전문의약품,장용성필름코팅정,D000506,Diclofenac Sodium,Diclofenac Sodium(디클로페낙나트륨),디클로페낙나트륨,디낙스정(디클로페낙나트륨),19870501,198701676,[M050288]디클로페낙나트륨,,단일,20150507,,,투여기간주의
20250415,무색투명한 용액이 든 무색투명한 앰플 (수출용: 무색투명한 용액이 든 갈색앰플),01140,해열.진통.소염제,명문제약(주),전문의약품,용액주사제,D000506,Diclofenac Sodium,Diclofenac Sodium(디클로페낙나트륨),디클로페낙나트륨,토라렌주(디클로페낙나트륨)(수출명:토페라렌주사(Toferareninjection)),19871204,198701689,[M050288]디클로페낙나트륨/[M050288]디클로페낙나트륨,,단일,20150507,,,투여기간주의
20250415,무색등명한 액체가 든 갈색 앰플제,01140,해열.진통.소염제,대화제약(주),전문의약품,용액주사제,D000506,Diclofenac Sodium,Diclofenac Sodium(디클로페낙나트륨),디클로페낙나트륨,레틸론주(디클로페낙나트륨)(수출용),19880822,198801647,[M050288]디클로페낙나트륨,,단일,20150507,,,투여기간주의
20230905,미황색을 띤 원형의 정제,01140,해열.진통.소염제,제이더블유중외제약(주),전문의약품,나정,D000083,Nimesulide,Nimesulide(니메술리드),니메술리드,메수리드정(니메술리드),19890918,198900263,[M082649]니메술리드,,단일,20150507,,,투여기간주의
20180518,백색연고.,02640,진통.진양.수렴.소염제,(주)한독,전문의약품,피부연고제,D001310,Prednicarbate,Prednicarbate(프레드니카르베이트),프레드니카르베이트,더마톱연고0.25%(프레드니카르베이트),19890424,198900818,[M084063]프레드니카르베이트,,단일,20190621,,,투여기간주의
20250415,이약은 무색-미황색의 투명한 용액이 든 무색투명한 앰플제이다,01140,해열.진통.소염제,명문제약(주),전문의약품,용액주사제,D000506,Diclofenac Beta-Dimethylaminoethanol,Diclofenac Beta-Dimethylaminoethanol(디클로페낙β-디메틸아미노에탄올),디클로페낙β-디메틸아미노에탄올,디크놀주사(디클로페낙β-디메틸아미노에탄올),19890918,198902280,[M252249]디클로페낙β-디메틸아미노에탄올,,단일,20150507,,,투여기간주의
20220129,이 약은 전질균등한 투명의 액상제이다.,02640,진통.진양.수렴.소염제,고려제약(주),전문의약품,피부현탁액제,D000479,Clobetasol Propionate,Clobetasol Propionate(클로베타솔프로피오네이트),클로베타솔프로피오네이트,베타베이트액(클로베타솔프로피오네이트),19901220,199001515,[M223224]클로베타솔프로피오네이트,,단일,20190621,,,투여기간주의
20180614,알코올 냄새를 지닌 백색의 미끄러운 반투명 겔.,02640,진통.진양.수렴.소염제,(주)한독,전문의약품,피부용겔제,D001309,Desoximetasone,Desoximetasone(데속시메타손),데속시메타손,에스파손겔0.05%(데속시메타손),19911213,199100939,[M050197]데속시메타손,,단일,20190621,,,투여기간주의
20260220,주황색의 원형 장용피정,01140,해열.진통.소염제,위더스제약(주),전문의약품,장용성필름코팅정,D000506,Diclofenac Sodium,Diclofenac Sodium(디클로페낙나트륨),디클로페낙나트륨,카덱신정(디클로페낙나트륨)(수출용),19910619,199102335,[M050288]디클로페낙나트륨,,단일,20150507,,,투여기간주의
20260220,황색의 원형 장용피정,01140,해열.진통.소염제,(주)하원제약,전문의약품,장용성필름코팅정,D000506,Diclofenac Sodium,Diclofenac Sodium(디클로페낙나트륨),디클로페낙나트륨,하원디클로페낙정25밀리그람(수출용),19911223,199102473,[M050288]디클로페낙나트륨,,단일,20150507,,,투여기간주의
20250415,갈색 앰플내에 무색-거의 무색의 맑은액이 든 주사제.,01140,해열.진통.소염제,(주)제일제약,전문의약품,용액주사제,D000506,Diclofenac Sodium,Diclofenac Sodium(디클로페낙나트륨),디클로페낙나트륨,제일제약디클로페낙나트륨주사액,19920108,199200652,[M050288]디클로페낙나트륨,,단일,20150507,,,투여기간주의
20141219,흰색의 로션제,02640,진통.진양.수렴.소염제,동성제약(주),전문의약품,피부로션제,D001309,Desoximetasone,Desoximetasone(데속시메타손),데속시메타손,데타손로션0.25%(데속시메타손),19920109,199203512,[M050197]데속시메타손,,단일,20190621,,,투여기간주의
20210104,무색투명한 수용성 점안액,01310,안과용제,삼일제약(주),전문의약품,점안용액제,D001417,Trifluridine,Trifluridine(트리플루리딘),트리플루리딘,오큐플리딘점안액(트리플루리딘)(수출명: OcuFridine),19931117,199300777,[M085753]트리플루리딘/[M085753]트리플루리딘,,단일,20211119,,,투여기간주의
20260220,주황색의 원형장용정,01140,해열.진통.소염제,대화제약(주),전문의약품,장용정,D000506,Diclofenac Sodium,Diclofenac Sodium(디클로페낙나트륨),디클로페낙나트륨,레틸론정50밀리그람(디클로페낙나트륨)(수출용)(수출명:디클로페낙50),19930223,199301972,[M050288]디클로페낙나트륨,,단일,20150507,,,투여기간주의
20250415,무색 또는 미황색의 액체가 충진된 갈색 앰플제,01140,해열.진통.소염제,구주제약(주),전문의약품,용액주사제,D000506,Diclofenac Sodium,Diclofenac Sodium(디클로페낙나트륨),디클로페낙나트륨,구주디클로페낙주사액(수출명: JINTES),19931019,199302664,[M050288]디클로페낙나트륨,,단일,20150507,,,투여기간주의
20190227,백색의 플라스틱 용기에 든 무색 내지 미황색의 투명한 용액,02640,진통.진양.수렴.소염제,(주)한독,전문의약품,피부액제,D001310,Prednicarbate,Prednicarbate(프레드니카르베이트),프레드니카르베이트,더마톱액0.25%(프레드니카르베이트),19940125,199400761,[M084063]프레드니카르베이트,,단일,20190621,,,투여기간주의
20180523,백색크림.  ,02640,진통.진양.수렴.소염제,(주)한독,전문의약품,피부크림제,D001310,Prednicarbate,Prednicarbate(프레드니카르베이트),프레드니카르베이트,더마톱크림0.25%(프레드니카르베이트),19940513,199400777,[M084063]프레드니카르베이트,,단일,20190621,,,투여기간주의
20120514,무색 내지 미황색의 투명한 액상 제제. ,02650,기생성 피부질환용제,(주)한독,일반의약품,라카,D001301,Ciclopirox,Ciclopirox(시클로피록스),시클로피록스,로푸록스네일라카(시클로피록스),19940114,199400779,[M085228]시클로피록스,,단일,20190621,,,투여기간주의
20220129,백색의 크림제.,02640,진통.진양.수렴.소염제,알파제약(주),전문의약품,피부크림제,D000479,Clobetasol Propionate,Clobetasol Propionate(클로베타솔프로피오네이트),클로베타솔프로피오네이트,베르단트크림(클로베타솔프로피오네이트),19940114,199401724,[M223224]클로베타솔프로피오네이트,,단일,20190621,,,투여기간주의
20240522,이 약은 원형의 흰색 필름코팅정제이다.,01140,해열.진통.소염제,동국제약(주),전문의약품,필름코팅정,D000274,Ketorolac Tromethamine,Ketorolac Tromethamine(케토롤락트로메타민),케토롤락트로메타민,케토라신정(케토롤락트로메타민),19950712,199500043,[M084703]케토롤락트로메타민,,단일,20150507,,,투여기간주의
20250415,무색투명한 액체가 갈색 앰플에 충진된 주사제,01140,해열.진통.소염제,삼진제약(주),전문의약품,용액주사제,D000506,Diclofenac Sodium,Diclofenac Sodium(디클로페낙나트륨),디클로페낙나트륨,킨포인주(디클로페낙나트륨),19950310,199501223,[M050288]디클로페낙나트륨,,단일,20150507,,,투여기간주의
20260220,국내용: 황색 원형의 장용성 제피정수출용: 진황색 원형의 장용성 제피정  ,01140,해열.진통.소염제,영일제약(주),전문의약품,장용성필름코팅정,D000506,Diclofenac Sodium,Diclofenac Sodium(디클로페낙나트륨),디클로페낙나트륨,"영일디클로페낙나트륨정50밀리그람(수출명:디볼타렌정,메디타렌정)(수출용)",19950925,199501666,[M050288]디클로페낙나트륨/[M050288]디클로페낙나트륨,,단일,20150507,,,투여기간주의
20260220,주황색의 장용성인 원형 필름코팅정제,01140,해열.진통.소염제,신일제약(주),전문의약품,장용성필름코팅정,D000506,Diclofenac Sodium,Diclofenac Sodium(디클로페낙나트륨),디클로페낙나트륨,신일디클로페낙나트륨정,19950920,199501947,[M050288]디클로페낙나트륨,,단일,20150507,,,투여기간주의
20260220,황색의 장용성인 장방형 필름코팅정제,01140,해열.진통.소염제,신일제약(주),전문의약품,장용성필름코팅정,D000506,Diclofenac Sodium,Diclofenac Sodium(디클로페낙나트륨),디클로페낙나트륨,신일디클로페낙나트륨정50밀리그람,19950925,199501950,[M050288]디클로페낙나트륨,,단일,20150507,,,투여기간주의
20230905,미황색의 원형 정제,01140,해열.진통.소염제,한국코러스(주),전문의약품,나정,D000083,Nimesulide,Nimesulide(니메술리드),니메술리드,"코러스니메술리드정(수출명:Pacisulide Tab, Nimed Tab.)",19951222,199502848,[M082649]니메술리드/[M082649]니메술리드,,단일,20150507,,,투여기간주의
20250415,무색 또는 미황색의 액체가 충전된 갈색 앰플제,01140,해열.진통.소염제,삼성제약(주),전문의약품,용액주사제,D000506,Diclofenac Sodium,Diclofenac Sodium(디클로페낙나트륨),디클로페낙나트륨,에스페낙주(디클로페낙나트륨),19960109,199600297,[M050288]디클로페낙나트륨,,단일,20150507,,,투여기간주의
20250415,무색투명한 용액을 갈색의 앰플에 충진한 것이다.,01140,해열.진통.소염제,대한약품공업(주),전문의약품,용액주사제,D000506,Diclofenac Sodium,Diclofenac Sodium(디클로페낙나트륨),디클로페낙나트륨,대한디클로페낙주(디클로페낙나트륨),19960920,199600344,[M050288]디클로페낙나트륨,,단일,20150507,,,투여기간주의
20220129,전질균등한 백색의 크림제,02640,진통.진양.수렴.소염제,고려제약(주),전문의약품,피부크림제,D000479,Clobetasol Propionate,Clobetasol Propionate(클로베타솔프로피오네이트),클로베타솔프로피오네이트,베타베이트크림(클로베타솔프로피오네이트),19960917,199601855,[M223224]클로베타솔프로피오네이트,,단일,20190621,,,투여기간주의
20250415,무색등명한 액체가 든 갈색앰플,01140,해열.진통.소염제,한국코러스(주),전문의약품,용액주사제,D000506,Diclofenac Sodium,Diclofenac Sodium(디클로페낙나트륨),디클로페낙나트륨,코러스디클로페낙주(디클로페낙나트륨)(수출명:TELOFENINJ)(수출용),19960430,199603117,[M050288]디클로페낙나트륨,,단일,20150507,,,투여기간주의
20230905,황갈색의 원형정제,01140,해열.진통.소염제,대한뉴팜(주),전문의약품,나정,D000083,Nimesulide,Nimesulide(니메술리드),니메술리드,니막스정(니메슬리드)(수출용),19961014,199603356,[M082649]니메술리드,,단일,20150507,,,투여기간주의
20240522,미황색의 액체가 든 갈색앰플 주사제,01140,해열.진통.소염제,환인제약(주),전문의약품,용액주사제,D000274,Ketorolac Tromethamine,Ketorolac Tromethamine(케토롤락트로메타민염),케토롤락트로메타민염,트롤락주(케토롤락트로메타민염),19960701,199604999,[M222885]케토롤락트로메타민염,,단일,20150507,,,투여기간주의
20240522,엷은 황색의 투명한 액체가 충전된 갈색 앰플제,01140,해열.진통.소염제,동광제약(주),전문의약품,용액주사제,D000274,Ketorolac Tromethamine,Ketorolac Tromethamine(케토롤락트로메타민염),케토롤락트로메타민염,케로라주(케토롤락트로메타민염),19970204,199700240,[M222885]케토롤락트로메타민염,,단일,20150507,,,투여기간주의
20240522,엷은 황색의 투명 액체가 든 갈색 앰플주사제 ,01140,해열.진통.소염제,(주)메디카코리아,전문의약품,용액주사제,D000274,Ketorolac Tromethamine,Ketorolac Tromethamine(케토롤락트로메타민염),케토롤락트로메타민염,타벨주(케토롤락트로메타민염),19970723,199701415,[M222885]케토롤락트로메타민염,,단일,20150507,,,투여기간주의
20250415,무색투명한 용액이 든 갈색의 앰플,01140,해열.진통.소염제,하나제약(주),전문의약품,용액주사제,D000506,Diclofenac Sodium,Diclofenac Sodium(디클로페낙나트륨),디클로페낙나트륨,카페낙주사(디클로페낙나트륨),19970220,199702363,[M050288]디클로페낙나트륨,,단일,20150507,,,투여기간주의
20260220,주황색의 원형 장용성 제피정제이다.,01140,해열.진통.소염제,한국코러스(주),전문의약품,장용성필름코팅정,D000506,Diclofenac Sodium,Diclofenac Sodium(디클로페낙나트륨),디클로페낙나트륨,디페트정(디클로페낙나트륨)(수출명 : Korus Diclofenac Tab.)(수출용),19971223,199703386,[M050288]디클로페낙나트륨,,단일,20150507,,,투여기간주의
20220129,전질 균등한 무색의 액제,02640,진통.진양.수렴.소염제,동화약품(주),전문의약품,피부현탁액제,D000479,Clobetasol Propionate,Clobetasol Propionate(클로베타솔프로피오네이트),클로베타솔프로피오네이트,스테이벤액(클로베타솔프로피오네이트),19980921,199800872,[M223224]클로베타솔프로피오네이트,,단일,20190621,,,투여기간주의
20230819,무색내지 미황색의 투명한 액이 든 갈색앰플제,01140,해열.진통.소염제,삼진제약(주),전문의약품,용액주사제,D000506,Diclofenac Sodium,Diclofenac Sodium(디클로페낙나트륨),디클로페낙나트륨,삼진디클로페낙나트륨주사(수출용),19981120,199801499,[M050288]디클로페낙나트륨,,단일,20150507,,,투여기간주의
20220201,박하향의 무색내지 미백색의 액제가 함유된 분무제,01320,이비과용제,헤일리온코리아주식회사,일반의약품,일반액상분무제,D001651,Xylometazoline Hydrochloride,Xylometazoline Hydrochloride(자일로메타졸린염산염),자일로메타졸린염산염,오트리빈멘톨0.1%분무제(자일로메타졸린염산염),19980928,199806459,[M257887]자일로메타졸린염산염,,단일,20231108,,,투여기간주의
20210207,백색의 크림제,02640,진통.진양.수렴.소염제,동광제약(주),전문의약품,피부크림제,D001310,Prednicarbate,Prednicarbate(프레드니카르베이트),프레드니카르베이트,프레톱크림0.25%(프레드니카르베이트),19990209,199900123,[M084063]프레드니카르베이트,,단일,20190621,,,투여기간주의
20230905,미황색의 원형 정제,01140,해열.진통.소염제,대우제약(주),전문의약품,나정,D000083,Nimesulide,Nimesulide(니메술리드),니메술리드,폰술리드정(니메술리드)(수출용),19990629,199900649,[M082649]니메술리드,,단일,20150507,,,투여기간주의
20210207,백색의 크림제이다,02640,진통.진양.수렴.소염제,대우제약(주),전문의약품,피부크림제,D001310,Prednicarbate,Prednicarbate(프레드니카르베이트),프레드니카르베이트,데르민크림(프레드니카르베이트),19990729,199900666,[M084063]프레드니카르베이트,,단일,20190621,,,투여기간주의
20210207,흰색의 크림,02640,진통.진양.수렴.소염제,동성제약(주),전문의약품,피부크림제,D001310,Prednicarbate,Prednicarbate(프레드니카르베이트),프레드니카르베이트,카르손크림0.25%(프레드니카르베이트),19990304,199900830,[M084063]프레드니카르베이트,,단일,20190621,,,투여기간주의
20210207,흰색크림,02640,진통.진양.수렴.소염제,(주)에이프로젠바이오로직스,전문의약품,피부크림제,D001310,Prednicarbate,Prednicarbate(프레드니카르베이트),프레드니카르베이트,데모큐크림(프레드니카르베이트),19990302,199900892,[M084063]프레드니카르베이트,,단일,20190621,,,투여기간주의
20210207,백색의 크림,02640,진통.진양.수렴.소염제,(주)비보존제약,전문의약품,피부크림제,D001310,Prednicarbate,Prednicarbate(프레드니카르베이트),프레드니카르베이트,더모프레드크림(프레드니카르베이트),19990316,199901119,[M084063]프레드니카르베이트,,단일,20190621,,,투여기간주의
20230819,무색 투명한 액이 든 갈색의 앰플제,01140,해열.진통.소염제,(주)동구바이오제약,전문의약품,용액주사제,D000506,Diclofenac Sodium,Diclofenac Sodium(디클로페낙나트륨),디클로페낙나트륨,동구디클로페낙나트륨주75mg(수출용),19990507,199901324,[M050288]디클로페낙나트륨,,단일,20150507,,,투여기간주의
20210207,흰색의 크림제,02640,진통.진양.수렴.소염제,한미약품(주),전문의약품,피부크림제,D001310,Prednicarbate,Prednicarbate(프레드니카르베이트),프레드니카르베이트,티티베크림(프레드니카르베이트),19990520,199902723,[M084063]프레드니카르베이트,,단일,20190621,,,투여기간주의
20151005,흰색의 겔제,02640,진통.진양.수렴.소염제,제이더블유신약(주),전문의약품,피부용겔제,D001309,Desoximetasone,Desoximetasone(데속시메타손),데속시메타손,메타파손겔(데속시메타손),19990422,199902754,[M050197]데속시메타손,,단일,20190621,,,투여기간주의
20210207,흰색의 크림제,02640,진통.진양.수렴.소염제,(주)씨엠지제약,전문의약품,피부크림제,D001310,Prednicarbate,Prednicarbate(프레드니카르베이트),프레드니카르베이트,보드미크림(프레드니카르베이트),19991208,199902852,[M084063]프레드니카르베이트,,단일,20190621,,,투여기간주의
20210207,백색의 크림제,02640,진통.진양.수렴.소염제,(주)서울제약,전문의약품,피부크림제,D001310,Prednicarbate,Prednicarbate(프레드니카르베이트),프레드니카르베이트,실케이드크림(프레드니카르베이트),19990902,199903668,[M084063]프레드니카르베이트,,단일,20190621,,,투여기간주의
20141014,이 약은 둥근면이 엷은 적황색이고 평평한 면이 어두운 적황색으로 정상부가 편평한 반구상의 구강내붕해정이다.,02350,"최토제, 진토제",한국다이이찌산쿄(주),전문의약품,구강붕해정,D000203,Ramosetron Hydrochloride,Ramosetron Hydrochloride(라모세트론염산염),라모세트론염산염,나제아오디정0.1mg(라모세트론염산염),19991223,199907135,[M255325]라모세트론염산염,,단일,20150331,,항암제 투여로 인한 구역 및 구토의 방지에 쓰는 제품에 한함,투여기간주의
20160725,흰색 로션제,02640,진통.진양.수렴.소염제,갈더마코리아(주),전문의약품,피부로션제,D001308,Desonide,Desonide(데소니드),데소니드,데스오웬로션0.05%(데소니드),19990719,199907218,[M200279]데소니드,,단일,20190621,,,투여기간주의
20250415,미황색의 투명한 용액이 든 갈색앰플주사제 ,01140,해열.진통.소염제,아주약품(주),전문의약품,용액주사제,D000506,Diclofenac Beta-Dimethylaminoethanol,Diclofenac Beta-Dimethylaminoethanol(디클로페낙β-디메틸아미노에탄올),디클로페낙β-디메틸아미노에탄올,뉴페낙주사2밀리리터(디클로페낙β-디메틸아미노에탄올),20001123,200001074,[M252249]디클로페낙β-디메틸아미노에탄올,,단일,20150507,,,투여기간주의
20210207,흰색의 크림제,02640,진통.진양.수렴.소염제,(주)동구바이오제약,전문의약품,피부크림제,D001310,Prednicarbate,Prednicarbate(프레드니카르베이트),프레드니카르베이트,베이드크림(프레드니카르베이트)(수출명:DERMASTOP),20000428,200001628,[M084063]프레드니카르베이트,,단일,20190621,,,투여기간주의
20260220,황색의 타원형으로된 장용피정제(수출용 : 황색의 장방형으로 된 장용피 정제),01140,해열.진통.소염제,(주)한국파마,전문의약품,장용성필름코팅정,D000506,Diclofenac Sodium,Diclofenac Sodium(디클로페낙나트륨),디클로페낙나트륨,파마디클로페낙나트륨정100밀리그램(수출용),20000512,200001758,[M050288]디클로페낙나트륨,,단일,20150507,,,투여기간주의
20250415,무색 내지 미황색의 투명한 용액이 든 갈색 앰플,01140,해열.진통.소염제,대화제약(주),전문의약품,용액주사제,D000506,Diclofenac Beta-Dimethylaminoethanol,Diclofenac Beta-Dimethylaminoethanol(디클로페낙β-디메틸아미노에탄올),디클로페낙β-디메틸아미노에탄올,디베타씨주(디클로페낙β-디메틸아미노에탄올),20001115,200002445,[M252249]디클로페낙β-디메틸아미노에탄올,,단일,20150507,,,투여기간주의
20230905,엷은 황색 원형의 정제이다. ,01140,해열.진통.소염제,영풍제약(주),전문의약품,나정,D000083,Nimesulide,Nimesulide(니메술리드),니메술리드,영풍니메술리드정(니메술리드)(수출용),20001219,200003537,[M082649]니메술리드,,단일,20150507,,,투여기간주의
20250415,무색 내지 미황색의 투명한 용액이 든 갈색 앰플,01140,해열.진통.소염제,유니메드제약(주),전문의약품,용액주사제,D000506,Diclofenac Beta-Dimethylaminoethanol,Diclofenac Beta-Dimethylaminoethanol(디클로페낙베타디메틸아미노에탄올),디클로페낙베타디메틸아미노에탄올,오스베타주2밀리리터(디클로페낙베타디메틸아미노에탄올),20000718,200004637,[M251996]디클로페낙베타디메틸아미노에탄올,,단일,20150507,,,투여기간주의
20250415,무색-미황색의 투명한 액이 들어있는 갈색앰플 주사제 ,01140,해열.진통.소염제,대한뉴팜(주),전문의약품,용액주사제,D000506,Diclofenac Beta-Dimethylaminoethanol,Diclofenac Beta-Dimethylaminoethanol(디클로페낙β-디메틸아미노에탄올),디클로페낙β-디메틸아미노에탄올,크낙주2밀리리터(디클로페낙베타디메틸아미노에탄올),20001229,200004912,[M252249]디클로페낙β-디메틸아미노에탄올,,단일,20150507,,,투여기간주의
20210109,백색의 캡슐모양 필름코팅정제,06110,주로 그람양성균에 작용하는 것,한국화이자제약(주),전문의약품,필름코팅정,D001035,Linezolid,Linezolid(리네졸리드),리네졸리드,자이복스정600밀리그람(리네졸리드),20060911,200008571,[M093034]리네졸리드,,단일,20211119,,,투여기간주의
20250415,무색 또는 미황색의 투명한 액이 갈색 투명한 앰플에 든 주사제 ,01140,해열.진통.소염제,이연제약(주),전문의약품,용액주사제,D000506,Diclofenac Sodium,Diclofenac Sodium(디클로페낙나트륨),디클로페낙나트륨,로페낙주2㎖(디클로페낙나트륨),20010711,200100154,[M050288]디클로페낙나트륨,,단일,20150507,,,투여기간주의
20250415,무색 미황색의 투명한 용액이 든 갈색앰플,01140,해열.진통.소염제,이연제약(주),전문의약품,용액주사제,D000506,Diclofenac Beta-Dimethylaminoethanol,Diclofenac Beta-Dimethylaminoethanol(디클로페낙β-디메틸아미노에탄올),디클로페낙β-디메틸아미노에탄올,미노브이주2mL(디클로페낙β-디메틸아미노에탄올),20010711,200100155,[M252249]디클로페낙β-디메틸아미노에탄올,,단일,20150507,,,투여기간주의
20240522,엷은 황색의 투명한 액체를 함유한 갈색 앰플제이다.,01140,해열.진통.소염제,대우제약(주),전문의약품,용액주사제,D000274,Ketorolac Tromethamine,Ketorolac Tromethamine(케토롤락트로메타민염),케토롤락트로메타민염,케토락주(케토롤락트로메타민염)(수출용),20010202,200100710,[M222885]케토롤락트로메타민염,,단일,20150507,,,투여기간주의
20230905,미황색의 원형정제,01140,해열.진통.소염제,(주)동구바이오제약,전문의약품,나정,D000083,Nimesulide,Nimesulide(니메술리드),니메술리드,동구니메술리드정(수출용),20010414,200101224,[M082649]니메술리드,,단일,20150507,,,투여기간주의
20250415,무색투명한 액이 들어있는 갈색의 앰플,01140,해열.진통.소염제,한국유니온제약(주),전문의약품,용액주사제,D000506,Diclofenac Sodium,Diclofenac Sodium(디클로페낙나트륨),디클로페낙나트륨,유니페낙주(디클로페낙나트륨) (수출명:ALFENAL Inj),20010426,200101500,[M050288]디클로페낙나트륨,,단일,20150507,,,투여기간주의
20230905,내수용:미황색 원형 정제수출용:미황색의 장방형정제,01140,해열.진통.소염제,(주)한국파마,전문의약품,나정,D000083,Nimesulide,Nimesulide(니메술리드),니메술리드,"파마니메술리드정(수출명: 니판정, 닌파제정)(수출용)",20010406,200101514,[M082649]니메술리드,,단일,20150507,,,투여기간주의
20240522,엷은 황색의 투명 액체가 든 갈색 앰플 주사,01140,해열.진통.소염제,경동제약(주),전문의약품,용액주사제,D000274,Ketorolac Tromethamine,Ketorolac Tromethamine(케토롤락트로메타민),케토롤락트로메타민,케토란주(케토롤락트로메타민),20010404,200102265,[M084703]케토롤락트로메타민,,단일,20150507,,,투여기간주의
20250415,무색 또는 미황색의 투명한 용액이 든 갈색앰플제,01140,해열.진통.소염제,한국넬슨제약(주),전문의약품,용액주사제,D000506,Diclofenac Beta-Dimethylaminoethanol,Diclofenac Beta-Dimethylaminoethanol(디클로페낙베타디메틸아미노에탄올),디클로페낙베타디메틸아미노에탄올,다이크론주2ml(디클로페낙베타-디메틸아미노에탄올),20010509,200102280,[M251996]디클로페낙베타디메틸아미노에탄올,,단일,20150507,,,투여기간주의
20250415,무색 내지 미황색의 투명한 용액이 든 갈색 앰플 주사제 ,01140,해열.진통.소염제,하나제약(주),전문의약품,용액주사제,D000506,Diclofenac Beta-Dimethylaminoethanol,Diclofenac Beta-Dimethylaminoethanol(디클로페낙β-디메틸아미노에탄올),디클로페낙β-디메틸아미노에탄올,페나카주사2ml(디클로페낙β-디메틸아미노에탄올),20010119,200102371,[M252249]디클로페낙β-디메틸아미노에탄올,,단일,20150507,,,투여기간주의
20250415,갈색 앰플에 든 무색 ~ 미황색의 투명한 액,01140,해열.진통.소염제,명문제약(주),전문의약품,용액주사제,D000506,Diclofenac Beta-Dimethylaminoethanol,Diclofenac Beta-Dimethylaminoethanol(디클로페낙β-디메틸아미노에탄올),디클로페낙β-디메틸아미노에탄올,디크놀주사2밀리리터(디클로페낙β-디메틸아미노에탄올),20010205,200103036,[M252249]디클로페낙β-디메틸아미노에탄올,,단일,20150507,,,투여기간주의
20220201,무색-미황색의 특이취가 있는 액제,01320,이비과용제,제일헬스사이언스(주),일반의약품,일반액상분무제,D001091,Oxymetazoline Hydrochloride,Oxymetazoline Hydrochloride(옥시메타졸린염산염),옥시메타졸린염산염,"레스피비엔액 (옥시메타졸린염산염), 레스피비엔액 프레쉬민트 (옥시메타졸린염산염)",20010719,200108686,[M223162]옥시메타졸린염산염/[M223162]옥시메타졸린염산염,,단일,20180831,,,투여기간주의
20140110,수액용 고무마개를 한 무색투명한 유리용기에 든 무색의 투명한 용액,03250,단백아미노산제제,프레지니우스카비코리아(주),전문의약품,수액제,D001555,N(2)-L-Alanyl-L-glutamine,N(2)-L-Alanyl-L-glutamine(N(2)-엘알라닐-엘글루타민),N(2)-엘알라닐-엘글루타민,디펩티벤주(N(2)-L-알라닐-L-글루타민)(DipeptivenInj.(N(2)-L-알라닐-L-글루타민)),20010906,200109870,[M095249]N(2)-엘알라닐-엘글루타민,,단일,20220527,,"주성분 함량 20g/100mL, 주사제",투여기간주의
20110520,백색의 약간의 유동성이 있는 겔,02650,기생성 피부질환용제,(주)한독,일반의약품,피부용겔제,D001301,Ciclopirox,Ciclopirox(시클로피록스),시클로피록스,로푸록스겔(시클로피록스),20020730,200200774,[M085228]시클로피록스,,단일,20190621,,,투여기간주의
20210207,흰색의 연고제,02640,진통.진양.수렴.소염제,태극제약(주),전문의약품,피부연고제,D001310,Prednicarbate,Prednicarbate(프레드니카르베이트),프레드니카르베이트,프레벨연고(프레드니카르베이트),20020722,200200851,[M084063]프레드니카르베이트,,단일,20190621,,,투여기간주의
20150715,흰색의 로션제,02640,진통.진양.수렴.소염제,태극제약(주),전문의약품,피부로션제,D001309,Desoximetasone,Desoximetasone(데속시메타손),데속시메타손,데라파손로션(데속시메타손),20020925,200200854,[M050197]데속시메타손,,단일,20190621,,,투여기간주의
20220129,전질균등한 투명한 액상제,02640,진통.진양.수렴.소염제,(주)메디카코리아,전문의약품,피부현탁액제,D000479,Clobetasol Propionate,Clobetasol Propionate(클로베타솔프로피오네이트),클로베타솔프로피오네이트,더비솔액(클로베타솔프로피오네이트),20020119,200201038,[M223224]클로베타솔프로피오네이트,,단일,20190621,,,투여기간주의
20080407,백색의 전질 균등한 크림,02640,진통.진양.수렴.소염제,(주)동구바이오제약,전문의약품,피부크림제,D001293,Clobetasone Butyrate,Clobetasone Butyrate(낙산클로베타손),낙산클로베타손,라니타손크림(낙산클로베타손)(수출용),20020520,200201126,[M101580]낙산클로베타손,,단일,20190621,,,투여기간주의
20220129,전질균등한 투명의 액상제,02640,진통.진양.수렴.소염제,(주)동구바이오제약,전문의약품,피부현탁액제,D000479,Clobetasol Propionate,Clobetasol Propionate(클로베타솔프로피오네이트),클로베타솔프로피오네이트,도모호론액(클로베타솔프로피오네이트),20020618,200201131,[M223224]클로베타솔프로피오네이트,,단일,20190621,,,투여기간주의
20140720,황갈색의 원형 필름 코팅정,01220,골격근이완제,(주)동구바이오제약,전문의약품,필름코팅정,D000489,Thiocolchicoside,Thiocolchicoside(치오콜치코시드),치오콜치코시드,치오에스정(수출용),20021121,200201173,[M095614]치오콜치코시드/[M080565]무정형에스신,[D000232]Aescin(에스신),복합,20141230,,,투여기간주의
20210207,흰색의 로션제,02640,진통.진양.수렴.소염제,(주)한국파마,전문의약품,피부로션제,D001310,Prednicarbate,Prednicarbate(프레드니카르베이트),프레드니카르베이트,락티케어제마지스로션0.25%(프레드니카르베이트),20021007,200201367,[M084063]프레드니카르베이트,,단일,20190621,,,투여기간주의
20210207,백색의 크림제,02640,진통.진양.수렴.소염제,오스틴제약(주),전문의약품,피부크림제,D001310,Prednicarbate,Prednicarbate(프레드니카르베이트),프레드니카르베이트,베스톱크림(프레드니카르베이트),20020307,200201704,[M084063]프레드니카르베이트,,단일,20190621,,,투여기간주의
20210207,흰색의 연고제,02640,진통.진양.수렴.소염제,한미약품(주),전문의약품,피부연고제,D001310,Prednicarbate,Prednicarbate(프레드니카르베이트),프레드니카르베이트,티티베연고0.25%(프레드니카르베이트),20021009,200202197,[M084063]프레드니카르베이트,,단일,20190621,,,투여기간주의
20210420,이 약은 흰색의 로션제이다.,02640,진통.진양.수렴.소염제,한미약품(주),전문의약품,피부로션제,D001309,Desoximetasone,Desoximetasone(데속시메타손),데속시메타손,데옥손로션0.25%(데속시메타손),20020702,200202204,[M050197]데속시메타손,,단일,20190621,,,투여기간주의
20230819,무색 투명한 앰플내의 무색 투명한 액체가 든 주사제,01140,해열.진통.소염제,(주)휴온스,전문의약품,용액주사제,D000506,Diclofenac Sodium,Diclofenac Sodium(디클로페낙나트륨),디클로페낙나트륨,"휴온스디클로페낙나트륨주사(수출용)(수출명:DICOLONInj.,KMDICLOFENACSODIUMInj.,DICLOFENACSODIUMInj.)",20021224,200202677,[M050288]디클로페낙나트륨,,단일,20150507,,,투여기간주의
20240522,엷은 황색의 투명 액체가 든 갈색 앰플 주사제,01140,해열.진통.소염제,명문제약(주),전문의약품,용액주사제,D000274,Ketorolac Tromethamine,Ketorolac Tromethamine(케토롤락트로메타민염),케토롤락트로메타민염,"케토신주사(케토롤락트로메타민염)(수출명:뉴케토신주사,NEWKETOCININJ)",20021011,200202727,[M222885]케토롤락트로메타민염,,단일,20150507,,,투여기간주의
20220129,흰색의 플라스틱병에 든 투명한 전질균등의 액제,02640,진통.진양.수렴.소염제,(주)글락소스미스클라인,전문의약품,피부현탁액제,D000479,Clobetasol Propionate,Clobetasol Propionate(클로베타솔프로피오네이트),클로베타솔프로피오네이트,더모베이트액(클로베타솔프로피오네이트),20020625,200209642,[M223224]클로베타솔프로피오네이트,,단일,20190621,,,투여기간주의
20220201,일정량씩 분무되는 용기에 든 무색 투명 내지 연한 노란색의 액,01320,이비과용제,헤일리온코리아주식회사,일반의약품,일반액상분무제,D001651,Xylometazoline Hydrochloride,Xylometazoline Hydrochloride(자일로메타졸린염산염),자일로메타졸린염산염,오트리빈0.05%비강분무액(자일로메타졸린염산염),20021230,200209700,[M257887]자일로메타졸린염산염,,단일,20231108,,,투여기간주의
20240522,이 약은 엷은 황색의 투명액체가 든 갈색앰플 주사제이다,01140,해열.진통.소염제,하나제약(주),전문의약품,용액주사제,D000274,Ketorolac Tromethamine,Ketorolac Tromethamine(케토롤락트로메타민염),케토롤락트로메타민염,케로민주사(케토롤락트로메타민염),20030902,200301719,[M222885]케토롤락트로메타민염,,단일,20150507,,,투여기간주의
20210207,이 약은 흰색의 불투명한 플라스틱용기에 든 흰색의 로션제 이다.,02640,진통.진양.수렴.소염제,제이더블유신약(주),전문의약품,피부로션제,D001310,Prednicarbate,Prednicarbate(프레드니카르베이트),프레드니카르베이트,더미소론로션(프레드니카르베이트),20030315,200301842,[M084063]프레드니카르베이트,,단일,20190621,,,투여기간주의
20240522,엷은 황색의 투명 액체가 든 갈색 앰플 주사제                                                           ,01140,해열.진통.소염제,(주)휴온스,전문의약품,용액주사제,D000274,Ketorolac Tromethamine,Ketorolac Tromethamine(케토롤락트로메타민염),케토롤락트로메타민염,"케트로주사(케토롤락트로메타민염)(수출명:HUDORAC Inj., NEWHUDORAC Inj.,CBI antigrain Injection, Huons Ketrolac tromethamine Inj.)   ",20030102,200302143,[M222885]케토롤락트로메타민염,,단일,20150507,,,투여기간주의
20230819,무색 투명한 액이 든 갈색 투명한 앰플주사제,01140,해열.진통.소염제,(주)제일제약,전문의약품,용액주사제,D000506,Diclofenac Sodium,Diclofenac Sodium(디클로페낙나트륨),디클로페낙나트륨,제일제약디클로페낙나트륨주사액2.5%(수출용),20040227,200400583,[M050288]디클로페낙나트륨,,단일,20150507,,,투여기간주의
20180614,흰색연고,02640,진통.진양.수렴.소염제,(주)한독,전문의약품,피부연고제,D001309,Desoximetasone,Desoximetasone(데속시메타손),데속시메타손,에스파손연고0.25%(데속시메타손),20040616,200401013,[M050197]데속시메타손,,단일,20190621,,,투여기간주의
20220331,불투명한 흰색 플라스틱 용기에 든 무색 혹은 연한 노란색의 맑고 투명한 액,02640,진통.진양.수렴.소염제,태극제약(주),전문의약품,피부액제,D001310,Prednicarbate,Prednicarbate(프레드니카르베이트),프레드니카르베이트,프레벨액0.25%(프레드니카르베이트),20040507,200401147,[M084063]프레드니카르베이트,,단일,20190621,,,투여기간주의
20200420,"황색의 결정성 가루가 들어있는 상, 하 흰색의 경질캡슐",01220,골격근이완제,한국유니온제약(주),전문의약품,"경질캡슐제, 산제",D000489,Thiocolchicoside,Thiocolchicoside(티오콜키코시드),티오콜키코시드,무코나캡슐(티오콜키코시드)(수출용),20040416,200401613,[M251172]티오콜키코시드,,단일,20141230,,,투여기간주의
20220129,전질균등한 무색의 투명한 액상체이다.,02640,진통.진양.수렴.소염제,제이더블유신약(주),전문의약품,피부현탁액제,D000479,Clobetasol Propionate,Clobetasol Propionate(클로베타솔프로피오네이트),클로베타솔프로피오네이트,크러벤액(클로베타솔프로피오네이트),20040616,200402687,[M223224]클로베타솔프로피오네이트,,단일,20190621,,,투여기간주의
20171110,백색 로션,02640,진통.진양.수렴.소염제,주식회사제뉴원사이언스,전문의약품,피부로션제,D001308,Desonide,Desonide(데소니드),데소니드,데소나로션0.05%(데소니드),20040831,200404714,[M200279]데소니드,,단일,20190621,,,투여기간주의
20210207,흰색의 로션제,02640,진통.진양.수렴.소염제,주식회사제뉴원사이언스,전문의약품,피부로션제,D001310,Prednicarbate,Prednicarbate(프레드니카르베이트),프레드니카르베이트,프레드나로션0.25%(프레드니카르베이트),20041229,200404718,[M084063]프레드니카르베이트,,단일,20190621,,,투여기간주의
20140130,백색 또는 미백색의 반고형 크림,02640,진통.진양.수렴.소염제,주식회사제뉴원사이언스,전문의약품,피부크림제,D001308,Desonide,Desonide(데소니드),데소니드,데소나크림0.05%(데소니드),20040915,200404723,[M200279]데소니드,,단일,20190621,,,투여기간주의
20151120,흰색의 로션,02640,진통.진양.수렴.소염제,(주)메디카코리아,전문의약품,피부로션제,D001308,Desonide,Desonide(데소니드),데소니드,데소니아로션0.05%(데소니드),20051128,200501253,[M200279]데소니드,,단일,20190621,,,투여기간주의
20140130,흰색 또는 미백색의 반고형 크림,02640,진통.진양.수렴.소염제,(주)메디카코리아,전문의약품,피부크림제,D001308,Desonide,Desonide(데소니드),데소니드,데소니아크림0.05%(데소니드),20051216,200501254,[M200279]데소니드,,단일,20190621,,,투여기간주의
20140130,백색 또는 미백색의 반고형 크림,02640,진통.진양.수렴.소염제,(주)한국파마,전문의약품,피부크림제,D001308,Desonide,Desonide(데소니드),데소니드,아토맥스크림0.05%(데소니드),20050913,200501540,[M200279]데소니드,,단일,20190621,,,투여기간주의
20151023,백색 로션,02640,진통.진양.수렴.소염제,(주)한국파마,전문의약품,피부로션제,D001308,Desonide,Desonide(데소니드),데소니드,아토맥스로션0.05%(데소니드),20050519,200501563,[M200279]데소니드,,단일,20190621,,,투여기간주의
20151023,백색의 로오숀제,02640,진통.진양.수렴.소염제,대원제약(주),전문의약품,피부로션제,D001308,Desonide,Desonide(데소니드),데소니드,데스원로션0.05%(데소니드),20050131,200501614,[M200279]데소니드,,단일,20190621,,,투여기간주의
20200907,황색의 장방형 필름코팅정,01410,항히스타민제,(주)한국파비스제약,전문의약품,필름코팅정,D000448,Pseudoephedrine Hydrochloride,Pseudoephedrine Hydrochloride(수도에페드린염산염),수도에페드린염산염,안티코정(수출용),20050401,200502237,[M222857]세티리진염산염/[M222865]수도에페드린염산염,[D000647]Cetirizine(세티리진),복합,20141230,,,투여기간주의
20250415,무색～미황색의 투명한 액이 들어있는 갈색 앰플제,01140,해열.진통.소염제,케이엠에스제약(주),전문의약품,용액주사제,D000506,Diclofenac Beta-Dimethylaminoethanol,Diclofenac Beta-Dimethylaminoethanol(디클로페낙β-디메틸아미노에탄올),디클로페낙β-디메틸아미노에탄올,뉴베타주2mL(디클로페낙β-디메틸아미노에탄올),20050422,200502687,[M252249]디클로페낙β-디메틸아미노에탄올,,단일,20150507,,,투여기간주의
20220201,무색 내지 미황색의 투명한 액,01320,이비과용제,한림제약(주),일반의약품,일반액상분무제,D001091,Oxymetazoline Hydrochloride,Oxymetazoline Hydrochloride(옥시메타졸린염산염),옥시메타졸린염산염,"시너스비액(옥시메타졸린염산염)(수출명:오리지날릴리프비액,엑스트라모이스처라이징비액,사이너스비액)",20050830,200502895,[M223162]옥시메타졸린염산염/[M223162]옥시메타졸린염산염/[M223162]옥시메타졸린염산염/[M223162]옥시메타졸린염산염/[M223162]옥시메타졸린염산염,,단일,20180831,,,투여기간주의
20220129,무색 또는 미황색의 반투명한 액제,02640,진통.진양.수렴.소염제,갈더마코리아(주),전문의약품,샴푸,D000479,Clobetasol Propionate,Clobetasol Propionate(클로베타솔프로피오네이트),클로베타솔프로피오네이트,클로벡스액0.05%(클로베타솔프로피오네이트),20050610,200511301,[M223224]클로베타솔프로피오네이트,,단일,20190621,,,투여기간주의
20220521,흰색-유백색의 연한 좌제,02380,"하제, 완장제",오펠라헬스케어코리아(주),일반의약품,"항문용좌제, 수용성",D001300,Bisacodyl,Bisacodyl(비사코딜),비사코딜,둘코락스좌약(비사코딜),20050927,200512347,[M050687]비사코딜,,단일,20231108,,,투여기간주의
20241212,갈색 투명한 앰플에 무색투명한 액이 든 주사제,01140,해열.진통.소염제,(주)바이넥스,전문의약품,용액주사제,D000982,Naproxen Sodium,Naproxen Sodium(나프록센나트륨),나프록센나트륨,바이넥스나프록센나트륨주(수출용),20060308,200600131,[M070724]나프록센나트륨,,단일,20150507,,,투여기간주의
20250415,무색～미황색의 투명한 액이 들어있는 갈색의 앰플주사제,01140,해열.진통.소염제,한국유니온제약(주),전문의약품,용액주사제,D000506,Diclofenac Beta-Dimethylaminoethanol,Diclofenac Beta-Dimethylaminoethanol(디클로페낙β-디메틸아미노에탄올),디클로페낙β-디메틸아미노에탄올,유니페낙에프주(디클로페낙β-디메틸아미노에탄올),20060126,200600327,[M252249]디클로페낙β-디메틸아미노에탄올,,단일,20150507,,,투여기간주의
20210207,흰색의 크림제  ,02640,진통.진양.수렴.소염제,주식회사제뉴원사이언스,전문의약품,피부크림제,D001310,Prednicarbate,Prednicarbate(프레드니카르베이트),프레드니카르베이트,프레카크림(프레드니카르베이트),20061109,200606620,[M084063]프레드니카르베이트,,단일,20190621,,,투여기간주의
20220129,"백색의 부드럽고 반투명, 전질 균등한 연고제",02690,기타의 외피용약,주식회사제뉴원사이언스,전문의약품,피부연고제,D000479,Clobetasol Propionate,Clobetasol Propionate(클로베타솔프로피오네이트),클로베타솔프로피오네이트,프로솔연고(클로베타솔프로피오네이트),20061109,200606622,[M223224]클로베타솔프로피오네이트/[M223224]클로베타솔프로피오네이트,,단일,20190621,,,투여기간주의
20220201,무색 내지 연한 노란색의 투명한 액,01320,이비과용제,태극제약(주),일반의약품,일반액상분무제,D001091,Oxymetazoline Hydrochloride,Oxymetazoline Hydrochloride(옥시메타졸린염산염),옥시메타졸린염산염,"옥시졸나잘액(옥시메타졸린염산염)(수출명:오리지날릴리프액,엑스트라모이스처라이징비액,사이너스비액)",20060825,200607813,[M223162]옥시메타졸린염산염/[M223162]옥시메타졸린염산염/[M223162]옥시메타졸린염산염/[M223162]옥시메타졸린염산염,,단일,20180831,,,투여기간주의
20220403,긴 끈이 달린 편물로 된 폴리에스테르실 안에 든 엷은 황색의 반투명하고 모서리가 둥근 얇고 평평한 직사각형의 질좌제,02520,자궁수축제,한국페링제약(주),전문의약품,"질좌제, 서방성",D001184,Dinoprostone,Dinoprostone(디노프로스톤),디노프로스톤,프로페스질서방정(디노프로스톤),20060731,200610643,[M089394]디노프로스톤,,단일,20190621,,,투여기간주의
20180307,무색내지 노란색의 투명한 주사액이 든 infusion bag,06110,주로 그람양성균에 작용하는 것,한국화이자제약(주),전문의약품,용액주사제,D001035,Linezolid,Linezolid(리네졸리드),리네졸리드,자이복스주2밀리그람/밀리리터(리네졸리드),20060911,200705482,[M093034]리네졸리드,,단일,20211119,,,투여기간주의
20220129,백색의 로션제,02640,진통.진양.수렴.소염제,주식회사제뉴원사이언스,전문의약품,피부로션제,D000479,Clobetasol Propionate,Clobetasol Propionate(클로베타솔프로피오네이트),클로베타솔프로피오네이트,프로솔로션(클로베타솔프로피오네이트),20070618,200706943,[M223224]클로베타솔프로피오네이트,,단일,20190621,,,투여기간주의
20160609,이 약은 백색 또는 미황색의 크림이다.,02660,피부연화제(부식제를 포함),동아에스티(주),전문의약품,피부크림제,D001303,Imiquimod,Imiquimod(이미퀴모드),이미퀴모드,알다라크림(이미퀴모드),20070907,200710217,[M095552]이미퀴모드,,단일,20190621,,,투여기간주의
20180320,백색의 로션,02640,진통.진양.수렴.소염제,주식회사 노바엠헬스케어,전문의약품,피부로션제,D001308,Desonide,Desonide(데소니드),데소니드,케어덤로션0.05%(데소니드),20071023,200711531,[M200279]데소니드,,단일,20190621,,,투여기간주의
20240522,엷은 황색의 투명한 액체가 충전된 갈색 앰플제,01140,해열.진통.소염제,대한약품공업(주),전문의약품,용액주사제,D000274,Ketorolac Tromethamine,Ketorolac Tromethamine(케토롤락트로메타민염),케토롤락트로메타민염,대한케토롤락트로메타민주,20080219,200801933,[M222885]케토롤락트로메타민염,,단일,20150507,,,투여기간주의
20260220,분홍색의 원형 장용성 필름코팅정,01140,해열.진통.소염제,알파제약(주),전문의약품,장용성필름코팅정,D000506,Diclofenac Sodium,Diclofenac Sodium(디클로페낙나트륨),디클로페낙나트륨,타이페낙정50밀리그람(디클로페낙나트륨)(수출용),20080304,200802500,[M050288]디클로페낙나트륨,,단일,20150507,,,투여기간주의
20260220,황색의 장방형으로 된 장용피 정제이다.,01140,해열.진통.소염제,(주)한국파마,전문의약품,장용성필름코팅정,D000506,Diclofenac Sodium,Diclofenac Sodium(디클로페낙나트륨),디클로페낙나트륨,파마디클로페낙나트륨정(수출용),20080421,200804331,[M050288]디클로페낙나트륨,,단일,20150507,,,투여기간주의
20260415,투명 바이알에 든 흰색 내지 미백색의 가루로 쓸 때 녹여서 쓰는 주사제,06290,기타의 화학요법제,한국화이자제약(주),전문의약품,용액용동결건조분말주사제,D000736,Anidulafungin Fructose Mixture,Anidulafungin Fructose Mixture(아니둘라펀진과당혼합물),아니둘라펀진과당혼합물,에락시스주100밀리그램(아니둘라펀진과당혼합물),20080530,200806020,[M234183]아니둘라펀진과당혼합물,,단일,20190621,,,투여기간주의
20260220,황색의 원형 장용성 제피정,01140,해열.진통.소염제,한국코러스(주),전문의약품,장용성필름코팅정,D000506,Diclofenac Sodium,Diclofenac Sodium(디클로페낙나트륨),디클로페낙나트륨,디페트정50mg(디클로페낙나트륨)(수출용),20080623,200806883,[M050288]디클로페낙나트륨,,단일,20150507,,,투여기간주의
20260220,1.황색의 장방형으로 된 장용피 정제2.황색의 원형으로 된 장용피 정제,01140,해열.진통.소염제,한국코러스(주),전문의약품,장용성필름코팅정,D000506,Diclofenac Sodium,Diclofenac Sodium(디클로페낙나트륨),디클로페낙나트륨,디페트정100mg(디클로페낙나트륨)(수출용),20080630,200807225,[M050288]디클로페낙나트륨,,단일,20150507,,,투여기간주의
20230819,무색투명한 액이 들어있는 무색투명한 앰플,01140,해열.진통.소염제,한국코러스(주),전문의약품,용액주사제,D000506,Diclofenac Sodium,Diclofenac Sodium(디클로페낙나트륨),디클로페낙나트륨,코페낙주3밀리리터(디클로페낙나트륨)(수출용),20080718,200807920,[M050288]디클로페낙나트륨,,단일,20150507,,,투여기간주의
20201208,브러쉬가 부착된 뚜껑이 있는 유리병안에 무색~엷은 황색의 투명한 액제,02650,기생성 피부질환용제,한국메나리니(주),일반의약품,라카,D001301,Ciclopirox,Ciclopirox(시클로피록스),시클로피록스,풀케어 네일라카 (시클로피록스),20081223,200811790,[M085228]시클로피록스,,단일,20190621,,,투여기간주의
20151115,흔들었을 때 균질한 유백색의 현탁액을 함유하고 있는 백색의 플라스틱 용기,01310,안과용제,(주)바슈헬스코리아,전문의약품,현탁액점안제,D000221,Loteprednol Etabonate,Loteprednol Etabonate(로테프레드놀 에타보네이트),로테프레드놀 에타보네이트,로테맥스점안현탁액0.5%(로테프레드놀에타보네이트),20081224,200811863,[M245318]로테프레드놀 에타보네이트,,단일,20190621,,,투여기간주의
20200420,무색∼미황색의 투명한 액이 무색투명한 바이알에 든 주사제,03390,기타의 혈액 및 체액용약,(주)사노피-아벤티스코리아,전문의약품,용액주사제,D000104,Plerixafor,Plerixafor(플레릭사포르),플레릭사포르,모조빌주(플레릭사포르),20100126,201000845,[M248943]플레릭사포르,,단일,20190621,,,투여기간주의
20230819,무색 투명한 액이 든 무색 투명한 앰플 주사제,01140,해열.진통.소염제,(주)휴메딕스,전문의약품,용액주사제,D000506,Diclofenac Sodium,Diclofenac Sodium(디클로페낙나트륨),디클로페낙나트륨,휴메딕스디클로페낙나트륨주사(수출용),20100308,201001927,[M050288]디클로페낙나트륨,,단일,20150507,,,투여기간주의
20140703,플라스틱병에 든 체리향이 있는 황갈색 내지 엷은 갈색의 시럽제,02290,기타의 호흡기관용약,한화제약(주),전문의약품,액상시럽제,D001305,Pelargonium Sidoides 11% Ethanol Extract (1→8~10)·Maltodextrin Mixed Solution (1:4.56),Pelargonium Sidoides 11% Ethanol Extract (1→8~10)·Maltodextrin Mixed Solution (1:4.56)(펠라고니움시도이데스11%에탄올추출물(1→8~10)·말토덱스트린혼합물(1:4.56)),펠라고니움시도이데스11%에탄올추출물(1→8~10)·말토덱스트린혼합물(1:4.56),움카민시럽(펠라고니움시도이데스11%에탄올추출물(1→8~10)·말토덱스트린혼합물(1:4.56)),20080829,200809095,[M262994]펠라고니움시도이데스11%에탄올추출물(1→8~10)·말토덱스트린혼합물(1:4.56),,단일,20190621,,,투여기간주의
20120419,흰색의 원형필름코팅정제,01140,해열.진통.소염제,한국코러스(주),전문의약품,필름코팅정,D000274,Ketorolac Tromethamine,Ketorolac Tromethamine(케토롤락트로메타민),케토롤락트로메타민,케롤민정(케토롤락트로메타민)(수출용)(수출명:①Ketorolac-Asteria Tab. ②Kerolmin Tab.),20100507,201003391,[M084703]케토롤락트로메타민,,단일,20150507,,,투여기간주의
20130806,엷은 황색의 투명한 액이 든 갈색투명한 앰플주사제,01140,해열.진통.소염제,(주)제일제약,전문의약품,용액주사제,D000274,Ketorolac Tromethamine,Ketorolac Tromethamine(케토롤락트로메타민),케토롤락트로메타민,케톨락주(케토롤락트로메타민)(수출용),20110113,201100186,[M084703]케토롤락트로메타민,,단일,20150507,,,투여기간주의
20230819,무색등명한 액체가 든 갈색앰플제,01140,해열.진통.소염제,동광제약(주),전문의약품,용액주사제,D000506,Diclofenac Sodium,Diclofenac Sodium(디클로페낙나트륨),디클로페낙나트륨,디페인주3ml(디클로페낙나트륨)(수출용),20110214,201100681,[M050288]디클로페낙나트륨,,단일,20150507,,,투여기간주의
20201228,"파란색의 원형정제 (각인 : SAMSCA, 15)",02190,기타의 순환계용약,한국오츠카제약(주),전문의약품,나정,D000487,Tolvaptan Spray Dry Powder,Tolvaptan Spray Dry Powder(톨밥탄분무건조분말),톨밥탄분무건조분말,삼스카정15밀리그램(톨밥탄분무건조분말),20110901,201106062,[M252922]톨밥탄분무건조분말,,단일,20190621,,,투여기간주의
20201228,"파란색의 사각정제(각인 : SAMSCA, 30)",02190,기타의 순환계용약,한국오츠카제약(주),전문의약품,나정,D000487,Tolvaptan Spray Dry Powder,Tolvaptan Spray Dry Powder(톨밥탄분무건조분말),톨밥탄분무건조분말,삼스카정30밀리그램(톨밥탄분무건조분말),20110901,201106063,[M252922]톨밥탄분무건조분말,,단일,20190621,,,투여기간주의
20140921,플라스틱병 또는 알루미늄파우치에 든 딸기향이 있는 황갈색 또는 엷은 갈색의 시럽제,02290,기타의 호흡기관용약,대한뉴팜(주),전문의약품,액상시럽제,D001305,Pelargonium Sidoides 11% Ethanol Extract (1→8~10)·Glycerin Mixed Solution (8:2),Pelargonium Sidoides 11% Ethanol Extract (1→8~10)·Glycerin Mixed Solution (8:2)(펠라고니움시도이데스11%에탄올추출물(1→8~10) 글리세린혼합액(8:2)),펠라고니움시도이데스11%에탄올추출물(1→8~10) 글리세린혼합액(8:2),뉴카민시럽(펠라고니움시도이데스11%에탄올추출물(1→8~10)ㆍ글리세린혼합액(8:2)),20111111,201109832,[M255069]펠라고니움시도이데스11%에탄올추출물(1→8~10) 글리세린혼합액(8:2),,단일,20190621,,,투여기간주의
20140922,플라스틱병 또는 알루미늄파우치에 든 딸기향이 있는 황갈색 또는 엷은 갈색의 시럽제,02290,기타의 호흡기관용약,유니메드제약(주),전문의약품,액상시럽제,D001305,Pelargonium Sidoides 11% Ethanol Extract (1→8~10)·Glycerin Mixed Solution (8:2),Pelargonium Sidoides 11% Ethanol Extract (1→8~10)·Glycerin Mixed Solution (8:2)(펠라고니움시도이데스11%에탄올추출물(1→8~10)·글리세린혼합액(8:2)),펠라고니움시도이데스11%에탄올추출물(1→8~10)·글리세린혼합액(8:2),알엔이시럽(펠라고니움시도이데스11%에탄올추출물(1→8~10)·글리세린혼합액(8:2)),20111111,201109836,[M253732]펠라고니움시도이데스11%에탄올추출물(1→8~10)·글리세린혼합액(8:2),,단일,20190621,,,투여기간주의
20140921,플라스틱병에 든 딸기향이 있는 황갈색 또는 엷은 갈색의 시럽제,02290,기타의 호흡기관용약,(주)메디카코리아,전문의약품,액상시럽제,D001305,Pelargonium Sidoides 11% Ethanol Extract (1→8~10)·Glycerin Mixed Solution (8:2),Pelargonium Sidoides 11% Ethanol Extract (1→8~10)·Glycerin Mixed Solution (8:2)(펠라고니움시도이데스11%에탄올추출물(1→8~10)·글리세린혼합액(8:2)),펠라고니움시도이데스11%에탄올추출물(1→8~10)·글리세린혼합액(8:2),뮤카민시럽(펠라고니움시도이데스11%에탄올추출물(1→8~10)·글리세린혼합액(8:2)),20111111,201109837,[M253732]펠라고니움시도이데스11%에탄올추출물(1→8~10)·글리세린혼합액(8:2),,단일,20190621,,,투여기간주의
20141014,볼록한 원형의 적황색 구강붕해정,02350,"최토제, 진토제",하나제약(주),전문의약품,구강붕해정,D000203,Ramosetron Hydrochloride,Ramosetron Hydrochloride(라모세트론염산염),라모세트론염산염,람세트오디정0.1밀리그램(라모세트론염산염),20111115,201110023,[M255325]라모세트론염산염,,단일,20150331,,항암제 투여로 인한 구역 및 구토의 방지에 쓰는 제품에 한함,투여기간주의
20141014,흰색의 원형 구강붕해정,02350,"최토제, 진토제",한국유나이티드제약(주),전문의약품,구강붕해정,D000203,Ramosetron Hydrochloride,Ramosetron Hydrochloride(라모세트론염산염),라모세트론염산염,람트론오디정(라모세트론염산염),20111115,201110058,[M246846]라모세트론염산염,,단일,20150331,,항암제 투여로 인한 구역 및 구토의 방지에 쓰는 제품에 한함,투여기간주의
20141014,엷은 빨간색의 직사각형 구강붕해필름,02350,"최토제, 진토제",광동제약(주),전문의약품,구강붕해정,D000203,Ramosetron Hydrochloride,Ramosetron Hydrochloride(라모세트론염산염),라모세트론염산염,라모필름오디에프(라모세트론염산염)(수출용),20111121,201110137,[M246846]라모세트론염산염,,단일,20150331,,항암제 투여로 인한 구역 및 구토의 방지에 쓰는 제품에 한함,투여기간주의
20141014,양면이 볼록한 원형의 엷은 적황색 구강붕해정,02350,"최토제, 진토제",(주)보령,전문의약품,구강붕해정,D000203,Ramosetron Hydrochloride,Ramosetron Hydrochloride(라모세트론염산염),라모세트론염산염,나제론오디정0.1mg(라모세트론염산염),20120531,201205269,[M255325]라모세트론염산염,,단일,20150331,,항암제 투여로 인한 구역 및 구토의 방지에 쓰는 제품에 한함,투여기간주의
20140922,플라스틱병 또는 알루미늄파우치에 든 딸기향이 있는 황갈색 또는 엷은 갈색의 시럽제,02290,기타의 호흡기관용약,제일약품(주),전문의약품,액상시럽제,D001305,Pelargonium Sidoides 11% Ethanol Extract (1→8~10)·Glycerin Mixed Solution (8:2),Pelargonium Sidoides 11% Ethanol Extract (1→8~10)·Glycerin Mixed Solution (8:2)(펠라고니움시도이데스11%에탄올추출물(1→8~10)·글리세린혼합액(8:2)),펠라고니움시도이데스11%에탄올추출물(1→8~10)·글리세린혼합액(8:2),펠라카민시럽(펠라고니움시도이데스11%에탄올추출물(1→8~10)·글리세린혼합액(8:2)),20111111,201109838,[M253732]펠라고니움시도이데스11%에탄올추출물(1→8~10)·글리세린혼합액(8:2)/[M253732]펠라고니움시도이데스11%에탄올추출물(1→8~10)·글리세린혼합액(8:2),,단일,20190621,,,투여기간주의
20140922,플라스틱병 또는 알루미늄파우치에 든 딸기향이 있는 황갈색 또는 엷은 갈색의 시럽제,02290,기타의 호흡기관용약,명문제약(주),전문의약품,액상시럽제,D001305,Pelargonium Sidoides 11% Ethanol Extract (1→8~10)·Glycerin Mixed Solution (8:2),Pelargonium Sidoides 11% Ethanol Extract (1→8~10)·Glycerin Mixed Solution (8:2)(펠라고니움시도이데스11%에탄올추출물(1→8~10)·글리세린혼합액(8:2)),펠라고니움시도이데스11%에탄올추출물(1→8~10)·글리세린혼합액(8:2),펠람시럽(펠라고니움시도이데스11%에탄올추출물(1→8~10)·글리세린혼합액(8:2)),20111111,201109840,[M253732]펠라고니움시도이데스11%에탄올추출물(1→8~10)·글리세린혼합액(8:2),,단일,20190621,,,투여기간주의
20140922,플라스틱병 또는 알루미늄파우치에 든 딸기향이 있는 황갈색 또는 엷은 갈색의 시럽제,02290,기타의 호흡기관용약,코오롱제약(주),전문의약품,액상시럽제,D001305,Pelargonium Sidoides 11% Ethanol Extract (1→8~10)·Glycerin Mixed Solution (8:2),Pelargonium Sidoides 11% Ethanol Extract (1→8~10)·Glycerin Mixed Solution (8:2)(펠라고니움시도이데스11%에탄올추출물(1→8~10)·글리세린혼합액(8:2)),펠라고니움시도이데스11%에탄올추출물(1→8~10)·글리세린혼합액(8:2),카카민시럽(펠라고니움시도이데스11%에탄올추출물(1→8~10)·글리세린혼합액),20111111,201109841,[M253732]펠라고니움시도이데스11%에탄올추출물(1→8~10)·글리세린혼합액(8:2),,단일,20190621,,,투여기간주의
20140922,플라스틱병 또는 알루미늄파우치에 든 딸기향이 있는 황갈색 또는 엷은 갈색의 시럽제,02290,기타의 호흡기관용약,한미약품(주),전문의약품,액상시럽제,D001305,Pelargonium Sidoides 11% Ethanol Extract (1→8~10)·Glycerin Mixed Solution (8:2),Pelargonium Sidoides 11% Ethanol Extract (1→8~10)·Glycerin Mixed Solution (8:2)(펠라고니움시도이데스11%에탄올추출물(1→8~10)·글리세린혼합액(8:2)),펠라고니움시도이데스11%에탄올추출물(1→8~10)·글리세린혼합액(8:2),펠라움시럽(펠라고니움시도이데스11%에탄올추출물(1→8~10)·글리세린혼합액(8:2)),20111111,201109843,[M253732]펠라고니움시도이데스11%에탄올추출물(1→8~10)·글리세린혼합액(8:2),,단일,20190621,,,투여기간주의
20140921,플라스틱병 또는 알루미늄파우치에 든 딸기향이 있는 황갈색 또는 엷은 갈색의 시럽제,02290,기타의 호흡기관용약,일동제약(주),전문의약품,액상시럽제,D001305,Pelargonium Sidoides 11% Ethanol Extract (1→8~10)·Glycerin Mixed Solution (8:2),Pelargonium Sidoides 11% Ethanol Extract (1→8~10)·Glycerin Mixed Solution (8:2)(펠라고니움시도이데스11%에탄올추출물(1→8~10)·글리세린혼합액(8:2),펠라고니움시도이데스11%에탄올추출물(1→8~10)·글리세린혼합액(8:2,움큐어시럽(펠라고니움시도이데스11%에탄올추출물(1→8~10)·글리세린혼합액(8:2)),20111111,201109847,[M254970]펠라고니움시도이데스11%에탄올추출물(1→8~10)·글리세린혼합액(8:2,,단일,20190621,,,투여기간주의
20140922,플라스틱병 또는 알루미늄파우치에 든 딸기향이 있는 황갈색 또는 엷은 갈색의 시럽제,02290,기타의 호흡기관용약,제이더블유신약(주),전문의약품,액상시럽제,D001305,Pelargonium Sidoides 11% Ethanol Extract (1→8~10)·Glycerin Mixed Solution (8:2),Pelargonium Sidoides 11% Ethanol Extract (1→8~10)·Glycerin Mixed Solution (8:2)(펠라고니움시도이데스11%에탄올엑스(1→8∼10)·글리세린혼합액(8:2)),펠라고니움시도이데스11%에탄올엑스(1→8∼10)·글리세린혼합액(8:2),제이로바시럽(펠라고니움시도이데스11%에탄올엑스(1→8~10)·글리세린혼합액(8:2)),20111111,201109849,[M258628]펠라고니움시도이데스11%에탄올엑스(1→8∼10)·글리세린혼합액(8:2),,단일,20190621,,,투여기간주의
20220129,흰색의 연고제,02640,진통.진양.수렴.소염제,태극제약(주),전문의약품,피부연고제,D000479,Clobetasol Propionate,Clobetasol Propionate(클로베타솔프로피오네이트),클로베타솔프로피오네이트,프로베타연고(클로베타솔프로피오네이트)(수출용),20120723,201206213,[M223224]클로베타솔프로피오네이트,,단일,20190621,,,투여기간주의
20210207,흰색의 불투명한 플라스틱 용기에 든 흰색의 로션제,02640,진통.진양.수렴.소염제,삼아제약(주),전문의약품,피부로션제,D001310,Prednicarbate,Prednicarbate(프레드니카르베이트),프레드니카르베이트,삼아리도스타로션(프레드니카르베이트),20120803,201206381,[M084063]프레드니카르베이트,,단일,20190621,,,투여기간주의
20210207,흰색의 크림제,02640,진통.진양.수렴.소염제,삼아제약(주),전문의약품,피부크림제,D001310,Prednicarbate,Prednicarbate(프레드니카르베이트),프레드니카르베이트,삼아리도스타크림(프레드니카르베이트),20120828,201206601,[M084063]프레드니카르베이트,,단일,20190621,,,투여기간주의
20220129,"백색의 부드럽고 반투명, 전질 균등한 연고제",02640,진통.진양.수렴.소염제,(주)제뉴파마,전문의약품,피부연고제,D000479,Clobetasol Propionate,Clobetasol Propionate(클로베타솔프로피오네이트),클로베타솔프로피오네이트,클로베이트연고(클로베타솔프로피오네이트)(수출용),20130219,201305372,[M223224]클로베타솔프로피오네이트,,단일,20190621,,,투여기간주의
20180810,백색의 로션,02640,진통.진양.수렴.소염제,코오롱제약(주),전문의약품,피부로션제,D001308,Desonide,Desonide(데소니드),데소니드,토피덤로션0.05%(데소니드),20130829,201309052,[M200279]데소니드,,단일,20190621,,,투여기간주의
20220129,전질균등한 투명한 액제,02640,진통.진양.수렴.소염제,주식회사제뉴원사이언스,전문의약품,피부현탁액제,D000479,Clobetasol Propionate,Clobetasol Propionate(클로베타솔프로피오네이트),클로베타솔프로피오네이트,프로솔액(클로베타솔프로피오네이트),20130830,201309134,[M223224]클로베타솔프로피오네이트/[M223224]클로베타솔프로피오네이트,,단일,20190621,,,투여기간주의
20140921,플라스틱병 또는 알루미늄파우치에 든 딸기향이 있는 엷은 갈색 또는 황갈색의 시럽제,02290,기타의 호흡기관용약,삼천당제약(주),전문의약품,액상시럽제,D001305,Pelargonium Sidoides 11% Ethanol Extract (1→8~10)·Glycerin Mixed Solution (8:2),Pelargonium Sidoides 11% Ethanol Extract (1→8~10)·Glycerin Mixed Solution (8:2)(펠라고니움시도이데스11%에탄올추출물(1→8~10)·글리세린혼합액(8:2)),펠라고니움시도이데스11%에탄올추출물(1→8~10)·글리세린혼합액(8:2),에스카민시럽(펠라고니움시도이데스11%에탄올추출물(1→8~10)·글리세린혼합액(8:2)),20111111,201109854,[M253732]펠라고니움시도이데스11%에탄올추출물(1→8~10)·글리세린혼합액(8:2),,단일,20190621,,,투여기간주의
20191002,플라스틱병에 든 딸기향이 있는 황갈색 또는 엷은 갈색의 시럽제,02290,기타의 호흡기관용약,(주)팜젠사이언스,전문의약품,액상시럽제,D001305,Pelargonium Sidoides 11% Ethanol Extract (1→8~10)·Glycerin Mixed Solution (8:2),Pelargonium Sidoides 11% Ethanol Extract (1→8~10)·Glycerin Mixed Solution (8:2)(펠라고니움시도이데스11%에탄올추출물(1→8~10)·글리세린혼합액(8:2)),펠라고니움시도이데스11%에탄올추출물(1→8~10)·글리세린혼합액(8:2),움코푸시럽(펠라고니움시도이데스11%에탄올추출물(1→8~10)·글리세린혼합액(8:2)),20111111,201109856,[M253732]펠라고니움시도이데스11%에탄올추출물(1→8~10)·글리세린혼합액(8:2),,단일,20190621,,,투여기간주의
20140921,플라스틱병 또는 알루미늄파우치에 든 딸기향이 있는 황갈색 또는 엷은 갈색의 시럽제,02290,기타의 호흡기관용약,주식회사제뉴원사이언스,전문의약품,액상시럽제,D001305,Pelargonium Sidoides 11% Ethanol Extract (1→8~10)·Glycerin Mixed Solution (8:2),Pelargonium Sidoides 11% Ethanol Extract (1→8~10)·Glycerin Mixed Solution (8:2)(펠라고니움시도이데스11%에탄올추출물(1→8~10)·글리세린혼합액(8:2)),펠라고니움시도이데스11%에탄올추출물(1→8~10)·글리세린혼합액(8:2),펠리움시럽(펠라고니움시도이데스11%에탄올추출물(1→8~10)·글리세린혼합액(8:2)),20111111,201109858,[M253732]펠라고니움시도이데스11%에탄올추출물(1→8~10)·글리세린혼합액(8:2),,단일,20190621,,,투여기간주의
20140921,플라스틱병 또는 알루미늄호일 파우치에 든 체리향이 있는 황갈색 내지 엷은 갈색의 시럽제,02290,기타의 호흡기관용약,하나제약(주),전문의약품,액상시럽제,D001305,Pelargonium Sidoides 11% Ethanol Extract (1→8~10)·Glycerin Mixed Solution (8:2),Pelargonium Sidoides 11% Ethanol Extract (1→8~10)·Glycerin Mixed Solution (8:2)(펠라고니움시도이데스11%에탄올추출물(1→8~10)·글리세린혼합액(8:2)),펠라고니움시도이데스11%에탄올추출물(1→8~10)·글리세린혼합액(8:2),페로민시럽(펠라고니움시도이데스11%에탄올추출물(1→8~10)·글리세린혼합액(8:2)),20111111,201109860,[M253732]펠라고니움시도이데스11%에탄올추출물(1→8~10)·글리세린혼합액(8:2),,단일,20190621,,,투여기간주의
20140922,플라스틱병에 든 체리향이 있는 황갈색 내지 엷은 갈색 시럽제,02290,기타의 호흡기관용약,(주)종근당,전문의약품,액상시럽제,D001305,Pelargonium Sidoides 11% Ethanol Extract (1→8~10)·Glycerin Mixed Solution (8:2),Pelargonium Sidoides 11% Ethanol Extract (1→8~10)·Glycerin Mixed Solution (8:2)(펠라고니움시도이데스11%에탄올추출물(1→8~10)ㆍ글리세린혼합액(8:2)),펠라고니움시도이데스11%에탄올추출물(1→8~10)ㆍ글리세린혼합액(8:2),움스코민시럽(펠라고니움시도이데스11%에탄올추출물(1→8~10)·글리세린혼합액(8:2)),20111111,201109868,[M279109]펠라고니움시도이데스11%에탄올추출물(1→8~10)ㆍ글리세린혼합액(8:2),,단일,20190621,,,투여기간주의
20140921,불투명한 백색병에 든 체리향이 첨가된 황갈색 내지 엷은 갈색의 시럽제,02290,기타의 호흡기관용약,(주)씨엠지제약,전문의약품,액상시럽제,D001305,Pelargonium Sidoides 11% Ethanol Extract (1→8~10)·Glycerin Mixed Solution (8:2),Pelargonium Sidoides 11% Ethanol Extract (1→8~10)·Glycerin Mixed Solution (8:2)(펠라고니움시도이데스11%에탄올추출물(1→8∼10)·글리세린혼합액(8:2)),펠라고니움시도이데스11%에탄올추출물(1→8∼10)·글리세린혼합액(8:2),펠라고시럽(펠라고니움시도이데스11%에탄올추출물(1→8~10)·글리세린혼합액(8:2)),20111111,201109869,[M254252]펠라고니움시도이데스11%에탄올추출물(1→8∼10)·글리세린혼합액(8:2),,단일,20190621,,,투여기간주의
20210209,일정량씩 분무되는 용기에 든 무색 내지 거의 무색의 투명한 액,01320,이비과용제,동화약품(주),일반의약품,정량액상분무제,D001651,Xylometazoline Hydrochloride,Xylometazoline Hydrochloride(자일로메타졸린염산염),자일로메타졸린염산염,화이투벤나잘스프레이0.05%(자일로메타졸린염산염),20130906,201309222,[M257887]자일로메타졸린염산염,,단일,20231108,,,투여기간주의
20210209,- 화이투벤나잘스프레이1mg/mL : 일정량씩 분무되는 용기에 든 무색 내지 거의 무색의 투명한 액- 화이투벤멘톨나잘스프레이1mg/mL : 일정량씩 분무되는 용기에 든 결정형이 없는 박하향의 무색 내지 거의 무색의 액,01320,이비과용제,동화약품(주),일반의약품,정량액상분무제,D001651,Xylometazoline Hydrochloride,Xylometazoline Hydrochloride(자일로메타졸린염산염),자일로메타졸린염산염,화이투벤나잘스프레이0.1%(자일로메타졸린염산염)/화이투벤멘톨나잘스프레이0.1%(자일로메타졸린염산염),20130906,201309223,[M257887]자일로메타졸린염산염/[M257887]자일로메타졸린염산염,,단일,20231108,,,투여기간주의
20210402,엷은 황색의 투명한 액이 든 갈색투명한 앰플주사제,01140,해열.진통.소염제,한국유니온제약(주),전문의약품,용액주사제,D000274,Ketorolac Tromethamine,Ketorolac Tromethamine(케토롤락트로메타민),케토롤락트로메타민,유니온케토롤락트로메타민주(수출용),20130911,201309291,[M084703]케토롤락트로메타민,,단일,20150507,,,투여기간주의
20210207,흰색의 크림제,02640,진통.진양.수렴.소염제,일양약품(주),전문의약품,피부크림제,D001310,Prednicarbate,Prednicarbate(프레드니카르베이트),프레드니카르베이트,프리베이트크림(프레드니카르베이트),20131010,201309605,[M084063]프레드니카르베이트,,단일,20190621,,,투여기간주의
20250102,진한 노란색의 장방형 필름코팅정제,01410,항히스타민제,한미약품(주),전문의약품,필름코팅정,D000448,Pseudoephedrine Hydrochloride,Pseudoephedrine Hydrochloride(슈도에페드린염산염),슈도에페드린염산염,"코싹엘정(레보세티리진,슈도에페드린)",20131129,201310403,[M203364]슈도에페드린염산염/[M244596]레보세티리진염산염,[D000903]Levocetirizine(레보세티리진),복합,20191111,,,투여기간주의
20140921,플라스틱병 또는 알루미늄호일 파우치에 든 체리향이 있는 황갈색 내지 엷은 갈색의 시럽제,02290,기타의 호흡기관용약,알리코제약(주),전문의약품,액상시럽제,D001305,Pelargonium Sidoides 11% Ethanol Extract (1→8~10)·Glycerin Mixed Solution (8:2),Pelargonium Sidoides 11% Ethanol Extract (1→8~10)·Glycerin Mixed Solution (8:2)(펠라고니움시도이데스11%에탄올추출물(1→8~10)·글리세린혼합액(8:2)),펠라고니움시도이데스11%에탄올추출물(1→8~10)·글리세린혼합액(8:2),움카에이시럽(펠라고니움시도이데스11%에탄올추출물(1→8~10)·글리세린혼합액(8:2)),20111111,201109872,[M253732]펠라고니움시도이데스11%에탄올추출물(1→8~10)·글리세린혼합액(8:2),,단일,20190621,,,투여기간주의
20140922,플라스틱병 또는 알루미늄호일 파우치에 든 체리향이 있는 황갈색 내지 엷은 갈색의 시럽제,02290,기타의 호흡기관용약,성원애드콕제약(주),전문의약품,액상시럽제,D001305,Pelargonium Sidoides 11% Ethanol Extract (1→8~10)·Glycerin Mixed Solution (8:2),Pelargonium Sidoides 11% Ethanol Extract (1→8~10)·Glycerin Mixed Solution (8:2)(펠라고니움시도이데스11%에탄올추출물(1→8~10)·글리세린혼합액(8:2)),펠라고니움시도이데스11%에탄올추출물(1→8~10)·글리세린혼합액(8:2),움카론시럽(펠라고니움시도이데스11%에탄올추출물(1→8~10)·글리세린혼합액(8:2)),20111111,201109873,[M253732]펠라고니움시도이데스11%에탄올추출물(1→8~10)·글리세린혼합액(8:2),,단일,20190621,,,투여기간주의
20150703,플라스틱병 또는 알루미늄호일 파우치에 든 체리향이 있는 황갈색 내지 엷은 갈색의 시럽제,02290,기타의 호흡기관용약,(주)테라젠이텍스,전문의약품,액상시럽제,D001305,Pelargonium Sidoides 11% Ethanol Extract (1→8~10)·Glycerin Mixed Solution (8:2),Pelargonium Sidoides 11% Ethanol Extract (1→8~10)·Glycerin Mixed Solution (8:2)(펠라고니움시도이데스11%에탄올추출물(1→8~10)·글리세린혼합액(8:2)),펠라고니움시도이데스11%에탄올추출물(1→8~10)·글리세린혼합액(8:2),움카맥스시럽(펠라고니움시도이데스11%에탄올추출물(1→8~10)·글리세린혼합액(8:2)),20111111,201109877,[M253732]펠라고니움시도이데스11%에탄올추출물(1→8~10)·글리세린혼합액(8:2),,단일,20190621,,,투여기간주의
20160428,플라스틱병 또는 알루미늄파우치에 든 딸기향이 있는 황갈색 또는 엷은 갈색의 시럽제,02290,기타의 호흡기관용약,삼진제약(주),전문의약품,액상시럽제,D001305,Pelargonium Sidoides 11% Ethanol Extract (1→8~10)·Glycerin Mixed Solution (8:2),Pelargonium Sidoides 11% Ethanol Extract (1→8~10)·Glycerin Mixed Solution (8:2)(펠라고니움시도이데스11%에탄올추출물(1→8~10)·글리세린혼합액(8:2)),펠라고니움시도이데스11%에탄올추출물(1→8~10)·글리세린혼합액(8:2),아이펙트-에스시럽(펠라고니움시도이데스11%에탄올추출물(1→8∼10)·글리세린혼합액(8:2)),20111111,201109880,[M253732]펠라고니움시도이데스11%에탄올추출물(1→8~10)·글리세린혼합액(8:2),,단일,20190621,,,투여기간주의
20191231,플라스틱병에 든 딸기향이 있는 황갈색 또는 엷은 갈색의 시럽제,02290,기타의 호흡기관용약,동국제약(주),전문의약품,액상시럽제,D001305,Pelargonium Sidoides 11% Ethanol Extract (1→8~10)·Glycerin Mixed Solution (8:2),Pelargonium Sidoides 11% Ethanol Extract (1→8~10)·Glycerin Mixed Solution (8:2)(펠라고니움시도이데스11%에탄올추출물(1→8~10)·글리세린혼합액(8:2)),펠라고니움시도이데스11%에탄올추출물(1→8~10)·글리세린혼합액(8:2),펠라곤시럽(펠라고니움시도이데스11%에탄올추출물(1→8∼10)·글리세린혼합액(8:2)),20111111,201109882,[M253732]펠라고니움시도이데스11%에탄올추출물(1→8~10)·글리세린혼합액(8:2),,단일,20190621,,,투여기간주의
20170424,플라스틱병에 든 딸기향이 있는 황갈색 또는 엷은 갈색의 시럽제,02290,기타의 호흡기관용약,(주)동구바이오제약,전문의약품,액상시럽제,D001305,Pelargonium Sidoides 11% Ethanol Extract (1→8~10)·Glycerin Mixed Solution (8:2),Pelargonium Sidoides 11% Ethanol Extract (1→8~10)·Glycerin Mixed Solution (8:2)(펠라고니움시도이데스11%에탄올추출물(1→8~10)ㆍ글리세린혼합액(8:2)),펠라고니움시도이데스11%에탄올추출물(1→8~10)ㆍ글리세린혼합액(8:2),브론키시럽(펠라고니움시도이데스11%에탄올추출물(1→8~10)·글리세린혼합액(8:2)),20111111,201109884,[M279109]펠라고니움시도이데스11%에탄올추출물(1→8~10)ㆍ글리세린혼합액(8:2),,단일,20190621,,,투여기간주의
20210207,흰색의 로션제,02640,진통.진양.수렴.소염제,(주)메디카코리아,전문의약품,피부로션제,D001310,Prednicarbate,Prednicarbate(프레드니카르베이트),프레드니카르베이트,카더마로션0.25%(프레드니카르베이트),20140319,201401251,[M084063]프레드니카르베이트,,단일,20190621,,,투여기간주의
20220201,무색 내지 연한 노란색의 투명한 액제,01320,이비과용제,태극제약(주),일반의약품,일반액상분무제,D001651,Xylometazoline Hydrochloride,Xylometazoline Hydrochloride(자일로메타졸린염산염),자일로메타졸린염산염,메타리빈액0.1%(자일로메타졸린염산염),20140501,201402082,[M257887]자일로메타졸린염산염,,단일,20231108,,,투여기간주의
20230621,무색 또는 노란색의 투명한 주사액이 든 플라스틱 백,06110,주로 그람양성균에 작용하는 것,에이치케이이노엔(주),전문의약품,수액제,D001035,Linezolid,Linezolid(리네졸리드),리네졸리드,씨네졸리드주2밀리그램/밀리리터(리네졸리드),20140516,201402275,[M093034]리네졸리드,,단일,20211119,,,투여기간주의
20210109,흰색의 볼록한 타원형 필름코팅정제,06110,주로 그람양성균에 작용하는 것,영진약품(주),전문의약품,필름코팅정,D001035,Linezolid,Linezolid(리네졸리드),리네졸리드,리네졸린정600밀리그램(리네졸리드),20140523,201402365,[M093034]리네졸리드,,단일,20211119,,,투여기간주의
20210109,흰색의 달걀형 필름코팅정,06110,주로 그람양성균에 작용하는 것,에이치케이이노엔(주),전문의약품,필름코팅정,D001035,Linezolid,Linezolid(리네졸리드),리네졸리드,씨네졸리드정600밀리그램(리네졸리드),20140528,201402416,[M093034]리네졸리드,,단일,20211119,,,투여기간주의
20240522,엷은 황색의 투명 액체가 든 갈색 앰플 주사제,01140,해열.진통.소염제,아주약품(주),전문의약품,용액주사제,D000274,Ketorolac Tromethamine,Ketorolac Tromethamine(케토롤락트로메타민염),케토롤락트로메타민염,케트로민주(케토롤락트로메타민염)(수출용),20140624,201402788,[M222885]케토롤락트로메타민염,,단일,20150507,,,투여기간주의
20140921,불투명한 백색병에 든 체리향이 첨가된 황갈색 내지 엷은 갈색의 시럽제,02290,기타의 호흡기관용약,(주)비보존제약,전문의약품,액상시럽제,D001305,Pelargonium Sidoides 11% Ethanol Extract (1→8~10)·Glycerin Mixed Solution (8:2),Pelargonium Sidoides 11% Ethanol Extract (1→8~10)·Glycerin Mixed Solution (8:2)(펠라고니움시도이데스11%에탄올추출물(1→8∼10)·글리세린혼합액(8:2))),펠라고니움시도이데스11%에탄올추출물(1→8∼10)·글리세린혼합액(8:2)),제이카민시럽(펠라고니움시도이데스11%에탄올추출물(1→8~10)·글리세린 혼합액(8:2)),20111111,201109886,[M279110]펠라고니움시도이데스11%에탄올추출물(1→8∼10)·글리세린혼합액(8:2)),,단일,20190621,,,투여기간주의
20201126,플라스틱병에 든 딸기향이 있는 황갈색 또는 엷은 갈색의 시럽제,02290,기타의 호흡기관용약,대우제약(주),전문의약품,액상시럽제,D001305,Pelargonium Sidoides 11% Ethanol Extract (1→8~10)·Glycerin Mixed Solution (8:2),Pelargonium Sidoides 11% Ethanol Extract (1→8~10)·Glycerin Mixed Solution (8:2)(펠라고니움시도이데스11%에탄올추출물(1→8~10)·글리세린혼합액(8:2)),펠라고니움시도이데스11%에탄올추출물(1→8~10)·글리세린혼합액(8:2),페라콜시럽(펠라고니움시도이데스11%에탄올추출물(1→8~10)ㆍ글리세린혼합액(8:2)),20111111,201109892,[M253732]펠라고니움시도이데스11%에탄올추출물(1→8~10)·글리세린혼합액(8:2),,단일,20190621,,,투여기간주의
20140921,불투명한 백색병에 든 체리향이 첨가된 황갈색 내지 엷은 갈색의 시럽제,02290,기타의 호흡기관용약,(주)일화,전문의약품,액상시럽제,D001305,Pelargonium Sidoides 11% Ethanol Extract (1→8~10)·Glycerin Mixed Solution (8:2),Pelargonium Sidoides 11% Ethanol Extract (1→8~10)·Glycerin Mixed Solution (8:2)(펠라고니움시도이데스11%에탄올추출물(1→8~10)·글리세린혼합액(8:2)),펠라고니움시도이데스11%에탄올추출물(1→8~10)·글리세린혼합액(8:2),펠라스시럽(펠라고니움시도이데스11%에탄올추출물(1→8~10)ㆍ글리세린혼합액(8:2)),20111111,201109893,[M253732]펠라고니움시도이데스11%에탄올추출물(1→8~10)·글리세린혼합액(8:2),,단일,20190621,,,투여기간주의
20140922,플라스틱병 또는 알루미늄호일 파우치에 든 체리향이 있는 황갈색 내지 엷은 갈색의 시럽제,02290,기타의 호흡기관용약,삼익제약(주),전문의약품,액상시럽제,D001305,Pelargonium Sidoides 11% Ethanol Extract (1→8~10)·Glycerin Mixed Solution (8:2),Pelargonium Sidoides 11% Ethanol Extract (1→8~10)·Glycerin Mixed Solution (8:2)(펠라고니움시도이데스11%에탄올추출물(1→8~10)ㆍ글리세린혼합액(8:2)),펠라고니움시도이데스11%에탄올추출물(1→8~10)ㆍ글리세린혼합액(8:2),기치콜시럽(펠라고니움시도이데스11%에탄올추출물(1→8~10)ㆍ글리세린혼합액(8:2)),20111111,201109897,[M279109]펠라고니움시도이데스11%에탄올추출물(1→8~10)ㆍ글리세린혼합액(8:2),,단일,20190621,,,투여기간주의
20130531,1.무색 또는 미황색의 맑은 액2.특이한 냄새가 나는 무색 또는 미황색의 맑은 액,01320,이비과용제,(주)퍼슨,일반의약품,일반액상분무제,D001091,Oxymetazoline Hydrochloride,Oxymetazoline Hydrochloride(옥시메타졸린염산염),옥시메타졸린염산염,"퓨어에이드나잘스프레이오리지날(옥시메타졸린염산염)(수출용)(수출명:Pure Aid Nasal Spray Original,  Pure Aid Nasal Spray Extra Moisturizing, ASSURED NASAL RELIEF SPRAY PUMP MIST ANTI-DRIP ORIGINAL Oxymetazoline HCI-Nasal Decongestant,VM PLUS Nasal Spray, Family Care Nasal Spray Original,Family Care Severe Congestion Nasal Spray ,Leader Extra Moisturizing Nasal Spray Original,Leader Severe Congestion Nasal Spray)",20121221,201210198,[M223162]옥시메타졸린염산염/[M223162]옥시메타졸린염산염,,단일,20180831,,,투여기간주의
20180911,적갈색의 원형 필름코팅정,02290,기타의 호흡기관용약,한화제약(주),전문의약품,필름코팅정,D001305,Pelargonium Sidoides 11% Ethanol Extract (1→8~10)·Maltodextrin Mixed Solution (1:4.56),Pelargonium Sidoides 11% Ethanol Extract (1→8~10)·Maltodextrin Mixed Solution (1:4.56)(펠라고니움시도이데스11%에탄올추출물(1→8~10)·말토덱스트린혼합물(1:4.56)),펠라고니움시도이데스11%에탄올추출물(1→8~10)·말토덱스트린혼합물(1:4.56),움카민정(펠라고니움시도이데스11%에탄올추출물(1→8~10)·말토덱스트린혼합물(1:4.56)),20130830,201309088,[M262994]펠라고니움시도이데스11%에탄올추출물(1→8~10)·말토덱스트린혼합물(1:4.56),,단일,20190621,,,투여기간주의
20220129,반투명한 흰색~미황색의 전질균등한 연고제,02640,진통.진양.수렴.소염제,이연제약(주),전문의약품,피부연고제,D000479,Clobetasol Propionate,Clobetasol Propionate(클로베타솔프로피오네이트),클로베타솔프로피오네이트,클로베타연고(클로베타솔프로피오네이트),20140625,201402836,[M223224]클로베타솔프로피오네이트,,단일,20190621,,,투여기간주의
20220129,흰색~거의 흰색의 유연한 크림으로 이물질이 없이 전질 균등한 외용 크림제,02640,진통.진양.수렴.소염제,이연제약(주),전문의약품,피부크림제,D000479,Clobetasol Propionate,Clobetasol Propionate(클로베타솔프로피오네이트),클로베타솔프로피오네이트,클로베타크림(클로베타솔프로피오네이트),20140722,201403285,[M223224]클로베타솔프로피오네이트,,단일,20190621,,,투여기간주의
20220129,전질균등한 투명한 액제,02640,진통.진양.수렴.소염제,코오롱제약(주),전문의약품,피부현탁액제,D000479,Clobetasol Propionate,Clobetasol Propionate(클로베타솔프로피오네이트),클로베타솔프로피오네이트,코베이트액(클로베타솔프로피오네이트),20140827,201403999,[M223224]클로베타솔프로피오네이트,,단일,20190621,,,투여기간주의
20220201,무색 내지 미황색의 투명한 액,01320,이비과용제,일양약품(주),일반의약품,일반액상분무제,D001091,Oxymetazoline Hydrochloride,Oxymetazoline Hydrochloride(옥시메타졸린염산염),옥시메타졸린염산염,옥시코잘액(옥시메타졸린염산염),20140911,201404186,[M223162]옥시메타졸린염산염,,단일,20180831,,,투여기간주의
20150430,적갈색의 원형 필름코팅정,02290,기타의 호흡기관용약,(주)종근당,전문의약품,필름코팅정,D001305,Pelargonium Sidoides 11% Ethanol Dried Extract (5.5∼6.6→1),Pelargonium Sidoides 11% Ethanol Dried Extract (5.5∼6.6→1)(펠라고니움시도이데스11%에탄올건조엑스(5.5~6.6→1)),펠라고니움시도이데스11%에탄올건조엑스(5.5~6.6→1),움스코민정(펠라고니움시도이데스11%에탄올건조엑스(5.5∼6.6→1)),20141031,201405112,[M267961]펠라고니움시도이데스11%에탄올건조엑스(5.5~6.6→1),,단일,20190621,,,투여기간주의
20190221,흰색의 현탁용 산제,02370,정장제,한국애보트(유),전문의약품,현탁액용산제,D001554,Racecadotril,Racecadotril(라세카도트릴),라세카도트릴,하이드라섹산30mg(라세카도트릴),20141120,201405411,[M090882]라세카도트릴,,단일,20220527,,"주성분 함량 10mg, 30mg, 100mg, 캡슐제, 산제",투여기간주의
20190221,흰색의 현탁용 산제,02370,정장제,한국애보트(유),전문의약품,현탁액용산제,D001554,Racecadotril,Racecadotril(라세카도트릴),라세카도트릴,하이드라섹산10mg(라세카도트릴),20141120,201405412,[M090882]라세카도트릴,,단일,20220527,,"주성분 함량 10mg, 30mg, 100mg, 캡슐제, 산제",투여기간주의
20220201,일정량씩 분무되는 용기에 든 무색 내지 미황색의 투명한 액제,01320,이비과용제,조아제약(주),일반의약품,일반액상분무제,D001091,Oxymetazoline Hydrochloride,Oxymetazoline Hydrochloride(옥시메타졸린염산염),옥시메타졸린염산염,시원타조아나잘스프레이(옥시메타졸린염산염),20141202,201405694,[M223162]옥시메타졸린염산염,,단일,20180831,,,투여기간주의
20150504,백색 또는 미백색의 반고형 크림,02640,진통.진양.수렴.소염제,주식회사더유제약,전문의약품,피부크림제,D001308,Desonide,Desonide(데소니드),데소니드,마일드원크림0.05%(데소니드),20141208,201405794,[M200279]데소니드,,단일,20190621,,,투여기간주의
20210207,흰색의 로션제,02640,진통.진양.수렴.소염제,(주)마더스제약,전문의약품,피부로션제,D001310,Prednicarbate,Prednicarbate(프레드니카르베이트),프레드니카르베이트,프레드린로션(프레드니카르베이트),20141224,201406045,[M084063]프레드니카르베이트,,단일,20190621,,,투여기간주의
20220129,전질균등한 투명한 액체,02640,진통.진양.수렴.소염제,(주)한국파마,전문의약품,피부현탁액제,D000479,Clobetasol Propionate,Clobetasol Propionate(클로베타솔프로피오네이트),클로베타솔프로피오네이트,크로솔액(클로베타솔프로피오네이트),20150112,201500112,[M223224]클로베타솔프로피오네이트,,단일,20190621,,,투여기간주의
20240522,엷은 황색의 투명한 액체가 든 갈색 앰플 주사제,01140,해열.진통.소염제,이연제약(주),전문의약품,용액주사제,D000274,Ketorolac Tromethamine,Ketorolac Tromethamine(케토롤락트로메타민),케토롤락트로메타민,케톨민주(케토롤락트로메타민),20150115,201500216,[M084703]케토롤락트로메타민,,단일,20150507,,,투여기간주의
20210207,흰색의 로션제,02640,진통.진양.수렴.소염제,대웅바이오(주),전문의약품,피부로션제,D001310,Prednicarbate,Prednicarbate(프레드니카르베이트),프레드니카르베이트,더마폴론로션0.25%(프레드니카르베이트),20150130,201500520,[M084063]프레드니카르베이트,,단일,20190621,,,투여기간주의
20190528,적갈색의 원형 필름코팅정,02290,기타의 호흡기관용약,(주)다산제약,전문의약품,필름코팅정,D001305,Pelargonium Sidoides 11% Ethanol Dried Extract (5.5∼6.6→1),Pelargonium Sidoides 11% Ethanol Dried Extract (5.5∼6.6→1)(펠라고니움시도이데스11%에탄올건조엑스(5.5~6.6→1)),펠라고니움시도이데스11%에탄올건조엑스(5.5~6.6→1),카니움정(펠라고니움시도이데스11%에탄올건조엑스(5.5~6.6→1)),20150430,201502610,[M267961]펠라고니움시도이데스11%에탄올건조엑스(5.5~6.6→1),,단일,20190621,,,투여기간주의
20200213,적갈색의 원형 필름코팅정,02290,기타의 호흡기관용약,삼천당제약(주),전문의약품,필름코팅정,D001305,Pelargonium Sidoides 11% Ethanol Dried Extract (5.5∼6.6→1),Pelargonium Sidoides 11% Ethanol Dried Extract (5.5∼6.6→1)(펠라고니움시도이데스11%에탄올건조엑스(5.5~6.6→1)),펠라고니움시도이데스11%에탄올건조엑스(5.5~6.6→1),에스카민정(펠라고니움시도이데스11%에탄올건조엑스(5.5~6.6→1)),20150430,201502649,[M267961]펠라고니움시도이데스11%에탄올건조엑스(5.5~6.6→1),,단일,20190621,,,투여기간주의
20191126,적갈색의 원형 필름코팅정,02290,기타의 호흡기관용약,한국프라임제약(주),전문의약품,필름코팅정,D001305,Pelargonium Sidoides 11% Ethanol Dried Extract (5.5∼6.6→1),Pelargonium Sidoides 11% Ethanol Dried Extract (5.5∼6.6→1)(펠라고니움시도이데스11%에탄올건조엑스(5.5~6.6→1)),펠라고니움시도이데스11%에탄올건조엑스(5.5~6.6→1),올카민정(펠라고니움시도이데스11%에탄올건조엑스(5.5~6.6→1)),20150430,201502677,[M267961]펠라고니움시도이데스11%에탄올건조엑스(5.5~6.6→1),,단일,20190621,,,투여기간주의
20210405,적갈색의 원형 필름코팅정,02290,기타의 호흡기관용약,동국제약(주),전문의약품,필름코팅정,D001305,Pelargonium Sidoides 11% Ethanol Dried Extract (5.5∼6.6→1),Pelargonium Sidoides 11% Ethanol Dried Extract (5.5∼6.6→1)(펠라고니움시도이데스11%에탄올건조엑스(5.5~6.6→1)),펠라고니움시도이데스11%에탄올건조엑스(5.5~6.6→1),펠라곤정(펠라고니움시도이데스11%에탄올건조엑스(5.5~6.6→1)),20150430,201502678,[M267961]펠라고니움시도이데스11%에탄올건조엑스(5.5~6.6→1),,단일,20190621,,,투여기간주의
20200326,적갈색의 원형 필름코팅정,02290,기타의 호흡기관용약,한국휴텍스제약(주),전문의약품,필름코팅정,D001305,Pelargonium Sidoides 11% Ethanol Dried Extract (5.5∼6.6→1),Pelargonium Sidoides 11% Ethanol Dried Extract (5.5∼6.6→1)(펠라고니움시도이데스11%에탄올건조엑스(5.5~6.6→1)),펠라고니움시도이데스11%에탄올건조엑스(5.5~6.6→1),움카세린정(펠라고니움시도이데스11%에탄올건조엑스(5.5∼6.6→1)),20150430,201502679,[M267961]펠라고니움시도이데스11%에탄올건조엑스(5.5~6.6→1),,단일,20190621,,,투여기간주의
20210810,적갈색의 원형 필름코팅정,02290,기타의 호흡기관용약,에이치엘비제약(주),전문의약품,필름코팅정,D001305,Pelargonium Sidoides 11% Ethanol Dried Extract (5.5∼6.6→1),Pelargonium Sidoides 11% Ethanol Dried Extract (5.5∼6.6→1)(펠라고니움시도이데스11%에탄올건조엑스(5.5~6.6→1)),펠라고니움시도이데스11%에탄올건조엑스(5.5~6.6→1),움카비정(펠라고니움시도이데스11%에탄올건조엑스(5.5~6.6→1)),20150430,201502683,[M267961]펠라고니움시도이데스11%에탄올건조엑스(5.5~6.6→1),,단일,20190621,,,투여기간주의
20210109,흰색의 볼록한 타원형의 필름코팅정,06110,주로 그람양성균에 작용하는 것,영진약품(주),전문의약품,필름코팅정,D001035,Linezolid,Linezolid(리네졸리드),리네졸리드,리네졸린정300밀리그램(리네졸리드),20150729,201505151,[M093034]리네졸리드,,단일,20211119,,,투여기간주의
20200331,적갈색의 원형 필름코팅정,02290,기타의 호흡기관용약,(주)테라젠이텍스,전문의약품,필름코팅정,D001305,Pelargonium Sidoides 11% Ethanol Dried Extract (5.5∼6.6→1),Pelargonium Sidoides 11% Ethanol Dried Extract (5.5∼6.6→1)(펠라고니움시도이데스11%에탄올건조엑스(5.5~6.6→1)),펠라고니움시도이데스11%에탄올건조엑스(5.5~6.6→1),움카맥스정(펠라고니움시도이데스11%에탄올건조엑스(5.5~6.6→1)),20150930,201506835,[M267961]펠라고니움시도이데스11%에탄올건조엑스(5.5~6.6→1),,단일,20190621,,,투여기간주의
20200203,적갈색의 원형 필름코팅정,02290,기타의 호흡기관용약,(주)대웅제약,전문의약품,필름코팅정,D001305,Pelargonium Sidoides 11% Ethanol Dried Extract (5.5∼6.6→1),Pelargonium Sidoides 11% Ethanol Dried Extract (5.5∼6.6→1)(펠라고니움시도이데스11%에탄올건조엑스(5.5~6.6→1)),펠라고니움시도이데스11%에탄올건조엑스(5.5~6.6→1),무가린정(펠라고니움시도이데스11%에탄올건조엑스(5.5~6.6→1)),20150930,201506851,[M267961]펠라고니움시도이데스11%에탄올건조엑스(5.5~6.6→1),,단일,20190621,,,투여기간주의
20210207,흰색의 로션제,02640,진통.진양.수렴.소염제,주식회사더유제약,전문의약품,피부로션제,D001310,Prednicarbate,Prednicarbate(프레드니카르베이트),프레드니카르베이트,프레디원로션0.25%(프레드니카르베이트),20151026,201507376,[M084063]프레드니카르베이트,,단일,20190621,,,투여기간주의
20220331,불투명한 흰색 플라스틱 용기에 든 무색 혹은 연한 노란색의 맑고 투명한 액,02640,진통.진양.수렴.소염제,(주)티디에스팜,전문의약품,피부액제,D001310,Prednicarbate,Prednicarbate(프레드니카르베이트),프레드니카르베이트,프레브이액(프레드니카르베이트),20151029,201507461,[M084063]프레드니카르베이트,,단일,20190621,,,투여기간주의
20190829,적갈색의 원형 필름코팅정,02290,기타의 호흡기관용약,(주)메디카코리아,전문의약품,필름코팅정,D001305,Pelargonium Sidoides 11% Ethanol Dried Extract (5.5∼6.6→1),Pelargonium Sidoides 11% Ethanol Dried Extract (5.5∼6.6→1)(펠라고니움시도이데스11%에탄올건조엑스(5.5~6.6→1)),펠라고니움시도이데스11%에탄올건조엑스(5.5~6.6→1),뮤카민정(펠라고니움시도이데스11%에탄올건조엑스(5.5~6.6→1)),20151030,201507470,[M267961]펠라고니움시도이데스11%에탄올건조엑스(5.5~6.6→1),,단일,20190621,,,투여기간주의
20180709,적갈색의 원형 필름코팅정,02290,기타의 호흡기관용약,알리코제약(주),전문의약품,필름코팅정,D001305,Pelargonium Sidoides 11% Ethanol Dried Extract (5.5∼6.6→1),Pelargonium Sidoides 11% Ethanol Dried Extract (5.5∼6.6→1)(펠라고니움시도이데스11%에탄올건조엑스(5.5∼6.6→1)),펠라고니움시도이데스11%에탄올건조엑스(5.5∼6.6→1),움카에이정(펠라고니움시도이데스11%에탄올건조엑스(5.5~6.6→1)),20151102,201507527,[M269642]펠라고니움시도이데스11%에탄올건조엑스(5.5∼6.6→1),,단일,20190621,,,투여기간주의
20220331,불투명한 흰색 플라스틱 용기에 든 무색 혹은 연한 노란색의 맑고 투명한 액,02640,진통.진양.수렴.소염제,성원애드콕제약(주),전문의약품,피부액제,D001310,Prednicarbate,Prednicarbate(프레드니카르베이트),프레드니카르베이트,프레칼액0.25%(프레드니카르베이트),20160126,201600502,[M084063]프레드니카르베이트,,단일,20190621,,,투여기간주의
20250415,무색～미황색의 투명한 액이 들어있는 갈색의 앰플주사제,01140,해열.진통.소염제,(주)오스코리아제약,전문의약품,용액주사제,D000506,Diclofenac Beta-Dimethylaminoethanol,Diclofenac Beta-Dimethylaminoethanol(디클로페낙β-디메틸아미노에탄올),디클로페낙β-디메틸아미노에탄올,오스타렌에프주(디클로페낙β-디메틸아미노에탄올),20160728,201604657,[M252249]디클로페낙β-디메틸아미노에탄올,,단일,20150507,,,투여기간주의
20250415,무색투명한 액이 들어있는 갈색의 앰플,01140,해열.진통.소염제,(주)오스코리아제약,전문의약품,용액주사제,D000506,Diclofenac Sodium,Diclofenac Sodium(디클로페낙나트륨),디클로페낙나트륨,오스타렌주(디클로페낙나트륨),20160728,201604658,[M050288]디클로페낙나트륨,,단일,20150507,,,투여기간주의
20250415,무색투명한 액이 들어있는 갈색의 앰플,01140,해열.진통.소염제,(주)화이트생명과학,전문의약품,용액주사제,D000506,Diclofenac Sodium,Diclofenac Sodium(디클로페낙나트륨),디클로페낙나트륨,세로페낙주(디클로페낙나트륨),20161108,201606539,[M050288]디클로페낙나트륨,,단일,20150507,,,투여기간주의
20250415,무색투명한 액이 들어있는 갈색의 앰플,01140,해열.진통.소염제,(주)킵스바이오파마,전문의약품,용액주사제,D000506,Diclofenac Sodium,Diclofenac Sodium(디클로페낙나트륨),디클로페낙나트륨,글로페낙주(디클로페낙나트륨),20161130,201606827,[M050288]디클로페낙나트륨,,단일,20150507,,,투여기간주의
20191202,적갈색의 원형 필름코팅정,02290,기타의 호흡기관용약,(주)킵스바이오파마,전문의약품,필름코팅정,D001305,Pelargonium Sidoides 11% Ethanol Dried Extract (5.5∼6.6→1),Pelargonium Sidoides 11% Ethanol Dried Extract (5.5∼6.6→1)(펠라고니움시도이데스11%에탄올건조엑스(5.5~6.6→1)),펠라고니움시도이데스11%에탄올건조엑스(5.5~6.6→1),움카바정(펠라고니움시도이데스11%에탄올건조엑스(5.5∼6.6→1)),20170104,201700100,[M267961]펠라고니움시도이데스11%에탄올건조엑스(5.5~6.6→1),,단일,20190621,,,투여기간주의
20240522,엷은 황색의 투명한 액체가 든 갈색 앰플 주사제,01140,해열.진통.소염제,삼진제약(주),전문의약품,용액주사제,D000274,Ketorolac Tromethamine,Ketorolac Tromethamine(케토롤락트로메타민),케토롤락트로메타민,케라신주(케토롤락트로메타민),20170131,201700525,[M084703]케토롤락트로메타민,,단일,20150507,,,투여기간주의
20191125,적갈색의 원형 필름코팅정,02290,기타의 호흡기관용약,아주약품(주),전문의약품,필름코팅정,D001305,Pelargonium Sidoides 11% Ethanol Dried Extract (5.5∼6.6→1),Pelargonium Sidoides 11% Ethanol Dried Extract (5.5∼6.6→1)(펠라고니움시도이데스11%에탄올건조엑스(5.5~6.6→1)),펠라고니움시도이데스11%에탄올건조엑스(5.5~6.6→1),브로카민정(펠라고니움시도이데스11%에탄올건조엑스(5.5~6.6→1)),20170623,201704753,[M267961]펠라고니움시도이데스11%에탄올건조엑스(5.5~6.6→1),,단일,20190621,,,투여기간주의
20210207,흰색의 크림제  ,02640,진통.진양.수렴.소염제,성원애드콕제약(주),전문의약품,피부크림제,D001310,Prednicarbate,Prednicarbate(프레드니카르베이트),프레드니카르베이트,프레아크림(프레드니카르베이트),20170720,201705784,[M084063]프레드니카르베이트,,단일,20190621,,,투여기간주의
20220331,불투명한 흰색 플라스틱 용기에 든 무색 혹은 연한 노란색의 맑고 투명한 액,02640,진통.진양.수렴.소염제,주식회사제뉴원사이언스,전문의약품,피부액제,D001310,Prednicarbate,Prednicarbate(프레드니카르베이트),프레드니카르베이트,프레드나액0.25%(프레드니카르베이트),20170814,201706579,[M084063]프레드니카르베이트,,단일,20190621,,,투여기간주의
20250102,흰색의 장방형 필름코팅정,01410,항히스타민제,코오롱제약(주),전문의약품,필름코팅정,D000448,Pseudoephedrine Hydrochloride,Pseudoephedrine Hydrochloride(슈도에페드린염산염),슈도에페드린염산염,코슈엘정,20170823,201706798,[M244596]레보세티리진염산염/[M203364]슈도에페드린염산염,[D000903]Levocetirizine(레보세티리진),복합,20191111,,,투여기간주의
20220331,불투명한 흰색 플라스틱 용기에 든 무색 혹은 연한 노란색의 맑고 투명한 액,02640,진통.진양.수렴.소염제,(주)옵투스제약,전문의약품,피부액제,D001310,Prednicarbate,Prednicarbate(프레드니카르베이트),프레드니카르베이트,프레드액0.25%(프레드니카르베이트),20170922,201707213,[M084063]프레드니카르베이트,,단일,20190621,,,투여기간주의
20210329,적갈색의 원형 필름코팅정,02290,기타의 호흡기관용약,(주)셀트리온제약,전문의약품,필름코팅정,D001305,Pelargonium Sidoides 11% Ethanol Dried Extract (5.5∼6.6→1),Pelargonium Sidoides 11% Ethanol Dried Extract (5.5∼6.6→1)(펠라고니움시도이데스11%에탄올건조엑스(5.5~6.6→1)),펠라고니움시도이데스11%에탄올건조엑스(5.5~6.6→1),셀카민정(펠라고니움시도이데스11%에탄올건조엑스(5.5~6.6→1)),20171025,201707606,[M267961]펠라고니움시도이데스11%에탄올건조엑스(5.5~6.6→1),,단일,20190621,,,투여기간주의
20230819,무색투명한 액이 들어있는 갈색의 앰플,01140,해열.진통.소염제,경동제약(주),전문의약품,용액주사제,D000506,Diclofenac Sodium,Diclofenac Sodium(디클로페낙나트륨),디클로페낙나트륨,경동디클로페낙주(디클로페낙나트륨)(수출용),20171113,201707880,[M050288]디클로페낙나트륨,,단일,20150507,,,투여기간주의
20250415,무색~연한 노란색의 투명한 액이 든 갈색의 앰플주사제,01140,해열.진통.소염제,주식회사제뉴원사이언스,전문의약품,용액주사제,D000506,Diclofenac Beta-Dimethylaminoethanol,Diclofenac Beta-Dimethylaminoethanol(디클로페낙β-디메틸아미노에탄올),디클로페낙β-디메틸아미노에탄올,디클로주2밀리리터(디클로페낙β-디메틸아미노에탄올),20171221,201708491,[M252249]디클로페낙β-디메틸아미노에탄올,,단일,20150507,,,투여기간주의
20250520,투명한 또는 거의 투명한 무색의 냄새가 없는 용액이다.  ,02610,외피용살균소독제,(주)한국유니팜,일반의약품,피부액제,D001652,Octenidine Hydrochloride,Octenidine Hydrochloride(옥테니딘염산염),옥테니딘염산염,옥테니셉트액,20180430,201801854,[M277236]옥테니딘염산염/[M201905]페녹시에탄올,[D001540]Phenoxyethanol(페녹시에탄올),복합,20231108,,,투여기간주의
20190123,짙은 갈색의 원형 필름코팅 정제,02290,기타의 호흡기관용약,한국유나이티드제약(주),전문의약품,필름코팅정,D001305,Pelargonium Sidoides 11% Ethanol Dried Extract (5.5∼6.6→1),Pelargonium Sidoides 11% Ethanol Dried Extract (5.5∼6.6→1)(펠라고니움시도이데스11%에탄올건조엑스(5.5~6.6→1)),펠라고니움시도이데스11%에탄올건조엑스(5.5~6.6→1),칼로민에스정(펠라고니움시도이데스11%에탄올건조엑스(5.5~6.6→1)),20190109,201900093,[M267961]펠라고니움시도이데스11%에탄올건조엑스(5.5~6.6→1),,단일,20190621,,,투여기간주의
20190201,흰색의 분말이 충진된 상하부 미황색의 경질캡슐제,02370,정장제,한국애보트(유),전문의약품,"경질캡슐제, 산제",D001554,Racecadotril,Racecadotril(라세카도트릴),라세카도트릴,하이드라섹캡슐100mg(라세카도트릴),20190121,201900291,[M090882]라세카도트릴,,단일,20220527,,"주성분 함량 10mg, 30mg, 100mg, 캡슐제, 산제",투여기간주의
20200713,적갈색 원형의 필름코팅정,02290,기타의 호흡기관용약,이연제약(주),전문의약품,필름코팅정,D001305,Pelargonium Sidoides 11% Ethanol Dried Extract (5.5∼6.6→1),Pelargonium Sidoides 11% Ethanol Dried Extract (5.5∼6.6→1)(펠라고니움시도이데스11%에탄올건조엑스(5.5~6.6→1)),펠라고니움시도이데스11%에탄올건조엑스(5.5~6.6→1),펠라고닌정(펠라고니움시도이데스11%에탄올건조엑스(5.5~6.6→1)(수출용),20190328,201901907,[M267961]펠라고니움시도이데스11%에탄올건조엑스(5.5~6.6→1),,단일,20190621,,,투여기간주의
20220129,전질균등한 투명한 액제,02640,진통.진양.수렴.소염제,(주)라이트팜텍,전문의약품,피부현탁액제,D000479,Clobetasol Propionate,Clobetasol Propionate(클로베타솔프로피오네이트),클로베타솔프로피오네이트,제이클로벨액(클로베타솔프로피오네이트),20190424,201902558,[M223224]클로베타솔프로피오네이트,,단일,20190621,,,투여기간주의
20191121,흰색의 겔제 ,02640,진통.진양.수렴.소염제,(주)라이트팜텍,전문의약품,피부용겔제,D001309,Desoximetasone,Desoximetasone(데속시메타손),데속시메타손,제이데속시겔0.05%(데속시메타손),20190516,201903187,[M050197]데속시메타손,,단일,20190621,,,투여기간주의
20220129,무색의 투명한 액제,02640,진통.진양.수렴.소염제,주식회사더유제약,전문의약품,피부현탁액제,D000479,Clobetasol Propionate,Clobetasol Propionate(클로베타솔프로피오네이트),클로베타솔프로피오네이트,듀오피엔액(클로베타솔프로피오네이트),20190812,201905648,[M223224]클로베타솔프로피오네이트,,단일,20190621,,,투여기간주의
20210207,흰색의 로션제 ,02640,진통.진양.수렴.소염제,(주)라이트팜텍,전문의약품,피부로션제,D001310,Prednicarbate,Prednicarbate(프레드니카르베이트),프레드니카르베이트,제이프레드로션0.25%(프레드니카르베이트),20190812,201905652,[M084063]프레드니카르베이트,,단일,20190621,,,투여기간주의
20191230,적갈색의 원형 필름코팅정,02290,기타의 호흡기관용약,주식회사케이에스제약,전문의약품,필름코팅정,D001305,Pelargonium Sidoides 11% Ethanol Dried Extract (5.5∼6.6→1),Pelargonium Sidoides 11% Ethanol Dried Extract (5.5∼6.6→1)(펠라고니움시도이데스11%에탄올건조엑스(5.5~6.6→1)),펠라고니움시도이데스11%에탄올건조엑스(5.5~6.6→1),브론벤트정(펠라고니움시도이데스11%에탄올건조엑스(5.5~6.6→1)),20191010,201907156,[M267961]펠라고니움시도이데스11%에탄올건조엑스(5.5~6.6→1),,단일,20190621,,,투여기간주의
20240522,연한 노란색의 투명한 액체가 든 갈색앰플 주사제,01140,해열.진통.소염제,한국유니온제약(주),전문의약품,용액주사제,D000274,Ketorolac Tromethamine,Ketorolac Tromethamine(케토롤락트로메타민염),케토롤락트로메타민염,유니온케토롤락주(케토롤락트로메타민염),20191030,201907574,[M222885]케토롤락트로메타민염,,단일,20150507,,,투여기간주의
20220331,불투명한 흰색 플라스틱 용기에 든 무색 혹은 연한 노란색의 맑고 투명한 액 ,02640,진통.진양.수렴.소염제,주식회사더유제약,전문의약품,피부액제,D001310,Prednicarbate,Prednicarbate(프레드니카르베이트),프레드니카르베이트,프레베이액0.25%(프레드니카르베이트),20191128,201908134,[M084063]프레드니카르베이트,,단일,20190621,,,투여기간주의
20250415,무색~연한 노란색의 투명한 액이 든 갈색의 앰플주사제,01140,해열.진통.소염제,주식회사케이에스제약,전문의약품,용액주사제,D000506,Diclofenac Beta-Dimethylaminoethanol,Diclofenac Beta-Dimethylaminoethanol(디클로페낙β-디메틸아미노에탄올),디클로페낙β-디메틸아미노에탄올,페나베타주(디클로페낙β-디메틸아미노에탄올),20200204,202000583,[M252249]디클로페낙β-디메틸아미노에탄올,,단일,20150507,,,투여기간주의
20220521,미백색의 반투명한 점성이 있는 액제,02380,"하제, 완장제",(주)퍼슨,일반의약품,관장제,D001300,Bisacodyl,Bisacodyl(비사코딜),비사코딜,퍼슨비사코딜액,20200720,202005180,[M050687]비사코딜,,단일,20231108,,,투여기간주의
20230905,흰색 내지 미백색 내지 황색의 동결건조분말이 투명한 유리바이알에 든 주사제,06290,기타의 화학요법제,길리어드사이언스코리아(유),전문의약품,용액용동결건조분말주사제,D001538,Remdesivir,Remdesivir(렘데시비르),렘데시비르,베클루리주정맥주사용동결건조분말(렘데시비르),20200724,202005381,[M279177]렘데시비르,,단일,20210715,,,투여기간주의
20260220,흰색 내지 미황색의 원형 장용코팅정,01140,해열.진통.소염제,지엘파마(주),전문의약품,장용성필름코팅정,D000506,Diclofenac Sodium,Diclofenac Sodium(디클로페낙나트륨),디클로페낙나트륨,디낙스정50밀리그램 (디클로페낙나트륨),20210818,202106009,[M050288]디클로페낙나트륨,,단일,20150507,,,투여기간주의
,담청색의 타원형 정제,01120,최면진정제,환인제약(주),전문의약품,나정,D000592,Triazolam,Triazolam(트리아졸람),트리아졸람,트리람정0.25밀리그램(트리아졸람),19890329,198902794,[M088380]트리아졸람,,단일,20100511,,,투여기간주의
,보라색의 타원형 정제,01120,최면진정제,명인제약(주),전문의약품,나정,D000592,Triazolam,Triazolam(트리아졸람),트리아졸람,졸민정0.125밀리그램(트리아졸람),19890410,198902801,[M088380]트리아졸람,,단일,20100511,,,투여기간주의
,파란색의 타원형 정제,01120,최면진정제,명인제약(주),전문의약품,나정,D000592,Triazolam,Triazolam(트리아졸람),트리아졸람,졸민정0.25밀리그램(트리아졸람),19890410,198902802,[M088380]트리아졸람,,단일,20100511,,,투여기간주의
,흰색의 타원형 정제,01120,최면진정제,환인제약(주),전문의약품,나정,D000592,Triazolam,Triazolam(트리아졸람),트리아졸람,트리람정0.125밀리그램(트리아졸람),20160905,201605409,[M088380]트리아졸람,,단일,20100511,,,투여기간주의
,흰색의 장방형 필름코팅정,01120,최면진정제,한미약품(주),전문의약품,필름코팅정,D000271,Zolpidem Tartrate,Zolpidem Tartrate(졸피뎀타르타르산염),졸피뎀타르타르산염,졸피드정10밀리그램(졸피뎀타르타르산염),20061019,200410861,[M239566]졸피뎀타르타르산염,,단일,20141230,,,투여기간주의
,백색 장방형의 필름코팅정,01120,최면진정제,환인제약(주),전문의약품,필름코팅정,D000271,Zolpidem Tartrate,Zolpidem Tartrate(졸피뎀타르타르산염),졸피뎀타르타르산염,졸피람정10밀리그램(졸피뎀타르타르산염),20050408,200512142,[M239566]졸피뎀타르타르산염,,단일,20141230,,,투여기간주의
,흰색의 장방형 필름코팅 정제,01120,최면진정제,(주)한국파마,전문의약품,필름코팅정,D000271,Zolpidem Tartrate,Zolpidem Tartrate(졸피뎀타르타르산염),졸피뎀타르타르산염,파마주석산졸피뎀정(졸피뎀타르타르산염),20060608,200606261,[M239566]졸피뎀타르타르산염,,단일,20141230,,,투여기간주의
,흰색 장방형의 필름코팅정제,01120,최면진정제,고려제약(주),전문의약품,필름코팅정,D000271,Zolpidem Tartrate,Zolpidem Tartrate(졸피뎀타르타르산염),졸피뎀타르타르산염,졸피움정(졸피뎀타르타르산염),20060620,200606262,[M239566]졸피뎀타르타르산염,,단일,20141230,,,투여기간주의
,백색 장방형의 필름코팅제,01120,최면진정제,(주)한독,전문의약품,필름코팅정,D000271,Zolpidem Tartrate,Zolpidem Tartrate(졸피뎀타르타르산염),졸피뎀타르타르산염,스틸녹스정10밀리그램(졸피뎀타르타르산염),20070117,200700634,[M239566]졸피뎀타르타르산염,,단일,20141230,,,투여기간주의
,흰색의 양면이 볼록하고 한면에 절단선이 있는 장방형 정제,01120,최면진정제,삼일제약(주),전문의약품,나정,D000271,Zolpidem Tartrate,Zolpidem Tartrate(주석산졸피뎀),주석산졸피뎀,산도스졸피뎀정10mg(주석산졸피뎀),20070419,200704597,[M088392]주석산졸피뎀,,단일,20141230,,,투여기간주의
,백색 장방형 필름코팅정,01120,최면진정제,명인제약(주),전문의약품,필름코팅정,D000271,Zolpidem Tartrate,Zolpidem Tartrate(졸피뎀타르타르산염),졸피뎀타르타르산염,졸피신정10밀리그램(졸피뎀타르타르산염),20070830,200710013,[M239566]졸피뎀타르타르산염,,단일,20141230,,,투여기간주의
,흰색의 장방형 필름코팅 정제,01120,최면진정제,명문제약(주),전문의약품,필름코팅정,D000271,Zolpidem Tartrate,Zolpidem Tartrate(졸피뎀타르타르산염),졸피뎀타르타르산염,스틸렉스정10밀리그램(졸피뎀타르타르산염),20141223,201406022,[M239566]졸피뎀타르타르산염,,단일,20141230,,,투여기간주의
,분홍색의 장방형 필름코팅정,01120,최면진정제,한미약품(주),전문의약품,필름코팅정,D000271,Zolpidem Tartrate,Zolpidem Tartrate(졸피뎀타르타르산염),졸피뎀타르타르산염,졸피드정5밀리그램(졸피뎀타르타르산염),20150403,201501813,[M239566]졸피뎀타르타르산염,,단일,20141230,,,투여기간주의
,분홍색의 장방형 필름코팅정,01120,최면진정제,명인제약(주),전문의약품,필름코팅정,D000271,Zolpidem Tartrate,Zolpidem Tartrate(졸피뎀타르타르산염),졸피뎀타르타르산염,졸피신정5밀리그램(졸피뎀타르타르산염),20161104,201606485,[M239566]졸피뎀타르타르산염,,단일,20141230,,,투여기간주의
,흰색의 장방형 필름코팅정,01120,최면진정제,유니메드제약(주),전문의약품,필름코팅정,D000271,Zolpidem Tartrate,Zolpidem Tartrate(졸피뎀타르타르산염),졸피뎀타르타르산염,스립정10밀리그램(졸피뎀타르타르산염),20170331,201701569,[M239566]졸피뎀타르타르산염,,단일,20141230,,,투여기간주의
,보라색의 원형 필름코팅정,01120,최면진정제,유니메드제약(주),전문의약품,필름코팅정,D000271,Zolpidem Tartrate,Zolpidem Tartrate(졸피뎀타르타르산염),졸피뎀타르타르산염,스립정5밀리그램(졸피뎀타르타르산염),20170331,201701570,[M239566]졸피뎀타르타르산염,,단일,20141230,,,투여기간주의
,백색 장방형의 필름코팅정,01120,최면진정제,환인제약(주),전문의약품,필름코팅정,D000271,Zolpidem Tartrate,Zolpidem Tartrate(졸피뎀타르타르산염),졸피뎀타르타르산염,졸피람정10밀리그램(졸피뎀타르타르산염)(Zolpiram Tablet 10mg),20180130,201800563,[M239566]졸피뎀타르타르산염,,단일,20141230,,,투여기간주의
,흰색의 장방형 필름코팅정,01120,최면진정제,하나제약(주),전문의약품,필름코팅정,D000271,Zolpidem Tartrate,Zolpidem Tartrate(졸피뎀타르타르산염),졸피뎀타르타르산염,졸피원정10밀리그램(졸피뎀타르타르산염),20241210,202402908,[M239566]졸피뎀타르타르산염,,단일,20141230,,,투여기간주의
,흰색 내지 연한 노란색의 사각형 구강용해필름,02350,"최토제, 진토제",대화제약(주),전문의약품,구강붕해필름,D000203,Ramosetron Hydrochloride,Ramosetron Hydrochloride(라모세트론염산염),라모세트론염산염,라모즈구강용해필름(라모세트론염산염),20210531,202104276,[M255325]라모세트론염산염,,단일,20150331,,항암제 투여로 인한 구역 및 구토의 방지에 쓰는 제품에 한함,투여기간주의
,흰색의 원형필름코팅정제,01140,해열.진통.소염제,한국코러스(주),전문의약품,필름코팅정,D000274,Ketorolac Tromethamine,Ketorolac Tromethamine(케토롤락트로메타민),케토롤락트로메타민,케롤민정20밀리그람(케토롤락트로메타민)(수출용),20110415,201102310,[M084703]케토롤락트로메타민,,단일,20150507,,,투여기간주의
,엷은 황색의 투명 액체가 든 갈색 앰플 주사,01140,해열.진통.소염제,한국코러스(주),전문의약품,용액주사제,D000274,Ketorolac Tromethamine,Ketorolac Tromethamine(케토롤락트로메타민),케토롤락트로메타민,케롤민주(케토롤락트로메타민)(수출용),20120305,201201370,[M084703]케토롤락트로메타민,,단일,20150507,,,투여기간주의
,무색 내지 연한 노란색의 투명한 액,01320,이비과용제,조아제약(주),일반의약품,일반액상분무제,D001091,Oxymetazoline Hydrochloride,Oxymetazoline Hydrochloride(옥시메타졸린염산염),옥시메타졸린염산염,옥실리프나잘스프레이 0.05%w/v(옥시메타졸린염산염)(수출용),20250304,202500475,[M223162]옥시메타졸린염산염,,단일,20180831,,,투여기간주의
,무색투명한 바이알에 들어있는 백색의 균질한 유화액,01110,전신마취제,프레지니우스카비코리아(주),전문의약품,유화주사제,D001068,Propofol,Propofol(프로포폴),프로포폴,프레조폴엠시티2%주(프로포폴)(바이알),20110225,201100954,[M082350]프로포폴,,단일,20180831,,,투여기간주의
,백색의 균질한 유화액이 들어있는 무색투명한 바이알제,01110,전신마취제,대원제약(주),전문의약품,유화주사제,D001068,Propofol,Propofol(프로포폴),프로포폴,프리폴-엠시티주(프로포폴),20110225,201100957,[M082350]프로포폴,,단일,20180831,,,투여기간주의
,흰색의 전질균등한 유탁액이 무색투명한 앰플에 든 주사제,01110,전신마취제,하나제약(주),전문의약품,유화주사제,D001068,Propofol,Propofol(프로포폴),프로포폴,아네폴주사(프로포폴)(수출용),20110225,201100958,[M082350]프로포폴,,단일,20180831,,,투여기간주의
,흰색의 전질균등한 유탁액이 무색투명한 앰플에 든 주사제,01110,전신마취제,하나제약(주),전문의약품,유화주사제,D001068,Propofol,Propofol(프로포폴),프로포폴,아네폴주사(프로포폴),20110225,201100959,[M082350]프로포폴,,단일,20180831,,,투여기간주의
,흰색 또는 거의 흰색의 전질균등한 유탁액이든 무색투명한 바이알주사제,01110,전신마취제,동국제약(주),전문의약품,유화주사제,D001068,Propofol,Propofol(프로포폴),프로포폴,포폴주사(프로포폴)(바이알)(수출용),20110225,201100960,[M082350]프로포폴/[M082350]프로포폴,,단일,20180831,,,투여기간주의
,흰색 또는 거의 흰색의 전질균등한 유탁액이든 무색투명한 바이알주사제,01110,전신마취제,동국제약(주),전문의약품,유화주사제,D001068,Propofol,Propofol(프로포폴),프로포폴,포폴주사(프로포폴)(바이알),20110225,201100961,[M082350]프로포폴/[M082350]프로포폴/[M082350]프로포폴,,단일,20180831,,,투여기간주의
,흰색 또는 거의 흰색의 전질균등한 유탁액이든 무색투명한 앰플주사제,01110,전신마취제,동국제약(주),전문의약품,유화주사제,D001068,Propofol,Propofol(프로포폴),프로포폴,포폴주사(프로포폴)(앰플),20110225,201100964,[M082350]프로포폴/[M082350]프로포폴/[M082350]프로포폴,,단일,20180831,,,투여기간주의
,흰색 또는 거의 흰색의 전질균등한 유탁액이든 무색투명한 앰플주사제,01110,전신마취제,동국제약(주),전문의약품,유화주사제,D001068,Propofol,Propofol(프로포폴),프로포폴,포폴주사(프로포폴)(앰플)(수출용),20110225,201100965,[M082350]프로포폴/[M082350]프로포폴,,단일,20180831,,,투여기간주의
,백색 또는 거의 백색의 전질 균등한 유탁액이 앰플 또는 바이알에 든 주사제,01110,전신마취제,동국제약(주),전문의약품,유화주사제,D001068,Propofol,Propofol(프로포폴),프로포폴,포폴주사2%(프로포폴)(수출용),20110225,201100968,[M082350]프로포폴,,단일,20180831,,,투여기간주의
,백색 또는 거의 백색의 전질 균등한 유탁액이 앰플 또는 바이알에 든 주사제,01110,전신마취제,동국제약(주),전문의약품,유화주사제,D001068,Propofol,Propofol(프로포폴),프로포폴,포폴주사2%(프로포폴)(수출용),20110225,201100969,[M082350]프로포폴,,단일,20180831,,,투여기간주의
,무색투명한 앰플에 든 백색 내지 미백색의 전질 균등한 유탁액이 든 주사제,01110,전신마취제,비브라운코리아(주),전문의약품,유화주사제,D001068,Propofol,Propofol(프로포폴),프로포폴,비.브라운프로포폴-리푸로1%주(앰플),20110228,201101016,[M082350]프로포폴,,단일,20180831,,,투여기간주의
,무색투명한 바이알에 든 백색 내지 미백색의 전질 균등한 유탁액이 든 주사제,01110,전신마취제,비브라운코리아(주),전문의약품,유화주사제,D001068,Propofol,Propofol(프로포폴),프로포폴,비.브라운 프로포폴-리푸로1%주,20110228,201101017,[M082350]프로포폴,,단일,20180831,,,투여기간주의
,무색투명한 바이알에 들어있는 백색의 균질한 유화액,01110,전신마취제,프레지니우스카비코리아(주),전문의약품,유화주사제,D001068,Propofol,Propofol(프로포폴),프로포폴,프레조폴엠시티1%주(프로포폴)(바이알),20110310,201101296,[M082350]프로포폴,,단일,20180831,,,투여기간주의
,무색투명한 앰플에 들어있는 백색의 균질한 유화액,01110,전신마취제,프레지니우스카비코리아(주),전문의약품,유화주사제,D001068,Propofol,Propofol(프로포폴),프로포폴,프레조폴엠시티1%주(프로포폴)(앰플),20110310,201101297,[M082350]프로포폴,,단일,20180831,,,투여기간주의
,백색의 균질한 유화액이 들어있는 무색투명한 바이알제,01110,전신마취제,대원제약(주),전문의약품,유화주사제,D001068,Propofol,Propofol(프로포폴),프로포폴,프리폴-엠시티주(프로포폴)(수출용),20141223,201406021,[M082350]프로포폴,,단일,20180831,,,투여기간주의
,흰색의 균질한 유화액이 들어있는 무색투명한 바이알제,01110,전신마취제,대원제약(주),전문의약품,유화주사제,D001068,Propofol,Propofol(프로포폴),프로포폴,프리폴-엠시티주2%(프로포폴),20150109,201500098,[M082350]프로포폴,,단일,20180831,,,투여기간주의
,흰색의 균질한 유화액이 들어있는 무색투명한 바이알제,01110,전신마취제,대원제약(주),전문의약품,유화주사제,D001068,Propofol,Propofol(프로포폴),프로포폴,프리폴-엠시티주2%(프로포폴),20160302,201601252,[M082350]프로포폴,,단일,20180831,,,투여기간주의
,흰색의 균질한 유화액이 투명 플라스틱 프리필드시린지에 충전되어 있는 주사제,01110,전신마취제,프레지니우스카비코리아(주),전문의약품,유화주사제,D001068,Propofol,Propofol(프로포폴),프로포폴,프레조폴엠시티프리필드주1%(프로포폴) ,20211013,202106887,[M082350]프로포폴,,단일,20180831,,,투여기간주의
,흰색의 균질한 유화액이 투명 플라스틱 프리필드시린지에 충전되어 있는 주사제,01110,전신마취제,프레지니우스카비코리아(주),전문의약품,유화주사제,D001068,Propofol,Propofol(프로포폴),프로포폴,프레조폴엠시티프리필드주2%(프로포폴) ,20211013,202106888,[M082350]프로포폴,,단일,20180831,,,투여기간주의
,황색의 원형 장용성 필름코팅정,02380,"하제, 완장제",(주)바스칸바이오제약,일반의약품,장용성필름코팅정,D001300,Bisacodyl,Bisacodyl(비사코딜),비사코딜,락시티브정(비사코딜)(수출용)(수출명:락사티브정),20031113,200301884,[M050687]비사코딜,,단일,20231108,,,투여기간주의
,무색 내지 미황색의 투명한 액상 제제,02650,기생성 피부질환용제,명문제약(주),일반의약품,라카,D001301,Ciclopirox,Ciclopirox(시클로피록스),시클로피록스,타로시클로피록스액8%,20080612,200806463,[M085228]시클로피록스,,단일,20190621,,,투여기간주의
,브러쉬가 부착된 뚜껑이 있는 유리병안에 든 무색~엷은 황색의 투명한 액제,02650,기생성 피부질환용제,주식회사제뉴원사이언스,일반의약품,라카,D001301,Ciclopirox,Ciclopirox(시클로피록스),시클로피록스,시클로원스네일라카(시클로피록스),20150205,201500632,[M085228]시클로피록스,,단일,20190621,,,투여기간주의
,브러쉬가 부착된 뚜껑이 있는 유리병안에 무색~엷은 황색의 투명한 액제,02650,기생성 피부질환용제,신신제약(주),일반의약품,라카,D001301,Ciclopirox,Ciclopirox(시클로피록스),시클로피록스,원케어네일라카(시클로피록스),20150211,201500686,[M085228]시클로피록스,,단일,20190621,,,투여기간주의
,브러쉬가 부착된 뚜껑이 있는 유리병안에든 무색~엷은 황색의 투명한 액제,02650,기생성 피부질환용제,(주)유한양행,일반의약품,라카,D001301,Ciclopirox,Ciclopirox(시클로피록스),시클로피록스,유한이지케어네일라카(시클로피록스),20150216,201500858,[M085228]시클로피록스,,단일,20190621,,,투여기간주의
,브러쉬가 부착된 뚜껑이 있는 유리병안에 무색~엷은 황색의 투명한 액제,02650,기생성 피부질환용제,신일제약(주),일반의약품,라카,D001301,Ciclopirox,Ciclopirox(시클로피록스),시클로피록스,톱큐어네일라카(시클로피록스),20150216,201500859,[M085228]시클로피록스,,단일,20190621,,,투여기간주의
,브러쉬가 부착된 뚜껑이 있는 유리병안에 든 무색∼엷은 황색의 투명한 액제,02650,기생성 피부질환용제,경남제약(주),일반의약품,라카,D001301,Ciclopirox,Ciclopirox(시클로피록스),시클로피록스,피엠네일라카(시클로피록스),20150216,201500860,[M085228]시클로피록스,,단일,20190621,,,투여기간주의
,브러쉬가 부착된 뚜껑이 있는 유리병 안에 무색~엷은 황색의 투명한 액제,02650,기생성 피부질환용제,동화약품(주),일반의약품,라카,D001301,Ciclopirox,Ciclopirox(시클로피록스),시클로피록스,바르지오네일라카(시클로피록스),20150227,201501060,[M085228]시클로피록스,,단일,20190621,,,투여기간주의
,브러쉬가 부착된 뚜껑이 있는 유리병안에든 무색∼엷은 황색의 투명한 액제,02650,기생성 피부질환용제,(주)제뉴파마,일반의약품,라카,D001301,Ciclopirox,Ciclopirox(시클로피록스),시클로피록스,와이드케어네일라카(시클로피록스),20150306,201501154,[M085228]시클로피록스,,단일,20190621,,,투여기간주의
,브러쉬가 부착된 뚜껑이 있는 유리병안에든 무색~엷은 황색의 투명한 액제,02650,기생성 피부질환용제,(주)대웅제약,일반의약품,라카,D001301,Ciclopirox,Ciclopirox(시클로피록스),시클로피록스,바렌굿네일라카(시클로피록스),20150306,201501213,[M085228]시클로피록스,,단일,20190621,,,투여기간주의
,브러쉬가 부착된 뚜껑이 있는 유리병안에든 무색~엷은 황색의 투명한 액제,02650,기생성 피부질환용제,부광약품(주),일반의약품,라카,D001301,Ciclopirox,Ciclopirox(시클로피록스),시클로피록스,네일스타네일라카(시클로피록스),20150824,201505910,[M085228]시클로피록스,,단일,20190621,,,투여기간주의
,브러쉬가 부착된 뚜껑이 있는 유리병 안에 든 무색∼연한 노란색의 투명한 액제,02650,기생성 피부질환용제,한미약품(주),일반의약품,라카,D001301,Ciclopirox,Ciclopirox(시클로피록스),시클로피록스,무조날에스네일라카(시클로피록스),20180110,201800145,[M085228]시클로피록스,,단일,20190621,,,투여기간주의
,브러쉬가 부착된 뚜껑이 있는 유리병 안에 무색~엷은 황색의 투명한 액제,02650,기생성 피부질환용제,(주)한국파마,일반의약품,라카,D001301,Ciclopirox,Ciclopirox(시클로피록스),시클로피록스,제로무네일라카(시클로피록스),20210729,202105619,[M085228]시클로피록스,,단일,20190621,,,투여기간주의
,브러쉬가 부착된 뚜껑이 있는 유리병 안에 무색~엷은 황색의 투명한 액제,02650,기생성 피부질환용제,동성제약(주),일반의약품,라카,D001301,Ciclopirox,Ciclopirox(시클로피록스),시클로피록스,바르핀케어네일라카(시클로피록스),20210831,202106262,[M085228]시클로피록스,,단일,20190621,,,투여기간주의
,브러쉬가 부착된 뚜껑이 있는 유리병안에 든 무색~엷은 황색의 투명한 액제,02650,기생성 피부질환용제,태극제약(주),일반의약품,라카,D001301,Ciclopirox,Ciclopirox(시클로피록스),시클로피록스,티지풀큐어네일라카(시클로피록스),20230531,202301713,[M085228]시클로피록스,,단일,20190621,,,투여기간주의
,브러쉬가 부착된 뚜껑이 있는 유리병 안에 무색~엷은 황색의 투명한 액제,02650,기생성 피부질환용제,일양약품(주),일반의약품,라카,D001301,Ciclopirox,Ciclopirox(시클로피록스),시클로피록스,일양케어네일라카(시클로피록스),20240314,202400541,[M085228]시클로피록스,,단일,20190621,,,투여기간주의
,브러쉬가 부착된 뚜껑이 있는 유리병 안에 무색~엷은 황색의 투명한 액제,02650,기생성 피부질환용제,광동제약(주),일반의약품,라카,D001301,Ciclopirox,Ciclopirox(시클로피록스),시클로피록스,바렌톡네일라카(시클로피록스),20250407,202500819,[M085228]시클로피록스,,단일,20190621,,,투여기간주의
,짙은 갈색의 원형 필름코팅정,02290,기타의 호흡기관용약,한국유나이티드제약(주),전문의약품,필름코팅정,D001305,Pelargonium Sidoides 11% Ethanol Extract (1→8~10),Pelargonium Sidoides 11% Ethanol Extract (1→8~10)(펠라고니움시도이데스11%에탄올추출물(1→8~10)),펠라고니움시도이데스11%에탄올추출물(1→8~10),칼로민정(펠라고니움시도이데스11%에탄올추출물(1→8∼10)),20141002,201404559,[M261980]펠라고니움시도이데스11%에탄올추출물(1→8~10),,단일,20190621,,,투여기간주의
,불투명한 백색병에 든 체리향이 첨가된 황갈색 내지 엷은 갈색의 시럽제이다.,02290,기타의 호흡기관용약,(주)보령바이오파마,전문의약품,액상시럽제,D001305,Pelargonium Sidoides 11% Ethanol Extract (1→8~10)·Glycerin Mixed Solution (8:2),Pelargonium Sidoides 11% Ethanol Extract (1→8~10)·Glycerin Mixed Solution (8:2)(펠라고니움시도이데스11%에탄올추출물(1→8~10)·글리세린혼합액(8:2)),펠라고니움시도이데스11%에탄올추출물(1→8~10)·글리세린혼합액(8:2),비알펠카민시럽(펠라고니움시도이데스11%에탄올추출물(1→8∼10)·글리세린혼합액(8:2)),20150116,201500228,[M253732]펠라고니움시도이데스11%에탄올추출물(1→8~10)·글리세린혼합액(8:2),,단일,20190621,,,투여기간주의
,적갈색의 원형 필름코팅정,02290,기타의 호흡기관용약,주식회사제뉴원사이언스,전문의약품,필름코팅정,D001305,Pelargonium Sidoides 11% Ethanol Dried Extract (5.5∼6.6→1),Pelargonium Sidoides 11% Ethanol Dried Extract (5.5∼6.6→1)(펠라고니움시도이데스11%에탄올건조엑스(5.5~6.6→1)),펠라고니움시도이데스11%에탄올건조엑스(5.5~6.6→1),펠리움정(펠라고니움시도이데스11%에탄올건조엑스(5.5~6.6→1)),20150430,201502606,[M267961]펠라고니움시도이데스11%에탄올건조엑스(5.5~6.6→1),,단일,20190621,,,투여기간주의
,적갈색의 원형 필름코팅정제,02290,기타의 호흡기관용약,고려제약(주),전문의약품,필름코팅정,D001305,Pelargonium Sidoides 11% Ethanol Dried Extract (5.5∼6.6→1),Pelargonium Sidoides 11% Ethanol Dried Extract (5.5∼6.6→1)(펠라고니움시도이데스11%에탄올건조엑스(5.5∼6.6→1)),펠라고니움시도이데스11%에탄올건조엑스(5.5∼6.6→1),브론카민정(펠라고니움시도이데스11%에탄올건조엑스(5.5~6.6→1)),20150930,201506845,[M269642]펠라고니움시도이데스11%에탄올건조엑스(5.5∼6.6→1),,단일,20190621,,,투여기간주의
,적갈색의 원형 필름코팅정,02290,기타의 호흡기관용약,대우제약(주),전문의약품,필름코팅정,D001305,Pelargonium Sidoides 11% Ethanol Dried Extract (5.5∼6.6→1),Pelargonium Sidoides 11% Ethanol Dried Extract (5.5∼6.6→1)(펠라고니움시도이데스11%에탄올건조엑스(5.5~6.6→1)),펠라고니움시도이데스11%에탄올건조엑스(5.5~6.6→1),페라콜정(펠라고니움시도이데스11%에탄올건조엑스(5.5~6.6→1)),20151019,201507230,[M267961]펠라고니움시도이데스11%에탄올건조엑스(5.5~6.6→1),,단일,20190621,,,투여기간주의
,적갈색의 원형 필름코팅정,02290,기타의 호흡기관용약,(주)일화,전문의약품,필름코팅정,D001305,Pelargonium Sidoides 11% Ethanol Dried Extract (5.5∼6.6→1),Pelargonium Sidoides 11% Ethanol Dried Extract (5.5∼6.6→1)(펠라고니움시도이데스11%에탄올건조엑스(5.5~6.6→1)),펠라고니움시도이데스11%에탄올건조엑스(5.5~6.6→1),펠라스정(펠라고니움시도이데스11%에탄올건조엑스(5.5~6.6→1)),20151218,201508325,[M267961]펠라고니움시도이데스11%에탄올건조엑스(5.5~6.6→1),,단일,20190621,,,투여기간주의
,적갈색의 원형 필름코팅정,02290,기타의 호흡기관용약,하나제약(주),전문의약품,필름코팅정,D001305,Pelargonium Sidoides 11% Ethanol Dried Extract (5.5∼6.6→1),Pelargonium Sidoides 11% Ethanol Dried Extract (5.5∼6.6→1)(펠라고니움시도이데스11%에탄올건조엑스(5.5~6.6→1)),펠라고니움시도이데스11%에탄올건조엑스(5.5~6.6→1),페로민정(펠라고니움시도이데스11%에탄올건조엑스(5.5~6.6→1)),20160721,201604507,[M267961]펠라고니움시도이데스11%에탄올건조엑스(5.5~6.6→1),,단일,20190621,,,투여기간주의
,적갈색의 원형 필름코팅정,02290,기타의 호흡기관용약,(주)제뉴파마,전문의약품,필름코팅정,D001305,Pelargonium Sidoides 11% Ethanol Dried Extract (5.5∼6.6→1),Pelargonium Sidoides 11% Ethanol Dried Extract (5.5∼6.6→1)(펠라고니움시도이데스11%에탄올건조엑스(5.5~6.6→1)),펠라고니움시도이데스11%에탄올건조엑스(5.5~6.6→1),움스판정(펠라고니움시도이데스11%에탄올건조엑스(5.5~6.6→1)),20160803,201604762,[M267961]펠라고니움시도이데스11%에탄올건조엑스(5.5~6.6→1),,단일,20190621,,,투여기간주의
,적갈색의 원형 필름코팅정,02290,기타의 호흡기관용약,한국코러스(주),전문의약품,필름코팅정,D001305,Pelargonium Sidoides 11% Ethanol Extract (1→8~10),Pelargonium Sidoides 11% Ethanol Extract (1→8~10)(펠라고니움시도이데스 11%에탄올 추출물(1->8~10)),펠라고니움시도이데스 11%에탄올 추출물(1->8~10),펠리시움정(펠라고니움시도이데스11%에탄올추출물(1→8~10)(수출용),20180108,201800087,[M262168]펠라고니움시도이데스 11%에탄올 추출물(1->8~10),,단일,20190621,,,투여기간주의
,진한 적갈색의 원형 필름코팅 정제,02290,기타의 호흡기관용약,정우신약(주),전문의약품,필름코팅정,D001305,Pelargonium Sidoides 11% Ethanol Dried Extract (5.5∼6.6→1),Pelargonium Sidoides 11% Ethanol Dried Extract (5.5∼6.6→1)(펠라고니움시도이데스11%에탄올건조엑스(5.5~6.6→1)),펠라고니움시도이데스11%에탄올건조엑스(5.5~6.6→1),젠카민정(펠라고니움시도이데스11%에탄올건조엑스(5.5~6.6→1)),20181231,201805374,[M267961]펠라고니움시도이데스11%에탄올건조엑스(5.5~6.6→1),,단일,20190621,,,투여기간주의
,플라스틱병 또는 알루미늄파우치에 든 딸기향이 있는 황갈색 또는 엷은 갈색의 시럽제,02290,기타의 호흡기관용약,한국코러스(주),전문의약품,액상시럽제,D001305,Pelargonium Sidoides 11% Ethanol Extract (1→8~10)·Glycerin Mixed Solution (8:2),Pelargonium Sidoides 11% Ethanol Extract (1→8~10)·Glycerin Mixed Solution (8:2)(펠라고니움시도이데스11%에탄올추출물(1→8~10)ㆍ글리세린혼합액(8:2)),펠라고니움시도이데스11%에탄올추출물(1→8~10)ㆍ글리세린혼합액(8:2),펠리시움시럽(펠라고니움시도이데스11%에탄올추출물(1→8~10)·글리세린혼합액(8:2))(수출용),20190226,201901184,[M279109]펠라고니움시도이데스11%에탄올추출물(1→8~10)ㆍ글리세린혼합액(8:2),,단일,20190621,,,투여기간주의
,플라스틱병 또는 알루미늄호일 파우치에 든 체리향이 있는 황갈색 내지 엷은 갈색 시럽제,02290,기타의 호흡기관용약,한국유나이티드제약(주),일반의약품,액상시럽제,D001305,Pelargonium Sidoides 11% Ethanol Extract (1→8~10)·Glycerin Mixed Solution (8:2),Pelargonium Sidoides 11% Ethanol Extract (1→8~10)·Glycerin Mixed Solution (8:2)(펠라고니움시도이데스11%에탄올엑스(1→8~10)·글리세린혼합액(8:2)),펠라고니움시도이데스11%에탄올엑스(1→8~10)·글리세린혼합액(8:2),로카민시럽(수출용)(수출명:Kalomin syrup),20190227,201901219,[M257385]펠라고니움시도이데스11%에탄올엑스(1→8~10)·글리세린혼합액(8:2),,단일,20190621,,,투여기간주의
,적갈색의 원형 필름코팅정,02290,기타의 호흡기관용약,경동제약(주),전문의약품,필름코팅정,D001305,Pelargonium Sidoides 11% Ethanol Dried Extract (5.5∼6.6→1),Pelargonium Sidoides 11% Ethanol Dried Extract (5.5∼6.6→1)(펠라고니움시도이데스11%에탄올건조엑스(5.5~6.6→1)),펠라고니움시도이데스11%에탄올건조엑스(5.5~6.6→1),페니움에스정(펠라고니움시도이데스11%에탄올건조엑스(5.5∼6.6→1)),20190312,201901500,[M267961]펠라고니움시도이데스11%에탄올건조엑스(5.5~6.6→1),,단일,20190621,,,투여기간주의
,플라스틱병 또는 알루미늄파우치에 든 딸기향이 있는 황갈색 또는 엷은 갈색의 시럽제,02290,기타의 호흡기관용약,한국휴텍스제약(주),전문의약품,액상시럽제,D001305,Pelargonium Sidoides 11% Ethanol Extract (1→8~10)·Glycerin Mixed Solution (8:2),Pelargonium Sidoides 11% Ethanol Extract (1→8~10)·Glycerin Mixed Solution (8:2)(펠라고니움시도이데스11%에탄올추출물(1→8~10)·글리세린혼합액(8:2)),펠라고니움시도이데스11%에탄올추출물(1→8~10)·글리세린혼합액(8:2),움카세린시럽(펠라고니움시도이데스11%에탄올추출물(1→8~10)·글리세린혼합액(8:2)),20190502,201902841,[M253732]펠라고니움시도이데스11%에탄올추출물(1→8~10)·글리세린혼합액(8:2),,단일,20190621,,,투여기간주의
,적갈색의 원형 필름코팅정,02290,기타의 호흡기관용약,(주)마더스제약,전문의약품,필름코팅정,D001305,Pelargonium Sidoides 11% Ethanol Dried Extract (5.5∼6.6→1),Pelargonium Sidoides 11% Ethanol Dried Extract (5.5∼6.6→1)(펠라고니움시도이데스11%에탄올건조엑스(5.5~6.6→1)),펠라고니움시도이데스11%에탄올건조엑스(5.5~6.6→1),펠라엠정(펠라고니움시도이데스11%에탄올건조엑스(5.5∼6.6→1)),20190829,201906143,[M267961]펠라고니움시도이데스11%에탄올건조엑스(5.5~6.6→1),,단일,20190621,,,투여기간주의
,적갈색의 원형 필름코팅정,02290,기타의 호흡기관용약,(주)유유제약,전문의약품,필름코팅정,D001305,Pelargonium Sidoides 11% Ethanol Dried Extract (5.5∼6.6→1),Pelargonium Sidoides 11% Ethanol Dried Extract (5.5∼6.6→1)(펠라고니움시도이데스11%에탄올건조엑스(5.5~6.6→1)),펠라고니움시도이데스11%에탄올건조엑스(5.5~6.6→1),유마린정(펠라고니움시도이데스11%에탄올건조엑스(5.5~6.6→1)),20200205,202000674,[M267961]펠라고니움시도이데스11%에탄올건조엑스(5.5~6.6→1),,단일,20190621,,,투여기간주의
,파란색의 원형정제,02190,기타의 순환계용약,명인제약(주),전문의약품,나정,D000487,Tolvaptan,Tolvaptan(톨밥탄),톨밥탄,명인톨밥탄정15밀리그램,20200630,202004774,[M252933]톨밥탄,,단일,20190621,,,투여기간주의
,파란색의 원형 정제,02190,기타의 순환계용약,명인제약(주),전문의약품,나정,D000487,Tolvaptan,Tolvaptan(톨밥탄),톨밥탄,명인톨밥탄정30밀리그램,20220623,202202617,[M277635]톨밥탄,,단일,20190621,,,투여기간주의
,파란색의 원형 정제,02190,기타의 순환계용약,대원제약(주),전문의약품,나정,D000487,Tolvaptan,Tolvaptan(톨밥탄),톨밥탄,톨비스정30밀리그램(톨밥탄),20220728,202203114,[M277635]톨밥탄,,단일,20190621,,,투여기간주의
,파란색의 원형 정제,02190,기타의 순환계용약,대원제약(주),전문의약품,나정,D000487,Tolvaptan,Tolvaptan(톨밥탄),톨밥탄,톨비스정15밀리그램(톨밥탄),20220728,202203115,[M277635]톨밥탄,,단일,20190621,,,투여기간주의
,흰색 로션,02640,진통.진양.수렴.소염제,(주)휴비스트제약,전문의약품,피부로션제,D001308,Desonide,Desonide(데소니드),데소니드,나리스로션0.05%(데소니드),20160526,201602970,[M200279]데소니드,,단일,20190621,,,투여기간주의
,흰색의 로션제,02640,진통.진양.수렴.소염제,에이치엘비제약(주),전문의약품,피부로션제,D001308,Desonide,Desonide(데소니드),데소니드,데소니움로션0.05%(데소니드),20170828,201706848,[M200279]데소니드,,단일,20190621,,,투여기간주의
,플라스틱병 또는 알루미늄파우치에 든 딸기향이 있는 황갈색 또는 엷은 갈색의 시럽제,02290,기타의 호흡기관용약,(주)유유제약,전문의약품,액상시럽제,D001305,Pelargonium Sidoides 11% Ethanol Extract (1→8~10)·Glycerin Mixed Solution (8:2),Pelargonium Sidoides 11% Ethanol Extract (1→8~10)·Glycerin Mixed Solution (8:2)(펠라고니움시도이데스11%에탄올추출물(1→8~10)·글리세린혼합액(8:2)),펠라고니움시도이데스11%에탄올추출물(1→8~10)·글리세린혼합액(8:2),유마린시럽(펠라고니움시도이데스11%에탄올추출물(1→8~10)·글리세린혼합액(8:2)),20200210,202000755,[M278122]펠라고니움시도이데스11%에탄올추출물(1→8~10)·글리세린혼합액(8:2),,단일,20190621,,,투여기간주의
,알루미늄 호일 파우치에 든 체리향이 있는 황갈색 내지 엷은 갈색의 시럽제,02290,기타의 호흡기관용약,(주)한풍제약,전문의약품,액상시럽제,D001305,Pelargonium Sidoides 11% Ethanol Extract (1→8~10)·Glycerin Mixed Solution (8:2),Pelargonium Sidoides 11% Ethanol Extract (1→8~10)·Glycerin Mixed Solution (8:2)(펠라고늄시도이데스11%에탄올 엑스(1→8~10)·글리세린혼합액(8:2)),펠라고늄시도이데스11%에탄올 엑스(1→8~10)·글리세린혼합액(8:2),펜토너즈시럽(펠라고니움시도이데스11%에탄올추출물(1→8∼10)·글리세린혼합액(8:2)),20210923,202106619,[M115908]펠라고늄시도이데스11%에탄올 엑스(1→8~10)·글리세린혼합액(8:2),,단일,20190621,,,투여기간주의
,알코올 냄새를 지닌 흰색의 미끄러운 반투명 겔제 ,02640,진통.진양.수렴.소염제,한미약품(주),전문의약품,피부용겔제,D001309,Desoximetasone,Desoximetasone(데속시메타손),데속시메타손,데옥손겔0.05%(데속시메타손),20020503,200202187,[M050197]데속시메타손,,단일,20190621,,,투여기간주의
,반투명 겔제,02640,진통.진양.수렴.소염제,주식회사더유제약,전문의약품,피부용겔제,D001309,Desoximetasone,Desoximetasone(데속시메타손),데속시메타손,데속시원겔0.05%(데속시메타손),20141120,201405417,[M050197]데속시메타손,,단일,20190621,,,투여기간주의
,무색∼미황색의 투명한 액이 무색투명한 바이알에 든 주사제 ,03390,기타의 혈액 및 체액용약,제이더블유중외제약(주),전문의약품,용액주사제,D000104,Plerixafor,Plerixafor(플레릭사포르),플레릭사포르,모빌리아주(플레릭사포르),20231121,202303176,[M248943]플레릭사포르,,단일,20190621,,,투여기간주의
,백색의 마름모형 정제,01230,자율신경제,(주)바이넥스,전문의약품,나정,D000505,Diethylpropion Hydrochloride,Diethylpropion Hydrochloride(디에틸프로피온염산염),디에틸프로피온염산염,디피온정(디에틸프로피온염산염),20040729,200410825,[M230781]디에틸프로피온염산염,,단일,20191111,,,투여기간주의
,흰색 내지 미황색의 장방형 정제,01230,자율신경제,명문제약(주),전문의약품,나정,D000505,Diethylpropion Hydrochloride,Diethylpropion Hydrochloride(디에틸프로피온염산염),디에틸프로피온염산염,레노씬정(디에틸프로피온염산염),20060329,200604143,[M230781]디에틸프로피온염산염,,단일,20191111,,,투여기간주의
,흰색의 마름모형 정제,01230,자율신경제,(주)휴온스,전문의약품,나정,D000505,Diethylpropion Hydrochloride,Diethylpropion Hydrochloride(디에틸프로피온염산염),디에틸프로피온염산염,웰피온정(디에틸프로피온염산염),20060104,200604151,[M230781]디에틸프로피온염산염,,단일,20191111,,,투여기간주의
,흰색의 원형 정제,01230,자율신경제,태극제약(주),전문의약품,나정,D000505,Diethylpropion Hydrochloride,Diethylpropion Hydrochloride(디에틸프로피온염산염),디에틸프로피온염산염,에닝정(디에틸프로피온염산염),20060103,200604161,[M230781]디에틸프로피온염산염,,단일,20191111,,,투여기간주의
,흰색의 원형 나정,01230,자율신경제,조아제약(주),전문의약품,나정,D000505,Diethylpropion Hydrochloride,Diethylpropion Hydrochloride(디에틸프로피온염산염),디에틸프로피온염산염,암페몬정(디에틸프로피온염산염),20060504,200605325,[M230781]디에틸프로피온염산염,,단일,20191111,,,투여기간주의
,흰색 내지 미황색의 장방형 정제,01230,자율신경제,(주)마더스제약,전문의약품,나정,D000505,Diethylpropion Hydrochloride,Diethylpropion Hydrochloride(디에틸프로피온염산염),디에틸프로피온염산염,엠피온정(디에틸프로피온염산염),20060823,200610879,[M230781]디에틸프로피온염산염,,단일,20191111,,,투여기간주의
,흰색 내지 미황색의 육각형 정제,01230,자율신경제,(주)제뉴파마,전문의약품,나정,D000505,Diethylpropion Hydrochloride,Diethylpropion Hydrochloride(디에틸프로피온염산염),디에틸프로피온염산염,레피온정(디에틸프로피온염산염),20160527,201602990,[M230781]디에틸프로피온염산염,,단일,20191111,,,투여기간주의
,흰색 내지 미황색의 장방형 정제,01230,자율신경제,(주)한국파마,전문의약품,나정,D000505,Diethylpropion Hydrochloride,Diethylpropion Hydrochloride(디에틸프로피온염산염),디에틸프로피온염산염,엘피온정25밀리그램(디에틸프로피온염산염),20191223,201908596,[M230781]디에틸프로피온염산염,,단일,20191111,,,투여기간주의
,흰색 내지 미황색의 장방형 정제,01230,자율신경제,(주)인트로바이오파마,전문의약품,나정,D000505,Diethylpropion Hydrochloride,Diethylpropion Hydrochloride(디에틸프로피온염산염),디에틸프로피온염산염,디에칠정(디에틸프로피온염산염),20200903,202006161,[M230781]디에틸프로피온염산염,,단일,20191111,,,투여기간주의
,백색의 나비넥타이 모양의 정제,01230,자율신경제,알보젠코리아(주),전문의약품,나정,D000795,Phentermine Hydrochloride,Phentermine Hydrochloride(펜터민염산염),펜터민염산염,푸리민정37.5밀리그램(펜터민염산염),20030812,200308495,[M238557]펜터민염산염,,단일,20191111,,,투여기간주의
,백색의 가운데가 오목한 장방형 정제,01230,자율신경제,광동제약(주),전문의약품,나정,D000795,Phentermine Hydrochloride,Phentermine Hydrochloride(펜터민염산염),펜터민염산염,아디펙스정37.5밀리그램(펜터민염산염),20030929,200308497,[M238557]펜터민염산염,,단일,20191111,,,투여기간주의
,흰색의 나비넥타이 모양의 정제,01230,자율신경제,대원제약(주),전문의약품,나정,D000795,Phentermine Hydrochloride,Phentermine Hydrochloride(펜터민염산염),펜터민염산염,펜키니정(펜터민염산염),20041230,200410823,[M238557]펜터민염산염,,단일,20191111,,,투여기간주의
,흰색의 나비넥타이모양의 정제,01230,자율신경제,(주)바이넥스,전문의약품,나정,D000795,Phentermine Hydrochloride,Phentermine Hydrochloride(펜터민염산염),펜터민염산염,펜트민정(펜터민염산염),20040906,200410826,[M238557]펜터민염산염,,단일,20191111,,,투여기간주의
,백색 내지 유백색의 타원형 정제,01230,자율신경제,(주)휴온스,전문의약품,나정,D000795,Phentermine Hydrochloride,Phentermine Hydrochloride(펜터민염산염),펜터민염산염,휴터민정(펜터민염산염),20040817,200410853,[M238557]펜터민염산염,,단일,20191111,,,투여기간주의
,백색 - 미백색의 장방형 정제,01230,자율신경제,영일제약(주),전문의약품,나정,D000795,Phentermine Hydrochloride,Phentermine Hydrochloride(펜터민염산염),펜터민염산염,펜민정(펜터민염산염),20041007,200410855,[M238557]펜터민염산염,,단일,20191111,,,투여기간주의
,흰색의 장방형 정제,01230,자율신경제,대한뉴팜(주),전문의약품,나정,D000795,Phentermine Hydrochloride,Phentermine Hydrochloride(펜터민염산염),펜터민염산염,페스틴정(펜터민염산염),20040827,200410862,[M238557]펜터민염산염,,단일,20191111,,,투여기간주의
,흰색의 나비넥타이모양의 정제,01230,자율신경제,주식회사제뉴원사이언스,전문의약품,나정,D000795,Phentermine Hydrochloride,Phentermine Hydrochloride(펜터민염산염),펜터민염산염,케이터민정(펜터민염산염),20041026,200410865,[M238557]펜터민염산염,,단일,20191111,,,투여기간주의
,흰색의 가운데가 오목한 장방형 정제,01230,자율신경제,일동제약(주),전문의약품,나정,D000795,Phentermine Hydrochloride,Phentermine Hydrochloride(펜터민염산염),펜터민염산염,펜타인정(펜터민염산염),20050802,200512147,[M238557]펜터민염산염,,단일,20191111,,,투여기간주의
,흰색의 나비넥타이 모양의 정제,01230,자율신경제,(주)대웅제약,전문의약품,나정,D000795,Phentermine Hydrochloride,Phentermine Hydrochloride(펜터민염산염),펜터민염산염,디에타민정(펜터민염산염),20050421,200512148,[M238557]펜터민염산염,,단일,20191111,,,투여기간주의
,흰색의 나비넥타이모양의 정제,01230,자율신경제,명문제약(주),전문의약품,나정,D000795,Phentermine Hydrochloride,Phentermine Hydrochloride(펜터민염산염),펜터민염산염,레디펜정(펜터민염산염),20050901,200512154,[M238557]펜터민염산염,,단일,20191111,,,투여기간주의
,흰색의 나비넥타이 모양의 정제,01230,자율신경제,(주)메디카코리아,전문의약품,나정,D000795,Phentermine Hydrochloride,Phentermine Hydrochloride(펜터민염산염),펜터민염산염,슬레민정(펜터민염산염),20051222,200512161,[M238557]펜터민염산염,,단일,20191111,,,투여기간주의
,흰색 또는 거의 흰색의 장방형정제,01230,자율신경제,유니메드제약(주),전문의약품,나정,D000795,Phentermine Hydrochloride,Phentermine Hydrochloride(펜터민염산염),펜터민염산염,로우칼정(펜터민염산염),20050615,200512162,[M238557]펜터민염산염,,단일,20191111,,,투여기간주의
,흰색의 나비넥타이 모양의 정제,01230,자율신경제,구주제약(주),전문의약품,나정,D000795,Phentermine Hydrochloride,Phentermine Hydrochloride(펜터민염산염),펜터민염산염,메타맥스정(펜터민염산염),20050201,200512167,[M238557]펜터민염산염,,단일,20191111,,,투여기간주의
,흰색의 나비넥타이형 정제,01230,자율신경제,(주)비보존제약,전문의약품,나정,D000795,Phentermine Hydrochloride,Phentermine Hydrochloride(펜터민염산염),펜터민염산염,레티스정(펜터민염산염),20050618,200512175,[M238557]펜터민염산염,,단일,20191111,,,투여기간주의
,흰색의 가운데가 오목한 장방형 정제,01230,자율신경제,(주)에이프로젠바이오로직스,전문의약품,나정,D000795,Phentermine Hydrochloride,Phentermine Hydrochloride(펜터민염산염),펜터민염산염,틴틴정(펜터민염산염),20051125,200512177,[M238557]펜터민염산염,,단일,20191111,,,투여기간주의
,흰색의 장방형 정제,01230,자율신경제,(주)휴비스트제약,전문의약품,나정,D000795,Phentermine Hydrochloride,Phentermine Hydrochloride(펜터민염산염),펜터민염산염,펜타지아정(펜터민염산염),20060126,200604150,[M238557]펜터민염산염,,단일,20191111,,,투여기간주의
,흰색의 장방형 정제,01230,자율신경제,(주)팜젠사이언스,전문의약품,나정,D000795,Phentermine Hydrochloride,Phentermine Hydrochloride(펜터민염산염),펜터민염산염,로페트정(펜터민염산염),20060217,200604153,[M238557]펜터민염산염,,단일,20191111,,,투여기간주의
,흰색의 나비넥타이형 정제,01230,자율신경제,동국제약(주),전문의약품,나정,D000795,Phentermine Hydrochloride,Phentermine Hydrochloride(펜터민염산염),펜터민염산염,비엠진정(펜터민염산염),20060306,200604160,[M238557]펜터민염산염,,단일,20191111,,,투여기간주의
,흰색의 나비넥타이형 정제,01230,자율신경제,태극제약(주),전문의약품,나정,D000795,Phentermine Hydrochloride,Phentermine Hydrochloride(펜터민염산염),펜터민염산염,페니민정(펜터민염산염),20060220,200604163,[M238557]펜터민염산염,,단일,20191111,,,투여기간주의
,흰색의 땅콩모양의 정제,01230,자율신경제,(주)서울제약,전문의약품,나정,D000795,Phentermine Hydrochloride,Phentermine Hydrochloride(펜터민염산염),펜터민염산염,웰트민정(펜터민염산염),20060106,200604164,[M238557]펜터민염산염,,단일,20191111,,,투여기간주의
,흰색의 나비넥타이형 정제,01230,자율신경제,(주)제뉴파마,전문의약품,나정,D000795,Phentermine Hydrochloride,Phentermine Hydrochloride(펜터민염산염),펜터민염산염,비터펜정(펜터민염산염),20060306,200604166,[M238557]펜터민염산염,,단일,20191111,,,투여기간주의
,흰색 또는 거의 흰색의 장방형정제,01230,자율신경제,(주)마더스제약,전문의약품,나정,D000795,Phentermine Hydrochloride,Phentermine Hydrochloride(펜터민염산염),펜터민염산염,아트민정(펜터민염산염),20060322,200604169,[M238557]펜터민염산염,,단일,20191111,,,투여기간주의
,흰색의 장방형 나정,01230,자율신경제,조아제약(주),전문의약품,나정,D000795,Phentermine Hydrochloride,Phentermine Hydrochloride(펜터민염산염),펜터민염산염,씬스펜정(펜터민염산염),20060901,200610878,[M238557]펜터민염산염,,단일,20191111,,,투여기간주의
,흰색의 가운데가 오목한 장방형 정제,01230,자율신경제,제이더블유신약(주),전문의약품,나정,D000795,Phentermine Hydrochloride,Phentermine Hydrochloride(펜터민염산염),펜터민염산염,펜터미정(펜터민염산염),20061129,200611551,[M238557]펜터민염산염,,단일,20191111,,,투여기간주의
,"미백색의 서방성 과립제가 충전된 상-진청색, 하-무색투명의 캡슐제",01230,자율신경제,부광약품(주),전문의약품,"서방성캡슐제, 펠렛",D000795,Phentermine Hydrochloride,Phentermine Hydrochloride(펜터민염산염),펜터민염산염,판베시서방캡슐 30밀리그램(펜터민염산염),20071011,200711284,[M238557]펜터민염산염,,단일,20191111,,,투여기간주의
,흰색의 나비넥타이 모양의 정제,01230,자율신경제,한국프라임제약(주),전문의약품,나정,D000795,Phentermine Hydrochloride,Phentermine Hydrochloride(펜터민염산염),펜터민염산염,펜더정(펜터민염산염),20091207,200908478,[M238557]펜터민염산염,,단일,20191111,,,투여기간주의
,흰색 원형의 정제,01230,자율신경제,대화제약(주),전문의약품,나정,D000795,Phentermine Hydrochloride,Phentermine Hydrochloride(펜터민염산염),펜터민염산염,대화노브제정(펜터민염산염),20100706,201004413,[M238557]펜터민염산염,,단일,20191111,,,투여기간주의
,흰색의 나비넥타이 모양의 정제,01230,자율신경제,구주제약(주),전문의약품,나정,D000795,Phentermine Hydrochloride,Phentermine Hydrochloride(펜터민염산염),펜터민염산염,메타맥스정(펜터민염산염)(수출용),20111111,201109904,[M238557]펜터민염산염,,단일,20191111,,,투여기간주의
,백색 또는 유백색의 타원형 정제,01230,자율신경제,(주)휴온스,전문의약품,나정,D000795,Phentermine Hydrochloride,Phentermine Hydrochloride(펜터민염산염),펜터민염산염,휴온스펜터민염산염정(수출용),20111227,201111544,[M238557]펜터민염산염,,단일,20191111,,,투여기간주의
,백색의 원형 정제,01230,자율신경제,광동제약(주),전문의약품,나정,D000795,Phentermine Hydrochloride,Phentermine Hydrochloride(펜터민염산염),펜터민염산염,아디펙스정18.75mg(펜터민염산염),20120615,201205550,[M238557]펜터민염산염,,단일,20191111,,,투여기간주의
,흰색의 원형정제,01230,자율신경제,대한뉴팜(주),전문의약품,나정,D000795,Phentermine Hydrochloride,Phentermine Hydrochloride(펜터민염산염),펜터민염산염,피티엠정(펜터민염산염),20131030,201309968,[M238557]펜터민염산염,,단일,20191111,,,투여기간주의
,연한 녹색의 타원형 정제,01230,자율신경제,(주)휴온스,전문의약품,나정,D000795,Phentermine Hydrochloride,Phentermine Hydrochloride(펜터민염산염),펜터민염산염,휴터민세미정(펜터민염산염),20131030,201309969,[M238557]펜터민염산염,,단일,20191111,,,투여기간주의
,분홍색의 강낭콩모양 정제,01230,자율신경제,알보젠코리아(주),전문의약품,나정,D000795,Phentermine Hydrochloride,Phentermine Hydrochloride(펜터민염산염),펜터민염산염,푸리민정18.75밀리그램(펜터민염산염),20140410,201401685,[M238557]펜터민염산염,,단일,20191111,,,투여기간주의
,흰색의 나비넥타이모양의 정제,01230,자율신경제,명문제약(주),전문의약품,나정,D000795,Phentermine Hydrochloride,Phentermine Hydrochloride(펜터민염산염),펜터민염산염,레디펜정(펜터민염산염),20171110,201707866,[M238557]펜터민염산염,,단일,20191111,,,투여기간주의
,백색 원형의 정제,01230,자율신경제,알보젠코리아(주),전문의약품,나정,D000701,Phendimetrazine Tartrate,Phendimetrazine Tartrate(펜디메트라진타르타르산염),펜디메트라진타르타르산염,푸링정(펜디메트라진타르타르산염),19980616,199806846,[M230784]펜디메트라진타르타르산염,,단일,20191111,,,투여기간주의
,흰색의 원형 정제,01230,자율신경제,조아제약(주),전문의약품,나정,D000701,Phendimetrazine Tartrate,Phendimetrazine Tartrate(펜디메트라진타르타르산염),펜디메트라진타르타르산염,엔슬림정(펜디메트라진타르타르산염),20020902,200210718,[M230784]펜디메트라진타르타르산염,,단일,20191111,,,투여기간주의
,흰색의 원형 정제,01230,자율신경제,(주)바이넥스,전문의약품,나정,D000701,Phendimetrazine Tartrate,Phendimetrazine Tartrate(펜디메트라진타르타르산염),펜디메트라진타르타르산염,펜디씬정(펜디메트라진타르타르산염),20040705,200410824,[M230784]펜디메트라진타르타르산염,,단일,20191111,,,투여기간주의
,백색의 원형 정제,01230,자율신경제,(주)팜젠사이언스,전문의약품,나정,D000701,Phendimetrazine Tartrate,Phendimetrazine Tartrate(펜디메트라진타르타르산염),펜디메트라진타르타르산염,페티노정(펜디메트라진타르타르산염),20041208,200410854,[M230784]펜디메트라진타르타르산염,,단일,20191111,,,투여기간주의
,흰색의 원형정제,01230,자율신경제,주식회사제뉴원사이언스,전문의약품,나정,D000701,Phendimetrazine Tartrate,Phendimetrazine Tartrate(펜디메트라진타르타르산염),펜디메트라진타르타르산염,펜트라정(펜디메트라진타르타르산염),20041221,200410866,[M230784]펜디메트라진타르타르산염,,단일,20191111,,,투여기간주의
,흰색의 원형 정제,01230,자율신경제,대원제약(주),전문의약품,나정,D000701,Phendimetrazine Tartrate,Phendimetrazine Tartrate(펜디메트라진타르타르산염),펜디메트라진타르타르산염,펜디라진정(펜디메트라진타르타르산염),20051109,200512146,[M230784]펜디메트라진타르타르산염,,단일,20191111,,,투여기간주의
,흰색의 원형정제,01230,자율신경제,(주)한국파마,전문의약품,나정,D000701,Phendimetrazine Tartrate,Phendimetrazine Tartrate(펜디메트라진타르타르산염),펜디메트라진타르타르산염,아드펜정(펜디메트라진타르타르산염),20051109,200512153,[M230784]펜디메트라진타르타르산염,,단일,20191111,,,투여기간주의
,흰색의 원형정제,01230,자율신경제,명문제약(주),전문의약품,나정,D000701,Phendimetrazine Tartrate,Phendimetrazine Tartrate(펜디메트라진타르타르산염),펜디메트라진타르타르산염,펜타씬정(펜디메트라진타르타르산염),20051122,200512155,[M230784]펜디메트라진타르타르산염,,단일,20191111,,,투여기간주의
,흰색 내지 미백색의 원형 정제,01230,자율신경제,(주)휴온스,전문의약품,나정,D000701,Phendimetrazine Tartrate,Phendimetrazine Tartrate(펜디메트라진타르타르산염),펜디메트라진타르타르산염,펜디정(펜디메트라진타르타르산염),20050804,200512168,[M230784]펜디메트라진타르타르산염,,단일,20191111,,,투여기간주의
,흰색의 원형 정제,01230,자율신경제,영일제약(주),전문의약품,나정,D000701,Phendimetrazine Tartrate,Phendimetrazine Tartrate(펜디메트라진타르타르산염),펜디메트라진타르타르산염,다이트린정(펜디메트라진타르타르산염),20051017,200512174,[M230784]펜디메트라진타르타르산염,,단일,20191111,,,투여기간주의
,흰색의 원형 정제,01230,자율신경제,(주)셀릭스,전문의약품,나정,D000701,Phendimetrazine Tartrate,Phendimetrazine Tartrate(펜디메트라진타르타르산염),펜디메트라진타르타르산염,펜디라정(펜디메트라진타르타르산염),20060410,200604148,[M230784]펜디메트라진타르타르산염,,단일,20191111,,,투여기간주의
,흰색의 원형정제,01230,자율신경제,대한뉴팜(주),전문의약품,나정,D000701,Phendimetrazine Tartrate,Phendimetrazine Tartrate(펜디메트라진타르타르산염),펜디메트라진타르타르산염,펜틴정(펜디메트라진타르타르산염),20060306,200604157,[M230784]펜디메트라진타르타르산염,,단일,20191111,,,투여기간주의
,백색의 원형정제,01230,자율신경제,(주)비보존제약,전문의약품,나정,D000701,Phendimetrazine Tartrate,Phendimetrazine Tartrate(펜디메트라진타르타르산염),펜디메트라진타르타르산염,디에트정(펜디메트라진타르타르산염),20060329,200604158,[M230784]펜디메트라진타르타르산염,,단일,20191111,,,투여기간주의
,백색의 원형정제,01230,자율신경제,동국제약(주),전문의약품,나정,D000701,Phendimetrazine Tartrate,Phendimetrazine Tartrate(펜디메트라진타르타르산염),펜디메트라진타르타르산염,라이트진정(펜디메트라진타르타르산염),20060123,200604159,[M230784]펜디메트라진타르타르산염,,단일,20191111,,,투여기간주의
,흰색의 원형정제,01230,자율신경제,태극제약(주),전문의약품,나정,D000701,Phendimetrazine Tartrate,Phendimetrazine Tartrate(펜디메트라진타르타르산염),펜디메트라진타르타르산염,페닝정(펜디메트라진타르타르산염),20060220,200604162,[M230784]펜디메트라진타르타르산염,,단일,20191111,,,투여기간주의
,흰색의 원형정제,01230,자율신경제,(주)제뉴파마,전문의약품,나정,D000701,Phendimetrazine Tartrate,Phendimetrazine Tartrate(펜디메트라진타르타르산염),펜디메트라진타르타르산염,펜홀드정(펜디메트라진타르타르산염),20060306,200604167,[M230784]펜디메트라진타르타르산염,,단일,20191111,,,투여기간주의
,흰색 원형의 정제,01230,자율신경제,하나제약(주),전문의약품,나정,D000701,Phendimetrazine Tartrate,Phendimetrazine Tartrate(펜디메트라진타르타르산염),펜디메트라진타르타르산염,펜슬림정(펜디메트라진타르타르산염),20070620,200707106,[M230784]펜디메트라진타르타르산염,,단일,20191111,,,투여기간주의
,흰색의 원형 정제,01230,자율신경제,구주제약(주),전문의약품,나정,D000701,Phendimetrazine Tartrate,Phendimetrazine Tartrate(펜디메트라진타르타르산염),펜디메트라진타르타르산염,펜디민정(펜디메트라진타르타르산염),20080605,200806249,[M230784]펜디메트라진타르타르산염,,단일,20191111,,,투여기간주의
,흰색의 원형정제,01230,자율신경제,제이더블유신약(주),전문의약품,나정,D000701,Phendimetrazine Tartrate,Phendimetrazine Tartrate(펜디메트라진타르타르산염),펜디메트라진타르타르산염,펜디예뜨정(펜디메트라진타르타르산염),20080626,200807061,[M230784]펜디메트라진타르타르산염,,단일,20191111,,,투여기간주의
,흰색의 원형 정제,01230,자율신경제,한국프라임제약(주),전문의약품,나정,D000701,Phendimetrazine Tartrate,Phendimetrazine Tartrate(펜디메트라진타르타르산염),펜디메트라진타르타르산염,펜디멘정(펜디메트라진타르타르산염),20091207,200908479,[M230784]펜디메트라진타르타르산염,,단일,20191111,,,투여기간주의
,흰색의 원형정제,01230,자율신경제,(주)서울제약,전문의약품,나정,D000701,Phendimetrazine Tartrate,Phendimetrazine Tartrate(펜디메트라진타르타르산염),펜디메트라진타르타르산염,펜디진정35mg(펜디메트라진타르타르산염),20100524,201003646,[M230784]펜디메트라진타르타르산염,,단일,20191111,,,투여기간주의
,흰색의 원형 정제,01230,자율신경제,(주)에이프로젠바이오로직스,전문의약품,나정,D000701,Phendimetrazine Tartrate,Phendimetrazine Tartrate(펜디메트라진타르타르산염),펜디메트라진타르타르산염,펜디펜정(펜디메트라진타르타르산염),20110309,201101167,[M230784]펜디메트라진타르타르산염,,단일,20191111,,,투여기간주의
,흰색의 사각형 정제,01230,자율신경제,알보젠코리아(주),전문의약품,나정,D000701,Phendimetrazine Tartrate,Phendimetrazine Tartrate(펜디메트라진타르타르산염),펜디메트라진타르타르산염,푸링세미정(펜디메트라진타르타르산염),20160728,201604676,[M230784]펜디메트라진타르타르산염,,단일,20191111,,,투여기간주의
,흰색 내지 미백색의 오각형 정제,01230,자율신경제,(주)휴온스,전문의약품,나정,D000701,Phendimetrazine Tartrate,Phendimetrazine Tartrate(펜디메트라진타르타르산염),펜디메트라진타르타르산염,펜디세미정(펜디메트라진타르타르산염),20170426,201702111,[M230784]펜디메트라진타르타르산염,,단일,20191111,,,투여기간주의
,연한 빨간색의 타원형 필름코팅정,02320,소화성궤양용제,동광제약(주),전문의약품,필름코팅정,D001410,Vonoprazan Fumarate,Vonoprazan Fumarate(보노프라잔푸마르산염),보노프라잔푸마르산염,본프라잔정20밀리그램(보노프라잔푸마르산염),20251209,202503224,[M269283]보노프라잔푸마르산염,,단일,20210715,,,투여기간주의
,연한 노란색의 타원형 필름코팅정,02320,소화성궤양용제,동광제약(주),전문의약품,필름코팅정,D001410,Vonoprazan Fumarate,Vonoprazan Fumarate(보노프라잔푸마르산염),보노프라잔푸마르산염,본프라잔정10밀리그램(보노프라잔푸마르산염),20251209,202503225,[M269283]보노프라잔푸마르산염,,단일,20210715,,,투여기간주의
,연한 노란색의 타원형 필름코팅정,02320,소화성궤양용제,한국다케다제약(주),전문의약품,필름코팅정,D001410,Vonoprazan Fumarate,Vonoprazan Fumarate(보노프라잔푸마르산염),보노프라잔푸마르산염,보신티정10밀리그램(보노프라잔푸마르산염),20251219,202503333,[M269283]보노프라잔푸마르산염,,단일,20210715,,,투여기간주의
,연한 빨간색의 타원형 필름코팅정,02320,소화성궤양용제,한국다케다제약(주),전문의약품,필름코팅정,D001410,Vonoprazan Fumarate,Vonoprazan Fumarate(보노프라잔푸마르산염),보노프라잔푸마르산염,보신티정20밀리그램(보노프라잔푸마르산염),20251219,202503334,[M269283]보노프라잔푸마르산염,,단일,20210715,,,투여기간주의
,연한 빨간색의 타원형 필름코팅정제,02320,소화성궤양용제,삼익제약(주),전문의약품,필름코팅정,D001410,Vonoprazan Fumarate (Micronized),Vonoprazan Fumarate (Micronized)(보노프라잔푸마르산염(미분화)),보노프라잔푸마르산염(미분화),브이캡정20밀리그램(보노프라잔푸마르산염),20260127,202600222,[M286116]보노프라잔푸마르산염(미분화),,단일,20210715,,,투여기간주의
,연한 노란색의 타원형 필름코팅정제,02320,소화성궤양용제,삼익제약(주),전문의약품,필름코팅정,D001410,Vonoprazan Fumarate (Micronized),Vonoprazan Fumarate (Micronized)(보노프라잔푸마르산염(미분화)),보노프라잔푸마르산염(미분화),브이캡정10밀리그램(보노프라잔푸마르산염),20260127,202600223,[M286116]보노프라잔푸마르산염(미분화),,단일,20210715,,,투여기간주의
,분홍색의 달걀형 필름코팅정제,02320,소화성궤양용제,(주)화이트생명과학,전문의약품,필름코팅정,D001410,Vonoprazan Fumarate,Vonoprazan Fumarate(보노프라잔푸마르산염),보노프라잔푸마르산염,보노스타정20밀리그램(보노프라잔푸마르산염) ,20260223,202600507,[M269283]보노프라잔푸마르산염,,단일,20210715,,,투여기간주의
,분홍색의 타원형 필름코팅정제,02320,소화성궤양용제,(주)녹십자,전문의약품,필름코팅정,D001410,Vonoprazan Fumarate,Vonoprazan Fumarate(보노프라잔푸마르산염),보노프라잔푸마르산염,네오보노정20밀리그램(보노프라잔푸마르산염),20260226,202600581,[M269283]보노프라잔푸마르산염,,단일,20210715,,,투여기간주의
,연한 노란색의 타원형 필름코팅정제,02320,소화성궤양용제,(주)녹십자,전문의약품,필름코팅정,D001410,Vonoprazan Fumarate,Vonoprazan Fumarate(보노프라잔푸마르산염),보노프라잔푸마르산염,네오보노정10밀리그램(보노프라잔푸마르산염),20260226,202600582,[M269283]보노프라잔푸마르산염,,단일,20210715,,,투여기간주의
,연한 빨간색의 타원형 필름코팅정제,02320,소화성궤양용제,(주)새한제약,전문의약품,필름코팅정,D001410,Vonoprazan Fumarate (Micronized),Vonoprazan Fumarate (Micronized)(보노프라잔푸마르산염(미분화)),보노프라잔푸마르산염(미분화),보노탑정20밀리그램(보노프라잔푸마르산염),20260305,202600657,[M286116]보노프라잔푸마르산염(미분화),,단일,20210715,,,투여기간주의
,연한 노란색의 원형 필름코팅정,02320,소화성궤양용제,안국약품(주),전문의약품,필름코팅정,D001410,Vonoprazan Fumarate,Vonoprazan Fumarate(보노프라잔푸마르산염),보노프라잔푸마르산염,보노펙정10밀리그램(보노프라잔푸마르산염),20260306,202600668,[M269283]보노프라잔푸마르산염,,단일,20210715,,,투여기간주의
,연한 빨간색의 타원형 필름코티정,02320,소화성궤양용제,안국약품(주),전문의약품,필름코팅정,D001410,Vonoprazan Fumarate,Vonoprazan Fumarate(보노프라잔푸마르산염),보노프라잔푸마르산염,보노펙정20밀리그램(보노프라잔푸마르산염),20260306,202600669,[M269283]보노프라잔푸마르산염,,단일,20210715,,,투여기간주의
,연한 노란색의 타원형 필름코팅정,02320,소화성궤양용제,한림제약(주),전문의약품,필름코팅정,D001410,Vonoprazan Fumarate,Vonoprazan Fumarate(보노프라잔푸마르산염),보노프라잔푸마르산염,보노프잔정10밀리그램(보노프라잔푸마르산염),20260310,202600710,[M269283]보노프라잔푸마르산염,,단일,20210715,,,투여기간주의
,연한 빨간색의 타원형 필름코팅정,02320,소화성궤양용제,한림제약(주),전문의약품,필름코팅정,D001410,Vonoprazan Fumarate,Vonoprazan Fumarate(보노프라잔푸마르산염),보노프라잔푸마르산염,보노프잔정20밀리그램(보노프라잔푸마르산염),20260310,202600711,[M269283]보노프라잔푸마르산염,,단일,20210715,,,투여기간주의
,연한 노란색의 타원형 필름코팅정,02320,소화성궤양용제,코오롱제약(주),전문의약품,필름코팅정,D001410,Vonoprazan Fumarate,Vonoprazan Fumarate(보노프라잔푸마르산염),보노프라잔푸마르산염,코프라잔정10밀리그램(보노프라잔푸마르산염),20260311,202600717,[M269283]보노프라잔푸마르산염,,단일,20210715,,,투여기간주의
,연한 빨간색의 타원형 필름코팅정,02320,소화성궤양용제,코오롱제약(주),전문의약품,필름코팅정,D001410,Vonoprazan Fumarate,Vonoprazan Fumarate(보노프라잔푸마르산염),보노프라잔푸마르산염,코프라잔정20밀리그램(보노프라잔푸마르산염),20260311,202600718,[M269283]보노프라잔푸마르산염,,단일,20210715,,,투여기간주의
,연한 빨간색의 타원형 필름코팅정,02320,소화성궤양용제,알리코제약(주),전문의약품,필름코팅정,D001410,Vonoprazan Fumarate,Vonoprazan Fumarate(보노프라잔푸마르산염),보노프라잔푸마르산염,알리보노정20밀리그램(보노프라잔푸마르산염),20260311,202600719,[M269283]보노프라잔푸마르산염,,단일,20210715,,,투여기간주의
,연한 노란색의 타원형 필름코팅정,02320,소화성궤양용제,알리코제약(주),전문의약품,필름코팅정,D001410,Vonoprazan Fumarate,Vonoprazan Fumarate(보노프라잔푸마르산염),보노프라잔푸마르산염,알리보노정10밀리그램(보노프라잔푸마르산염),20260311,202600720,[M269283]보노프라잔푸마르산염,,단일,20210715,,,투여기간주의
,연한 노란색의 타원형 필름코팅정제,02320,소화성궤양용제,주식회사제뉴원사이언스,전문의약품,필름코팅정,D001410,Vonoprazan Fumarate,Vonoprazan Fumarate(보노프라잔푸마르산염),보노프라잔푸마르산염,보노캡정10밀리그램(보노프라잔푸마르산염),20260421,202601151,[M269283]보노프라잔푸마르산염,,단일,20210715,,,투여기간주의
,연한 빨간색의 타원형 필름코팅정제,02320,소화성궤양용제,주식회사제뉴원사이언스,전문의약품,필름코팅정,D001410,Vonoprazan Fumarate,Vonoprazan Fumarate(보노프라잔푸마르산염),보노프라잔푸마르산염,보노캡정20밀리그램(보노프라잔푸마르산염),20260421,202601152,[M269283]보노프라잔푸마르산염,,단일,20210715,,,투여기간주의
,연한 노란색의 장방형 필름코팅정,02320,소화성궤양용제,(주)비보존제약,전문의약품,필름코팅정,D001410,Vonoprazan Fumarate,Vonoprazan Fumarate(보노프라잔푸마르산염),보노프라잔푸마르산염,브이노정10밀리그램(보노프라잔푸마르산염),20260423,202601186,[M269283]보노프라잔푸마르산염,,단일,20210715,,,투여기간주의
,연한 분홍색의 장방형 필름코팅정,02320,소화성궤양용제,(주)비보존제약,전문의약품,필름코팅정,D001410,Vonoprazan Fumarate,Vonoprazan Fumarate(보노프라잔푸마르산염),보노프라잔푸마르산염,브이노정20밀리그램(보노프라잔푸마르산염),20260423,202601187,[M269283]보노프라잔푸마르산염,,단일,20210715,,,투여기간주의
,연한 분홍색의 장방형 필름코팅정,02320,소화성궤양용제,한국프라임제약(주),전문의약품,필름코팅정,D001410,Vonoprazan Fumarate,Vonoprazan Fumarate(보노프라잔푸마르산염),보노프라잔푸마르산염,보노잔정20밀리그램(보노프라잔푸마르산염),20260423,202601194,[M269283]보노프라잔푸마르산염,,단일,20210715,,,투여기간주의
,연한 노란색의 장방형 필름코팅정,02320,소화성궤양용제,한국프라임제약(주),전문의약품,필름코팅정,D001410,Vonoprazan Fumarate,Vonoprazan Fumarate(보노프라잔푸마르산염),보노프라잔푸마르산염,보노잔정10밀리그램(보노프라잔푸마르산염),20260423,202601195,[M269283]보노프라잔푸마르산염,,단일,20210715,,,투여기간주의
,연한 노란색의 장방형 필름코팅정,02320,소화성궤양용제,하나제약(주),전문의약품,필름코팅정,D001410,Vonoprazan Fumarate,Vonoprazan Fumarate(보노프라잔푸마르산염),보노프라잔푸마르산염,보노원정10밀리그램(보노프라잔푸마르산염),20260423,202601196,[M269283]보노프라잔푸마르산염,,단일,20210715,,,투여기간주의
,연한 분홍색의 장방형 필름코팅정,02320,소화성궤양용제,하나제약(주),전문의약품,필름코팅정,D001410,Vonoprazan Fumarate,Vonoprazan Fumarate(보노프라잔푸마르산염),보노프라잔푸마르산염,보노원정20밀리그램(보노프라잔푸마르산염),20260423,202601197,[M269283]보노프라잔푸마르산염,,단일,20210715,,,투여기간주의
,연한 노란색의 장방형 필름코팅정,02320,소화성궤양용제,대한뉴팜(주),전문의약품,필름코팅정,D001410,Vonoprazan Fumarate,Vonoprazan Fumarate(보노프라잔푸마르산염),보노프라잔푸마르산염,엔피보노캡정10밀리그램(보노프라잔푸마르산염),20260423,202601198,[M269283]보노프라잔푸마르산염,,단일,20210715,,,투여기간주의
,연한 분홍색의 장방형 필름코팅정,02320,소화성궤양용제,대한뉴팜(주),전문의약품,필름코팅정,D001410,Vonoprazan Fumarate,Vonoprazan Fumarate(보노프라잔푸마르산염),보노프라잔푸마르산염,엔피보노캡정20밀리그램(보노프라잔푸마르산염),20260423,202601199,[M269283]보노프라잔푸마르산염,,단일,20210715,,,투여기간주의
,연한 빨간색의 타원형 필름코팅정제,02320,소화성궤양용제,경동제약(주),전문의약품,필름코팅정,D001410,Vonoprazan Fumarate,Vonoprazan Fumarate(보노프라잔푸마르산염),보노프라잔푸마르산염,보노스트정20밀리그램(보노프라잔푸마르산염),20260423,202601200,[M269283]보노프라잔푸마르산염,,단일,20210715,,,투여기간주의
,연한 노란색의 타원형 필름코팅정제,02320,소화성궤양용제,경동제약(주),전문의약품,필름코팅정,D001410,Vonoprazan Fumarate,Vonoprazan Fumarate(보노프라잔푸마르산염),보노프라잔푸마르산염,보노스트정10밀리그램(보노프라잔푸마르산염),20260423,202601201,[M269283]보노프라잔푸마르산염,,단일,20210715,,,투여기간주의
,연한 빨간색의 타원형 필름코팅정제,02320,소화성궤양용제,(주)제뉴파마,전문의약품,필름코팅정,D001410,Vonoprazan Fumarate,Vonoprazan Fumarate(보노프라잔푸마르산염),보노프라잔푸마르산염,제뉴파마보노프라잔정20밀리그램(보노프라잔푸마르산염),20260423,202601202,[M269283]보노프라잔푸마르산염,,단일,20210715,,,투여기간주의
,연한 노란색의 타원형 필름코팅정제,02320,소화성궤양용제,(주)제뉴파마,전문의약품,필름코팅정,D001410,Vonoprazan Fumarate,Vonoprazan Fumarate(보노프라잔푸마르산염),보노프라잔푸마르산염,제뉴파마보노프라잔정10밀리그램(보노프라잔푸마르산염),20260423,202601203,[M269283]보노프라잔푸마르산염,,단일,20210715,,,투여기간주의
,연한 빨간색의 타원형 필름코팅정,02320,소화성궤양용제,(주)유한양행,전문의약품,필름코팅정,D001410,Vonoprazan Fumarate,Vonoprazan Fumarate(보노프라잔푸마르산염),보노프라잔푸마르산염,유한보노정20밀리그램(보노프라잔푸마르산염),20260512,202601373,[M269283]보노프라잔푸마르산염,,단일,20210715,,,투여기간주의
,연한 노란색의 타원형 필름코팅정,02320,소화성궤양용제,(주)유한양행,전문의약품,필름코팅정,D001410,Vonoprazan Fumarate,Vonoprazan Fumarate(보노프라잔푸마르산염),보노프라잔푸마르산염,유한보노정10밀리그램(보노프라잔푸마르산염),20260512,202601374,[M269283]보노프라잔푸마르산염,,단일,20210715,,,투여기간주의
,연한 빨간색의 타원형 필름코팅정,02320,소화성궤양용제,주식회사케이에스제약,전문의약품,필름코팅정,D001410,Vonoprazan Fumarate,Vonoprazan Fumarate(보노프라잔푸마르산염),보노프라잔푸마르산염,케이오정20밀리그램(보노프라잔푸마르산염),20260512,202601378,[M269283]보노프라잔푸마르산염,,단일,20210715,,,투여기간주의
,연한 노란색의 타원형 필름코팅정,02320,소화성궤양용제,주식회사케이에스제약,전문의약품,필름코팅정,D001410,Vonoprazan Fumarate,Vonoprazan Fumarate(보노프라잔푸마르산염),보노프라잔푸마르산염,케이오정10밀리그램(보노프라잔푸마르산염),20260512,202601379,[M269283]보노프라잔푸마르산염,,단일,20210715,,,투여기간주의
,연한 분홍색의 타원형 필름코팅정,02320,소화성궤양용제,(주)비씨월드제약,전문의약품,필름코팅정,D001410,Vonoprazan Fumarate,Vonoprazan Fumarate(보노프라잔푸마르산염),보노프라잔푸마르산염,보노바정20밀리그램(보노프라잔푸마르산염),20260519,202601445,[M269283]보노프라잔푸마르산염,,단일,20210715,,,투여기간주의
,연한 노란색의 타원형 필름코팅정,02320,소화성궤양용제,(주)비씨월드제약,전문의약품,필름코팅정,D001410,Vonoprazan Fumarate,Vonoprazan Fumarate(보노프라잔푸마르산염),보노프라잔푸마르산염,보노바정10밀리그램(보노프라잔푸마르산염),20260519,202601446,[M269283]보노프라잔푸마르산염,,단일,20210715,,,투여기간주의
,흰색의 분말이 충진된 상하부 미황색의 경질캡슐제 ,02370,정장제,영진약품(주),전문의약품,"경질캡슐제, 과립제",D001554,Racecadotril,Racecadotril(라세카도트릴),라세카도트릴,라세카캡슐100밀리그램(라세카도트릴),20230118,202300287,[M090882]라세카도트릴,,단일,20220527,,"주성분 함량 10mg, 30mg, 100mg, 캡슐제, 산제",투여기간주의
,수액용 고무마개를 한 무색투명한 유리용기에 든 무색의 투명한 용액,03250,단백아미노산제제,(주)휴온스,전문의약품,수액제,D001555,N(2)-L-Alanyl-L-glutamine,N(2)-L-Alanyl-L-glutamine(N(2)-L-알라닐-L-글루타민),N(2)-L-알라닐-L-글루타민,메리트지주(N(2)-L-알라닐-L-글루타민),20250909,202502388,[M111326]N(2)-L-알라닐-L-글루타민,,단일,20220527,,"주성분 함량 20g/100mL, 주사제",투여기간주의
,백색의 균질한 유화액이 들어있는 수액용 바이알,03290,기타의 자양강장변질제,프레지니우스카비코리아(주),전문의약품,유화주사제,D001556,Purified Fish Oil (High Dose Omega-3 Fatty Acids),Purified Fish Oil (High Dose Omega-3 Fatty Acids)(정제어유(고단위 오메가-3 지방산 함유)),정제어유(고단위 오메가-3 지방산 함유),오메가벤주(정제어유(고단위 오메가-3지방산 함유)),20160415,201602121,[M245287]정제어유(고단위 오메가-3 지방산 함유),,단일,20220527,,"주성분 함량 10g/100mL, 주사제",투여기간주의
20160112,특이한 방향성이 있는 무색투명한 액체,01320,이비과용제,삼천당제약(주),일반의약품,일반액상분무제,D000893,Chlorpheniramine Maleate,Chlorpheniramine Maleate(클로르페니라민말레산염),클로르페니라민말레산염,"나리스타에스점비액(수출명:듀라존점비액,나소존점비액)",19890425,198900833,[M222937]나파졸린염산염/[M223211]클로르페니라민말레산염/[M256386]글리시리진산이칼륨,[D001767]Dipotassium Glycyrrhizinate(글리시리진산이칼륨)/[D001768]Naphazoline(나파졸린),복합,20250530,,,투여기간주의
20141222,연녹색 원형의 장용성 필름코팅정,02380,"하제, 완장제",(주)마더스제약,일반의약품,장용성필름코팅정,D001300,Bisacodyl,Bisacodyl(비사코딜),비사코딜,비카린정(수출용),19901107,199000622,[M081393]센나열매가루/[M081899]센나엽가루/[M081910]센나열매엑스/[M050687]비사코딜,[D001656]Docusate sodium(도큐세이트나트륨)/[D001660]Senna leaf powder(센나엽가루)/[D001658]Tinnevelly senna fruit powder(티니벨리센나열매가루),복합,20231108,,,투여기간주의
20200601,갈색의 과립제,02380,"하제, 완장제",신화제약(주),일반의약품,과립제,D001670,Sennae Fructus,Sennae Fructus(센나열매),센나열매,비장원과립,19921201,199200535,[M081198]차전자피/[M050805]센나열매,[D001669]Psyllium husk(차전자피),복합,20231108,,,투여기간주의
20200601,갈색의 과립제,02380,"하제, 완장제",신화제약(주),일반의약품,과립제,D001657,Sennae Fructus,Sennae Fructus(센나열매),센나열매,비장원과립,19921201,199200535,[M081198]차전자피/[M050805]센나열매,[D001669]Psyllium husk(차전자피),복합,20231108,,,투여기간주의
20200601,갈색의 과립제,02380,"하제, 완장제",신화제약(주),일반의약품,과립제,D001657,Sennae Fructus,Sennae Fructus(센나열매),센나열매,비장원과립,19921201,199200535,[M081198]차전자피/[M050805]센나열매,[D001671]Psyllium husk powder(차전자피가루),복합,20231108,,,투여기간주의
20200714,황색의 원형 장용성필름코팅정,02380,"하제, 완장제",영일제약(주),일반의약품,장용성필름코팅정,D001300,Bisacodyl,Bisacodyl(비사코딜),비사코딜,듀오락스정,19930421,199302061,[M050687]비사코딜/[M081950]도큐세이트나트륨,[D001656]Docusate sodium(도큐세이트나트륨),복합,20231108,,,투여기간주의
20201202,녹색의 타원형 필름코팅정,02380,"하제, 완장제",명인제약(주),일반의약품,필름코팅정,D001300,Bisacodyl,Bisacodyl(비사코딜),비사코딜,메이킨에스정(수출용),19941209,199400872,[M050687]비사코딜/[M201737]카산트라놀/[M040078]데히드로콜린산/[M081950]도큐세이트나트륨,[D001656]Docusate sodium(도큐세이트나트륨),복합,20231108,,,투여기간주의
20200601,갈색의 과립제,02380,"하제, 완장제",정우신약(주),일반의약품,과립제,D001670,Sennae Fructus,Sennae Fructus(센나열매),센나열매,생장환과립,19970923,199700671,[M081198]차전자피/[M050805]센나열매,[D001669]Psyllium husk(차전자피),복합,20231108,,,투여기간주의
20200601,갈색의 과립제,02380,"하제, 완장제",정우신약(주),일반의약품,과립제,D001657,Sennae Fructus,Sennae Fructus(센나열매),센나열매,생장환과립,19970923,199700671,[M081198]차전자피/[M050805]센나열매,[D001669]Psyllium husk(차전자피),복합,20231108,,,투여기간주의
20200601,갈색의 과립제,02380,"하제, 완장제",정우신약(주),일반의약품,과립제,D001657,Sennae Fructus,Sennae Fructus(센나열매),센나열매,생장환과립,19970923,199700671,[M081198]차전자피/[M050805]센나열매,[D001671]Psyllium husk powder(차전자피가루),복합,20231108,,,투여기간주의
20150209,갈색의 과립제이다.,02380,"하제, 완장제",(주)아이월드제약,일반의약품,과립제,D001657,Sennae Fructus Powder,Sennae Fructus Powder(센나열매가루),센나열매가루,루비락스과립,19970303,199701919,[M097831]차전자피가루/[M081393]센나열매가루,[D001671]Psyllium husk powder(차전자피가루),복합,20231108,,,투여기간주의
20181015,무색의 투명한 액제,02380,"하제, 완장제",하이플생명과학(주),일반의약품,관장제,D000764,Sodium Hydrogen Phosphate,Sodium Hydrogen Phosphate(인산일수소나트륨),인산일수소나트륨,렉크린액(인산나트륨에네마),19971128,199702005,[M051286]인산이수소나트륨/[M040513]인산일수소나트륨,[D000576]Sodium dihydrogen Phosphate(인산이수소나트륨),복합,20250530,,,투여기간주의
20210126,갈색의 과립제,02380,"하제, 완장제",오스틴제약(주),일반의약품,과립제,D001670,Sennae Fructus,Sennae Fructus(센나열매),센나열매,나이스과립,20001218,200002316,[M081198]차전자피/[M050805]센나열매,[D001669]Psyllium husk(차전자피),복합,20231108,,,투여기간주의
20210126,갈색의 과립제,02380,"하제, 완장제",오스틴제약(주),일반의약품,과립제,D001657,Sennae Fructus,Sennae Fructus(센나열매),센나열매,나이스과립,20001218,200002316,[M081198]차전자피/[M050805]센나열매,[D001669]Psyllium husk(차전자피),복합,20231108,,,투여기간주의
20210126,갈색의 과립제,02380,"하제, 완장제",오스틴제약(주),일반의약품,과립제,D001657,Sennae Fructus,Sennae Fructus(센나열매),센나열매,나이스과립,20001218,200002316,[M081198]차전자피/[M050805]센나열매,[D001671]Psyllium husk powder(차전자피가루),복합,20231108,,,투여기간주의
20191216,갈색의 과립,02380,"하제, 완장제",(주)한풍제약,일반의약품,과립제,D001670,Sennae Fructus,Sennae Fructus(센나열매),센나열매,굿모닝에프과립,20010426,200100074,[M040073]대황/[M050805]센나열매/[M081198]차전자피/[M082727]감초엑스산/[M090093]작약엑스산/[M089515]대추엑스산/[M110942]육계 엑스산/[M089512]생강엑스산,[D001669]Psyllium husk(차전자피),복합,20231108,,,투여기간주의
20191216,갈색의 과립,02380,"하제, 완장제",(주)한풍제약,일반의약품,과립제,D001657,Sennae Fructus,Sennae Fructus(센나열매),센나열매,굿모닝에프과립,20010426,200100074,[M040073]대황/[M050805]센나열매/[M081198]차전자피/[M082727]감초엑스산/[M090093]작약엑스산/[M089515]대추엑스산/[M110942]육계 엑스산/[M089512]생강엑스산,[D001669]Psyllium husk(차전자피),복합,20231108,,,투여기간주의
20191216,갈색의 과립,02380,"하제, 완장제",(주)한풍제약,일반의약품,과립제,D001657,Sennae Fructus,Sennae Fructus(센나열매),센나열매,굿모닝에프과립,20010426,200100074,[M040073]대황/[M050805]센나열매/[M081198]차전자피/[M082727]감초엑스산/[M090093]작약엑스산/[M089515]대추엑스산/[M110942]육계 엑스산/[M089512]생강엑스산,[D001671]Psyllium husk powder(차전자피가루),복합,20231108,,,투여기간주의
20191216,갈색의 과립,02380,"하제, 완장제",(주)한풍제약,일반의약품,과립제,D001670,Sennae Fructus,Sennae Fructus(센나열매),센나열매,굿모닝에프과립,20010426,200100074,[M040073]대황/[M050805]센나열매/[M081198]차전자피/[M082727]감초엑스산/[M090093]작약엑스산/[M089515]대추엑스산/[M110942]육계 엑스산/[M089512]생강엑스산,[D001669]Psyllium husk(차전자피)/[D001686]Cinnamon bark extract powder(육계엑스산)/[D001664]Glycyrrhiza extract powder(감초엑스산)/[D001687]Jujube extract powder(대추엑스산)/[D001665]Peony root extract powder(작약엑스산)/[D001685]Raw ginger extract powder(생강엑스산)/[D001675]Rhubarb powder(대황가루),복합,20231108,,,투여기간주의
20250830,녹색의 원형 장용성 필름코팅정제,02380,"하제, 완장제",정우신약(주),일반의약품,장용성필름코팅정,D001300,Bisacodyl,Bisacodyl(비사코딜),비사코딜,생장환에스정,20020726,200200414,[M081950]도큐세이트나트륨/[M081899]센나엽가루/[M237598]Tinnevelly 센나열매가루/[M050687]비사코딜,[D001656]Docusate sodium(도큐세이트나트륨),복합,20231108,,,투여기간주의
20250830,녹색의 원형 장용성 필름코팅정제,02380,"하제, 완장제",정우신약(주),일반의약품,장용성필름코팅정,D001300,Bisacodyl,Bisacodyl(비사코딜),비사코딜,생장환에스정,20020726,200200414,[M081950]도큐세이트나트륨/[M081899]센나엽가루/[M237598]Tinnevelly 센나열매가루/[M050687]비사코딜,[D001656]Docusate sodium(도큐세이트나트륨)/[D001660]Senna leaf powder(센나엽가루),복합,20231108,,,투여기간주의
20250830,녹색의 원형 장용성 필름코팅정제,02380,"하제, 완장제",정우신약(주),일반의약품,장용성필름코팅정,D001300,Bisacodyl,Bisacodyl(비사코딜),비사코딜,생장환에스정,20020726,200200414,[M081950]도큐세이트나트륨/[M081899]센나엽가루/[M237598]Tinnevelly 센나열매가루/[M050687]비사코딜,[D001656]Docusate sodium(도큐세이트나트륨)/[D001661]Sennoside calcium(센노사이드칼슘),복합,20231108,,,투여기간주의
20250830,녹색의 원형 장용성 필름코팅정제,02380,"하제, 완장제",정우신약(주),일반의약품,장용성필름코팅정,D001300,Bisacodyl,Bisacodyl(비사코딜),비사코딜,생장환에스정,20020726,200200414,[M081950]도큐세이트나트륨/[M081899]센나엽가루/[M237598]Tinnevelly 센나열매가루/[M050687]비사코딜,[D001656]Docusate sodium(도큐세이트나트륨)/[D001660]Senna leaf powder(센나엽가루)/[D001658]Tinnevelly senna fruit powder(티니벨리센나열매가루),복합,20231108,,,투여기간주의
20200604,갈색 과립 ,02380,"하제, 완장제",한솔신약(주),일반의약품,과립제,D001670,Sennae Fructus,Sennae Fructus(센나열매),센나열매,미네르바과립,20020102,200202981,[M081198]차전자피/[M050805]센나열매,[D001669]Psyllium husk(차전자피),복합,20231108,,,투여기간주의
20200604,갈색 과립 ,02380,"하제, 완장제",한솔신약(주),일반의약품,과립제,D001657,Sennae Fructus,Sennae Fructus(센나열매),센나열매,미네르바과립,20020102,200202981,[M081198]차전자피/[M050805]센나열매,[D001669]Psyllium husk(차전자피),복합,20231108,,,투여기간주의
20200604,갈색 과립 ,02380,"하제, 완장제",한솔신약(주),일반의약품,과립제,D001657,Sennae Fructus,Sennae Fructus(센나열매),센나열매,미네르바과립,20020102,200202981,[M081198]차전자피/[M050805]센나열매,[D001671]Psyllium husk powder(차전자피가루),복합,20231108,,,투여기간주의
20200615,흑갈색의 과립제,02380,"하제, 완장제",익수제약(주),일반의약품,과립제,D001670,Sennae Fructus,Sennae Fructus(센나열매),센나열매,변쾌락과립,20040602,200401696,[M081198]차전자피/[M050805]센나열매,[D001669]Psyllium husk(차전자피),복합,20231108,,,투여기간주의
20200615,흑갈색의 과립제,02380,"하제, 완장제",익수제약(주),일반의약품,과립제,D001657,Sennae Fructus,Sennae Fructus(센나열매),센나열매,변쾌락과립,20040602,200401696,[M081198]차전자피/[M050805]센나열매,[D001669]Psyllium husk(차전자피),복합,20231108,,,투여기간주의
20200615,흑갈색의 과립제,02380,"하제, 완장제",익수제약(주),일반의약품,과립제,D001657,Sennae Fructus,Sennae Fructus(센나열매),센나열매,변쾌락과립,20040602,200401696,[M081198]차전자피/[M050805]센나열매,[D001671]Psyllium husk powder(차전자피가루),복합,20231108,,,투여기간주의
20200521,갈색의 과립제,02380,"하제, 완장제",경진제약(주),일반의약품,과립제,D001670,Sennae Fructus,Sennae Fructus(센나열매),센나열매,경진유락과립,20070103,200700037,[M081198]차전자피/[M050805]센나열매,[D001669]Psyllium husk(차전자피),복합,20231108,,,투여기간주의
20200521,갈색의 과립제,02380,"하제, 완장제",경진제약(주),일반의약품,과립제,D001657,Sennae Fructus,Sennae Fructus(센나열매),센나열매,경진유락과립,20070103,200700037,[M081198]차전자피/[M050805]센나열매,[D001669]Psyllium husk(차전자피),복합,20231108,,,투여기간주의
20200521,갈색의 과립제,02380,"하제, 완장제",경진제약(주),일반의약품,과립제,D001657,Sennae Fructus,Sennae Fructus(센나열매),센나열매,경진유락과립,20070103,200700037,[M081198]차전자피/[M050805]센나열매,[D001671]Psyllium husk powder(차전자피가루),복합,20231108,,,투여기간주의
20200512,황색의 광택이 있는 장용성 원형 필름제피정,02380,"하제, 완장제",명문제약(주),일반의약품,장용성필름코팅정,D001300,Bisacodyl,Bisacodyl(비사코딜),비사코딜,엠티정,20070827,200709861,[M081950]도큐세이트나트륨/[M050687]비사코딜,[D001656]Docusate sodium(도큐세이트나트륨),복합,20231108,,,투여기간주의
20181022,엷은 연두색의 원형 필름코팅정,02380,"하제, 완장제",부광약품(주),일반의약품,필름코팅정,D001300,Bisacodyl,Bisacodyl(비사코딜),비사코딜,아락실큐정,20071113,200712401,[M050687]비사코딜/[M081950]도큐세이트나트륨/[M090093]작약엑스산/[M223167]우르소데옥시콜산/[M204304]피리독신염산염/[M244748]판토텐산칼슘,[D001656]Docusate sodium(도큐세이트나트륨),복합,20231108,,,투여기간주의
20181022,엷은 연두색의 원형 필름코팅정,02380,"하제, 완장제",부광약품(주),일반의약품,필름코팅정,D001300,Bisacodyl,Bisacodyl(비사코딜),비사코딜,아락실큐정,20071113,200712401,[M050687]비사코딜/[M081950]도큐세이트나트륨/[M090093]작약엑스산/[M223167]우르소데옥시콜산/[M204304]피리독신염산염/[M244748]판토텐산칼슘,[D001656]Docusate sodium(도큐세이트나트륨)/[D001499]Ursodeoxycholic Acid(우르소데옥시콜산)/[D001665]Peony root extract powder(작약엑스산)/[D001265]Pyridoxine Hydrochloride(피리독신염산염)/[D001521]Calcium pantothenate(판토텐산칼슘),복합,20231108,,,투여기간주의
20200508,녹색의 원형 장용성 필름코팅정제,02380,"하제, 완장제",(주)아이월드제약,일반의약품,장용성필름코팅정,D001300,Bisacodyl,Bisacodyl(비사코딜),비사코딜,코딜로드정,20080709,200807582,[M081950]도큐세이트나트륨/[M081899]센나엽가루/[M081393]센나열매가루/[M050687]비사코딜,[D001656]Docusate sodium(도큐세이트나트륨),복합,20231108,,,투여기간주의
20200508,녹색의 원형 장용성 필름코팅정제,02380,"하제, 완장제",(주)아이월드제약,일반의약품,장용성필름코팅정,D001300,Bisacodyl,Bisacodyl(비사코딜),비사코딜,코딜로드정,20080709,200807582,[M081950]도큐세이트나트륨/[M081899]센나엽가루/[M081393]센나열매가루/[M050687]비사코딜,[D001656]Docusate sodium(도큐세이트나트륨)/[D001660]Senna leaf powder(센나엽가루)/[D001658]Tinnevelly senna fruit powder(티니벨리센나열매가루),복합,20231108,,,투여기간주의
20120618,연두색의 원형 장용성 정제,02380,"하제, 완장제",조아제약(주),일반의약품,장용정,D001300,Bisacodyl,Bisacodyl(비사코딜),비사코딜,다이락스-큐정,20090626,200904507,[M050687]비사코딜/[M081950]도큐세이트나트륨/[M223167]우르소데옥시콜산,[D001656]Docusate sodium(도큐세이트나트륨),복합,20231108,,,투여기간주의
20200428,연녹색의 원형 장용성 필름코팅정,02380,"하제, 완장제",에이치엘비제약(주),일반의약품,장용성필름코팅정,D001300,Bisacodyl,Bisacodyl(비사코딜),비사코딜,씨락정,20090716,200905490,[M081950]도큐세이트나트륨/[M050687]비사코딜,[D001656]Docusate sodium(도큐세이트나트륨),복합,20231108,,,투여기간주의
20201201,황색의 광택있는 원형 장용성정제,02380,"하제, 완장제",오펠라헬스케어코리아(주),일반의약품,장용성당의정,D001300,Bisacodyl,Bisacodyl(비사코딜),비사코딜,둘코락스에스장용정,20090821,200906478,[M050687]비사코딜/[M081950]도큐세이트나트륨,[D001656]Docusate sodium(도큐세이트나트륨),복합,20231108,,,투여기간주의
20201019,연두색 원형의 장용성 필름 코팅정,02380,"하제, 완장제",알보젠코리아(주),일반의약품,장용성당의정,D001300,Bisacodyl,Bisacodyl(비사코딜),비사코딜,액티큐정,20110808,201105106,[M050687]비사코딜/[M081950]도큐세이트나트륨,[D001656]Docusate sodium(도큐세이트나트륨),복합,20231108,,,투여기간주의
20200804,녹색의 원형 장용성 필름코팅정제,02380,"하제, 완장제",한솔신약(주),일반의약품,장용성필름코팅정,D001300,Bisacodyl,Bisacodyl(비사코딜),비사코딜,비코실린정,20120913,201206771,[M081950]도큐세이트나트륨/[M081899]센나엽가루/[M237598]Tinnevelly 센나열매가루/[M050687]비사코딜,[D001656]Docusate sodium(도큐세이트나트륨),복합,20231108,,,투여기간주의
20200804,녹색의 원형 장용성 필름코팅정제,02380,"하제, 완장제",한솔신약(주),일반의약품,장용성필름코팅정,D001300,Bisacodyl,Bisacodyl(비사코딜),비사코딜,비코실린정,20120913,201206771,[M081950]도큐세이트나트륨/[M081899]센나엽가루/[M237598]Tinnevelly 센나열매가루/[M050687]비사코딜,[D001656]Docusate sodium(도큐세이트나트륨)/[D001660]Senna leaf powder(센나엽가루),복합,20231108,,,투여기간주의
20200804,녹색의 원형 장용성 필름코팅정제,02380,"하제, 완장제",한솔신약(주),일반의약품,장용성필름코팅정,D001300,Bisacodyl,Bisacodyl(비사코딜),비사코딜,비코실린정,20120913,201206771,[M081950]도큐세이트나트륨/[M081899]센나엽가루/[M237598]Tinnevelly 센나열매가루/[M050687]비사코딜,[D001656]Docusate sodium(도큐세이트나트륨)/[D001661]Sennoside calcium(센노사이드칼슘),복합,20231108,,,투여기간주의
20200804,녹색의 원형 장용성 필름코팅정제,02380,"하제, 완장제",한솔신약(주),일반의약품,장용성필름코팅정,D001300,Bisacodyl,Bisacodyl(비사코딜),비사코딜,비코실린정,20120913,201206771,[M081950]도큐세이트나트륨/[M081899]센나엽가루/[M237598]Tinnevelly 센나열매가루/[M050687]비사코딜,[D001656]Docusate sodium(도큐세이트나트륨)/[D001660]Senna leaf powder(센나엽가루)/[D001658]Tinnevelly senna fruit powder(티니벨리센나열매가루),복합,20231108,,,투여기간주의
20210304,초록색의 원형 장용성 필름코팅정,02380,"하제, 완장제",일양약품(주),일반의약품,장용성필름코팅정,D001300,Bisacodyl,Bisacodyl(비사코딜),비사코딜,장제로정,20140422,201401944,[M050687]비사코딜/[M081950]도큐세이트나트륨,[D001656]Docusate sodium(도큐세이트나트륨),복합,20231108,,,투여기간주의
20150216,연두색의 원형 장용필름코팅정,02380,"하제, 완장제",(주)바이넥스,일반의약품,장용성필름코팅정,D001300,Bisacodyl,Bisacodyl(비사코딜),비사코딜,디센트에스정,20140919,201404271,[M050687]비사코딜/[M081950]도큐세이트나트륨,[D001656]Docusate sodium(도큐세이트나트륨),복합,20231108,,,투여기간주의
20141222,녹색의 원형 장용성 필름코팅정제,02380,"하제, 완장제",(주)마더스제약,일반의약품,장용성필름코팅정,D001300,Bisacodyl,Bisacodyl(비사코딜),비사코딜,비센큐정,20141013,201404670,[M081950]도큐세이트나트륨/[M081899]센나엽가루/[M050687]비사코딜,[D001656]Docusate sodium(도큐세이트나트륨),복합,20231108,,,투여기간주의
20141222,녹색의 원형 장용성 필름코팅정제,02380,"하제, 완장제",(주)마더스제약,일반의약품,장용성필름코팅정,D001300,Bisacodyl,Bisacodyl(비사코딜),비사코딜,비센큐정,20141013,201404670,[M081950]도큐세이트나트륨/[M081899]센나엽가루/[M050687]비사코딜,[D001656]Docusate sodium(도큐세이트나트륨)/[D001660]Senna leaf powder(센나엽가루),복합,20231108,,,투여기간주의
20141222,녹색의 원형 장용성 필름코팅정제,02380,"하제, 완장제",(주)마더스제약,일반의약품,장용성필름코팅정,D001300,Bisacodyl,Bisacodyl(비사코딜),비사코딜,비센큐정,20141013,201404670,[M081950]도큐세이트나트륨/[M081899]센나엽가루/[M050687]비사코딜,[D001656]Docusate sodium(도큐세이트나트륨)/[D001661]Sennoside calcium(센노사이드칼슘),복합,20231108,,,투여기간주의
20150501,녹색의 원형 장용성 필름코팅정,02380,"하제, 완장제",명인제약(주),일반의약품,장용성필름코팅정,D001300,Bisacodyl,Bisacodyl(비사코딜),비사코딜,메이킨큐장용정,20141030,201405042,[M050687]비사코딜/[M201737]카산트라놀/[M081950]도큐세이트나트륨/[M223167]우르소데옥시콜산,[D001656]Docusate sodium(도큐세이트나트륨),복합,20231108,,,투여기간주의
20150501,녹색의 원형 장용성 필름코팅정,02380,"하제, 완장제",명인제약(주),일반의약품,장용성필름코팅정,D001300,Bisacodyl,Bisacodyl(비사코딜),비사코딜,메이킨큐장용정,20141030,201405042,[M050687]비사코딜/[M201737]카산트라놀/[M081950]도큐세이트나트륨/[M223167]우르소데옥시콜산,[D001656]Docusate sodium(도큐세이트나트륨)/[D001499]Ursodeoxycholic Acid(우르소데옥시콜산)/[D001663]Casanthranol(카산트라놀),복합,20231108,,,투여기간주의
20150427,연두색의 원형 장용필름코팅정,02380,"하제, 완장제",태극제약(주),일반의약품,장용성필름코팅정,D001300,Bisacodyl,Bisacodyl(비사코딜),비사코딜,비사큐정,20150416,201502323,[M050687]비사코딜/[M081950]도큐세이트나트륨,[D001656]Docusate sodium(도큐세이트나트륨),복합,20231108,,,투여기간주의
20220201,무색 내지 연한 노란색의 투명한 액제,01320,이비과용제,삼천당제약(주),일반의약품,일반액상분무제,D001651,Xylometazoline Hydrochloride,Xylometazoline Hydrochloride(자일로메타졸린염산염),자일로메타졸린염산염,나리스타자일로점비액(자일로메타졸린염산염),20150512,201502828,[M257887]자일로메타졸린염산염,,단일,20231108,,,투여기간주의
20220201,일정량씩 분무되는 용기에 든 무색 투명한 액제,01320,이비과용제,한미약품(주),일반의약품,일반액상분무제,D001651,Xylometazoline Hydrochloride,Xylometazoline Hydrochloride(자일로메타졸린염산염),자일로메타졸린염산염,코앤쿨나잘스프레이,20150728,201505113,[M257887]자일로메타졸린염산염/[M223211]클로르페니라민말레산염,[D000893]Chlorpheniramine(클로르페니라민),복합,20231108,,,투여기간주의
20200916,녹색의 원형 장용성 필름코팅정제,02380,"하제, 완장제",(주)한국파비스제약,일반의약품,장용성필름코팅정,D001300,Bisacodyl,Bisacodyl(비사코딜),비사코딜,세노비아에프정,20151028,201507403,[M081950]도큐세이트나트륨/[M081899]센나엽가루/[M050687]비사코딜,[D001656]Docusate sodium(도큐세이트나트륨),복합,20231108,,,투여기간주의
20200916,녹색의 원형 장용성 필름코팅정제,02380,"하제, 완장제",(주)한국파비스제약,일반의약품,장용성필름코팅정,D001300,Bisacodyl,Bisacodyl(비사코딜),비사코딜,세노비아에프정,20151028,201507403,[M081950]도큐세이트나트륨/[M081899]센나엽가루/[M050687]비사코딜,[D001656]Docusate sodium(도큐세이트나트륨)/[D001660]Senna leaf powder(센나엽가루),복합,20231108,,,투여기간주의
20200916,녹색의 원형 장용성 필름코팅정제,02380,"하제, 완장제",(주)한국파비스제약,일반의약품,장용성필름코팅정,D001300,Bisacodyl,Bisacodyl(비사코딜),비사코딜,세노비아에프정,20151028,201507403,[M081950]도큐세이트나트륨/[M081899]센나엽가루/[M050687]비사코딜,[D001656]Docusate sodium(도큐세이트나트륨)/[D001661]Sennoside calcium(센노사이드칼슘),복합,20231108,,,투여기간주의
20220201,박하향의 무색 내지 미백색의 액제가 함유된 분무제,01320,이비과용제,경남제약(주),일반의약품,일반액상분무제,D001651,Xylometazoline Hydrochloride,Xylometazoline Hydrochloride(자일로메타졸린염산염),자일로메타졸린염산염,미놀노즈점비액(자일로메타졸린염산염),20151113,201507723,[M257887]자일로메타졸린염산염,,단일,20231108,,,투여기간주의
20201211,연두색의 원형 장용필름코팅정,02380,"하제, 완장제",(주)휴비스트제약,일반의약품,장용성필름코팅정,D001300,Bisacodyl,Bisacodyl(비사코딜),비사코딜,큐락스정,20160315,201601522,[M050687]비사코딜/[M081950]도큐세이트나트륨,[D001656]Docusate sodium(도큐세이트나트륨),복합,20231108,,,투여기간주의
20220201,일정량씩 분무되는 용기에 든 무색 투명한 점비액제,01320,이비과용제,고려제약(주),일반의약품,일반액상분무제,D001651,Xylometazoline Hydrochloride,Xylometazoline Hydrochloride(자일로메타졸린염산염),자일로메타졸린염산염,하벤플러스나잘스프레이,20160414,201602094,[M257887]자일로메타졸린염산염/[M223211]클로르페니라민말레산염,[D000893]Chlorpheniramine(클로르페니라민),복합,20231108,,,투여기간주의
20170404,황색의 원형 장용성필름코팅정,02380,"하제, 완장제",영풍제약(주),일반의약품,장용성필름코팅정,D001300,Bisacodyl,Bisacodyl(비사코딜),비사코딜,슈락스골드장용정,20170315,201701296,[M050687]비사코딜/[M081950]도큐세이트나트륨,[D001656]Docusate sodium(도큐세이트나트륨),복합,20231108,,,투여기간주의
20200316,녹색의 원형 장용성 필름코팅정제,02380,"하제, 완장제",한국신텍스제약(주),일반의약품,장용성필름코팅정,D001300,Bisacodyl,Bisacodyl(비사코딜),비사코딜,듀오그린정,20170821,201706690,[M081950]도큐세이트나트륨/[M081899]센나엽가루/[M237598]Tinnevelly 센나열매가루/[M050687]비사코딜,[D001656]Docusate sodium(도큐세이트나트륨),복합,20231108,,,투여기간주의
20200316,녹색의 원형 장용성 필름코팅정제,02380,"하제, 완장제",한국신텍스제약(주),일반의약품,장용성필름코팅정,D001300,Bisacodyl,Bisacodyl(비사코딜),비사코딜,듀오그린정,20170821,201706690,[M081950]도큐세이트나트륨/[M081899]센나엽가루/[M237598]Tinnevelly 센나열매가루/[M050687]비사코딜,[D001656]Docusate sodium(도큐세이트나트륨)/[D001660]Senna leaf powder(센나엽가루),복합,20231108,,,투여기간주의
20200316,녹색의 원형 장용성 필름코팅정제,02380,"하제, 완장제",한국신텍스제약(주),일반의약품,장용성필름코팅정,D001300,Bisacodyl,Bisacodyl(비사코딜),비사코딜,듀오그린정,20170821,201706690,[M081950]도큐세이트나트륨/[M081899]센나엽가루/[M237598]Tinnevelly 센나열매가루/[M050687]비사코딜,[D001656]Docusate sodium(도큐세이트나트륨)/[D001661]Sennoside calcium(센노사이드칼슘),복합,20231108,,,투여기간주의
20200316,녹색의 원형 장용성 필름코팅정제,02380,"하제, 완장제",한국신텍스제약(주),일반의약품,장용성필름코팅정,D001300,Bisacodyl,Bisacodyl(비사코딜),비사코딜,듀오그린정,20170821,201706690,[M081950]도큐세이트나트륨/[M081899]센나엽가루/[M237598]Tinnevelly 센나열매가루/[M050687]비사코딜,[D001656]Docusate sodium(도큐세이트나트륨)/[D001660]Senna leaf powder(센나엽가루)/[D001658]Tinnevelly senna fruit powder(티니벨리센나열매가루),복합,20231108,,,투여기간주의
20220201,무향 : 일정량씩 분무되는 용기에 든 무색 내지 거의 무색의 투명한 액멘톨향 : 일정량씩 분무되는 용기에 든 결정형이 없는 박하향의 무색 내지 거의 무색의 액,01320,이비과용제,제이더블유중외제약(주),일반의약품,일반액상분무제,D001651,Xylometazoline Hydrochloride,Xylometazoline Hydrochloride(자일로메타졸린염산염),자일로메타졸린염산염,"화콜나잘스프레이0.1%(자일로메타졸린염산염)(무향,멘톨향)",20171115,201707899,[M257887]자일로메타졸린염산염/[M257887]자일로메타졸린염산염,,단일,20231108,,,투여기간주의
20220201,일정량씩 분무되는 용기에 든 무색 내지 거의 무색의 투명한 액,01320,이비과용제,제이더블유중외제약(주),일반의약품,일반액상분무제,D001651,Xylometazoline Hydrochloride,Xylometazoline Hydrochloride(자일로메타졸린염산염),자일로메타졸린염산염,화콜나잘스프레이0.05%(자일로메타졸린염산염),20171115,201707900,[M257887]자일로메타졸린염산염,,단일,20231108,,,투여기간주의
20180528,흑갈색의 환제,02380,"하제, 완장제",신화제약(주),일반의약품,환제,D001670,Sennae Fructus,Sennae Fructus(센나열매),센나열매,장락에프환,20180420,201801700,[M050805]센나열매/[M082795]센나엽/[M040538]진피/[M040813]후박,[D001673]Senna leaf(센나엽)/[D001142]Citrus Unshiu Peel(진피)/[D001672]Magnolia bark(후박),복합,20231108,,,투여기간주의
20220201,일정량씩 분무되는 용기에 든 무색 투명한 액제,01320,이비과용제,대원제약(주),일반의약품,점비액제,D001651,Xylometazoline Hydrochloride,Xylometazoline Hydrochloride(자일로메타졸린염산염),자일로메타졸린염산염,콜대원코나에스나잘스프레이액,20180807,201803217,[M257887]자일로메타졸린염산염/[M223211]클로르페니라민말레산염,[D000893]Chlorpheniramine(클로르페니라민),복합,20231108,,,투여기간주의
20220201,무향: 일정량씩 분무되는 플라스틱 용기에 든 무색 내지 거의 무색의 투명한 액멘톨향: 일정량씩 분무되는 플라스틱 용기에 든 멘톨향의 무색 내지 거의 무색의 투명한 액,01320,이비과용제,동아제약(주),일반의약품,점비액제,D001651,Xylometazoline Hydrochloride,Xylometazoline Hydrochloride(자일로메타졸린염산염),자일로메타졸린염산염,"노즈원큐나잘스프레이(무향,멘톨향)",20191001,201907005,[M257887]자일로메타졸린염산염/[M220819]L-카르보시스테인/[M257887]자일로메타졸린염산염/[M220819]L-카르보시스테인,[D001655]L-carbocysteine(L-카르보시스테인),복합,20231108,,,투여기간주의
20220201,일정량씩 분무되는 플라스틱용기에 든 무색 내지 거의 무색의 투명한 액 ,01320,이비과용제,동아제약(주),일반의약품,점비액제,D001651,Xylometazoline Hydrochloride,Xylometazoline Hydrochloride(자일로메타졸린염산염),자일로메타졸린염산염,코앤원큐나잘스프레이,20210222,202101749,[M257887]자일로메타졸린염산염/[M278836]D-판테놀,[D001654]D-panthenol(D-판테놀),복합,20231108,,,투여기간주의
,무색 내지 연한 노란색의 투명한 액제,01320,이비과용제,태극제약(주),일반의약품,점비액제,D001651,Xylometazoline Hydrochloride,Xylometazoline Hydrochloride(자일로메타졸린염산염),자일로메타졸린염산염,메타리빈액0.05%(자일로메타졸린염산염),20231101,202303044,[M257887]자일로메타졸린염산염,,단일,20231108,,,투여기간주의
,무색 내지 연한 노란색의 투명한 액제,01320,이비과용제,(주)유유제약,일반의약품,일반액상분무제,D001651,Xylometazoline Hydrochloride,Xylometazoline Hydrochloride(자일로메타졸린염산염),자일로메타졸린염산염,코잘파워나잘스프레이액0.1%(자일로메타졸린염산염),20251126,202503084,[M257887]자일로메타졸린염산염,,단일,20231108,,,투여기간주의
,무색 내지 연한 노란색의 투명한 액제,01320,이비과용제,(주)유유제약,일반의약품,점비액제,D001651,Xylometazoline Hydrochloride,Xylometazoline Hydrochloride(자일로메타졸린염산염),자일로메타졸린염산염,코잘키즈나잘스프레이액0.05%(자일로메타졸린염산염),20251127,202503103,[M257887]자일로메타졸린염산염,,단일,20231108,,,투여기간주의
,일정량씩 분무되는 용기에 든 특이한 향이 있는 무색 투명한 점비액제,01320,이비과용제,동화약품(주),일반의약품,점비액제,D001651,Xylometazoline Hydrochloride,Xylometazoline Hydrochloride(자일로메타졸린염산염),자일로메타졸린염산염,코마키텐나잘스프레이,20200312,202001725,[M257887]자일로메타졸린염산염/[M223211]클로르페니라민말레산염,[D000893]Chlorpheniramine(클로르페니라민),복합,20231108,,,투여기간주의
,일정량씩 분무되는 플라스틱 용기에 든 무색 투명한 액제,01320,이비과용제,주식회사삼현제약,일반의약품,점비액제,D001651,Xylometazoline Hydrochloride,Xylometazoline Hydrochloride(자일로메타졸린염산염),자일로메타졸린염산염,노즈앤굿나잘스프레이,20250402,202500775,[M257887]자일로메타졸린염산염/[M223211]클로르페니라민말레산염,[D000893]Chlorpheniramine(클로르페니라민),복합,20231108,,,투여기간주의
,일정량씩 분무되는 용기에 든 특이한 향이 있는 무색 투명한 점비액제,01320,이비과용제,태극제약(주),일반의약품,점비액제,D001651,Xylometazoline Hydrochloride,Xylometazoline Hydrochloride(자일로메타졸린염산염),자일로메타졸린염산염,메타리빈큐액,20251205,202503176,[M257887]자일로메타졸린염산염/[M223211]클로르페니라민말레산염/[M256386]글리시리진산이칼륨/[M273071]세틸피리디늄염화물,[D000893]Chlorpheniramine(클로르페니라민),복합,20231108,,,투여기간주의
,일정량씩 분무되는 용기에 든 특이한 향이 있는 무색 투명한 점비액제,01320,이비과용제,(주)유유제약,일반의약품,점비액제,D001651,Xylometazoline Hydrochloride,Xylometazoline Hydrochloride(자일로메타졸린염산염),자일로메타졸린염산염,코잘프로나잘스프레이액,20251229,202503408,[M257887]자일로메타졸린염산염/[M223211]클로르페니라민말레산염/[M256386]글리시리진산이칼륨/[M273071]세틸피리디늄염화물,[D000893]Chlorpheniramine(클로르페니라민),복합,20231108,,,투여기간주의
,무색 또는 미백색의 액제,01320,이비과용제,주식회사제뉴원사이언스,일반의약품,점비액제,D001091,Oxymetazoline Hydrochloride,Oxymetazoline Hydrochloride(옥시메타졸린염산염),옥시메타졸린염산염,옥클리빈나잘스프레이,20230221,202300641,[M223162]옥시메타졸린염산염/[M223211]클로르페니라민말레산염,[D000893]Chlorpheniramine(클로르페니라민),복합,20231108,,,투여기간주의
,무색 또는 미백색의 액제,01320,이비과용제,(주)종근당,일반의약품,점비액제,D001091,Oxymetazoline Hydrochloride,Oxymetazoline Hydrochloride(옥시메타졸린염산염),옥시메타졸린염산염,모드알레나잘스프레이,20230426,202301363,[M223162]옥시메타졸린염산염/[M223211]클로르페니라민말레산염,[D000893]Chlorpheniramine(클로르페니라민),복합,20231108,,,투여기간주의
,무색 또는 미백색의 액제,01320,이비과용제,경남제약(주),일반의약품,점비액제,D001091,Oxymetazoline Hydrochloride,Oxymetazoline Hydrochloride(옥시메타졸린염산염),옥시메타졸린염산염,미놀노즈에스점비액,20230907,202302668,[M223162]옥시메타졸린염산염/[M223211]클로르페니라민말레산염,[D000893]Chlorpheniramine(클로르페니라민),복합,20231108,,,투여기간주의
,무색 또는 미백색의 액제,01320,이비과용제,(주)녹십자,일반의약품,점비액제,D001091,Oxymetazoline Hydrochloride,Oxymetazoline Hydrochloride(옥시메타졸린염산염),옥시메타졸린염산염,콜즈록나잘스프레이,20240327,202400673,[M223162]옥시메타졸린염산염/[M223211]클로르페니라민말레산염,[D000893]Chlorpheniramine(클로르페니라민),복합,20231108,,,투여기간주의
,일정량씩 분무되는 흰색의 불투명한 용기에 든 무색 투명한 액제,01320,이비과용제,(주)대웅제약,일반의약품,점비액제,D001091,Oxymetazoline Hydrochloride,Oxymetazoline Hydrochloride(옥시메타졸린염산염),옥시메타졸린염산염,코메키나스프레이,20240807,202401925,[M223162]옥시메타졸린염산염/[M223211]클로르페니라민말레산염/[M256386]글리시리진산이칼륨,[D000893]Chlorpheniramine(클로르페니라민),복합,20231108,,,투여기간주의
,일정량씩 분무되는 용기에 든 특이한 향이 있는 무색 투명한 점비액제,01320,이비과용제,동화약품(주),일반의약품,점비액제,D001091,Oxymetazoline Hydrochloride,Oxymetazoline Hydrochloride(옥시메타졸린염산염),옥시메타졸린염산염,코마키텐큐나잘스프레이,20240813,202401972,[M223162]옥시메타졸린염산염/[M223211]클로르페니라민말레산염/[M256386]글리시리진산이칼륨/[M279321]염화세틸피리디늄,[D000893]Chlorpheniramine(클로르페니라민),복합,20231108,,,투여기간주의
,무색 또는 미백색의 액제,01320,이비과용제,(주)씨엠지제약,일반의약품,점비액제,D001091,Oxymetazoline Hydrochloride,Oxymetazoline Hydrochloride(옥시메타졸린염산염),옥시메타졸린염산염,노즈포나잘스프레이,20240902,202402127,[M223162]옥시메타졸린염산염/[M223211]클로르페니라민말레산염,[D000893]Chlorpheniramine(클로르페니라민),복합,20231108,,,투여기간주의
,녹색의 원형 장용성 필름코팅정제,02380,"하제, 완장제",(주)아이월드제약,일반의약품,장용성필름코팅정,D001300,Bisacodyl,Bisacodyl(비사코딜),비사코딜,코딜로드-에이정(수출용),20110808,201105112,[M081950]도큐세이트나트륨/[M081899]센나엽가루/[M248126]센나열매가루(Tinnevelly)/[M050687]비사코딜,[D001656]Docusate sodium(도큐세이트나트륨),복합,20231108,,,투여기간주의
,녹색의 원형 장용성필름코팅정,02380,"하제, 완장제",코오롱제약(주),일반의약품,장용성필름코팅정,D001300,Bisacodyl,Bisacodyl(비사코딜),비사코딜,비코그린에스정,20120210,201200854,[M050687]비사코딜/[M081950]도큐세이트나트륨/[M102544]센노사이드칼슘,[D001656]Docusate sodium(도큐세이트나트륨),복합,20231108,,,투여기간주의
,녹색의 원형 장용성 필름코팅정제,02380,"하제, 완장제",(주)마더스제약,일반의약품,장용성필름코팅정,D001300,Bisacodyl,Bisacodyl(비사코딜),비사코딜,비카린엠장용정,20150519,201502994,[M081950]도큐세이트나트륨/[M081899]센나엽가루/[M050687]비사코딜,[D001656]Docusate sodium(도큐세이트나트륨),복합,20231108,,,투여기간주의
,녹색의 원형 장용성 필름코팅정,02380,"하제, 완장제",동국제약(주),일반의약품,장용성필름코팅정,D001300,Bisacodyl,Bisacodyl(비사코딜),비사코딜,이지굿정,20170309,201701191,[M050687]비사코딜/[M081950]도큐세이트나트륨/[M102544]센노사이드칼슘,[D001656]Docusate sodium(도큐세이트나트륨),복합,20231108,,,투여기간주의
,황색의 원형 장용성필름코팅정,02380,"하제, 완장제",안국약품(주),일반의약품,장용성필름코팅정,D001300,Bisacodyl,Bisacodyl(비사코딜),비사코딜,비사콜장용정,20171114,201707895,[M050687]비사코딜/[M081950]도큐세이트나트륨,[D001656]Docusate sodium(도큐세이트나트륨),복합,20231108,,,투여기간주의
,녹색의 장용성 필름코팅정,02380,"하제, 완장제",(주)한풍제약,일반의약품,장용성필름코팅정,D001300,Bisacodyl,Bisacodyl(비사코딜),비사코딜,굿모닝에이스정,20171122,201708002,[M081950]도큐세이트나트륨/[M050687]비사코딜/[M050805]센나열매/[M082727]감초엑스산/[M090093]작약엑스산,[D001656]Docusate sodium(도큐세이트나트륨),복합,20231108,,,투여기간주의
,녹색의 원형 장용성 필름코팅정제,02380,"하제, 완장제",(주)라이트팜텍,일반의약품,장용성필름코팅정,D001300,Bisacodyl,Bisacodyl(비사코딜),비사코딜,비코엑스장용정,20181119,201804576,[M081950]도큐세이트나트륨/[M081899]센나엽가루/[M050687]비사코딜,[D001656]Docusate sodium(도큐세이트나트륨),복합,20231108,,,투여기간주의
,녹색의 원형 장용성 필름코팅정,02380,"하제, 완장제",대한뉴팜(주),일반의약품,장용성필름코팅정,D001300,Bisacodyl,Bisacodyl(비사코딜),비사코딜,뉴코딜정,20190110,201900111,[M050687]비사코딜/[M081950]도큐세이트나트륨,[D001656]Docusate sodium(도큐세이트나트륨),복합,20231108,,,투여기간주의
,녹색의 원형 장용성 필름코팅정제,02380,"하제, 완장제",한국신텍스제약(주),일반의약품,장용성필름코팅정,D001300,Bisacodyl,Bisacodyl(비사코딜),비사코딜,유비센정,20190729,201905349,[M050687]비사코딜/[M081950]도큐세이트나트륨/[M110305]센나엽 가루,[D001656]Docusate sodium(도큐세이트나트륨),복합,20231108,,,투여기간주의
,녹색의 원형 장용성 필름코팅정,02380,"하제, 완장제",광동제약(주),일반의약품,필름코팅정,D001300,Bisacodyl,Bisacodyl(비사코딜),비사코딜,센코딜에프정,20200205,202000645,[M050687]비사코딜/[M081950]도큐세이트나트륨/[M050808]센노시드/[M096428]벤포티아민/[M071260]천궁건조엑스,[D001656]Docusate sodium(도큐세이트나트륨),복합,20231108,,,투여기간주의
,녹색의 원형 장용성 필름코팅정,02380,"하제, 완장제",주식회사 노바엠헬스케어,일반의약품,장용성필름코팅정,D001300,Bisacodyl,Bisacodyl(비사코딜),비사코딜,클리어미정,20210621,202104759,[M050687]비사코딜/[M081950]도큐세이트나트륨,[D001656]Docusate sodium(도큐세이트나트륨),복합,20231108,,,투여기간주의
,녹색의 원형 장용성 필름코팅정제,02380,"하제, 완장제",(주)바스칸바이오제약,일반의약품,장용성필름코팅정,D001300,Bisacodyl,Bisacodyl(비사코딜),비사코딜,메이큐정,20210623,202104806,[M050687]비사코딜/[M081950]도큐세이트나트륨,[D001656]Docusate sodium(도큐세이트나트륨),복합,20231108,,,투여기간주의
,연녹색의 원형 장용성 필름코팅정제,02380,"하제, 완장제",성이바이오제약주식회사,일반의약품,필름코팅정,D001300,Bisacodyl,Bisacodyl(비사코딜),비사코딜,속엔큐정,20210714,202105345,[M081950]도큐세이트나트륨/[M050687]비사코딜,[D001656]Docusate sodium(도큐세이트나트륨),복합,20231108,,,투여기간주의
,녹색의 원형 장용성 필름코팅정제,02380,"하제, 완장제",원광제약(주),일반의약품,필름코팅정,D001300,Bisacodyl,Bisacodyl(비사코딜),비사코딜,쾌통정,20210720,202105472,[M081950]도큐세이트나트륨/[M110305]센나엽 가루/[M110283]센나열매 가루/[M050687]비사코딜,[D001656]Docusate sodium(도큐세이트나트륨),복합,20231108,,,투여기간주의
,녹색의 원형 장용성 필름코팅정제,02380,"하제, 완장제",정우신약(주),일반의약품,장용성필름코팅정,D001300,Bisacodyl,Bisacodyl(비사코딜),비사코딜,빈비정,20210915,202106561,[M081950]도큐세이트나트륨/[M050687]비사코딜,[D001656]Docusate sodium(도큐세이트나트륨),복합,20231108,,,투여기간주의
,연두색의 원형 장용코팅정,02380,"하제, 완장제",오스틴제약(주),일반의약품,장용성필름코팅정,D001300,Bisacodyl,Bisacodyl(비사코딜),비사코딜,비큐락스정,20211027,202107146,[M050687]비사코딜/[M081950]도큐세이트나트륨,[D001656]Docusate sodium(도큐세이트나트륨),복합,20231108,,,투여기간주의
,연두색의 원형 장용성 필름코팅정제,02380,"하제, 완장제",(주)바스칸바이오제약,일반의약품,장용성필름코팅정,D001300,Bisacodyl,Bisacodyl(비사코딜),비사코딜,메이놀정,20220103,202200014,[M050687]비사코딜/[M081950]도큐세이트나트륨,[D001656]Docusate sodium(도큐세이트나트륨),복합,20231108,,,투여기간주의
,녹색의 원형 장용성 필름코팅정제,02380,"하제, 완장제",한국신텍스제약(주),일반의약품,장용정,D001300,Bisacodyl,Bisacodyl(비사코딜),비사코딜,듀오그린큐정,20220915,202203581,[M050687]비사코딜/[M081950]도큐세이트나트륨,[D001656]Docusate sodium(도큐세이트나트륨),복합,20231108,,,투여기간주의
,연두색의 원형 장용성 필름코팅정제,02380,"하제, 완장제",한국신텍스제약(주),일반의약품,장용정,D001300,Bisacodyl,Bisacodyl(비사코딜),비사코딜,듀오그린엘정,20220930,202203713,[M050687]비사코딜/[M081950]도큐세이트나트륨,[D001656]Docusate sodium(도큐세이트나트륨),복합,20231108,,,투여기간주의
,녹색의 원형 장용성 필름코팅정,02380,"하제, 완장제",(주)일화,일반의약품,필름코팅정,D001300,Bisacodyl,Bisacodyl(비사코딜),비사코딜,비사린정,20221007,202203780,[M050687]비사코딜/[M081950]도큐세이트나트륨,[D001656]Docusate sodium(도큐세이트나트륨),복합,20231108,,,투여기간주의
,미황색의 유상 내용물을 함유한 청색의 타원형 연질캡슐,02380,"하제, 완장제",코스맥스파마(주),일반의약품,"연질캡슐제, 현탁상",D001300,Bisacodyl,Bisacodyl(비사코딜),비사코딜,비큐원스연질캡슐,20230113,202300250,[M050687]비사코딜/[M223167]우르소데옥시콜산/[M081950]도큐세이트나트륨/[M244748]판토텐산칼슘,[D001656]Docusate sodium(도큐세이트나트륨),복합,20231108,,,투여기간주의
,연두색의 원형 장용성 정제,02380,"하제, 완장제",조아제약(주),일반의약품,장용성필름코팅정,D001300,Bisacodyl,Bisacodyl(비사코딜),비사코딜,다이락스쎈정,20230614,202301820,[M050687]비사코딜/[M081950]도큐세이트나트륨/[M223167]우르소데옥시콜산/[M110253]노회 엑스,[D001656]Docusate sodium(도큐세이트나트륨),복합,20231108,,,투여기간주의
,녹색의 원형 장용성 필름코팅정,02380,"하제, 완장제",한솔신약(주),일반의약품,장용성필름코팅정,D001300,Bisacodyl,Bisacodyl(비사코딜),비사코딜,조이퀸정,20230919,202302773,[M050687]비사코딜/[M081950]도큐세이트나트륨,[D001656]Docusate sodium(도큐세이트나트륨),복합,20231108,,,투여기간주의
,미황색의 유상 내용물을 함유한 녹색의 타원형 연질캡슐,02380,"하제, 완장제",코스맥스파마(주),일반의약품,"연질캡슐제, 현탁상",D001300,Bisacodyl,Bisacodyl(비사코딜),비사코딜,이지클린장용연질캡슐,20231030,202303018,[M050687]비사코딜/[M223167]우르소데옥시콜산/[M081950]도큐세이트나트륨,[D001656]Docusate sodium(도큐세이트나트륨),복합,20231108,,,투여기간주의
,녹색의 원형 장용성 필름코팅정제,02380,"하제, 완장제",한솔신약(주),일반의약품,장용성필름코팅정,D001300,Bisacodyl,Bisacodyl(비사코딜),비사코딜,조이락정,20231101,202303047,[M050687]비사코딜/[M081950]도큐세이트나트륨,[D001656]Docusate sodium(도큐세이트나트륨),복합,20231108,,,투여기간주의
,녹색의 원형 장용성 필름코팅정,02380,"하제, 완장제",코오롱제약(주),일반의약품,필름코팅정,D001300,Bisacodyl,Bisacodyl(비사코딜),비사코딜,비코그린에스플러스정,20231226,202303434,[M050687]비사코딜/[M081950]도큐세이트나트륨/[M081977]센노시드칼슘/[M244748]판토텐산칼슘,[D001656]Docusate sodium(도큐세이트나트륨),복합,20231108,,,투여기간주의
,초록색의 원형 장용성 필름코팅정,02380,"하제, 완장제",성이바이오제약주식회사,일반의약품,필름코팅정,D001300,Bisacodyl,Bisacodyl(비사코딜),비사코딜,이로코딜정,20240214,202400329,[M050687]비사코딜/[M081950]도큐세이트나트륨,[D001656]Docusate sodium(도큐세이트나트륨),복합,20231108,,,투여기간주의
,녹색의 원형 장용성 필름코팅제,02380,"하제, 완장제",일양약품(주),일반의약품,장용성필름코팅정,D001300,Bisacodyl,Bisacodyl(비사코딜),비사코딜,장제로큐장용정,20240329,202400705,[M081950]도큐세이트나트륨/[M081899]센나엽가루/[M050687]비사코딜,[D001656]Docusate sodium(도큐세이트나트륨),복합,20231108,,,투여기간주의
,녹색의 원형 장용성 필름코팅정제,02380,"하제, 완장제",한국신텍스제약(주),일반의약품,장용정,D001300,Bisacodyl,Bisacodyl(비사코딜),비사코딜,센나퀸정,20241106,202402622,[M081950]도큐세이트나트륨/[M110305]센나엽 가루/[M050687]비사코딜,[D001656]Docusate sodium(도큐세이트나트륨),복합,20231108,,,투여기간주의
,초록색의 원형 장용성 필름코팅정,02380,"하제, 완장제",성이바이오제약주식회사,일반의약품,장용성필름코팅정,D001300,Bisacodyl,Bisacodyl(비사코딜),비사코딜,속엔큐플러스정,20241111,202402664,[M081950]도큐세이트나트륨/[M050687]비사코딜,[D001656]Docusate sodium(도큐세이트나트륨),복합,20231108,,,투여기간주의
,초록색의 원형 장용성 필름코팅정,02380,"하제, 완장제",지엘파마(주),일반의약품,필름코팅정,D001300,Bisacodyl,Bisacodyl(비사코딜),비사코딜,두베락스장용정,20241122,202402763,[M081950]도큐세이트나트륨/[M050687]비사코딜,[D001656]Docusate sodium(도큐세이트나트륨),복합,20231108,,,투여기간주의
,연두색의 원형 장용필름코팅정,02380,"하제, 완장제",(주)씨엠지제약,일반의약품,장용성필름코팅정,D001300,Bisacodyl,Bisacodyl(비사코딜),비사코딜,다비슬림정,20250616,202501467,[M050687]비사코딜/[M081950]도큐세이트나트륨,[D001656]Docusate sodium(도큐세이트나트륨),복합,20231108,,,투여기간주의
,녹색의 원형 장용성 필름코팅정,02380,"하제, 완장제",광동제약(주),일반의약품,필름코팅정,D001300,Bisacodyl,Bisacodyl(비사코딜),비사코딜,센코딜에프정,20200205,202000645,[M050687]비사코딜/[M081950]도큐세이트나트륨/[M050808]센노시드/[M096428]벤포티아민/[M071260]천궁건조엑스,[D001657]Sennae fructus powder(센나열매가루),복합,20231108,,,투여기간주의
,녹색의 원형 장용성 필름코팅정제,02380,"하제, 완장제",태극제약(주),일반의약품,필름코팅정,D001300,Bisacodyl,Bisacodyl(비사코딜),비사코딜,뉴락스에프정,20200707,202004930,[M050687]비사코딜/[M081393]센나열매가루,[D001657]Sennae fructus powder(센나열매가루),복합,20231108,,,투여기간주의
,녹색의 원형 장용성 필름코팅정,02380,"하제, 완장제",코오롱제약(주),일반의약품,필름코팅정,D001300,Bisacodyl,Bisacodyl(비사코딜),비사코딜,비코그린에스플러스정,20231226,202303434,[M050687]비사코딜/[M081950]도큐세이트나트륨/[M081977]센노시드칼슘/[M244748]판토텐산칼슘,[D001657]Sennae fructus powder(센나열매가루),복합,20231108,,,투여기간주의
,미황색의 유상 내용물을 함유한 녹색의 타원형 연질캡슐,02380,"하제, 완장제",현대약품(주),일반의약품,"연질캡슐제, 액상",D001300,Bisacodyl,Bisacodyl(비사코딜),비사코딜,센스락유연질캡슐,20201019,202007142,[M050687]비사코딜/[M223167]우르소데옥시콜산/[M081950]도큐세이트나트륨,[D001499]Ursodeoxycholic Acid(우르소데옥시콜산)/[D001656]Docusate sodium(도큐세이트나트륨),복합,20231108,,,투여기간주의
,미황색의 유상 내용물을 함유한 청색의 타원형 연질캡슐,02380,"하제, 완장제",코스맥스파마(주),일반의약품,"연질캡슐제, 현탁상",D001300,Bisacodyl,Bisacodyl(비사코딜),비사코딜,비큐원스연질캡슐,20230113,202300250,[M050687]비사코딜/[M223167]우르소데옥시콜산/[M081950]도큐세이트나트륨/[M244748]판토텐산칼슘,[D001499]Ursodeoxycholic Acid(우르소데옥시콜산)/[D001656]Docusate sodium(도큐세이트나트륨),복합,20231108,,,투여기간주의
,미황색의 유상 내용물을 함유한 녹색의 타원형 연질캡슐,02380,"하제, 완장제",코스맥스파마(주),일반의약품,"연질캡슐제, 현탁상",D001300,Bisacodyl,Bisacodyl(비사코딜),비사코딜,이지클린장용연질캡슐,20231030,202303018,[M050687]비사코딜/[M223167]우르소데옥시콜산/[M081950]도큐세이트나트륨,[D001499]Ursodeoxycholic Acid(우르소데옥시콜산)/[D001656]Docusate sodium(도큐세이트나트륨),복합,20231108,,,투여기간주의
,미황색의 유상 내용물을 함유한 녹색의 타원형 연질캡슐,02380,"하제, 완장제",일양바이오팜(주),일반의약품,"연질캡슐제, 액상",D001300,Bisacodyl,Bisacodyl(비사코딜),비사코딜,모닝톡에프장용연질캡슐,20240814,202401985,[M050687]비사코딜/[M223167]우르소데옥시콜산/[M081950]도큐세이트나트륨,[D001499]Ursodeoxycholic Acid(우르소데옥시콜산)/[D001656]Docusate sodium(도큐세이트나트륨),복합,20231108,,,투여기간주의
,미황색의 유상 내용물을 함유한 녹색의 타원형 연질캡슐,02380,"하제, 완장제",제일헬스사이언스(주),일반의약품,"연질캡슐제, 액상",D001300,Bisacodyl,Bisacodyl(비사코딜),비사코딜,듀얼싹플러스장용연질캡슐,20240826,202402049,[M050687]비사코딜/[M223167]우르소데옥시콜산/[M081950]도큐세이트나트륨,[D001499]Ursodeoxycholic Acid(우르소데옥시콜산)/[D001656]Docusate sodium(도큐세이트나트륨),복합,20231108,,,투여기간주의
,미황색의 유상 내용물을 함유한 녹색의 타원형 연질캡슐,02380,"하제, 완장제",아이큐어(주),일반의약품,"장용성캡슐제, 펠렛",D001300,Bisacodyl,Bisacodyl(비사코딜),비사코딜,릴리즈장용연질캡슐,20250115,202500119,[M081950]도큐세이트나트륨/[M050687]비사코딜/[M223167]우르소데옥시콜산,[D001499]Ursodeoxycholic Acid(우르소데옥시콜산)/[D001656]Docusate sodium(도큐세이트나트륨),복합,20231108,,,투여기간주의
,미황색의 유상 내용물을 함유한 녹색의 타원형 연질캡슐,02380,"하제, 완장제",주식회사 제이비케이랩,일반의약품,"연질캡슐제, 액상",D001300,Bisacodyl,Bisacodyl(비사코딜),비사코딜,비사큐민장용연질캡슐,20251020,202502698,[M050687]비사코딜/[M223167]우르소데옥시콜산/[M081950]도큐세이트나트륨,[D001499]Ursodeoxycholic Acid(우르소데옥시콜산)/[D001656]Docusate sodium(도큐세이트나트륨),복합,20231108,,,투여기간주의
,미황색의 유상 내용물을 함유한 황색의 타원형 연질캡슐,02380,"하제, 완장제",코스맥스파마(주),일반의약품,"연질캡슐제, 액상",D001300,Bisacodyl,Bisacodyl(비사코딜),비사코딜,둘코리퀴젤장용연질캡슐,20260520,202601473,[M050687]비사코딜/[M223167]우르소데옥시콜산/[M081950]도큐세이트나트륨,[D001499]Ursodeoxycholic Acid(우르소데옥시콜산)/[D001656]Docusate sodium(도큐세이트나트륨),복합,20231108,,,투여기간주의
,녹색의 원형 장용성 필름코팅정제,02380,"하제, 완장제",(주)아이월드제약,일반의약품,장용성필름코팅정,D001300,Bisacodyl,Bisacodyl(비사코딜),비사코딜,코딜로드-에이정(수출용),20110808,201105112,[M081950]도큐세이트나트륨/[M081899]센나엽가루/[M248126]센나열매가루(Tinnevelly)/[M050687]비사코딜,[D001656]Docusate sodium(도큐세이트나트륨)/[D001660]Senna leaf powder(센나엽가루),복합,20231108,,,투여기간주의
,녹색의 원형 장용성필름코팅정,02380,"하제, 완장제",코오롱제약(주),일반의약품,장용성필름코팅정,D001300,Bisacodyl,Bisacodyl(비사코딜),비사코딜,비코그린에스정,20120210,201200854,[M050687]비사코딜/[M081950]도큐세이트나트륨/[M102544]센노사이드칼슘,[D001656]Docusate sodium(도큐세이트나트륨)/[D001660]Senna leaf powder(센나엽가루),복합,20231108,,,투여기간주의
,녹색의 원형 장용성 필름코팅정제,02380,"하제, 완장제",(주)마더스제약,일반의약품,장용성필름코팅정,D001300,Bisacodyl,Bisacodyl(비사코딜),비사코딜,비카린엠장용정,20150519,201502994,[M081950]도큐세이트나트륨/[M081899]센나엽가루/[M050687]비사코딜,[D001656]Docusate sodium(도큐세이트나트륨)/[D001660]Senna leaf powder(센나엽가루),복합,20231108,,,투여기간주의
,녹색의 원형 장용성 필름코팅정,02380,"하제, 완장제",동국제약(주),일반의약품,장용성필름코팅정,D001300,Bisacodyl,Bisacodyl(비사코딜),비사코딜,이지굿정,20170309,201701191,[M050687]비사코딜/[M081950]도큐세이트나트륨/[M102544]센노사이드칼슘,[D001656]Docusate sodium(도큐세이트나트륨)/[D001660]Senna leaf powder(센나엽가루),복합,20231108,,,투여기간주의
,녹색의 장용성 필름코팅정,02380,"하제, 완장제",(주)한풍제약,일반의약품,장용성필름코팅정,D001300,Bisacodyl,Bisacodyl(비사코딜),비사코딜,굿모닝에이스정,20171122,201708002,[M081950]도큐세이트나트륨/[M050687]비사코딜/[M050805]센나열매/[M082727]감초엑스산/[M090093]작약엑스산,[D001656]Docusate sodium(도큐세이트나트륨)/[D001660]Senna leaf powder(센나엽가루),복합,20231108,,,투여기간주의
,녹색의 원형 장용성 필름코팅정제,02380,"하제, 완장제",(주)라이트팜텍,일반의약품,장용성필름코팅정,D001300,Bisacodyl,Bisacodyl(비사코딜),비사코딜,비코엑스장용정,20181119,201804576,[M081950]도큐세이트나트륨/[M081899]센나엽가루/[M050687]비사코딜,[D001656]Docusate sodium(도큐세이트나트륨)/[D001660]Senna leaf powder(센나엽가루),복합,20231108,,,투여기간주의
,녹색의 원형 장용성 필름코팅정제,02380,"하제, 완장제",한국신텍스제약(주),일반의약품,장용성필름코팅정,D001300,Bisacodyl,Bisacodyl(비사코딜),비사코딜,유비센정,20190729,201905349,[M050687]비사코딜/[M081950]도큐세이트나트륨/[M110305]센나엽 가루,[D001656]Docusate sodium(도큐세이트나트륨)/[D001660]Senna leaf powder(센나엽가루),복합,20231108,,,투여기간주의
,녹색의 원형 장용성 필름코팅정,02380,"하제, 완장제",광동제약(주),일반의약품,필름코팅정,D001300,Bisacodyl,Bisacodyl(비사코딜),비사코딜,센코딜에프정,20200205,202000645,[M050687]비사코딜/[M081950]도큐세이트나트륨/[M050808]센노시드/[M096428]벤포티아민/[M071260]천궁건조엑스,[D001656]Docusate sodium(도큐세이트나트륨)/[D001660]Senna leaf powder(센나엽가루),복합,20231108,,,투여기간주의
,녹색의 원형 장용성 필름코팅정,02380,"하제, 완장제",코오롱제약(주),일반의약품,필름코팅정,D001300,Bisacodyl,Bisacodyl(비사코딜),비사코딜,비코그린에스플러스정,20231226,202303434,[M050687]비사코딜/[M081950]도큐세이트나트륨/[M081977]센노시드칼슘/[M244748]판토텐산칼슘,[D001656]Docusate sodium(도큐세이트나트륨)/[D001660]Senna leaf powder(센나엽가루),복합,20231108,,,투여기간주의
,녹색의 원형 장용성 필름코팅제,02380,"하제, 완장제",일양약품(주),일반의약품,장용성필름코팅정,D001300,Bisacodyl,Bisacodyl(비사코딜),비사코딜,장제로큐장용정,20240329,202400705,[M081950]도큐세이트나트륨/[M081899]센나엽가루/[M050687]비사코딜,[D001656]Docusate sodium(도큐세이트나트륨)/[D001660]Senna leaf powder(센나엽가루),복합,20231108,,,투여기간주의
,녹색의 원형 장용성 필름코팅정제,02380,"하제, 완장제",(주)아이월드제약,일반의약품,장용성필름코팅정,D001300,Bisacodyl,Bisacodyl(비사코딜),비사코딜,코딜로드-에이정(수출용),20110808,201105112,[M081950]도큐세이트나트륨/[M081899]센나엽가루/[M248126]센나열매가루(Tinnevelly)/[M050687]비사코딜,[D001656]Docusate sodium(도큐세이트나트륨)/[D001661]Sennoside calcium(센노사이드칼슘),복합,20231108,,,투여기간주의
,녹색의 원형 장용성필름코팅정,02380,"하제, 완장제",코오롱제약(주),일반의약품,장용성필름코팅정,D001300,Bisacodyl,Bisacodyl(비사코딜),비사코딜,비코그린에스정,20120210,201200854,[M050687]비사코딜/[M081950]도큐세이트나트륨/[M102544]센노사이드칼슘,[D001656]Docusate sodium(도큐세이트나트륨)/[D001661]Sennoside calcium(센노사이드칼슘),복합,20231108,,,투여기간주의
,녹색의 원형 장용성 필름코팅정제,02380,"하제, 완장제",(주)마더스제약,일반의약품,장용성필름코팅정,D001300,Bisacodyl,Bisacodyl(비사코딜),비사코딜,비카린엠장용정,20150519,201502994,[M081950]도큐세이트나트륨/[M081899]센나엽가루/[M050687]비사코딜,[D001656]Docusate sodium(도큐세이트나트륨)/[D001661]Sennoside calcium(센노사이드칼슘),복합,20231108,,,투여기간주의
,녹색의 원형 장용성 필름코팅정,02380,"하제, 완장제",동국제약(주),일반의약품,장용성필름코팅정,D001300,Bisacodyl,Bisacodyl(비사코딜),비사코딜,이지굿정,20170309,201701191,[M050687]비사코딜/[M081950]도큐세이트나트륨/[M102544]센노사이드칼슘,[D001656]Docusate sodium(도큐세이트나트륨)/[D001661]Sennoside calcium(센노사이드칼슘),복합,20231108,,,투여기간주의
,녹색의 장용성 필름코팅정,02380,"하제, 완장제",(주)한풍제약,일반의약품,장용성필름코팅정,D001300,Bisacodyl,Bisacodyl(비사코딜),비사코딜,굿모닝에이스정,20171122,201708002,[M081950]도큐세이트나트륨/[M050687]비사코딜/[M050805]센나열매/[M082727]감초엑스산/[M090093]작약엑스산,[D001656]Docusate sodium(도큐세이트나트륨)/[D001661]Sennoside calcium(센노사이드칼슘),복합,20231108,,,투여기간주의
,녹색의 원형 장용성 필름코팅정제,02380,"하제, 완장제",(주)라이트팜텍,일반의약품,장용성필름코팅정,D001300,Bisacodyl,Bisacodyl(비사코딜),비사코딜,비코엑스장용정,20181119,201804576,[M081950]도큐세이트나트륨/[M081899]센나엽가루/[M050687]비사코딜,[D001656]Docusate sodium(도큐세이트나트륨)/[D001661]Sennoside calcium(센노사이드칼슘),복합,20231108,,,투여기간주의
,녹색의 원형 장용성 필름코팅정제,02380,"하제, 완장제",한국신텍스제약(주),일반의약품,장용성필름코팅정,D001300,Bisacodyl,Bisacodyl(비사코딜),비사코딜,유비센정,20190729,201905349,[M050687]비사코딜/[M081950]도큐세이트나트륨/[M110305]센나엽 가루,[D001656]Docusate sodium(도큐세이트나트륨)/[D001661]Sennoside calcium(센노사이드칼슘),복합,20231108,,,투여기간주의
,녹색의 원형 장용성 필름코팅제,02380,"하제, 완장제",일양약품(주),일반의약품,장용성필름코팅정,D001300,Bisacodyl,Bisacodyl(비사코딜),비사코딜,장제로큐장용정,20240329,202400705,[M081950]도큐세이트나트륨/[M081899]센나엽가루/[M050687]비사코딜,[D001656]Docusate sodium(도큐세이트나트륨)/[D001661]Sennoside calcium(센노사이드칼슘),복합,20231108,,,투여기간주의
,파란색의 원형 필름코팅 장용정,02380,"하제, 완장제",(주)휴온스,일반의약품,장용성필름코팅정,D001300,Bisacodyl,Bisacodyl(비사코딜),비사코딜,디유비정,20170216,201700836,[M050687]비사코딜/[M223167]우르소데옥시콜산/[M227778]디메티콘,[D001499]Ursodeoxycholic Acid(우르소데옥시콜산)/[D001662]Dimethicone(디메티콘),복합,20231108,,,투여기간주의
,파란색의 원형 필름코팅 장용정,02380,"하제, 완장제",(주)휴온스메디텍,일반의약품,장용성필름코팅정,D001300,Bisacodyl,Bisacodyl(비사코딜),비사코딜,에뜨비정,20170303,201701138,[M050687]비사코딜/[M223167]우르소데옥시콜산/[M227778]디메티콘,[D001499]Ursodeoxycholic Acid(우르소데옥시콜산)/[D001662]Dimethicone(디메티콘),복합,20231108,,,투여기간주의
,녹색의 원형 장용성 필름코팅정,02380,"하제, 완장제",광동제약(주),일반의약품,필름코팅정,D001300,Bisacodyl,Bisacodyl(비사코딜),비사코딜,센코딜에프정,20200205,202000645,[M050687]비사코딜/[M081950]도큐세이트나트륨/[M050808]센노시드/[M096428]벤포티아민/[M071260]천궁건조엑스,[D001656]Docusate sodium(도큐세이트나트륨)/[D001660]Senna leaf powder(센나엽가루)/[D001657]Sennae fructus powder(센나열매가루),복합,20231108,,,투여기간주의
,녹색의 원형 장용성 필름코팅정,02380,"하제, 완장제",코오롱제약(주),일반의약품,필름코팅정,D001300,Bisacodyl,Bisacodyl(비사코딜),비사코딜,비코그린에스플러스정,20231226,202303434,[M050687]비사코딜/[M081950]도큐세이트나트륨/[M081977]센노시드칼슘/[M244748]판토텐산칼슘,[D001656]Docusate sodium(도큐세이트나트륨)/[D001660]Senna leaf powder(센나엽가루)/[D001657]Sennae fructus powder(센나열매가루),복합,20231108,,,투여기간주의
,녹색의 원형 장용성 필름코팅정제,02380,"하제, 완장제",(주)아이월드제약,일반의약품,장용성필름코팅정,D001300,Bisacodyl,Bisacodyl(비사코딜),비사코딜,코딜로드-에이정(수출용),20110808,201105112,[M081950]도큐세이트나트륨/[M081899]센나엽가루/[M248126]센나열매가루(Tinnevelly)/[M050687]비사코딜,[D001656]Docusate sodium(도큐세이트나트륨)/[D001660]Senna leaf powder(센나엽가루)/[D001658]Tinnevelly senna fruit powder(티니벨리센나열매가루),복합,20231108,,,투여기간주의
,미황색의 유상 내용물을 함유한 청색의 타원형 연질캡슐,02380,"하제, 완장제",코스맥스파마(주),일반의약품,"연질캡슐제, 현탁상",D001300,Bisacodyl,Bisacodyl(비사코딜),비사코딜,비큐원스연질캡슐,20230113,202300250,[M050687]비사코딜/[M223167]우르소데옥시콜산/[M081950]도큐세이트나트륨/[M244748]판토텐산칼슘,[D001656]Docusate sodium(도큐세이트나트륨)/[D001499]Ursodeoxycholic Acid(우르소데옥시콜산)/[D001521]Calcium pantothenate(판토텐산칼슘),복합,20231108,,,투여기간주의
,녹색의 장용성 필름코팅정,02380,"하제, 완장제",(주)한풍제약,일반의약품,장용성필름코팅정,D001300,Bisacodyl,Bisacodyl(비사코딜),비사코딜,굿모닝에이스정,20171122,201708002,[M081950]도큐세이트나트륨/[M050687]비사코딜/[M050805]센나열매/[M082727]감초엑스산/[M090093]작약엑스산,[D001656]Docusate sodium(도큐세이트나트륨)/[D001657]Sennae fructus powder(센나열매가루)/[D001664]Glycyrrhiza extract powder(감초엑스산)/[D001665]Peony root extract powder(작약엑스산),복합,20231108,,,투여기간주의
,녹색의 원형 장용성 필름코팅정,02380,"하제, 완장제",광동제약(주),일반의약품,필름코팅정,D001300,Bisacodyl,Bisacodyl(비사코딜),비사코딜,센코딜에프정,20200205,202000645,[M050687]비사코딜/[M081950]도큐세이트나트륨/[M050808]센노시드/[M096428]벤포티아민/[M071260]천궁건조엑스,[D001667]Sennoside(센노사이드)/[D001656]Docusate sodium(도큐세이트나트륨)/[D001118]Benfotiamine(벤포티아민)/[D001668]Cnidium rhizome dried extract(천궁건조엑스),복합,20231108,,,투여기간주의
,갈색의 과립제,02380,"하제, 완장제",(주)한풍제약,일반의약품,과립제,D001670,Sennae Fructus,Sennae Fructus(센나열매),센나열매,굿모닝에스과립,20120918,201206827,[M040073]대황/[M050805]센나열매/[M081198]차전자피/[M082727]감초엑스산/[M090093]작약엑스산/[M050036]육계/[M089512]생강엑스산/[M089604]지실엑스산,[D001669]Psyllium husk(차전자피),복합,20231108,,,투여기간주의
,갈색의 과립제,02380,"하제, 완장제",(주)한풍제약,일반의약품,과립제,D001670,Sennae Fructus,Sennae Fructus(센나열매),센나열매,변락과립,20161104,201606490,[M081198]차전자피/[M050805]센나열매/[M040061]노회/[M040073]대황/[M040813]후박/[M040523]작약,[D001669]Psyllium husk(차전자피),복합,20231108,,,투여기간주의
,갈색의 과립제,02380,"하제, 완장제",신화제약(주),일반의약품,과립제,D001670,Sennae Fructus,Sennae Fructus(센나열매),센나열매,장락과립,20180122,201800290,[M081198]차전자피/[M050805]센나열매/[M082795]센나엽/[M040538]진피/[M040813]후박,[D001669]Psyllium husk(차전자피),복합,20231108,,,투여기간주의
,갈색의 과립제,02380,"하제, 완장제",(주)한풍제약,일반의약품,과립제,D001657,Sennae Fructus,Sennae Fructus(센나열매),센나열매,굿모닝에스과립,20120918,201206827,[M040073]대황/[M050805]센나열매/[M081198]차전자피/[M082727]감초엑스산/[M090093]작약엑스산/[M050036]육계/[M089512]생강엑스산/[M089604]지실엑스산,[D001669]Psyllium husk(차전자피),복합,20231108,,,투여기간주의
,갈색의 과립제,02380,"하제, 완장제",(주)한풍제약,일반의약품,과립제,D001657,Sennae Fructus,Sennae Fructus(센나열매),센나열매,변락과립,20161104,201606490,[M081198]차전자피/[M050805]센나열매/[M040061]노회/[M040073]대황/[M040813]후박/[M040523]작약,[D001669]Psyllium husk(차전자피),복합,20231108,,,투여기간주의
,갈색의 과립제,02380,"하제, 완장제",신화제약(주),일반의약품,과립제,D001657,Senna Leaf,Senna Leaf(센나엽),센나엽,장락과립,20180122,201800290,[M081198]차전자피/[M050805]센나열매/[M082795]센나엽/[M040538]진피/[M040813]후박,[D001669]Psyllium husk(차전자피),복합,20231108,,,투여기간주의
,갈색의 과립제,02380,"하제, 완장제",경방신약(주),일반의약품,과립제,D001657,Senna Leaf,Senna Leaf(센나엽),센나엽,미소그린에스과립,20200327,202002153,[M040073]대황/[M040006]감초/[M040523]작약/[M050036]육계/[M050752]생강/[M040061]노회/[M040536]지실/[M082795]센나엽/[M081198]차전자피,[D001669]Psyllium husk(차전자피),복합,20231108,,,투여기간주의
,갈색의 과립제,02380,"하제, 완장제",일양약품(주),일반의약품,과립제,D001657,Senna Leaf,Senna Leaf(센나엽),센나엽,장제로에스과립,20240321,202400585,[M040073]대황/[M040006]감초/[M040523]작약/[M050036]육계/[M050752]생강/[M040061]노회/[M040536]지실/[M082795]센나엽/[M081198]차전자피,[D001669]Psyllium husk(차전자피),복합,20231108,,,투여기간주의
,갈색의 과립제,02380,"하제, 완장제",메딕스제약(주),일반의약품,과립제,D001657,Senna Leaf,Senna Leaf(센나엽),센나엽,모닝퀸에스과립,20241108,202402644,[M040073]대황/[M040006]감초/[M040523]작약/[M050036]육계/[M050752]생강/[M040061]노회/[M040536]지실/[M082795]센나엽/[M081198]차전자피,[D001669]Psyllium husk(차전자피),복합,20231108,,,투여기간주의
,갈색의 과립제,02380,"하제, 완장제",동성제약(주),일반의약품,과립제,D001657,Senna Leaf,Senna Leaf(센나엽),센나엽,장로안에스과립,20260520,202601465,[M040073]대황/[M040006]감초/[M040523]작약/[M050036]육계/[M050752]생강/[M040061]노회/[M040536]지실/[M082795]센나엽/[M081198]차전자피,[D001669]Psyllium husk(차전자피),복합,20231108,,,투여기간주의
,이 약은 분포된 과립제로 그 내용물은 갈색과립이며 방향이 있다,02380,"하제, 완장제",시믹씨엠오코리아(주),일반의약품,과립제,D001657,Sennoside Calcium,Sennoside Calcium(센노사이드칼슘),센노사이드칼슘,위드원엘과립,20090406,200902499,[M102544]센노사이드칼슘/[M225558]차전자피(Plantaginis ovatae testa : Ispaghula husk)/[M092572]유포자성유산균/[M040064]니코틴산아미드,[D001671]Psyllium husk powder(차전자피가루),복합,20231108,,,투여기간주의
,갈색의 과립제,02380,"하제, 완장제",(주)한풍제약,일반의약품,과립제,D001657,Sennae Fructus,Sennae Fructus(센나열매),센나열매,굿모닝에스과립,20120918,201206827,[M040073]대황/[M050805]센나열매/[M081198]차전자피/[M082727]감초엑스산/[M090093]작약엑스산/[M050036]육계/[M089512]생강엑스산/[M089604]지실엑스산,[D001671]Psyllium husk powder(차전자피가루),복합,20231108,,,투여기간주의
,갈색의 과립제,02380,"하제, 완장제",(주)한풍제약,일반의약품,과립제,D001657,Sennae Fructus,Sennae Fructus(센나열매),센나열매,변락과립,20161104,201606490,[M081198]차전자피/[M050805]센나열매/[M040061]노회/[M040073]대황/[M040813]후박/[M040523]작약,[D001671]Psyllium husk powder(차전자피가루),복합,20231108,,,투여기간주의
,갈색의 과립제,02380,"하제, 완장제",신화제약(주),일반의약품,과립제,D001657,Senna Leaf,Senna Leaf(센나엽),센나엽,장락과립,20180122,201800290,[M081198]차전자피/[M050805]센나열매/[M082795]센나엽/[M040538]진피/[M040813]후박,[D001671]Psyllium husk powder(차전자피가루),복합,20231108,,,투여기간주의
,갈색의 과립제,02380,"하제, 완장제",경방신약(주),일반의약품,과립제,D001657,Senna Leaf,Senna Leaf(센나엽),센나엽,미소그린에스과립,20200327,202002153,[M040073]대황/[M040006]감초/[M040523]작약/[M050036]육계/[M050752]생강/[M040061]노회/[M040536]지실/[M082795]센나엽/[M081198]차전자피,[D001671]Psyllium husk powder(차전자피가루),복합,20231108,,,투여기간주의
,갈색의 과립제,02380,"하제, 완장제",원광제약(주),일반의약품,과립제,D001657,Sennae Fructus Powder,Sennae Fructus Powder(센나열매 가루),센나열매 가루,쾌통과립,20220401,202201290,[M111478]차전자피 가루/[M110283]센나열매 가루,[D001671]Psyllium husk powder(차전자피가루),복합,20231108,,,투여기간주의
,갈색의 과립제,02380,"하제, 완장제",일양약품(주),일반의약품,과립제,D001657,Senna Leaf,Senna Leaf(센나엽),센나엽,장제로에스과립,20240321,202400585,[M040073]대황/[M040006]감초/[M040523]작약/[M050036]육계/[M050752]생강/[M040061]노회/[M040536]지실/[M082795]센나엽/[M081198]차전자피,[D001671]Psyllium husk powder(차전자피가루),복합,20231108,,,투여기간주의
,갈색의 과립제,02380,"하제, 완장제",메딕스제약(주),일반의약품,과립제,D001657,Senna Leaf,Senna Leaf(센나엽),센나엽,모닝퀸에스과립,20241108,202402644,[M040073]대황/[M040006]감초/[M040523]작약/[M050036]육계/[M050752]생강/[M040061]노회/[M040536]지실/[M082795]센나엽/[M081198]차전자피,[D001671]Psyllium husk powder(차전자피가루),복합,20231108,,,투여기간주의
,갈색의 과립제,02380,"하제, 완장제",동성제약(주),일반의약품,과립제,D001657,Senna Leaf,Senna Leaf(센나엽),센나엽,장로안에스과립,20260520,202601465,[M040073]대황/[M040006]감초/[M040523]작약/[M050036]육계/[M050752]생강/[M040061]노회/[M040536]지실/[M082795]센나엽/[M081198]차전자피,[D001671]Psyllium husk powder(차전자피가루),복합,20231108,,,투여기간주의
,갈색의 과립제,02380,"하제, 완장제",(주)한풍제약,일반의약품,과립제,D001670,Sennae Fructus,Sennae Fructus(센나열매),센나열매,변락과립,20161104,201606490,[M081198]차전자피/[M050805]센나열매/[M040061]노회/[M040073]대황/[M040813]후박/[M040523]작약,[D001669]Psyllium husk(차전자피)/[D001674]Aloe powder(노회가루)/[D001675]Rhubarb powder(대황가루),복합,20231108,,,투여기간주의
,갈색의 과립제,02380,"하제, 완장제",신화제약(주),일반의약품,과립제,D001670,Sennae Fructus,Sennae Fructus(센나열매),센나열매,장락과립,20180122,201800290,[M081198]차전자피/[M050805]센나열매/[M082795]센나엽/[M040538]진피/[M040813]후박,[D001673]Senna leaf(센나엽)/[D001669]Psyllium husk(차전자피)/[D001142]Citrus Unshiu Peel(진피)/[D001672]Magnolia bark(후박),복합,20231108,,,투여기간주의
,갈색의 과립제,02380,"하제, 완장제",(주)한풍제약,일반의약품,과립제,D001657,Sennae Fructus,Sennae Fructus(센나열매),센나열매,변락과립,20161104,201606490,[M081198]차전자피/[M050805]센나열매/[M040061]노회/[M040073]대황/[M040813]후박/[M040523]작약,[D001671]Psyllium husk powder(차전자피가루)/[D001674]Aloe powder(노회가루)/[D001676]Magnolia bark powder(후박가루)/[D001675]Rhubarb powder(대황가루),복합,20231109,,,투여기간주의
,갈색의 과립제,02380,"하제, 완장제",(주)한풍제약,일반의약품,과립제,D001670,Sennae Fructus,Sennae Fructus(센나열매),센나열매,변락과립,20161104,201606490,[M081198]차전자피/[M050805]센나열매/[M040061]노회/[M040073]대황/[M040813]후박/[M040523]작약,[D001669]Psyllium husk(차전자피)/[D001680]Aloe(노회)/[D001672]Magnolia bark(후박)/[D001119]Peony Root(작약)/[D001681]Rhubarb(대황),복합,20231108,,,투여기간주의
,갈색의 과립제,02380,"하제, 완장제",(주)한풍제약,일반의약품,과립제,D001670,Sennae Fructus,Sennae Fructus(센나열매),센나열매,굿모닝에스과립,20120918,201206827,[M040073]대황/[M050805]센나열매/[M081198]차전자피/[M082727]감초엑스산/[M090093]작약엑스산/[M050036]육계/[M089512]생강엑스산/[M089604]지실엑스산,[D001669]Psyllium husk(차전자피)/[D001123]Cinnamomum cassia Blume(육계)/[D001664]Glycyrrhiza extract powder(감초엑스산)/[D001665]Peony root extract powder(작약엑스산)/[D001684]Poncirus immature fruit extract powder(지실엑스산)/[D001685]Raw ginger extract powder(생강엑스산)/[D001681]Rhubarb(대황),복합,20231108,,,투여기간주의
,무색~황녹색의 투명한 액이 무색투명한 유리 바이알에 든 주사제,02170,혈관확장제,(주)넥세라파마코리아,전문의약품,용액주사제,D001766,Clazosentan disodium,Clazosentan disodium(클라조센탄이나트륨),클라조센탄이나트륨,피브라즈주사(클라조센탄이나트륨),20231207,202303306,[M284300]클라조센탄이나트륨,,단일,20250530,,,투여기간주의
