CHANGE_DATE,CHART,CLASS_CODE,CLASS_NAME,ENTP_NAME,ETC_OTC_NAME,FORM_NAME,INGR_CODE,INGR_ENG_NAME,INGR_ENG_NAME_FULL,INGR_NAME,ITEM_NAME,ITEM_PERMIT_DATE,ITEM_SEQ,MAIN_INGR,MIX_INGR,MIX_TYPE,NOTIFICATION_DATE,PROHBT_CONTENT,REMARK,TYPE_NAME
20140521,무색 투명한 액이 충전된 앰플,01410,항히스타민제,(주)유한양행,전문의약품,용액주사제,D000893,Chlorpheniramine,Chlorpheniramine(클로르페니라민),클로르페니라민,페니라민주사(클로르페니라민말레산염),19600721,196000010,[M223211]클로르페니라민말레산염,[M223211]클로르페니라민말레산염,단일,20200924,,,노인주의
20190826,미황색의 원형 정제,01410,항히스타민제,(주)유한양행,일반의약품,나정,D000893,Chlorpheniramine,Chlorpheniramine(클로르페니라민),클로르페니라민,페니라민정(클로르페니라민말레산염),19601010,196000011,[M223211]클로르페니라민말레산염,[M223211]클로르페니라민말레산염,단일,20200924,,,노인주의
20180530,국내용: 흰색의 장방형 정제,02350,"최토제, 진토제",일양약품(주),일반의약품,나정,D001262,Dimenhydrinate,Dimenhydrinate(디멘히드리네이트),디멘히드리네이트,보나링에이정(디멘히드리네이트),19700416,197000076,[M040096]디멘히드리네이트,[M040096]디멘히드리네이트,단일,20200924,,,노인주의
20250811,청색의 원형 필름코팅정,01170,정신신경용제,환인제약(주),전문의약품,필름코팅정,D000809,Amitriptyline,Amitriptyline(아미트리프틸린),아미트리프틸린,에나폰정10밀리그램(아미트리프틸린염산염),19700220,197000079,[M223101]아미트리프틸린염산염,[M223101]아미트리프틸린염산염,단일,20150728,"노인에서의 삼환계 항우울제 사용은 기립성 저혈압, 비틀거림, 항콜린작용에 의한 구갈, 배뇨곤란, 변비, 안내압항진 등이 나타나기 쉬움으로 소량으로 신중투여",,노인주의
20131127,백색의 원형정제,01190,기타의 중추신경용약,환인제약(주),전문의약품,나정,D000440,Benztropine,Benztropine(벤즈트로핀),벤즈트로핀,환인벤즈트로핀정(벤즈트로핀메실산염),19710202,197100097,[M247864]벤즈트로핀메실산염,[M247864]벤즈트로핀메실산염,단일,20200924,,,노인주의
20240809,엷은 적색의 필름코팅정 ,01170,정신신경용제,일성아이에스(주),전문의약품,필름코팅정,D000466,Nortriptyline,Nortriptyline(노르트립틸린),노르트립틸린,센시발정10밀리그램(염산노르트립틸린),19730117,197300150,[M050132]염산노르트립틸린,[M050132]염산노르트립틸린,단일,20150728,"노인에서의 삼환계 항우울제 사용은 기립성 저혈압, 비틀거림, 항콜린작용에 의한 구갈, 배뇨곤란, 변비, 안내압항진 등이 나타나기 쉬움으로 소량으로 신중투여",,노인주의
20240809,흰색의 필름코팅정,01170,정신신경용제,일성아이에스(주),전문의약품,필름코팅정,D000466,Nortriptyline,Nortriptyline(노르트립틸린),노르트립틸린,센시발정25밀리그램(염산노르트립틸린),19730117,197300151,[M050132]염산노르트립틸린,[M050132]염산노르트립틸린,단일,20150728,"노인에서의 삼환계 항우울제 사용은 기립성 저혈압, 비틀거림, 항콜린작용에 의한 구갈, 배뇨곤란, 변비, 안내압항진 등이 나타나기 쉬움으로 소량으로 신중투여",,노인주의
20250811,이 약은 청색의 제피정이다.,01170,정신신경용제,동화약품(주),전문의약품,필름코팅정,D000809,Amitriptyline,Amitriptyline(아미트리프틸린),아미트리프틸린,에트라빌10밀리그램정(아미트리프틸린염산염),19750211,197500186,[M223101]아미트리프틸린염산염,[M223101]아미트리프틸린염산염,단일,20150728,"노인에서의 삼환계 항우울제 사용은 기립성 저혈압, 비틀거림, 항콜린작용에 의한 구갈, 배뇨곤란, 변비, 안내압항진 등이 나타나기 쉬움으로 소량으로 신중투여",,노인주의
20250811,노란색의 원형 필름코팅정,01170,정신신경용제,동화약품(주),전문의약품,필름코팅정,D000809,Amitriptyline,Amitriptyline(아미트리프틸린),아미트리프틸린,에트라빌25밀리그램정(아미트리프틸린염산염),19750211,197500188,[M223101]아미트리프틸린염산염,[M223101]아미트리프틸린염산염,단일,20150728,"노인에서의 삼환계 항우울제 사용은 기립성 저혈압, 비틀거림, 항콜린작용에 의한 구갈, 배뇨곤란, 변비, 안내압항진 등이 나타나기 쉬움으로 소량으로 신중투여",,노인주의
20180620,흰색의 원형 정제,01410,항히스타민제,영일제약(주),전문의약품,나정,D000026,Cyproheptadine,Cyproheptadine(시프로헵타딘),시프로헵타딘,"영일페리악틴정(시프로헵타딘염산염수화물)(수출명:메디페리악틴정, 메디타딘정)(수출용)",19750205,197500386,[M223093]시프로헵타딘염산염수화물/[M223093]시프로헵타딘염산염수화물,[M223093]시프로헵타딘염산염수화물/[M223093]시프로헵타딘염산염수화물,단일,20200924,,,노인주의
20130603,무색의 액이 들어있는 갈색 앰플 주사제,01410,항히스타민제,(주)휴온스,전문의약품,용액주사제,D000893,Chlorpheniramine,Chlorpheniramine(클로르페니라민),클로르페니라민,휴온스클로르페니라민말레산염주사액,19750728,197500570,[M223211]클로르페니라민말레산염,[M223211]클로르페니라민말레산염,단일,20200924,,,노인주의
20130525,황색 당의정,01170,정신신경용제,(주)유영제약,전문의약품,당의정,D000276,Chlorprothixene,Chlorprothixene(클로르프로틱센),클로르프로틱센,트룩살정10밀리그램(클로르프로칙센)(수출용),19760730,197600629,[M051534]클로르프로칙센,[M051534]클로르프로칙센,단일,20180831,"노인에서의 정형 항정신병약물 사용은 추체외로 증상, 항콜린성 부작용 등이 나타나기 쉬우므로 신중투여",,노인주의
20200130,노란색의 원형 정제,01170,정신신경용제,태극제약(주),전문의약품,나정,D000114,Hydroxyzine,Hydroxyzine(히드록시진),히드록시진,아디팜정(히드록시진염산염),19780703,197800210,[M223358]히드록시진염산염,[M223358]히드록시진염산염,단일,20200924,,,노인주의
20200319,무색의 등명한 앰플내의 무색주사제.,01240,진경제,삼진제약(주),전문의약품,용액주사제,D000999,Scopolamine,Scopolamine(스코폴라민),스코폴라민,코스판주(부틸스코폴라민브롬화물)(수출용),19780204,197800294,[M223057]부틸스코폴라민브롬화물,[M223057]부틸스코폴라민브롬화물,단일,20200924,,,노인주의
20200422,흰색의 정제임,01410,항히스타민제,부광약품(주),전문의약품,나정,D000226,Mequitazine,Mequitazine(메퀴타진),메퀴타진,프리마란정(메퀴타진),19780824,197800308,[M050446]메퀴타진,[M050446]메퀴타진,단일,20200924,,,노인주의
20190911,연한 노란색의 정제,01410,항히스타민제,태극제약(주),일반의약품,나정,D000374,Clemastine,Clemastine(클레마스틴),클레마스틴,마스질정(클레마스틴푸마르산염),19791210,197900219,[M223199]클레마스틴푸마르산염,[M223199]클레마스틴푸마르산염,단일,20200924,,,노인주의
20210910,흰색의 분말이 든 상·하 미황색의 경질캡슐제,01240,진경제,조아제약(주),일반의약품,"경질캡슐제, 산제",D000089,Dicyclomine,Dicyclomine(디시클로민),디시클로민,스파토민캡슐(디시클로민염산염),19790224,197900411,[M256709]디시클로민염산염,[M256709]디시클로민염산염,단일,20200924,,,노인주의
20210910,흰색의 분말이 든 상·하 미황색의 경질캡슐제,01240,진경제,조아제약(주),일반의약품,"경질캡슐제, 산제",D000089,Dicyclomine,Dicyclomine(디시클로민),디시클로민,스파토민캡슐(디시클로민염산염),19790224,197900411,[M256709]디시클로민염산염,[M256709]디시클로민염산염,단일,20200924,,,노인주의
20231113,백색의 원형 정제임,01170,정신신경용제,환인제약(주),전문의약품,나정,D000113,Haloperidol,Haloperidol(할로페리돌),할로페리돌,페리돌정1.5밀리그램(할로페리돌),19810602,198100257,[M040766]할로페리돌,[M040766]할로페리돌,단일,20180831,"노인에서의 정형 항정신병약물 사용은 추체외로 증상, 항콜린성 부작용 등이 나타나기 쉬우므로 신중투여",,노인주의
20231113,연두색의 원형정제,01170,정신신경용제,환인제약(주),전문의약품,나정,D000113,Haloperidol,Haloperidol(할로페리돌),할로페리돌,페리돌정5밀리그램(할로페리돌),19820914,198200323,[M040766]할로페리돌,[M040766]할로페리돌,단일,20180831,"노인에서의 정형 항정신병약물 사용은 추체외로 증상, 항콜린성 부작용 등이 나타나기 쉬우므로 신중투여",,노인주의
20200420,초록색의 원형 필름코팅정,01170,정신신경용제,환인제약(주),전문의약품,필름코팅정,D000362,Imipramine,Imipramine(이미프라민),이미프라민,환인이미프라민염산염정25밀리그램,19821203,198200325,[M223168]이미프라민염산염,[M223168]이미프라민염산염,단일,20140728,"노인에서의 삼환계 항우울제 사용은 기립성 저혈압, 비틀거림, 항콜린작용에 의한 구갈, 배뇨곤란, 변비, 안내압항진 등이 나타나기 쉬움으로 소량으로 신중투여",,노인주의
20231113,무색투명한 액체가 든 갈색앰플제.,01170,정신신경용제,환인제약(주),전문의약품,용액주사제,D000113,Haloperidol,Haloperidol(할로페리돌),할로페리돌,페리돌주(할로페리돌),19831020,198301325,[M040766]할로페리돌,[M040766]할로페리돌,단일,20180831,"노인에서의 정형 항정신병약물 사용은 추체외로 증상, 항콜린성 부작용 등이 나타나기 쉬우므로 신중투여",,노인주의
20111102,무색의 투명한 액이 든 갈색 앰플주사제.,01410,항히스타민제,(주)제일제약,전문의약품,용액주사제,D000893,Chlorpheniramine,Chlorpheniramine(클로르페니라민),클로르페니라민,제일클로르페니라민말레산염주사액(수출용),19841114,198400289,[M223211]클로르페니라민말레산염,[M223211]클로르페니라민말레산염,단일,20200924,,,노인주의
20231113,청색 원형정제,01170,정신신경용제,환인제약(주),전문의약품,나정,D000113,Haloperidol,Haloperidol(할로페리돌),할로페리돌,페리돌정10밀리그램(할로페리돌),19840223,198400475,[M040766]할로페리돌,[M040766]할로페리돌,단일,20180831,"노인에서의 정형 항정신병약물 사용은 추체외로 증상, 항콜린성 부작용 등이 나타나기 쉬우므로 신중투여",,노인주의
20200618,무색의 맑은 액을 함유하는 앰플제.,01410,항히스타민제,(주)제일제약,전문의약품,용액주사제,D000897,Piprinhydrinate,Piprinhydrinate(피프린히드리네이트),피프린히드리네이트,후나콘주사액(피프린히드리네이트)(수출용),19850104,198500372,[M071547]피프린히드리네이트,[M071547]피프린히드리네이트,단일,20200924,,,노인주의
20201207,주황색의 원형 당의정,01170,정신신경용제,명인제약(주),전문의약품,당의정,D000584,Chlorpromazine,Chlorpromazine(클로르프로마진),클로르프로마진,명인클로르프로마진염산염정100mg,19850417,198500616,[M223216]클로르프로마진염산염,[M223216]클로르프로마진염산염,단일,20180831,"노인에서의 정형 항정신병약물 사용은 추체외로 증상, 항콜린성 부작용 등이 나타나기 쉬우므로 신중투여",,노인주의
20231113,청색 원형정제.,01170,정신신경용제,명인제약(주),전문의약품,나정,D000113,Haloperidol,Haloperidol(할로페리돌),할로페리돌,명인할로페리돌정10밀리그램(수출명:로펠-엠정(할로페리돌)),19850417,198500617,[M040766]할로페리돌,[M040766]할로페리돌,단일,20180831,"노인에서의 정형 항정신병약물 사용은 추체외로 증상, 항콜린성 부작용 등이 나타나기 쉬우므로 신중투여",,노인주의
20231113,백색의 원형정제,01170,정신신경용제,명인제약(주),전문의약품,나정,D000113,Haloperidol,Haloperidol(할로페리돌),할로페리돌,명인할로페리돌정1.5밀리그램,19850417,198500618,[M040766]할로페리돌,[M040766]할로페리돌,단일,20180831,"노인에서의 정형 항정신병약물 사용은 추체외로 증상, 항콜린성 부작용 등이 나타나기 쉬우므로 신중투여",,노인주의
20180221,엷은 녹색의 원형 정제.,01170,정신신경용제,명인제약(주),전문의약품,나정,D000213,Pimozide,Pimozide(피모짓),피모짓,명인피모짓정4밀리그램,19850514,198500619,[M071691]피모짓,[M071691]피모짓,단일,20180831,"노인에서의 정형 항정신병약물 사용은 추체외로 증상, 항콜린성 부작용 등이 나타나기 쉬우므로 신중투여",,노인주의
20180221,엷은 오렌지색의 원형 정제,01170,정신신경용제,명인제약(주),전문의약품,나정,D000213,Pimozide,Pimozide(피모짓),피모짓,명인피모짓정1밀리그램(수출용),19850514,198500620,[M071691]피모짓,[M071691]피모짓,단일,20180831,"노인에서의 정형 항정신병약물 사용은 추체외로 증상, 항콜린성 부작용 등이 나타나기 쉬우므로 신중투여",,노인주의
20170929,분홍색의 원형 정제,01170,정신신경용제,명인제약(주),전문의약품,나정,D000781,Perphenazine,Perphenazine(페르페나진),페르페나진,명인페르페나진정4밀리그램,19850812,198500622,[M091367]페르페나진,[M091367]페르페나진,단일,20180831,"노인에서의 정형 항정신병약물 사용은 추체외로 증상, 항콜린성 부작용 등이 나타나기 쉬우므로 신중투여",,노인주의
20231113,엷은 황색 원형정제,01170,정신신경용제,명인제약(주),전문의약품,나정,D000113,Haloperidol,Haloperidol(할로페리돌),할로페리돌,명인할로페리돌정3밀리그램,19850417,198500625,[M040766]할로페리돌,[M040766]할로페리돌,단일,20180831,"노인에서의 정형 항정신병약물 사용은 추체외로 증상, 항콜린성 부작용 등이 나타나기 쉬우므로 신중투여",,노인주의
20250811,청색의 원형 필름코팅정,01170,정신신경용제,명인제약(주),전문의약품,필름코팅정,D000809,Amitriptyline,Amitriptyline(아미트리프틸린),아미트리프틸린,명인아미트리프틸린염산염정10밀리그램,19850417,198500626,[M223101]아미트리프틸린염산염,[M223101]아미트리프틸린염산염,단일,20150728,"노인에서의 삼환계 항우울제 사용은 기립성 저혈압, 비틀거림, 항콜린작용에 의한 구갈, 배뇨곤란, 변비, 안내압항진 등이 나타나기 쉬움으로 소량으로 신중투여",,노인주의
20191125,초록색의 원형 필름코팅정,01170,정신신경용제,명인제약(주),전문의약품,필름코팅정,D000362,Imipramine,Imipramine(이미프라민),이미프라민,명인이미프라민염산염정,19850917,198500628,[M223168]이미프라민염산염,[M223168]이미프라민염산염,단일,20140728,"노인에서의 삼환계 항우울제 사용은 기립성 저혈압, 비틀거림, 항콜린작용에 의한 구갈, 배뇨곤란, 변비, 안내압항진 등이 나타나기 쉬움으로 소량으로 신중투여",,노인주의
20171122,흰색의 원형정제,01190,기타의 중추신경용약,명인제약(주),전문의약품,나정,D000440,Benztropine,Benztropine(벤즈트로핀),벤즈트로핀,명인벤즈트로핀메실산염정2밀리그램,19850417,198500629,[M247864]벤즈트로핀메실산염,[M247864]벤즈트로핀메실산염,단일,20200924,,,노인주의
20231113,연두색의 원형정제.,01170,정신신경용제,명인제약(주),전문의약품,나정,D000113,Haloperidol,Haloperidol(할로페리돌),할로페리돌,명인할로페리돌정5밀리그램,19850417,198500632,[M040766]할로페리돌,[M040766]할로페리돌,단일,20180831,"노인에서의 정형 항정신병약물 사용은 추체외로 증상, 항콜린성 부작용 등이 나타나기 쉬우므로 신중투여",,노인주의
20210104,주황색의 원형 당의정,01170,정신신경용제,명인제약(주),전문의약품,당의정,D000584,Chlorpromazine,Chlorpromazine(클로르프로마진),클로르프로마진,명인클로르프로마진염산염정50mg,19850417,198500636,[M223216]클로르프로마진염산염,[M223216]클로르프로마진염산염,단일,20180831,"노인에서의 정형 항정신병약물 사용은 추체외로 증상, 항콜린성 부작용 등이 나타나기 쉬우므로 신중투여",,노인주의
20210304,황색의 원형정제,01170,정신신경용제,환인제약(주),전문의약품,나정,D000113,Haloperidol,Haloperidol(할로페리돌),할로페리돌,페리돌정3밀리그램(할로페리돌),19851022,198500715,[M040766]할로페리돌,[M040766]할로페리돌,단일,20180831,"노인에서의 정형 항정신병약물 사용은 추체외로 증상, 항콜린성 부작용 등이 나타나기 쉬우므로 신중투여",,노인주의
20210221,담청색의 원형정제.,01230,자율신경제,동화약품(주),전문의약품,나정,D000044,Oxybutynin,Oxybutynin(옥시부티닌),옥시부티닌,동화디트로판정(옥시부티닌염산염),19861120,198600437,[M246163]옥시부티닌염산염,[M246163]옥시부티닌염산염,단일,20200924,,,노인주의
20100107,흰색 원형의 정제,01190,기타의 중추신경용약,명인제약(주),전문의약품,나정,D000440,Benztropine,Benztropine(벤즈트로핀),벤즈트로핀,명인벤즈트로핀메실산염정1밀리그램,19860217,198600614,[M247864]벤즈트로핀메실산염,[M247864]벤즈트로핀메실산염,단일,20200924,,,노인주의
20101119,연한 청색의 타원형정제이다.,01120,최면진정제,알파제약(주),일반의약품,나정,D000296,Doxylamine,Doxylamine(독시라민),독시라민,아졸정(독시라민석시네이트),19861110,198601284,[M226319]독시라민석시네이트,[M226319]독시라민석시네이트,단일,20200924,,,노인주의
20231113,무색투명한 액체가 든 갈색 앰플제.,01170,정신신경용제,명인제약(주),전문의약품,용액주사제,D000113,Haloperidol,Haloperidol(할로페리돌),할로페리돌,명인할로페리돌주사,19870727,198700673,[M040766]할로페리돌,[M040766]할로페리돌,단일,20180831,"노인에서의 정형 항정신병약물 사용은 추체외로 증상, 항콜린성 부작용 등이 나타나기 쉬우므로 신중투여",,노인주의
20160818,황색의 원형정제,01190,기타의 중추신경용약,환인제약(주),전문의약품,나정,D000440,Benztropine,Benztropine(벤즈트로핀),벤즈트로핀,환인벤즈트로핀정1밀리그램(벤즈트로핀메실산염),19870418,198700736,[M247864]벤즈트로핀메실산염,[M247864]벤즈트로핀메실산염,단일,20200924,,,노인주의
20130702,흰색의 타원형 정제,01120,최면진정제,(주)씨엠지제약,일반의약품,나정,D000296,Doxylamine,Doxylamine(독시라민),독시라민,자비론정(독시라민숙신산염),19870209,198701478,[M250452]독시라민숙신산염,[M250452]독시라민숙신산염,단일,20200924,,,노인주의
20080926,"(내수용) 무색 내지 연황색의 액이 들어 있는 갈색 앰플, (수출용)무색 내지 연황색의 액이 들어 있는 무색 앰플",01240,진경제,(주)휴온스,전문의약품,용액주사제,D000999,Scopolamine,Scopolamine(스코폴라민),스코폴라민,"히스판주(부틸스코폴라민브롬화물)(수출명:부스판주,디스코판주,DISPANInj.)",19870313,198701643,[M223057]부틸스코폴라민브롬화물,[M223057]부틸스코폴라민브롬화물,단일,20200924,,,노인주의
20200914,흰색의 타원형 정제,01120,최면진정제,지엘파마(주),일반의약품,나정,D000296,Doxylamine,Doxylamine(독시라민),독시라민,스메르정(독시라민숙신산염),19881022,198802479,[M250452]독시라민숙신산염,[M250452]독시라민숙신산염,단일,20200924,,,노인주의
20201027,흰색의 타원형 필름코팅정,01120,최면진정제,알리코제약(주),일반의약품,필름코팅정,D000296,Doxylamine,Doxylamine(독시라민),독시라민,아론정(독시라민숙신산염),19890605,198900711,[M250452]독시라민숙신산염,[M250452]독시라민숙신산염,단일,20200924,,,노인주의
20191114,"흰색-연한 노란색의 분말이 든 (상)노란색, (하)흰색의 경질캡슐제",01170,정신신경용제,명인제약(주),전문의약품,"경질캡슐제, 산제",D000277,Clomipramine,Clomipramine(클로미프라민),클로미프라민,그로민캡슐10밀리그램(클로미프라민염산염),19890216,198900901,[M223223]클로미프라민염산염,[M223223]클로미프라민염산염,단일,20150728,"노인에서의 삼환계 항우울제 사용은 기립성 저혈압, 비틀거림, 항콜린작용에 의한 구갈, 배뇨곤란, 변비, 안내압항진 등이 나타나기 쉬움으로 소량으로 신중투여",,노인주의
20191114,"백색-미황색 분말이 든 (상)녹색, (하)백색의 경질캡슐제",01170,정신신경용제,명인제약(주),전문의약품,"경질캡슐제, 산제",D000277,Clomipramine,Clomipramine(클로미프라민),클로미프라민,그로민캡슐25밀리그램(클로미프라민염산염),19890216,198900902,[M223223]클로미프라민염산염,[M223223]클로미프라민염산염,단일,20150728,"노인에서의 삼환계 항우울제 사용은 기립성 저혈압, 비틀거림, 항콜린작용에 의한 구갈, 배뇨곤란, 변비, 안내압항진 등이 나타나기 쉬움으로 소량으로 신중투여",,노인주의
20231113,등색 원형의 정제.,01170,정신신경용제,명인제약(주),전문의약품,나정,D000113,Haloperidol,Haloperidol(할로페리돌),할로페리돌,명인할로페리돌정20밀리그램,19890712,198900927,[M040766]할로페리돌,[M040766]할로페리돌,단일,20180831,"노인에서의 정형 항정신병약물 사용은 추체외로 증상, 항콜린성 부작용 등이 나타나기 쉬우므로 신중투여",,노인주의
20200903,"미황색 내지 백색의 분말이 든 상:청색, 하:백색의 경질캅셀",01170,정신신경용제,환인제약(주),전문의약품,"경질캡슐제, 산제",D000277,Clomipramine,Clomipramine(클로미프라민),클로미프라민,환인염산클로미프라민캡슐25밀리그램,19890316,198900993,[M223223]클로미프라민염산염,[M223223]클로미프라민염산염,단일,20150728,"노인에서의 삼환계 항우울제 사용은 기립성 저혈압, 비틀거림, 항콜린작용에 의한 구갈, 배뇨곤란, 변비, 안내압항진 등이 나타나기 쉬움으로 소량으로 신중투여",,노인주의
20231113,오렌지색의 원형정제,01170,정신신경용제,환인제약(주),전문의약품,나정,D000113,Haloperidol,Haloperidol(할로페리돌),할로페리돌,페리돌정20밀리그램(할로페리돌),19890922,198902844,[M040766]할로페리돌,[M040766]할로페리돌,단일,20180831,"노인에서의 정형 항정신병약물 사용은 추체외로 증상, 항콜린성 부작용 등이 나타나기 쉬우므로 신중투여",,노인주의
20210325,흰색의 장방형 당의정,01170,정신신경용제,명인제약(주),전문의약품,당의정,D000584,Chlorpromazine,Chlorpromazine(클로르프로마진),클로르프로마진,명인클로르프로마진염산염정200mg,19900320,199000979,[M223216]클로르프로마진염산염,[M223216]클로르프로마진염산염,단일,20180831,"노인에서의 정형 항정신병약물 사용은 추체외로 증상, 항콜린성 부작용 등이 나타나기 쉬우므로 신중투여",,노인주의
20200721,연청색의 타원형 정제,01120,최면진정제,(주)한국파비스제약,일반의약품,나정,D000296,Doxylamine,Doxylamine(독시라민),독시라민,포린피아정(독시라민숙신산염),19910509,199102275,[M250452]독시라민숙신산염,[M250452]독시라민숙신산염,단일,20200924,,,노인주의
20210317,엷은 황갈색의 당의정,02590,기타의 비뇨생식기관 및 항문용약,부광약품(주),전문의약품,당의정,D001354,Trospium,Trospium(트로스피움),트로스피움,스파스몰리트당의정(트로스퓸염화물),19921010,199201630,[M250033]트로스퓸염화물,[M250033]트로스퓸염화물,단일,20200924,,,노인주의
20181228,주홍색의 원형당의정 ,01170,정신신경용제,환인제약(주),전문의약품,당의정,D000584,Chlorpromazine,Chlorpromazine(클로르프로마진),클로르프로마진,네오마찐정100밀리그램(클로르프로마진염산염),19600321,199203520,[M223216]클로르프로마진염산염,[M223216]클로르프로마진염산염,단일,20180831,"노인에서의 정형 항정신병약물 사용은 추체외로 증상, 항콜린성 부작용 등이 나타나기 쉬우므로 신중투여",,노인주의
20190802,연한 노란색의 원형 필름코팅정,01190,기타의 중추신경용약,태극제약(주),전문의약품,필름코팅정,D000881,Trihexyphenidyl,Trihexyphenidyl(트리헥시페니딜),트리헥시페니딜,트리헥신정(트리헥시페니딜염산염),19931007,199301084,[M223252]트리헥시페니딜염산염,[M223252]트리헥시페니딜염산염,단일,20200924,,,노인주의
20191030,미황색을 띤 약간 끈기가 있는 액체가 갈색의 투명한 유리 앰플에 든 주사제,01170,정신신경용제,클리니젠코리아(유),전문의약품,용액주사제,D000113,Haloperidol,Haloperidol(할로페리돌),할로페리돌,할돌데카노아스주사(할로페리돌데카노에이트),19930127,199304188,[M089302]할로페리돌데카노에이트,[M089302]할로페리돌데카노에이트,단일,20180831,"노인에서의 정형 항정신병약물 사용은 추체외로 증상, 항콜린성 부작용 등이 나타나기 쉬우므로 신중투여",,노인주의
20240522,흰색의 원형 필름코팅정제,01140,해열.진통.소염제,(주)대웅제약,전문의약품,필름코팅정,D000739,Aceclofenac,Aceclofenac(아세클로페낙),아세클로페낙,에어탈정(아세클로페낙),19941008,199400486,[M040359]아세클로페낙,[M040359]아세클로페낙,단일,20210715,,,노인주의
20190802,이 약은 백색의 편평구형의 필름코팅정으로 냄새는 없다.,02590,기타의 비뇨생식기관 및 항문용약,제일약품(주),전문의약품,필름코팅정,D001355,Propiverine,Propiverine(프로피베린),프로피베린,비유피-4정10밀리그램(프로피베린염산염),19951030,199500419,[M255864]프로피베린염산염,[M255864]프로피베린염산염,단일,20200924,,,노인주의
20190802,이 약은 백색의 편평구형의 필름코팅정으로 냄새는 없다.,02590,기타의 비뇨생식기관 및 항문용약,제일약품(주),전문의약품,필름코팅정,D001355,Propiverine,Propiverine(프로피베린),프로피베린,비유피-4정20밀리그램(프로피베린염산염),19951030,199500420,[M255864]프로피베린염산염,[M255864]프로피베린염산염,단일,20200924,,,노인주의
20200425,엷은 주황색의 원형정제,02350,"최토제, 진토제",(주)한국파비스제약,일반의약품,나정,D001269,Meclizine hydrochloride hydrate,Meclizine hydrochloride hydrate(메클리진 염산염수화물),메클리진 염산염수화물,파비스염산메클리진정,19961210,199602310,[M223008]메클리진염산염수화물,[M223008]메클리진염산염수화물,단일,20200924,,,노인주의
20240522,흰색의 원형 필름코팅정제(수출용: 주황색의 원형 필름코팅정제),01140,해열.진통.소염제,아주약품(주),전문의약품,필름코팅정,D000739,Aceclofenac,Aceclofenac(아세클로페낙),아세클로페낙,아펜탈정(아세클로페낙),19971113,199700916,[M040359]아세클로페낙/[M040359]아세클로페낙,[M040359]아세클로페낙/[M040359]아세클로페낙,단일,20210715,,,노인주의
20240522,백색의 원형 필름코팅정,01140,해열.진통.소염제,안국약품(주),전문의약품,필름코팅정,D000739,Aceclofenac,Aceclofenac(아세클로페낙),아세클로페낙,아세페낙정(아세클로페낙),19971113,199701226,[M040359]아세클로페낙,[M040359]아세클로페낙,단일,20210715,,,노인주의
20250415,흰색의 원형 장용성 필름코팅정제,02190,기타의 순환계용약,초당약품공업(주),일반의약품,장용성필름코팅정,D000452,Aspirin,Aspirin(아스피린),아스피린,초당아스피린장용정100mg(아스피린),19970117,199703010,[M040355]아스피린,[M040355]아스피린,단일,20210715,,,노인주의
20120213,백색의 원형정제이다.,01170,정신신경용제,한국코러스(주),전문의약품,나정,D000584,Chlorpromazine,Chlorpromazine(클로르프로마진),클로르프로마진,코러스염산클로르프로마진정(수출용),19970804,199703373,[M040618]염산클로르프로마진,[M040618]염산클로르프로마진,단일,20180831,"노인에서의 정형 항정신병약물 사용은 추체외로 증상, 항콜린성 부작용 등이 나타나기 쉬우므로 신중투여",,노인주의
20240522,이 약은 백색의 원형 필름코팅 정제이다.,01140,해열.진통.소염제,동아에스티(주),전문의약품,필름코팅정,D000739,Aceclofenac,Aceclofenac(아세클로페낙),아세클로페낙,아크로펜정(아세클로페낙),19980504,199800142,[M040359]아세클로페낙,[M040359]아세클로페낙,단일,20210715,,,노인주의
20240522,흰색의 원형 필름코팅 정제,01140,해열.진통.소염제,국제약품(주),전문의약품,필름코팅정,D000739,Aceclofenac,Aceclofenac(아세클로페낙),아세클로페낙,아로펜정(아세클로페낙)(수출명:아로페나정),19980611,199800455,[M040359]아세클로페낙,[M040359]아세클로페낙,단일,20210715,,,노인주의
20240522,흰색의 원형 코팅 정제,01140,해열.진통.소염제,(주)셀트리온제약,전문의약품,필름코팅정,D000739,Aceclofenac,Aceclofenac(아세클로페낙),아세클로페낙,셀트리온아세클로페낙정,19981205,199800519,[M040359]아세클로페낙,[M040359]아세클로페낙,단일,20210715,,,노인주의
20080407,담홍색의 원형 정제 ,01410,항히스타민제,(주)동구바이오제약,전문의약품,나정,D000226,Mequitazine,Mequitazine(메퀴타진),메퀴타진,멕타진정(메퀴타진)(수출용),19980821,199801340,[M050446]메퀴타진,[M050446]메퀴타진,단일,20200924,,,노인주의
20240522,황적색의 팔각형 필림코팅정제(수출용:백색의 팔각형 필림코팅정제),01140,해열.진통.소염제,대원제약(주),전문의약품,필름코팅정,D000739,Aceclofenac,Aceclofenac(아세클로페낙),아세클로페낙,세나펜정(아세클로페낙),19980114,199801524,[M040359]아세클로페낙/[M040359]아세클로페낙,[M040359]아세클로페낙/[M040359]아세클로페낙,단일,20210715,,,노인주의
20240522,흰색의 원형 필름코팅정제,01140,해열.진통.소염제,한국유나이티드제약(주),전문의약품,필름코팅정,D000739,Aceclofenac,Aceclofenac(아세클로페낙),아세클로페낙,클란자정(아세클로페낙)(수출명:SpeenacTabs.),19980829,199801547,[M040359]아세클로페낙,[M040359]아세클로페낙,단일,20210715,,,노인주의
20240522,흰색의 원형 필름코팅정,01140,해열.진통.소염제,경동제약(주),전문의약품,필름코팅정,D000739,Aceclofenac,Aceclofenac(아세클로페낙),아세클로페낙,에이서정(아세클로페낙),19980205,199802092,[M040359]아세클로페낙,[M040359]아세클로페낙,단일,20210715,,,노인주의
20240522,흰색의 원형 필름코팅 정제,01140,해열.진통.소염제,하나제약(주),전문의약품,필름코팅정,D000739,Aceclofenac,Aceclofenac(아세클로페낙),아세클로페낙,세니탈정(아세클로페낙)(수출명:하나세니탈정),19980812,199802289,[M040359]아세클로페낙,[M040359]아세클로페낙,단일,20210715,,,노인주의
20240522,흰색의 원형 필름 코팅 정제,01140,해열.진통.소염제,명문제약(주),전문의약품,필름코팅정,D000739,Aceclofenac,Aceclofenac(아세클로페낙),아세클로페낙,아로탈정(아세클로페낙)(수출명:아로세탈정(Arocetaltablet)),19980611,199803120,[M040359]아세클로페낙,[M040359]아세클로페낙,단일,20210715,,,노인주의
20200903,연한 청색의 타원형 정제,01190,기타의 중추신경용약,초당약품공업(주),전문의약품,나정,D000883,Procyclidine,Procyclidine(프로사이클리딘),프로사이클리딘,프로이머정(프로싸이클리딘염산염),19980218,199803128,[M251683]프로싸이클리딘염산염,[M251683]프로싸이클리딘염산염,단일,20200924,,,노인주의
20240522,흰색의 원형 필름코팅정,01140,해열.진통.소염제,신풍제약(주),전문의약품,필름코팅정,D000739,Aceclofenac,Aceclofenac(아세클로페낙),아세클로페낙,아클론정(아세클로페낙),19990427,199900033,[M040359]아세클로페낙,[M040359]아세클로페낙,단일,20210715,,,노인주의
20201228,백색의 타원형 정제,01170,정신신경용제,대우제약(주),전문의약품,나정,D000114,Hydroxyzine,Hydroxyzine(히드록시진),히드록시진,"하이진정(히드록시진염산염)(수출명:히다락스정,필히다락스정)(수출용)",19990622,199900645,[M223358]히드록시진염산염,[M223358]히드록시진염산염,단일,20200924,,,노인주의
20250415,백색 내지 미황색의 가루가 무색투명한 바이알에 든 주사제.,01140,해열.진통.소염제,일양약품(주),전문의약품,용액용분말주사제,D000452,Aspirin,Aspirin(아스피린),아스피린,알타질주(주사용아스피린리신90%),19990807,199901188,[M089224]주사용아스피린리신90%,[M089224]주사용아스피린리신90%,단일,20210715,,,노인주의
20240522,"백색의 가루가 들어있는 상단 암청색, 하단 담황색의 경질캡슐제",01140,해열.진통.소염제,경동제약(주),전문의약품,"경질캡슐제, 산제",D000739,Aceclofenac,Aceclofenac(아세클로페낙),아세클로페낙,에이서캡슐(아세클로페낙),19990417,199902271,[M040359]아세클로페낙,[M040359]아세클로페낙,단일,20210715,,,노인주의
20240522,흰색의 원형 필름코팅정제,01140,해열.진통.소염제,한미약품(주),전문의약품,필름코팅정,D000739,Aceclofenac,Aceclofenac(아세클로페낙),아세클로페낙,아섹정100밀리그램(아세클로페낙),19990816,199902730,[M040359]아세클로페낙,[M040359]아세클로페낙,단일,20210715,,,노인주의
20240522,흰색의 원형 필름코팅정,01140,해열.진통.소염제,알리코제약(주),전문의약품,필름코팅정,D000739,Aceclofenac,Aceclofenac(아세클로페낙),아세클로페낙,아페낙정(아세클로페낙),20000401,200001168,[M040359]아세클로페낙/[M040359]아세클로페낙,[M040359]아세클로페낙/[M040359]아세클로페낙,단일,20210715,,,노인주의
20201007,흰색의 필름코팅정,01170,정신신경용제,명인제약(주),전문의약품,필름코팅정,D000792,Levomepromazine,Levomepromazine(레보메프로마진),레보메프로마진,티세르신정25밀리그램(레보메프로마진말레산염),20000403,200001433,[M222988]레보메프로마진말레산염,[M222988]레보메프로마진말레산염,단일,20180831,"노인에서의 정형 항정신병약물 사용은 추체외로 증상, 항콜린성 부작용 등이 나타나기 쉬우므로 신중투여",,노인주의
20160330,황색 원형 필름코팅정,01170,정신신경용제,명인제약(주),전문의약품,필름코팅정,D000792,Levomepromazine,Levomepromazine(레보메프로마진),레보메프로마진,티세르신정50밀리그램(레보메프로마진말레산염),20000403,200001454,[M222988]레보메프로마진말레산염,[M222988]레보메프로마진말레산염,단일,20180831,"노인에서의 정형 항정신병약물 사용은 추체외로 증상, 항콜린성 부작용 등이 나타나기 쉬우므로 신중투여",,노인주의
20160330,엷은 녹색의 원형 필름코팅정,01170,정신신경용제,명인제약(주),전문의약품,필름코팅정,D000792,Levomepromazine,Levomepromazine(레보메프로마진),레보메프로마진,티세르신정100밀리그램(레보메프로마진말레산염),20000403,200001456,[M222988]레보메프로마진말레산염,[M222988]레보메프로마진말레산염,단일,20180831,"노인에서의 정형 항정신병약물 사용은 추체외로 증상, 항콜린성 부작용 등이 나타나기 쉬우므로 신중투여",,노인주의
20210129,과일향이 있는 미색 내지 미황색의 시럽이 갈색 플라스틱용기에 든 시럽제,01410,항히스타민제,부광약품(주),전문의약품,액상시럽제,D000226,Mequitazine,Mequitazine(메퀴타진),메퀴타진,소아용프리마란시럽(메퀴타진),20000522,200001946,[M050446]메퀴타진,[M050446]메퀴타진,단일,20200924,,,노인주의
20170112,무색투명한 액이 들어 있는 갈색 앰플 주사제,01240,진경제,하나제약(주),전문의약품,용액주사제,D001357,Cimetropium,Cimetropium(시메트로퓸),시메트로퓸,알피트주사(시메트로퓸브롬화물),20001107,200002889,[M257165]시메트로퓸브롬화물,[M257165]시메트로퓸브롬화물,단일,20200924,,,노인주의
20210910,하늘색의 장방형 필름코팅정제,01240,진경제,신일제약(주),일반의약품,필름코팅정,D000089,Dicyclomine,Dicyclomine(디시클로민),디시클로민,이지정(디시클로민염산염),20001026,200003011,[M256709]디시클로민염산염,[M256709]디시클로민염산염,단일,20200924,,,노인주의
20210910,하늘색의 장방형 필름코팅정제,01240,진경제,신일제약(주),일반의약품,필름코팅정,D000089,Dicyclomine,Dicyclomine(디시클로민),디시클로민,이지정(디시클로민염산염),20001026,200003011,[M256709]디시클로민염산염,[M256709]디시클로민염산염,단일,20200924,,,노인주의
20250415,백색의 원형 장용성 필름코팅정제,02190,기타의 순환계용약,한미약품(주),일반의약품,장용성필름코팅정,D000452,Aspirin,Aspirin(아스피린),아스피린,한미아스피린장용정100밀리그램,20000426,200003092,[M040355]아스피린,[M040355]아스피린,단일,20210715,,,노인주의
20200623,유백색의 과립이 든 상하부 청색의 캅셀,02590,기타의 비뇨생식기관 및 항문용약,비아트리스코리아(주),전문의약품,"서방성캡슐제, 펠렛",D001234,Tolterodine,Tolterodine(톨터로딘),톨터로딘,디트루시톨SR캡슐4밀리그람(톨터로딘-L-타르타르산염),20060911,200008568,[M256407]톨터로딘-L-타르타르산염,[M256407]톨터로딘-L-타르타르산염,단일,20200924,,,노인주의
20250415,흰색의 원형 정제,01140,해열.진통.소염제,바이엘코리아(주),일반의약품,나정,D000452,Aspirin,Aspirin(아스피린),아스피린,바이엘아스피린정500밀리그람,20000223,200008591,[M040355]아스피린,[M040355]아스피린,단일,20210715,,,노인주의
20080926,무색 투명한 액이든 갈색앰플주사제,01240,진경제,(주)제일제약,전문의약품,용액주사제,D000999,Scopolamine,Scopolamine(스코폴라민),스코폴라민,프리판주(부틸스코폴라민브롬화물),20010412,200100633,[M223057]부틸스코폴라민브롬화물,[M223057]부틸스코폴라민브롬화물,단일,20200924,,,노인주의
20240522,흰색의 원형 필름코팅정제,01140,해열.진통.소염제,(주)동구바이오제약,전문의약품,필름코팅정,D000739,Aceclofenac,Aceclofenac(아세클로페낙),아세클로페낙,에어페낙정(아세클로페낙),20010716,200101246,[M040359]아세클로페낙,[M040359]아세클로페낙,단일,20210715,,,노인주의
20111230,백색의 원형정제 ,01240,진경제,하나제약(주),전문의약품,나정,D001357,Cimetropium,Cimetropium(시메트로퓸),시메트로퓸,알피트정(브롬화시메트로피움)(수출용),20010829,200102370,[M084729]브롬화시메트로피움,[M084729]브롬화시메트로피움,단일,20200924,,,노인주의
20200623,유백색의 과립이 든 상하부 청녹색의 캡슐,02590,기타의 비뇨생식기관 및 항문용약,비아트리스코리아(주),전문의약품,"서방성캡슐제, 펠렛",D001234,Tolterodine,Tolterodine(톨터로딘),톨터로딘,디트루시톨SR캡슐2밀리그람(톨터로딘-L-타르타르산염),20060911,200108384,[M256407]톨터로딘-L-타르타르산염,[M256407]톨터로딘-L-타르타르산염,단일,20200924,,,노인주의
20250415,"한쪽 면에 BAYER 식별이 있고, 다른 한쪽 면에는 식별이 없는 흰색의 원형 장용 필름코팅정",02190,기타의 순환계용약,바이엘코리아(주),일반의약품,장용성필름코팅정,D000452,Aspirin,Aspirin(아스피린),아스피린,아스피린프로텍트정100밀리그람,20010921,200108429,[M040355]아스피린,[M040355]아스피린,단일,20210715,,,노인주의
20240522,흰색의 원형 필름코팅정제,01140,해열.진통.소염제,동화약품(주),전문의약품,필름코팅정,D000739,Aceclofenac,Aceclofenac(아세클로페낙),아세클로페낙,아세크론정(아세클로페낙),20021218,200200641,[M040359]아세클로페낙,[M040359]아세클로페낙,단일,20210715,,,노인주의
20250415,백색의 장용제피정,02190,기타의 순환계용약,영진약품(주),일반의약품,장용성필름코팅정,D000452,Aspirin,Aspirin(아스피린),아스피린,영진아스피린장용정,20020801,200200734,[M040355]아스피린,[M040355]아스피린,단일,20210715,,,노인주의
20240522,CLS가 인쇄된 점조한 내용물이 든 적색의 타원형 연질캡슐제,01140,해열.진통.소염제,한국유나이티드제약(주),전문의약품,"연질캡슐제, 액상",D000739,Aceclofenac,Aceclofenac(아세클로페낙),아세클로페낙,클란자에스연질캡슐(아세클로페낙)(수출명:SpeenacSoftCaps.),20020529,200201436,[M040359]아세클로페낙,[M040359]아세클로페낙,단일,20210715,,,노인주의
20240522,흰색의 원형 필름코팅정제,01140,해열.진통.소염제,동국제약(주),전문의약품,필름코팅정,D000739,Aceclofenac,Aceclofenac(아세클로페낙),아세클로페낙,아세탈정(아세클로페낙),20021113,200203727,[M040359]아세클로페낙,[M040359]아세클로페낙,단일,20210715,,,노인주의
20240522,흰색의 원형 필름코팅정,01140,해열.진통.소염제,(주)종근당,전문의약품,필름코팅정,D000739,Aceclofenac,Aceclofenac(아세클로페낙),아세클로페낙,세클로낙정(아세클로페낙),20030526,200300102,[M040359]아세클로페낙,[M040359]아세클로페낙,단일,20210715,,,노인주의
20240522,흰색의 원형 필름코팅 정제,01140,해열.진통.소염제,이연제약(주),전문의약품,필름코팅정,D000739,Aceclofenac,Aceclofenac(아세클로페낙),아세클로페낙,아크로정(아세클로페낙),20030619,200300132,[M040359]아세클로페낙,[M040359]아세클로페낙,단일,20210715,,,노인주의
20240522,흰색의 원형 필름코팅정제,01140,해열.진통.소염제,한올바이오파마(주),전문의약품,필름코팅정,D000739,Aceclofenac,Aceclofenac(아세클로페낙),아세클로페낙,아세로정(아세클로페낙),20031229,200300307,[M040359]아세클로페낙,[M040359]아세클로페낙,단일,20210715,,,노인주의
20240522,흰색의 원형 필름코팅 정제,01140,해열.진통.소염제,(주)바이넥스,전문의약품,필름코팅정,D000739,Aceclofenac,Aceclofenac(아세클로페낙),아세클로페낙,뉴마탈정(아세클로페낙),20030619,200300458,[M040359]아세클로페낙,[M040359]아세클로페낙,단일,20210715,,,노인주의
20240522,흰색의 원형 필름코팅정제,01140,해열.진통.소염제,대우제약(주),전문의약품,필름코팅정,D000739,Aceclofenac,Aceclofenac(아세클로페낙),아세클로페낙,에이펜정(아세클로페낙),20030403,200300497,[M040359]아세클로페낙,[M040359]아세클로페낙,단일,20210715,,,노인주의
20240522,흰색의 원형 필름코팅정제,01140,해열.진통.소염제,(주)일화,전문의약품,필름코팅정,D000739,Aceclofenac,Aceclofenac(아세클로페낙),아세클로페낙,아세클란정(아세클로페낙),20031229,200300603,[M040359]아세클로페낙,[M040359]아세클로페낙,단일,20210715,,,노인주의
20240522,흰색의 원형 코팅정제,01140,해열.진통.소염제,(주)에이프로젠바이오로직스,전문의약품,필름코팅정,D000739,Aceclofenac,Aceclofenac(아세클로페낙),아세클로페낙,아세낙정(아세클로페낙),20031229,200300687,[M040359]아세클로페낙,[M040359]아세클로페낙,단일,20210715,,,노인주의
20240522,흰색의 원형 필름코팅 정제,01140,해열.진통.소염제,삼천당제약(주),전문의약품,필름코팅정,D000739,Aceclofenac,Aceclofenac(아세클로페낙),아세클로페낙,아세클정(아세클로페낙),20030712,200300763,[M040359]아세클로페낙,[M040359]아세클로페낙,단일,20210715,,,노인주의
20240522,흰색의 원형 코팅정제,01140,해열.진통.소염제,(주)제뉴파마,전문의약품,필름코팅정,D000739,Aceclofenac,Aceclofenac(아세클로페낙),아세클로페낙,애니락정(아세클로페낙),20031208,200300854,[M040359]아세클로페낙,[M040359]아세클로페낙,단일,20210715,,,노인주의
20240522,흰색의 원형 필름코팅정,01140,해열.진통.소염제,진양제약(주),전문의약품,필름코팅정,D000739,Aceclofenac,Aceclofenac(아세클로페낙),아세클로페낙,아엔탈정(아세클로페낙),20030428,200301031,[M040359]아세클로페낙,[M040359]아세클로페낙,단일,20210715,,,노인주의
20080407,백색의 원형 당의정,02590,기타의 비뇨생식기관 및 항문용약,(주)동구바이오제약,전문의약품,당의정,D001356,Flavoxate,Flavoxate(플라복세이트),플라복세이트,"유로겐정(염산폴라복세이트)
(수출용)",20030207,200301050,[M051825]염산플라복세이트,[M051825]염산플라복세이트,단일,20200924,,,노인주의
20240522,흰색의 원형 필름코팅정,01140,해열.진통.소염제,(주)셀릭스,전문의약품,필름코팅정,D000739,Aceclofenac,Aceclofenac(아세클로페낙),아세클로페낙,아세젠정(아세클로페낙),20030421,200301348,[M040359]아세클로페낙,[M040359]아세클로페낙,단일,20210715,,,노인주의
20240522,백색의 원형 필름코팅정제,01140,해열.진통.소염제,한국넬슨제약(주),전문의약품,필름코팅정,D000739,Aceclofenac,Aceclofenac(아세클로페낙),아세클로페낙,에어팩정(아세클로페낙),20031229,200301624,[M040359]아세클로페낙,[M040359]아세클로페낙,단일,20210715,,,노인주의
20240522,흰색의 원형 필름코팅정,01140,해열.진통.소염제,(주)팜젠사이언스,전문의약품,필름코팅정,D000739,Aceclofenac,Aceclofenac(아세클로페낙),아세클로페낙,아스로펜정(아세클로페낙),20031229,200301663,[M040359]아세클로페낙,[M040359]아세클로페낙,단일,20210715,,,노인주의
20240522,흰색의 원형 필름코팅정,01140,해열.진통.소염제,광동제약(주),전문의약품,필름코팅정,D000739,Aceclofenac,Aceclofenac(아세클로페낙),아세클로페낙,에어낙정(아세클로페낙),20030421,200301922,[M040359]아세클로페낙,[M040359]아세클로페낙,단일,20210715,,,노인주의
20240522,백색의 원형 필름코팅 정제 ,01140,해열.진통.소염제,(주)씨엠지제약,전문의약품,필름코팅정,D000739,Aceclofenac,Aceclofenac(아세클로페낙),아세클로페낙,아포낙정(아세클로페낙),20031229,200301990,[M040359]아세클로페낙,[M040359]아세클로페낙,단일,20210715,,,노인주의
20240522,흰색 원형의 필름코팅정,01140,해열.진통.소염제,영풍제약(주),전문의약품,필름코팅정,D000739,Aceclofenac,Aceclofenac(아세클로페낙),아세클로페낙,크로탈정(아세클로페낙),20031024,200302009,[M040359]아세클로페낙,[M040359]아세클로페낙,단일,20210715,,,노인주의
20240522,흰색의 원형 필름코팅정제,01140,해열.진통.소염제,(주)하원제약,전문의약품,필름코팅정,D000739,Aceclofenac,Aceclofenac(아세클로페낙),아세클로페낙,아세크로정(아세클로페낙),20030619,200302053,[M040359]아세클로페낙,[M040359]아세클로페낙,단일,20210715,,,노인주의
20240522,흰색의 원형 필름코팅 정제,01140,해열.진통.소염제,(주)휴온스,전문의약품,필름코팅정,D000739,Aceclofenac,Aceclofenac(아세클로페낙),아세클로페낙,세크로정(아세클로페낙)(수출명:HUONSACENACTab.),20030428,200302141,[M040359]아세클로페낙,[M040359]아세클로페낙,단일,20210715,,,노인주의
20100303,무색 내지 미황색의 액체가 들어 있는 갈색 앰플제,01410,항히스타민제,(주)유영제약,전문의약품,용액주사제,D000895,Diphenhydramine,Diphenhydramine(디펜히드라민),디펜히드라민,디히스타주(디펜히드라민염산염)(수출용),20031009,200302200,[M222973]디펜히드라민염산염,[M222973]디펜히드라민염산염,단일,20200924,,,노인주의
20240522,백색의 원형 필름코팅정제,01140,해열.진통.소염제,알보젠코리아(주),전문의약품,필름코팅정,D000739,Aceclofenac,Aceclofenac(아세클로페낙),아세클로페낙,에어펜정(아세클로페낙),20030526,200302215,[M040359]아세클로페낙,[M040359]아세클로페낙,단일,20210715,,,노인주의
20240522,코팅된 흰색의 정제,01140,해열.진통.소염제,한림제약(주),전문의약품,필름코팅정,D000739,Aceclofenac,Aceclofenac(아세클로페낙),아세클로페낙,베오페낙정(아세클로페낙),20030526,200302313,[M040359]아세클로페낙,[M040359]아세클로페낙,단일,20210715,,,노인주의
20240522,백색의 원형 필름코팅정제,01140,해열.진통.소염제,유니메드제약(주),전문의약품,필름코팅정,D000739,Aceclofenac,Aceclofenac(아세클로페낙),아세클로페낙,유니세탈정(아세클로페낙),20030428,200302452,[M040359]아세클로페낙,[M040359]아세클로페낙,단일,20210715,,,노인주의
20240522,흰색의 원형 필름코팅 정제,01140,해열.진통.소염제,한국프라임제약(주),전문의약품,필름코팅정,D000739,Aceclofenac,Aceclofenac(아세클로페낙),아세클로페낙,아가펜정(아세클로페낙),20030925,200302642,[M040359]아세클로페낙,[M040359]아세클로페낙,단일,20210715,,,노인주의
20240522,흰색의 원형 필름코팅정,01140,해열.진통.소염제,제일약품(주),전문의약품,필름코팅정,D000739,Aceclofenac,Aceclofenac(아세클로페낙),아세클로페낙,에이펙스정(아세클로페낙),20030915,200303337,[M040359]아세클로페낙,[M040359]아세클로페낙,단일,20210715,,,노인주의
20240522,흰색의 원형 필름코팅정,01140,해열.진통.소염제,(주)메디카코리아,전문의약품,필름코팅정,D000739,Aceclofenac,Aceclofenac(아세클로페낙),아세클로페낙,페노클정(아세클로페낙),20030925,200308585,[M040359]아세클로페낙,[M040359]아세클로페낙,단일,20210715,,,노인주의
20240522,흰색의 원형 코팅 정제,01140,해열.진통.소염제,(주)한국파마,전문의약품,필름코팅정,D000739,Aceclofenac,Aceclofenac(아세클로페낙),아세클로페낙,아나클정(아세클로페낙)(수출명:파나정정),20030919,200308845,[M040359]아세클로페낙,[M040359]아세클로페낙,단일,20210715,,,노인주의
20140130,백색의 원형 필름코팅정,02590,기타의 비뇨생식기관 및 항문용약,신풍제약(주),전문의약품,필름코팅정,D001355,Propiverine,Propiverine(프로피베린),프로피베린,유로베린정(프로피베린염산염),20040728,200400014,[M255864]프로피베린염산염,[M255864]프로피베린염산염,단일,20200924,,,노인주의
20210325,백색의 원형 필름코팅정,02590,기타의 비뇨생식기관 및 항문용약,동국제약(주),전문의약품,필름코팅정,D001355,Propiverine,Propiverine(프로피베린),프로피베린,유베린정(프로피베린염산염),20041224,200400062,[M255864]프로피베린염산염,[M255864]프로피베린염산염,단일,20200924,,,노인주의
20140130,흰색의 원형 필름코팅정,02590,기타의 비뇨생식기관 및 항문용약,이연제약(주),전문의약품,필름코팅정,D001355,Propiverine,Propiverine(프로피베린),프로피베린,이연프로피베린정(프로피베린염산염),20040612,200400152,[M255864]프로피베린염산염,[M255864]프로피베린염산염,단일,20200924,,,노인주의
20240522,흰색의 원형 필름코팅 정제,01140,해열.진통.소염제,삼성제약(주),전문의약품,필름코팅정,D000739,Aceclofenac,Aceclofenac(아세클로페낙),아세클로페낙,아세크로나정(아세클로페낙),20041008,200400225,[M040359]아세클로페낙,[M040359]아세클로페낙,단일,20210715,,,노인주의
20140130,백색의 편평구형의 필름코팅정,02590,기타의 비뇨생식기관 및 항문용약,(주)대웅제약,전문의약품,필름코팅정,D001355,Propiverine,Propiverine(프로피베린),프로피베린,베아베린정(프로피베린염산염),20040906,200400478,[M255864]프로피베린염산염,[M255864]프로피베린염산염,단일,20200924,,,노인주의
20140130,냄새가 없는 흰색원형의 필름코팅정,02590,기타의 비뇨생식기관 및 항문용약,(주)바이넥스,전문의약품,필름코팅정,D001355,Propiverine,Propiverine(프로피베린),프로피베린,유로콘정(프로피베린염산염),20040219,200400580,[M255864]프로피베린염산염,[M255864]프로피베린염산염,단일,20200924,,,노인주의
20141008,흰색의 원형 필름코팅정제,02590,기타의 비뇨생식기관 및 항문용약,(주)일화,전문의약품,필름코팅정,D001355,Propiverine,Propiverine(프로피베린),프로피베린,유로픽스정(프로피베린염산염),20040903,200400799,[M255864]프로피베린염산염,[M255864]프로피베린염산염,단일,20200924,,,노인주의
20240522,백색의 원형 필름코팅 정제,01140,해열.진통.소염제,(주)한국파비스제약,전문의약품,필름코팅정,D000739,Aceclofenac,Aceclofenac(아세클로페낙),아세클로페낙,아페민정(아세클로페낙),20040930,200401008,[M040359]아세클로페낙,[M040359]아세클로페낙,단일,20210715,,,노인주의
20240522,흰색의 원형 필름코팅정제,01140,해열.진통.소염제,태극제약(주),전문의약품,필름코팅정,D000739,Aceclofenac,Aceclofenac(아세클로페낙),아세클로페낙,태극아세클로페낙정,20040503,200401110,[M040359]아세클로페낙,[M040359]아세클로페낙,단일,20210715,,,노인주의
20140422,백색의 원형 필름코팅정,02590,기타의 비뇨생식기관 및 항문용약,일양약품(주),전문의약품,필름코팅정,D001355,Propiverine,Propiverine(프로피베린),프로피베린,포베린정20mg(프로피베린염산염),20040501,200401286,[M255864]프로피베린염산염,[M255864]프로피베린염산염,단일,20200924,,,노인주의
20240522,흰색의 원형 필름코팅정제,01140,해열.진통.소염제,한국유니온제약(주),전문의약품,필름코팅정,D000739,Aceclofenac,Aceclofenac(아세클로페낙),아세클로페낙,에이텍정(아세클로페낙),20040608,200401683,[M040359]아세클로페낙/[M040359]아세클로페낙,[M040359]아세클로페낙/[M040359]아세클로페낙,단일,20210715,,,노인주의
20240522,흰색의 원형 필름코팅정제,01140,해열.진통.소염제,에이치엘비제약(주),전문의약품,필름코팅정,D000739,Aceclofenac,Aceclofenac(아세클로페낙),아세클로페낙,아세클낙정(아세클로페낙),20040924,200401926,[M040359]아세클로페낙,[M040359]아세클로페낙,단일,20210715,,,노인주의
20240522,흰색의 원형 필름코팅 정제,01140,해열.진통.소염제,오스틴제약(주),전문의약품,필름코팅정,D000739,Aceclofenac,Aceclofenac(아세클로페낙),아세클로페낙,아세탑정(아세클로페낙),20040212,200402064,[M040359]아세클로페낙,[M040359]아세클로페낙,단일,20210715,,,노인주의
20140130,냄새가 없는 흰색의 편평구형의 필름코팅정,02590,기타의 비뇨생식기관 및 항문용약,대화제약(주),전문의약품,필름코팅정,D001355,Propiverine,Propiverine(프로피베린),프로피베린,프롭정20밀리그램(프로피베린염산염),20041214,200402114,[M255864]프로피베린염산염,[M255864]프로피베린염산염,단일,20200924,,,노인주의
20240522,흰색의 원형 필름코팅정,01140,해열.진통.소염제,구주제약(주),전문의약품,필름코팅정,D000739,Aceclofenac,Aceclofenac(아세클로페낙),아세클로페낙,아세론정(아세클로페낙),20040212,200402557,[M040359]아세클로페낙,[M040359]아세클로페낙,단일,20210715,,,노인주의
20240522,흰색의 원형 필름코팅 정제,01140,해열.진통.소염제,에스케이케미칼(주),전문의약품,필름코팅정,D000739,Aceclofenac,Aceclofenac(아세클로페낙),아세클로페낙,아크로신정(아세클로페낙),20040823,200402610,[M040359]아세클로페낙,[M040359]아세클로페낙,단일,20210715,,,노인주의
20240522,흰색의 원형 필름코팅정,01140,해열.진통.소염제,위더스제약(주),전문의약품,필름코팅정,D000739,Aceclofenac,Aceclofenac(아세클로페낙),아세클로페낙,위더스페낙정(아세클로페낙),20040218,200402839,[M040359]아세클로페낙,[M040359]아세클로페낙,단일,20210715,,,노인주의
20140130,냄새가 없는 흰색의 편평구형의 필름코팅정,02590,기타의 비뇨생식기관 및 항문용약,(주)휴온스,전문의약품,필름코팅정,D001355,Propiverine,Propiverine(프로피베린),프로피베린,디트루베린정(프로피베린염산염),20040528,200403104,[M255864]프로피베린염산염,[M255864]프로피베린염산염,단일,20200924,,,노인주의
20140130,백색의 원형 필름코팅정,02590,기타의 비뇨생식기관 및 항문용약,명문제약(주),전문의약품,필름코팅정,D001355,Propiverine,Propiverine(프로피베린),프로피베린,유로나정(프로피베린염산염),20040702,200403239,[M255864]프로피베린염산염,[M255864]프로피베린염산염,단일,20200924,,,노인주의
20240522,흰색의 원형 필름코팅정,01140,해열.진통.소염제,케이엠에스제약(주),전문의약품,필름코팅정,D000739,Aceclofenac,Aceclofenac(아세클로페낙),아세클로페낙,아세클라정(아세클로페낙),20040529,200403271,[M040359]아세클로페낙/[M040359]아세클로페낙,[M040359]아세클로페낙/[M040359]아세클로페낙,단일,20210715,,,노인주의
20240522,흰색의 원형필름코팅정제,01140,해열.진통.소염제,삼익제약(주),전문의약품,필름코팅정,D000739,Aceclofenac,Aceclofenac(아세클로페낙),아세클로페낙,세클펜정(아세클로페낙)(수출명:CECLOFEN Tab.),20041026,200403465,[M040359]아세클로페낙/[M040359]아세클로페낙,[M040359]아세클로페낙/[M040359]아세클로페낙,단일,20210715,,,노인주의
20240522,흰색의 원형 필름코팅정제,01140,해열.진통.소염제,한국코러스(주),전문의약품,필름코팅정,D000739,Aceclofenac,Aceclofenac(아세클로페낙),아세클로페낙,아낙정(아세클로페낙),20040529,200403775,[M040359]아세클로페낙/[M040359]아세클로페낙,[M040359]아세클로페낙/[M040359]아세클로페낙,단일,20210715,,,노인주의
20240522,흰색의 원형 필름코팅정제,01140,해열.진통.소염제,대한뉴팜(주),전문의약품,필름코팅정,D000739,Aceclofenac,Aceclofenac(아세클로페낙),아세클로페낙,아세파인정(아세클로페낙),20040630,200403849,[M040359]아세클로페낙,[M040359]아세클로페낙,단일,20210715,,,노인주의
20240522,흰색의 원형 필림코팅 정제,01140,해열.진통.소염제,(주)넥스팜코리아,전문의약품,필름코팅정,D000739,Aceclofenac,Aceclofenac(아세클로페낙),아세클로페낙,아스낙정(아세클로페낙),20040511,200404216,[M040359]아세클로페낙,[M040359]아세클로페낙,단일,20210715,,,노인주의
20240522,흰색의 원형 필름코팅 정제,01140,해열.진통.소염제,성원애드콕제약(주),전문의약품,필름코팅정,D000739,Aceclofenac,Aceclofenac(아세클로페낙),아세클로페낙,아세날정(아세클로페낙),20041007,200404606,[M040359]아세클로페낙,[M040359]아세클로페낙,단일,20210715,,,노인주의
20240522,흰색의 원형 코팅 정제,01140,해열.진통.소염제,주식회사제뉴원사이언스,전문의약품,필름코팅정,D000739,Aceclofenac,Aceclofenac(아세클로페낙),아세클로페낙,카나펜정(아세클로페낙),20040218,200404711,[M040359]아세클로페낙,[M040359]아세클로페낙,단일,20210715,,,노인주의
20200525,흰색 내지 미황색의 분말이 충진된 상하 황색줄이 있는 흰색의 캡슐제,01140,해열.진통.소염제,비아트리스코리아(주),전문의약품,"경질캡슐제, 산제",D000138,Celecoxib,Celecoxib(세레콕시브),세레콕시브,쎄레브렉스캡슐200밀리그램(세레콕시브),20060911,200409930,[M089149]세레콕시브,[M089149]세레콕시브,단일,20210715,,,노인주의
20171117,흰색의 원형 필름코팅 정제,02590,기타의 비뇨생식기관 및 항문용약,알보젠코리아(주),전문의약품,필름코팅정,D001355,Propiverine,Propiverine(프로피베린),프로피베린,프로시톨정(프로피베린염산염),20040501,200410941,[M255864]프로피베린염산염,[M255864]프로피베린염산염,단일,20200924,,,노인주의
20240522,흰색의 원형 필름코팅 정제,01140,해열.진통.소염제,(주)테라젠이텍스,전문의약품,필름코팅정,D000739,Aceclofenac,Aceclofenac(아세클로페낙),아세클로페낙,아클펜정(아세클로페낙),20040218,200410951,[M040359]아세클로페낙,[M040359]아세클로페낙,단일,20210715,,,노인주의
20240522,흰색의 원형 필름코팅정,01140,해열.진통.소염제,신일제약(주),전문의약품,필름코팅정,D000739,Aceclofenac,Aceclofenac(아세클로페낙),아세클로페낙,에이낙정(아세클로페낙),20040914,200410954,[M040359]아세클로페낙,[M040359]아세클로페낙,단일,20210715,,,노인주의
20240522,흰색의 원형 필름코팅정,01140,해열.진통.소염제,(주)한국피엠지제약,전문의약품,필름코팅정,D000739,Aceclofenac,Aceclofenac(아세클로페낙),아세클로페낙,아세민정(아세클로페낙),20040804,200411098,[M040359]아세클로페낙,[M040359]아세클로페낙,단일,20210715,,,노인주의
20140130,냄새가 없는 흰색원형의 필름코팅정,02590,기타의 비뇨생식기관 및 항문용약,한올바이오파마(주),전문의약품,필름코팅정,D001355,Propiverine,Propiverine(프로피베린),프로피베린,프로베린정(프로피베린염산염),20050228,200500473,[M255864]프로피베린염산염,[M255864]프로피베린염산염,단일,20200924,,,노인주의
20240522,흰색의 원형 필름코팅정,01140,해열.진통.소염제,(주)마더스제약,전문의약품,필름코팅정,D000739,Aceclofenac,Aceclofenac(아세클로페낙),아세클로페낙,아페락정(아세클로페낙),20050530,200500652,[M040359]아세클로페낙,[M040359]아세클로페낙,단일,20210715,,,노인주의
20170112,백색의 원형 정제,01240,진경제,동화약품(주),전문의약품,나정,D001357,Cimetropium,Cimetropium(시메트로퓸),시메트로퓸,알피움정(시메트로퓸브롬화물),20050526,200500776,[M257165]시메트로퓸브롬화물,[M257165]시메트로퓸브롬화물,단일,20200924,,,노인주의
20201230,흰색의 원형 필름코팅정,02590,기타의 비뇨생식기관 및 항문용약,대웅바이오(주),전문의약품,필름코팅정,D001355,Propiverine,Propiverine(프로피베린),프로피베린,대웅바이오프로피베린정20밀리그램(프로피베린염산염),20051123,200501390,[M255864]프로피베린염산염,[M255864]프로피베린염산염,단일,20200924,,,노인주의
20191018,유백색의 과립이 든 상하부 청색의 캡슐,02590,기타의 비뇨생식기관 및 항문용약,한국유나이티드제약(주),전문의약품,"서방성캡슐제, 펠렛",D001234,Tolterodine,Tolterodine(톨터로딘),톨터로딘,디트로딘에스알캡슐4밀리그램(톨터로딘-L-타르타르산염),20050726,200501635,[M256407]톨터로딘-L-타르타르산염,[M256407]톨터로딘-L-타르타르산염,단일,20200924,,,노인주의
20160615,흰색의 원형 필름코팅정,02590,기타의 비뇨생식기관 및 항문용약,오스틴제약(주),전문의약품,필름코팅정,D001355,Propiverine,Propiverine(프로피베린),프로피베린,프로베정(프로피베린염산염),20051007,200501794,[M255864]프로피베린염산염,[M255864]프로피베린염산염,단일,20200924,,,노인주의
20191031,흰색의 양면이 볼록한 원형 필름코팅정제,02590,기타의 비뇨생식기관 및 항문용약,경동제약(주),전문의약품,필름코팅정,D001234,Tolterodine,Tolterodine(톨터로딘),톨터로딘,텔로딘정(톨터로딘-L-타르타르산염),20051118,200501981,[M256407]톨터로딘-L-타르타르산염,[M256407]톨터로딘-L-타르타르산염,단일,20200924,,,노인주의
20190828,흰색의 편평구형의 필름코팅정,02590,기타의 비뇨생식기관 및 항문용약,제이더블유신약(주),전문의약품,필름코팅정,D001355,Propiverine,Propiverine(프로피베린),프로피베린,큐어베린정(프로피베린염산염),20051116,200502218,[M255864]프로피베린염산염,[M255864]프로피베린염산염,단일,20200924,,,노인주의
20240522,흰색의 원형필름코팅정제,01140,해열.진통.소염제,(주)킵스바이오파마,전문의약품,필름코팅정,D000739,Aceclofenac,Aceclofenac(아세클로페낙),아세클로페낙,아스로정(아세클로페낙),20050125,200503719,[M040359]아세클로페낙,[M040359]아세클로페낙,단일,20210715,,,노인주의
20240522,흰색의 원형 필름코팅 정제 ,01140,해열.진통.소염제,일양바이오팜(주),전문의약품,필름코팅정,D000739,Aceclofenac,Aceclofenac(아세클로페낙),아세클로페낙,일양바이오아세클로페낙정,20051230,200503788,[M040359]아세클로페낙,[M040359]아세클로페낙,단일,20210715,,,노인주의
20240522,흰색의 원형 코팅 정제,01140,해열.진통.소염제,주식회사 노바엠헬스케어,전문의약품,필름코팅정,D000739,Aceclofenac,Aceclofenac(아세클로페낙),아세클로페낙,아세크정(아세클로페낙),20060105,200600818,[M040359]아세클로페낙,[M040359]아세클로페낙,단일,20210715,,,노인주의
20200525,흰색 내지 회백색의 분말이 충진된 상하 푸른색 줄이 있는 흰색의 캡슐제,01140,해열.진통.소염제,비아트리스코리아(주),전문의약품,"경질캡슐제, 산제",D000138,Celecoxib,Celecoxib(세레콕시브),세레콕시브,쎄레브렉스캡슐100밀리그램(세레콕시브),20060911,200603815,[M089149]세레콕시브,[M089149]세레콕시브,단일,20210715,,,노인주의
20201016,무색투명한 용액이 들어 있는 갈색병이다.,01170,정신신경용제,한국유씨비제약(주),전문의약품,액상시럽제,D000114,Hydroxyzine,Hydroxyzine(히드록시진),히드록시진,유시락스시럽(히드록시진염산염),20060525,200605269,[M223358]히드록시진염산염,[M223358]히드록시진염산염,단일,20200924,,,노인주의
20191126,흰색원형의 필름코팅정,02590,기타의 비뇨생식기관 및 항문용약,현대약품(주),전문의약품,서방성필름코팅정,D001234,Tolterodine,Tolterodine(톨터로딘),톨터로딘,유로큐서방정4밀리그램(톨터로딘-L-타르타르산염),20060614,200608248,[M256407]톨터로딘-L-타르타르산염,[M256407]톨터로딘-L-타르타르산염,단일,20200924,,,노인주의
20210325,밝은 분홍색의 원형 필름코팅정,02590,기타의 비뇨생식기관 및 항문용약,한국아스텔라스제약(주),전문의약품,필름코팅정,D000730,Solifenacin succinate,Solifenacin succinate(솔리페나신숙신산염),솔리페나신숙신산염,베시케어정10밀리그램(솔리페나신숙신산염),20070330,200703673,[M259862]솔리페나신숙신산염,[M259862]솔리페나신숙신산염,단일,20200924,,,노인주의
20210323,밝은 노란색의 원형 필름코팅정,02590,기타의 비뇨생식기관 및 항문용약,한국아스텔라스제약(주),전문의약품,필름코팅정,D000730,Solifenacin succinate,Solifenacin succinate(솔리페나신숙신산염),솔리페나신숙신산염,베시케어정5밀리그램(솔리페나신숙신산염),20070330,200703674,[M259862]솔리페나신숙신산염,[M259862]솔리페나신숙신산염,단일,20200924,,,노인주의
20080926,백색의 원형 당의정,01240,진경제,알파제약(주),일반의약품,당의정,D000999,Scopolamine,Scopolamine(스코폴라민),스코폴라민,알파부틸스코폴라민브롬화물정(수출용),20070511,200705419,[M223057]부틸스코폴라민브롬화물,[M223057]부틸스코폴라민브롬화물,단일,20200924,,,노인주의
20240522,흰색의 원형 필름코팅정,01140,해열.진통.소염제,환인제약(주),전문의약품,필름코팅정,D000739,Aceclofenac,Aceclofenac(아세클로페낙),아세클로페낙,아펜탁정(아세클로페낙),20080225,200802182,[M040359]아세클로페낙,[M040359]아세클로페낙,단일,20210715,,,노인주의
20200224,유백색의 과립이 든 상하부청색-녹색의 캡슐,02590,기타의 비뇨생식기관 및 항문용약,한국유나이티드제약(주),전문의약품,"서방성캡슐제, 펠렛",D001234,Tolterodine,Tolterodine(톨터로딘),톨터로딘,디트로딘에스알캡슐2밀리그램(톨터로딘-L-타르타르산염),20080321,200803187,[M256407]톨터로딘-L-타르타르산염,[M256407]톨터로딘-L-타르타르산염,단일,20200924,,,노인주의
20101119,흰색 원형 필름코팅정,01120,최면진정제,한미약품(주),일반의약품,필름코팅정,D000895,Diphenhydramine,Diphenhydramine(디펜히드라민),디펜히드라민,슬리펠정25밀리그램(디펜히드라민염산염),20080701,200807310,[M222973]디펜히드라민염산염,[M222973]디펜히드라민염산염,단일,20200924,,,노인주의
20110725,무색 내지 연한 청록색의 투명한 액상의 내용물을 함유한 연청록색의 볼록한 타원형 연질캡슐,01120,최면진정제,(주)알피바이오,일반의약품,"연질캡슐제, 액상",D000895,Diphenhydramine,Diphenhydramine(디펜히드라민),디펜히드라민,디펙타민연질캡슐(디펜히드라민염산염),20080717,200807882,[M222973]디펜히드라민염산염,[M222973]디펜히드라민염산염,단일,20200924,,,노인주의
20200324,흰색의 장방형 필름코팅정제,01120,최면진정제,고려제약(주),일반의약품,필름코팅정,D000895,Diphenhydramine,Diphenhydramine(디펜히드라민),디펜히드라민,단자민정(디펜히드라민염산염),20080723,200808028,[M222973]디펜히드라민염산염,[M222973]디펜히드라민염산염,단일,20200924,,,노인주의
20111212,수출용 1. 파란색의 원형필름코팅정수출용2.핑크색의 원형필름코팅정,01120,최면진정제,(주)테라젠이텍스,일반의약품,필름코팅정,D000895,Diphenhydramine,Diphenhydramine(디펜히드라민),디펜히드라민,이텍스디펜히드라민염산염정25mg(수출용),20080814,200808704,[M222973]디펜히드라민염산염/[M222973]디펜히드라민염산염,[M222973]디펜히드라민염산염/[M222973]디펜히드라민염산염,단일,20200924,,,노인주의
20201029,엷은 파란색의 양면이 볼록한 타원형 필름코팅정,02590,기타의 비뇨생식기관 및 항문용약,한국화이자제약(주),전문의약품,서방성필름코팅정,D000512,Fesoterodine,Fesoterodine(페소테로딘),페소테로딘,토비애즈서방정4밀리그람(페소테로딘푸마르산염),20081002,200810113,[M242751]페소테로딘푸마르산염,[M242751]페소테로딘푸마르산염,단일,20200924,,,노인주의
20201029,파란색의 양면이 볼록한 타원형 필름코팅정,02590,기타의 비뇨생식기관 및 항문용약,한국화이자제약(주),전문의약품,서방성필름코팅정,D000512,Fesoterodine,Fesoterodine(페소테로딘),페소테로딘,토비애즈서방정8밀리그람(페소테로딘푸마르산염),20081002,200810114,[M242751]페소테로딘푸마르산염,[M242751]페소테로딘푸마르산염,단일,20200924,,,노인주의
20191120,담적색-담적갈색 혹은 담적자색의 필름코팅정,02550,비뇨생식기관용제(성병예방제포함),(주)엘지화학,전문의약품,필름코팅정,D000047,Imidafenacin,Imidafenacin(이미다페나신),이미다페나신,유리토스정(이미다페나신),20081231,200812014,[M245357]이미다페나신,[M245357]이미다페나신,단일,20200924,,,노인주의
20181029,흰색의 원형 당의정,01240,진경제,오펠라헬스케어코리아(주),일반의약품,당의정,D000999,Scopolamine,Scopolamine(스코폴라민),스코폴라민,부스코판당의정(부틸스코폴라민브롬화물),20090210,200901181,[M223057]부틸스코폴라민브롬화물,[M223057]부틸스코폴라민브롬화물,단일,20200924,,,노인주의
20090831,청색의 원형정제,01230,자율신경제,(주)유영제약,전문의약품,나정,D000044,Oxybutynin,Oxybutynin(옥시부티닌),옥시부티닌,유로티닌정(옥시부티닌염산염)(수출용),20090416,200902710,[M246163]옥시부티닌염산염,[M246163]옥시부티닌염산염,단일,20200924,,,노인주의
20111014,무색 내지 연한 청록색의 투명한 액상의 내용물을 함유한 연청록색의 볼록한 타원형 연질캡슐,01120,최면진정제,한솔신약(주),일반의약품,"연질캡슐제, 액상",D000895,Diphenhydramine,Diphenhydramine(디펜히드라민),디펜히드라민,제로민연질캡슐(디펜히드라민염산염),20090519,200903392,[M222973]디펜히드라민염산염,[M222973]디펜히드라민염산염,단일,20200924,,,노인주의
20121206,무색 내지 연한 청록색의 투명한 액상의 내용물을 함유한 연청록색의 볼록한 타원형 연질캡슐,01120,최면진정제,(주)녹십자,일반의약품,"연질캡슐제, 액상",D000895,Diphenhydramine,Diphenhydramine(디펜히드라민),디펜히드라민,쿨드림연질캡슐(디펜히드라민염산염),20090527,200903737,[M222973]디펜히드라민염산염,[M222973]디펜히드라민염산염,단일,20200924,,,노인주의
20250415,흰색의 장용피 구형입자가 든 상하 주황색의 투명한 경질캡슐제,02190,기타의 순환계용약,(주)보령바이오파마,일반의약품,"장용성캡슐제, 펠렛",D000452,Aspirin,Aspirin(아스피린),아스피린,보령바이오아스트릭스캡슐100밀리그램(아스피린장용과립),20090821,200906484,[M081776]아스피린장용과립,[M081776]아스피린장용과립,단일,20210715,,,노인주의
20240522,흰색의 장방형 서방성 필름코팅정,01140,해열.진통.소염제,한국유나이티드제약(주),전문의약품,서방성필름코팅정,D000739,Aceclofenac,Aceclofenac(아세클로페낙),아세클로페낙,클란자CR정(아세클로페낙),20100414,201002745,[M040359]아세클로페낙/[M040359]아세클로페낙/[M040359]아세클로페낙/[M040359]아세클로페낙,[M040359]아세클로페낙/[M040359]아세클로페낙/[M040359]아세클로페낙/[M040359]아세클로페낙,단일,20210715,,,노인주의
20200519,"흰색 내지 연한 노란색의 분말이 충전된 상부 노란색, 하부 흰색의 캡슐제",01140,해열.진통.소염제,한미약품(주),전문의약품,"경질캡슐제, 산제",D000138,Celecoxib,Celecoxib(세레콕시브),세레콕시브,콕시브캡슐200밀리그램(세레콕시브),20100819,201005080,[M089149]세레콕시브,[M089149]세레콕시브,단일,20210715,,,노인주의
20200210,흰색 또는 미황색의 가루가 든 상하 황색줄이 있는 흰색의 경질캡슐제,01140,해열.진통.소염제,(주)종근당,전문의약품,"경질캡슐제, 산제",D000138,Celecoxib,Celecoxib(세레콕시브),세레콕시브,콕스비토캡슐200밀리그램(세레콕시브),20101110,201006790,[M089149]세레콕시브,[M089149]세레콕시브,단일,20210715,,,노인주의
20191231,흰색 내지 미황색의 분말이 충전된 상하 황색줄이 있는 흰색의 경질 캡슐제,01140,해열.진통.소염제,삼진제약(주),전문의약품,"경질캡슐제, 산제",D000138,Celecoxib,Celecoxib(세레콕시브),세레콕시브,크리콕스캡슐200밀리그램(세레콕시브),20110125,201100380,[M089149]세레콕시브,[M089149]세레콕시브,단일,20210715,,,노인주의
20180205,흰색 내지 연노랑색의 분말이 충진된 상하 황색줄이 있는 흰색의 캡슐제,01140,해열.진통.소염제,대원제약(주),전문의약품,"경질캡슐제, 산제",D000138,Celecoxib,Celecoxib(세레콕시브),세레콕시브,엔쎄콕캡슐200mg(세레콕시브),20110125,201100381,[M089149]세레콕시브,[M089149]세레콕시브,단일,20210715,,,노인주의
20210426,흰색의 원형 필름코팅정,02590,기타의 비뇨생식기관 및 항문용약,하나제약(주),전문의약품,필름코팅정,D001355,Propiverine,Propiverine(프로피베린),프로피베린,비프로정20밀리그램(프로피베린염산염),20120320,201201690,[M255864]프로피베린염산염,[M255864]프로피베린염산염,단일,20200924,,,노인주의
20250415,흰색의 원형 장용성 필름코팅정,02190,기타의 순환계용약,(주)테라젠이텍스,일반의약품,장용성필름코팅정,D000452,Aspirin,Aspirin(아스피린),아스피린,이텍스아스피린장용정100mg(아스피린),20120829,201206625,[M040355]아스피린,[M040355]아스피린,단일,20210715,,,노인주의
20240522,흰색의 양면이 볼록한 장방형 필름코팅정,01140,해열.진통.소염제,안국약품(주),전문의약품,필름코팅정,D000739,Aceclofenac,Aceclofenac(아세클로페낙),아세클로페낙,아세페낙CR정(아세클로페낙),20120904,201206685,[M040359]아세클로페낙/[M040359]아세클로페낙,[M040359]아세클로페낙/[M040359]아세클로페낙,단일,20210715,,,노인주의
20250415,흰색의 원형 장용성 필름코팅정,02190,기타의 순환계용약,(주)경보제약,일반의약품,장용성필름코팅정,D000452,Aspirin,Aspirin(아스피린),아스피린,경보아스피린장용정,20120917,201206820,[M040355]아스피린,[M040355]아스피린,단일,20210715,,,노인주의
20240522,흰색의 양면이 볼록한 장방형 필름코팅정,01140,해열.진통.소염제,한림제약(주),전문의약품,필름코팅정,D000739,Aceclofenac,Aceclofenac(아세클로페낙),아세클로페낙,베오페낙CR정(아세클로페낙),20120924,201206908,[M040359]아세클로페낙/[M040359]아세클로페낙,[M040359]아세클로페낙/[M040359]아세클로페낙,단일,20210715,,,노인주의
20140130,흰색 원형의 필름코팅정제,02590,기타의 비뇨생식기관 및 항문용약,(주)킵스바이오파마,전문의약품,필름코팅정,D001355,Propiverine,Propiverine(프로피베린),프로피베린,글로베린정(프로피베린염산염),20120927,201206980,[M255864]프로피베린염산염,[M255864]프로피베린염산염,단일,20200924,,,노인주의
20250415,흰색의 원형 장용성 필름코팅정,02190,기타의 순환계용약,아주약품(주),일반의약품,장용성필름코팅정,D000452,Aspirin,Aspirin(아스피린),아스피린,아나피린장용정100밀리그램(아스피린),20121024,201207417,[M040355]아스피린,[M040355]아스피린,단일,20210715,,,노인주의
20240522,흰색의 원형 필름코팅정,01140,해열.진통.소염제,삼진제약(주),전문의약품,필름코팅정,D000739,Aceclofenac,Aceclofenac(아세클로페낙),아세클로페낙,크리페낙정(아세클로페낙),20121029,201207492,[M040359]아세클로페낙,[M040359]아세클로페낙,단일,20210715,,,노인주의
20250415,흰색의 원형 장용성 필름코팅정,02190,기타의 순환계용약,성원애드콕제약(주),일반의약품,장용성필름코팅정,D000452,Aspirin,Aspirin(아스피린),아스피린,아스테린정(아스피린),20121115,201208281,[M040355]아스피린,[M040355]아스피린,단일,20210715,,,노인주의
20240522,흰색의 원형 필름코팅정,01140,해열.진통.소염제,영진약품(주),전문의약품,필름코팅정,D000739,Aceclofenac,Aceclofenac(아세클로페낙),아세클로페낙,엔페낙정(아세클로페낙),20121120,201208480,[M040359]아세클로페낙,[M040359]아세클로페낙,단일,20210715,,,노인주의
20240522,흰색의 양면이 볼록한 장방형 필름코팅정,01140,해열.진통.소염제,오스틴제약(주),전문의약품,필름코팅정,D000739,Aceclofenac,Aceclofenac(아세클로페낙),아세클로페낙,아세탑CR정(아세클로페낙),20121127,201208743,[M040359]아세클로페낙/[M040359]아세클로페낙,[M040359]아세클로페낙/[M040359]아세클로페낙,단일,20210715,,,노인주의
20240522,흰색의 양면이 볼록한 장방형 필름코팅정,01140,해열.진통.소염제,국제약품(주),전문의약품,필름코팅정,D000739,Aceclofenac,Aceclofenac(아세클로페낙),아세클로페낙,아로펜CR정(아세클로페낙),20121130,201209009,[M040359]아세클로페낙/[M040359]아세클로페낙,[M040359]아세클로페낙/[M040359]아세클로페낙,단일,20210715,,,노인주의
20240522,흰색의 원형 필름코팅정제,01140,해열.진통.소염제,영일제약(주),전문의약품,필름코팅정,D000739,Aceclofenac,Aceclofenac(아세클로페낙),아세클로페낙,알로페낙정(아세클로페낙),20121218,201210154,[M040359]아세클로페낙,[M040359]아세클로페낙,단일,20210715,,,노인주의
20250415,흰색의 원형 장용성 필름코팅정,02190,기타의 순환계용약,(주)파마킹,일반의약품,장용성필름코팅정,D000452,Aspirin,Aspirin(아스피린),아스피린,에이에스피장용정100mg(아스피린),20121224,201210591,[M040355]아스피린,[M040355]아스피린,단일,20210715,,,노인주의
20250415,흰색의 원형 장용코팅정,02190,기타의 순환계용약,삼익제약(주),일반의약품,장용성필름코팅정,D000452,Aspirin,Aspirin(아스피린),아스피린,삼익아스피린장용정,20121231,201211564,[M040355]아스피린,[M040355]아스피린,단일,20210715,,,노인주의
20240522,흰색의 원형 필름코팅정제,01140,해열.진통.소염제,미래바이오제약(주),전문의약품,필름코팅정,D000739,Aceclofenac,Aceclofenac(아세클로페낙),아세클로페낙,아덴만정(아세클로페낙),20130102,201300017,[M040359]아세클로페낙,[M040359]아세클로페낙,단일,20210715,,,노인주의
20250415,흰색의 원형 장용성 필름코팅정,02190,기타의 순환계용약,(주)동구바이오제약,일반의약품,장용성필름코팅정,D000452,Aspirin,Aspirin(아스피린),아스피린,아스텍트정(아스피린),20130104,201300051,[M040355]아스피린,[M040355]아스피린,단일,20210715,,,노인주의
20250415,흰색의 원형 장용성 필름코팅정,02190,기타의 순환계용약,한국유니온제약(주),일반의약품,장용성필름코팅정,D000452,Aspirin,Aspirin(아스피린),아스피린,유니온아스피린장용정,20130115,201301377,[M040355]아스피린,[M040355]아스피린,단일,20210715,,,노인주의
20240522,흰색의 원형 필름코팅정,01140,해열.진통.소염제,(주)휴온스생명과학,전문의약품,필름코팅정,D000739,Aceclofenac,Aceclofenac(아세클로페낙),아세클로페낙,케페낙정100밀리그램(아세클로페낙),20130117,201301586,[M040359]아세클로페낙,[M040359]아세클로페낙,단일,20210715,,,노인주의
20250415,흰색의 원형 장용성 필름코팅정,02190,기타의 순환계용약,한국프라임제약(주),일반의약품,장용성필름코팅정,D000452,Aspirin,Aspirin(아스피린),아스피린,프라임아스피린장용정100밀리그램,20130121,201301656,[M040355]아스피린,[M040355]아스피린,단일,20210715,,,노인주의
20250415,흰색의 원형 장용성 필름코팅정,02190,기타의 순환계용약,익수제약(주),일반의약품,장용성필름코팅정,D000452,Aspirin,Aspirin(아스피린),아스피린,아스필장용정(아스피린100밀리그람),20130308,201306112,[M040355]아스피린,[M040355]아스피린,단일,20210715,,,노인주의
20250415,흰색의 원형 장용성 필름코팅정,02190,기타의 순환계용약,(주)바이넥스,일반의약품,장용성필름코팅정,D000452,Aspirin,Aspirin(아스피린),아스피린,아스피바장용정(아스피린),20130319,201306277,[M040355]아스피린,[M040355]아스피린,단일,20210715,,,노인주의
20240522,흰색의 원형 필름코팅정,01140,해열.진통.소염제,한국휴텍스제약(주),전문의약품,필름코팅정,D000739,Aceclofenac,Aceclofenac(아세클로페낙),아세클로페낙,에어클란정(아세클로페낙),20130322,201306393,[M040359]아세클로페낙,[M040359]아세클로페낙,단일,20210715,,,노인주의
20240522,흰색의 원형 필름코팅정,01140,해열.진통.소염제,(주)유영제약,전문의약품,필름코팅정,D000739,Aceclofenac,Aceclofenac(아세클로페낙),아세클로페낙,아로낙정(아세클로페낙),20130322,201306452,[M040359]아세클로페낙,[M040359]아세클로페낙,단일,20210715,,,노인주의
20250415,흰색의 원형 장용성 필름코팅정,02190,기타의 순환계용약,알리코제약(주),일반의약품,장용성필름코팅정,D000452,Aspirin,Aspirin(아스피린),아스피린,린아스장용정(아스피린),20130423,201307061,[M040355]아스피린,[M040355]아스피린,단일,20210715,,,노인주의
20240522,흰색의 원형 필름코팅정제,01140,해열.진통.소염제,풍림무약(주),전문의약품,필름코팅정,D000739,Aceclofenac,Aceclofenac(아세클로페낙),아세클로페낙,아세롬정100밀리그램(아세클로페낙),20130507,201307230,[M040359]아세클로페낙,[M040359]아세클로페낙,단일,20210715,,,노인주의
20250415,흰색의 원형 장용성 필름코팅정,02190,기타의 순환계용약,(주)한국파비스제약,일반의약품,장용성필름코팅정,D000452,Aspirin,Aspirin(아스피린),아스피린,에이스린장용정(아스피린),20130628,201307928,[M040355]아스피린,[M040355]아스피린,단일,20210715,,,노인주의
20250415,흰색의 원형 장용성 필름코팅정,02190,기타의 순환계용약,(주)일화,일반의약품,장용성필름코팅정,D000452,Aspirin,Aspirin(아스피린),아스피린,아스피드정(아스피린),20130729,201308448,[M040355]아스피린,[M040355]아스피린,단일,20210715,,,노인주의
20150429,냄새가 없는 흰색의 편평구형의 필름코팅정,02590,기타의 비뇨생식기관 및 항문용약,(주)동구바이오제약,전문의약품,필름코팅정,D001355,Propiverine,Propiverine(프로피베린),프로피베린,유로프로정(프로피베린염산염),20130821,201308921,[M255864]프로피베린염산염,[M255864]프로피베린염산염,단일,20200924,,,노인주의
20250415,흰색의 원형 장용성 필름코팅정,02190,기타의 순환계용약,(주)하원제약,일반의약품,장용성필름코팅정,D000452,Aspirin,Aspirin(아스피린),아스피린,하원아스피린장용정100mg,20130821,201308924,[M040355]아스피린,[M040355]아스피린,단일,20210715,,,노인주의
20250415,흰색의 원형 장용성 필름코팅정,02190,기타의 순환계용약,경동제약(주),일반의약품,장용성필름코팅정,D000452,Aspirin,Aspirin(아스피린),아스피린,경동아스피린장용정,20130830,201309112,[M040355]아스피린,[M040355]아스피린,단일,20210715,,,노인주의
20240522,흰색의 원형 필름코팅정,01140,해열.진통.소염제,(주)화이트생명과학,전문의약품,필름코팅정,D000739,Aceclofenac,Aceclofenac(아세클로페낙),아세클로페낙,아세로낙정(아세클로페낙),20130930,201309497,[M040359]아세클로페낙,[M040359]아세클로페낙,단일,20210715,,,노인주의
20240522,흰색의 원형 필름코팅정,01140,해열.진통.소염제,화일약품(주),전문의약품,필름코팅정,D000739,Aceclofenac,Aceclofenac(아세클로페낙),아세클로페낙,에클로펜정(아세클로페낙),20130930,201309500,[M040359]아세클로페낙,[M040359]아세클로페낙,단일,20210715,,,노인주의
20250811,청색의 원형 필름코팅정,01170,정신신경용제,환인제약(주),전문의약품,필름코팅정,D000809,Amitriptyline,Amitriptyline(아미트리프틸린),아미트리프틸린,에나폰정5밀리그램(아미트리프틸린염산염),20131029,201309959,[M223101]아미트리프틸린염산염,[M223101]아미트리프틸린염산염,단일,20150728,"노인에서의 삼환계 항우울제 사용은 기립성 저혈압, 비틀거림, 항콜린작용에 의한 구갈, 배뇨곤란, 변비, 안내압항진 등이 나타나기 쉬움으로 소량으로 신중투여",,노인주의
20240522,흰색의 원형 코팅 정제,01140,해열.진통.소염제,현대약품(주),전문의약품,필름코팅정,D000739,Aceclofenac,Aceclofenac(아세클로페낙),아세클로페낙,현대아세클로페낙정,20131112,201310102,[M040359]아세클로페낙,[M040359]아세클로페낙,단일,20210715,,,노인주의
20250415,흰색의 원형 장용성 필름코팅정,02190,기타의 순환계용약,영일제약(주),일반의약품,장용성필름코팅정,D000452,Aspirin,Aspirin(아스피린),아스피린,영일아스피린장용정100mg(아스피린),20131114,201310133,[M040355]아스피린,[M040355]아스피린,단일,20210715,,,노인주의
20250415,흰색의 원형 장용성 필름코팅정,02190,기타의 순환계용약,명문제약(주),일반의약품,장용성필름코팅정,D000452,Aspirin,Aspirin(아스피린),아스피린,명문아스피린장용정100mg,20131120,201310207,[M040355]아스피린/[M040355]아스피린,[M040355]아스피린/[M040355]아스피린,단일,20210715,,,노인주의
20250415,흰색의 원형 장용성 필름코팅정,02190,기타의 순환계용약,(주)넥스팜코리아,일반의약품,장용성필름코팅정,D000452,Aspirin,Aspirin(아스피린),아스피린,넥스핀장용정100mg(아스피린),20131128,201310349,[M040355]아스피린,[M040355]아스피린,단일,20210715,,,노인주의
20250415,흰색의 원형 장용성 필름코팅정,02190,기타의 순환계용약,조아제약(주),일반의약품,장용성필름코팅정,D000452,Aspirin,Aspirin(아스피린),아스피린,바소피린장용정(아스피린),20131209,201310592,[M040355]아스피린,[M040355]아스피린,단일,20210715,,,노인주의
20250415,흰색의 원형 장용성 필름코팅정,02190,기타의 순환계용약,(주)유한양행,일반의약품,장용성필름코팅정,D000452,Aspirin,Aspirin(아스피린),아스피린,유한아스피린장용정(아스피린),20140123,201400318,[M040355]아스피린,[M040355]아스피린,단일,20210715,,,노인주의
20250415,흰색의 원형 장용성 필름코팅정,02190,기타의 순환계용약,(주)유영제약,일반의약품,장용성필름코팅정,D000452,Aspirin,Aspirin(아스피린),아스피린,유영아스피린장용정100mg,20140204,201400493,[M040355]아스피린,[M040355]아스피린,단일,20210715,,,노인주의
20240522,흰색의 원형 필름코팅 정제,01140,해열.진통.소염제,고려제약(주),전문의약품,필름코팅정,D000739,Aceclofenac,Aceclofenac(아세클로페낙),아세클로페낙,류마크로정(아세클로페낙),20140205,201400500,[M040359]아세클로페낙,[M040359]아세클로페낙,단일,20210715,,,노인주의
20250415,흰색의 원형 장용성 필름코팅정,02190,기타의 순환계용약,(주)씨엠지제약,일반의약품,장용성필름코팅정,D000452,Aspirin,Aspirin(아스피린),아스피린,씨엠지아스피린장용정100mg,20140331,201401484,[M040355]아스피린,[M040355]아스피린,단일,20210715,,,노인주의
20240522,흰색의 원형 필름코팅정,01140,해열.진통.소염제,동성제약(주),전문의약품,필름코팅정,D000739,Aceclofenac,Aceclofenac(아세클로페낙),아세클로페낙,동성아세클로페낙정,20140331,201401490,[M040359]아세클로페낙,[M040359]아세클로페낙,단일,20210715,,,노인주의
20240522,흰색의 원형 필름코팅제,01140,해열.진통.소염제,대화제약(주),전문의약품,필름코팅정,D000739,Aceclofenac,Aceclofenac(아세클로페낙),아세클로페낙,아세틸론정(아세클로페낙),20140509,201402186,[M040359]아세클로페낙,[M040359]아세클로페낙,단일,20210715,,,노인주의
20250415,흰색의 원형 장용성 필름코팅정,02190,기타의 순환계용약,삼진제약(주),일반의약품,장용성필름코팅정,D000452,Aspirin,Aspirin(아스피린),아스피린,삼진아스피린장용정,20140616,201402678,[M040355]아스피린,[M040355]아스피린,단일,20210715,,,노인주의
20250415,흰색의 원형 장용성 필름코팅정,02190,기타의 순환계용약,(주)킵스바이오파마,일반의약품,장용성필름코팅정,D000452,Aspirin,Aspirin(아스피린),아스피린,글로아스피린장용정100mg(아스피린),20140703,201402959,[M040355]아스피린,[M040355]아스피린,단일,20210715,,,노인주의
20200630,밝은 분홍색 원형 필름코팅정제,02590,기타의 비뇨생식기관 및 항문용약,위더스제약(주),전문의약품,필름코팅정,D000730,Solifenacin succinate,Solifenacin succinate(솔리페나신숙신산염),솔리페나신숙신산염,솔리신정10mg(솔리페나신숙신산염),20140710,201403051,[M259862]솔리페나신숙신산염,[M259862]솔리페나신숙신산염,단일,20200924,,,노인주의
20240522,흰색의 원형 코팅 정제,01140,해열.진통.소염제,(주)경보제약,전문의약품,필름코팅정,D000739,Aceclofenac,Aceclofenac(아세클로페낙),아세클로페낙,엔클로페낙정(아세클로페낙),20140718,201403245,[M040359]아세클로페낙,[M040359]아세클로페낙,단일,20210715,,,노인주의
20240522,흰색의 원형 필름코팅정제,01140,해열.진통.소염제,(주)이든파마,전문의약품,필름코팅정,D000739,Aceclofenac,Aceclofenac(아세클로페낙),아세클로페낙,아펜정(아세클로페낙),20140827,201403998,[M040359]아세클로페낙,[M040359]아세클로페낙,단일,20210715,,,노인주의
20240522,흰색의 원형 필름코팅정제,01140,해열.진통.소염제,메딕스제약(주),전문의약품,필름코팅정,D000739,Aceclofenac,Aceclofenac(아세클로페낙),아세클로페낙,아펙정(아세클로페낙),20140828,201404012,[M040359]아세클로페낙,[M040359]아세클로페낙,단일,20210715,,,노인주의
20240522,흰색의 원형 필름코팅정제,01140,해열.진통.소염제,(주)휴비스트제약,전문의약품,필름코팅정,D000739,Aceclofenac,Aceclofenac(아세클로페낙),아세클로페낙,휴낙정(아세클로페낙),20140924,201404342,[M040359]아세클로페낙,[M040359]아세클로페낙,단일,20210715,,,노인주의
20210309,흰색의 원형 장용성 필름코팅정,02190,기타의 순환계용약,(주)제일제약,일반의약품,장용성필름코팅정,D000452,Aspirin,Aspirin(아스피린),아스피린,알피린장용정(아스피린)(수출용),20140925,201404364,[M040355]아스피린,[M040355]아스피린,단일,20210715,,,노인주의
20240522,흰색의 장방형 서방성 필름코팅정,01140,해열.진통.소염제,한국바이오켐제약(주),전문의약품,서방성필름코팅정,D000739,Aceclofenac,Aceclofenac(아세클로페낙),아세클로페낙,클로켐CR정(아세클로페낙),20140929,201404460,[M040359]아세클로페낙/[M040359]아세클로페낙/[M040359]아세클로페낙/[M040359]아세클로페낙,[M040359]아세클로페낙/[M040359]아세클로페낙/[M040359]아세클로페낙/[M040359]아세클로페낙,단일,20210715,,,노인주의
20200831,밝은 노란색 원형 필름코팅정제,02590,기타의 비뇨생식기관 및 항문용약,위더스제약(주),전문의약품,필름코팅정,D000730,Solifenacin succinate,Solifenacin succinate(솔리페나신숙신산염),솔리페나신숙신산염,솔리신정5mg(솔리페나신숙신산염),20140930,201404483,[M259862]솔리페나신숙신산염,[M259862]솔리페나신숙신산염,단일,20200924,,,노인주의
20240522,흰색의 원형 필름코팅정,01140,해열.진통.소염제,삼남제약(주),전문의약품,필름코팅정,D000739,Aceclofenac,Aceclofenac(아세클로페낙),아세클로페낙,아리펜정(아세클로페낙),20140930,201404512,[M040359]아세클로페낙,[M040359]아세클로페낙,단일,20210715,,,노인주의
20240522,흰색의 원형 필름코팅정,01140,해열.진통.소염제,한화제약(주),전문의약품,필름코팅정,D000739,Aceclofenac,Aceclofenac(아세클로페낙),아세클로페낙,앤세낙정(아세클로페낙),20141013,201404677,[M040359]아세클로페낙,[M040359]아세클로페낙,단일,20210715,,,노인주의
20250415,흰색의 원형 장용성 필름코팅정제,02190,기타의 순환계용약,(주)휴비스트제약,일반의약품,장용성필름코팅정,D000452,Aspirin,Aspirin(아스피린),아스피린,휴비스트아스피린장용정,20141013,201404696,[M040355]아스피린,[M040355]아스피린,단일,20210715,,,노인주의
20190904,밝은 분홍색의 원형 필름코팅정,02590,기타의 비뇨생식기관 및 항문용약,(주)마더스제약,전문의약품,필름코팅정,D000730,Solifenacin succinate,Solifenacin succinate(솔리페나신숙신산염),솔리페나신숙신산염,솔리페노실정10밀리그램(솔리페나신숙신산염),20141027,201404925,[M259862]솔리페나신숙신산염,[M259862]솔리페나신숙신산염,단일,20200924,,,노인주의
20240522,흰색의 원형 필름코팅 정제,01140,해열.진통.소염제,일양약품(주),전문의약품,필름코팅정,D000739,Aceclofenac,Aceclofenac(아세클로페낙),아세클로페낙,아리탈정(아세클로페낙),20141028,201404982,[M040359]아세클로페낙,[M040359]아세클로페낙,단일,20210715,,,노인주의
20250415,흰색의 원형 장용성 필름코팅정,02190,기타의 순환계용약,(주)제뉴파마,일반의약품,장용성필름코팅정,D000452,Aspirin,Aspirin(아스피린),아스피린,아사프장용정100mg(아스피린),20141028,201405003,[M040355]아스피린,[M040355]아스피린,단일,20210715,,,노인주의
20191001,밝은 분홍색 원형 필름코팅정제,02590,기타의 비뇨생식기관 및 항문용약,아주약품(주),전문의약품,필름코팅정,D000730,Solifenacin succinate,Solifenacin succinate(솔리페나신숙신산염),솔리페나신숙신산염,솔신정10밀리그램(솔리페나신숙신산염),20141030,201405043,[M259862]솔리페나신숙신산염,[M259862]솔리페나신숙신산염,단일,20200924,,,노인주의
20190909,밝은 분홍색 원형 필름코팅정제,02590,기타의 비뇨생식기관 및 항문용약,한국휴텍스제약(주),전문의약품,필름코팅정,D000730,Solifenacin succinate,Solifenacin succinate(솔리페나신숙신산염),솔리페나신숙신산염,웰유로정10mg(솔리페나신숙신산염),20141031,201405075,[M259862]솔리페나신숙신산염,[M259862]솔리페나신숙신산염,단일,20200924,,,노인주의
20190909,밝은 노란색 원형 필름코팅정제,02590,기타의 비뇨생식기관 및 항문용약,한국휴텍스제약(주),전문의약품,필름코팅정,D000730,Solifenacin succinate,Solifenacin succinate(솔리페나신숙신산염),솔리페나신숙신산염,웰유로정5mg(솔리페나신숙신산염),20141114,201405329,[M259862]솔리페나신숙신산염,[M259862]솔리페나신숙신산염,단일,20200924,,,노인주의
20191201,밝은 노란색 원형 필름코팅정제,02590,기타의 비뇨생식기관 및 항문용약,아주약품(주),전문의약품,필름코팅정,D000730,Solifenacin succinate,Solifenacin succinate(솔리페나신숙신산염),솔리페나신숙신산염,솔신정5밀리그램(솔리페나신숙신산염),20141124,201405464,[M259862]솔리페나신숙신산염,[M259862]솔리페나신숙신산염,단일,20200924,,,노인주의
20191107,밝은 노란색의 원형 필름코팅정,02590,기타의 비뇨생식기관 및 항문용약,오스틴제약(주),전문의약품,필름코팅정,D000730,Solifenacin succinate,Solifenacin succinate(솔리페나신숙신산염),솔리페나신숙신산염,솔리페신정5mg(솔리페나신숙신산염),20141127,201405582,[M259862]솔리페나신숙신산염,[M259862]솔리페나신숙신산염,단일,20200924,,,노인주의
20191212,밝은 노란색 원형 필름코팅정제,02590,기타의 비뇨생식기관 및 항문용약,일양약품(주),전문의약품,필름코팅정,D000730,Solifenacin succinate,Solifenacin succinate(솔리페나신숙신산염),솔리페나신숙신산염,요시케어정5밀리그램(솔리페나신숙신산염),20150112,201500109,[M259862]솔리페나신숙신산염,[M259862]솔리페나신숙신산염,단일,20200924,,,노인주의
20191212,밝은 분홍색 원형 필름코팅정제,02590,기타의 비뇨생식기관 및 항문용약,일양약품(주),전문의약품,필름코팅정,D000730,Solifenacin succinate,Solifenacin succinate(솔리페나신숙신산염),솔리페나신숙신산염,요시케어정10밀리그램(솔리페나신숙신산염),20150112,201500110,[M259862]솔리페나신숙신산염,[M259862]솔리페나신숙신산염,단일,20200924,,,노인주의
20200302,밝은 노란색의 원형 필름코팅정,02590,기타의 비뇨생식기관 및 항문용약,(주)팜젠사이언스,전문의약품,필름코팅정,D000730,Solifenacin succinate,Solifenacin succinate(솔리페나신숙신산염),솔리페나신숙신산염,솔페나신정5밀리그램(솔리페나신숙신산염),20150116,201500232,[M259862]솔리페나신숙신산염,[M259862]솔리페나신숙신산염,단일,20200924,,,노인주의
20200302,밝은 분홍색 원형 필름코팅정제,02590,기타의 비뇨생식기관 및 항문용약,(주)팜젠사이언스,전문의약품,필름코팅정,D000730,Solifenacin succinate,Solifenacin succinate(솔리페나신숙신산염),솔리페나신숙신산염,솔페나신정10밀리그램(솔리페나신숙신산염),20150116,201500233,[M259862]솔리페나신숙신산염,[M259862]솔리페나신숙신산염,단일,20200924,,,노인주의
20200207,밝은 분홍색 원형 필름코팅정제,02590,기타의 비뇨생식기관 및 항문용약,(주)다산제약,전문의약품,필름코팅정,D000730,Solifenacin succinate,Solifenacin succinate(솔리페나신숙신산염),솔리페나신숙신산염,올페나신정10밀리그램(솔리페나신숙신산염),20150120,201500293,[M259862]솔리페나신숙신산염,[M259862]솔리페나신숙신산염,단일,20200924,,,노인주의
20191231,밝은 노란색 원형 필름코팅정제,02590,기타의 비뇨생식기관 및 항문용약,하나제약(주),전문의약품,필름코팅정,D000730,Solifenacin succinate,Solifenacin succinate(솔리페나신숙신산염),솔리페나신숙신산염,베시큐정5밀리그램(솔리페나신숙신산염),20150130,201500521,[M259862]솔리페나신숙신산염,[M259862]솔리페나신숙신산염,단일,20200924,,,노인주의
20191231,밝은 분홍색 원형 필름코팅정제,02590,기타의 비뇨생식기관 및 항문용약,하나제약(주),전문의약품,필름코팅정,D000730,Solifenacin succinate,Solifenacin succinate(솔리페나신숙신산염),솔리페나신숙신산염,베시큐정10밀리그램(솔리페나신숙신산염),20150130,201500522,[M259862]솔리페나신숙신산염,[M259862]솔리페나신숙신산염,단일,20200924,,,노인주의
20240522,흰색의 양면이 볼록한 장방형 필름코팅정,01140,해열.진통.소염제,(주)한국팜비오,전문의약품,서방성필름코팅정,D000739,Aceclofenac,Aceclofenac(아세클로페낙),아세클로페낙,팜페낙CR정(아세클로페낙),20150216,201500851,[M040359]아세클로페낙/[M040359]아세클로페낙,[M040359]아세클로페낙/[M040359]아세클로페낙,단일,20210715,,,노인주의
20190924,밝은 노란색 원형 필름코팅정제,02590,기타의 비뇨생식기관 및 항문용약,(주)메디카코리아,전문의약품,필름코팅정,D000730,Solifenacin succinate,Solifenacin succinate(솔리페나신숙신산염),솔리페나신숙신산염,유로테라정5밀리그램(솔리페나신숙신산염),20150225,201500976,[M259862]솔리페나신숙신산염,[M259862]솔리페나신숙신산염,단일,20200924,,,노인주의
20190924,밝은 분홍색 원형 필름코팅정제,02590,기타의 비뇨생식기관 및 항문용약,(주)메디카코리아,전문의약품,필름코팅정,D000730,Solifenacin succinate,Solifenacin succinate(솔리페나신숙신산염),솔리페나신숙신산염,유로테라정10밀리그램(솔리페나신숙신산염),20150225,201500977,[M259862]솔리페나신숙신산염,[M259862]솔리페나신숙신산염,단일,20200924,,,노인주의
20240522,흰색의 원형 필름코팅정제,01140,해열.진통.소염제,제이더블유신약(주),전문의약품,필름코팅정,D000739,Aceclofenac,Aceclofenac(아세클로페낙),아세클로페낙,에페닥정(아세클로페낙),20150225,201501003,[M040359]아세클로페낙,[M040359]아세클로페낙,단일,20210715,,,노인주의
20191104,밝은 노란색의 원형 필름코팅정제,02590,기타의 비뇨생식기관 및 항문용약,(주)테라젠이텍스,전문의약품,필름코팅정,D000730,Solifenacin succinate,Solifenacin succinate(솔리페나신숙신산염),솔리페나신숙신산염,유리페나정5mg(솔리페나신숙신산염),20150312,201501302,[M259862]솔리페나신숙신산염,[M259862]솔리페나신숙신산염,단일,20200924,,,노인주의
20191104,밝은 분홍색 원형 필름코팅정제,02590,기타의 비뇨생식기관 및 항문용약,(주)테라젠이텍스,전문의약품,필름코팅정,D000730,Solifenacin succinate,Solifenacin succinate(솔리페나신숙신산염),솔리페나신숙신산염,유리페나정10mg(솔리페나신숙신산염),20150312,201501307,[M259862]솔리페나신숙신산염,[M259862]솔리페나신숙신산염,단일,20200924,,,노인주의
20190904,밝은 노란색 원형 필름코팅정제,02590,기타의 비뇨생식기관 및 항문용약,구주제약(주),전문의약품,필름코팅정,D000730,Solifenacin succinate,Solifenacin succinate(솔리페나신숙신산염),솔리페나신숙신산염,메디페나신정5mg(솔리페나신숙신산염),20150313,201501327,[M259862]솔리페나신숙신산염,[M259862]솔리페나신숙신산염,단일,20200924,,,노인주의
20190904,밝은 분홍색 원형 필름코팅정제,02590,기타의 비뇨생식기관 및 항문용약,구주제약(주),전문의약품,필름코팅정,D000730,Solifenacin succinate,Solifenacin succinate(솔리페나신숙신산염),솔리페나신숙신산염,메디페나신정10mg(솔리페나신숙신산염),20150313,201501328,[M259862]솔리페나신숙신산염,[M259862]솔리페나신숙신산염,단일,20200924,,,노인주의
20200218,밝은 노란색 원형 필름코팅정제,02590,기타의 비뇨생식기관 및 항문용약,(주)씨엠지제약,전문의약품,필름코팅정,D000730,Solifenacin succinate,Solifenacin succinate(솔리페나신숙신산염),솔리페나신숙신산염,씨엠케어정5mg(솔리페나신숙신산염),20150320,201501472,[M259862]솔리페나신숙신산염,[M259862]솔리페나신숙신산염,단일,20200924,,,노인주의
20200218,밝은 분홍색 원형 필름코팅정제,02590,기타의 비뇨생식기관 및 항문용약,(주)씨엠지제약,전문의약품,필름코팅정,D000730,Solifenacin succinate,Solifenacin succinate(솔리페나신숙신산염),솔리페나신숙신산염,씨엠케어정10mg(솔리페나신숙신산염),20150320,201501473,[M259862]솔리페나신숙신산염,[M259862]솔리페나신숙신산염,단일,20200924,,,노인주의
20190905,밝은 노란색 원형 필름코팅정제,02590,기타의 비뇨생식기관 및 항문용약,(주)비보존제약,전문의약품,필름코팅정,D000730,Solifenacin succinate,Solifenacin succinate(솔리페나신숙신산염),솔리페나신숙신산염,솔레나신정5밀리그램(솔리페나신숙신산염),20150320,201501474,[M259862]솔리페나신숙신산염,[M259862]솔리페나신숙신산염,단일,20200924,,,노인주의
20190905,밝은 분홍색 원형 필름코팅정제,02590,기타의 비뇨생식기관 및 항문용약,(주)비보존제약,전문의약품,필름코팅정,D000730,Solifenacin succinate,Solifenacin succinate(솔리페나신숙신산염),솔리페나신숙신산염,솔레나신정10밀리그램(솔리페나신숙신산염),20150320,201501475,[M259862]솔리페나신숙신산염,[M259862]솔리페나신숙신산염,단일,20200924,,,노인주의
20160728,밝은 노란색 원형 필름코팅정제,02590,기타의 비뇨생식기관 및 항문용약,(주)다산제약,전문의약품,필름코팅정,D000730,Solifenacin succinate,Solifenacin succinate(솔리페나신숙신산염),솔리페나신숙신산염,올페나신정5밀리그램(솔리페나신숙신산염) ,20150331,201501702,[M259862]솔리페나신숙신산염,[M259862]솔리페나신숙신산염,단일,20200924,,,노인주의
20201015,밝은 노란색의 원형 필름코팅정,02590,기타의 비뇨생식기관 및 항문용약,제이더블유신약(주),전문의약품,필름코팅정,D000730,Solifenacin succinate,Solifenacin succinate(솔리페나신숙신산염),솔리페나신숙신산염,큐어나신정5mg(솔리페나신숙신산염),20150406,201501854,[M259862]솔리페나신숙신산염,[M259862]솔리페나신숙신산염,단일,20200924,,,노인주의
20190905,연한 분홍색의 원형 필름코팅정,02590,기타의 비뇨생식기관 및 항문용약,(주)동구바이오제약,전문의약품,필름코팅정,D000730,Solifenacin succinate,Solifenacin succinate(솔리페나신숙신산염),솔리페나신숙신산염,유토케어정10mg(솔리페나신숙신산염),20150415,201502269,[M259862]솔리페나신숙신산염,[M259862]솔리페나신숙신산염,단일,20200924,,,노인주의
20191128,밝은 노란색의 원형 필름코팅정,02590,기타의 비뇨생식기관 및 항문용약,(주)동구바이오제약,전문의약품,필름코팅정,D000730,Solifenacin succinate,Solifenacin succinate(솔리페나신숙신산염),솔리페나신숙신산염,유토케어정5mg(솔리페나신숙신산염),20150415,201502270,[M259862]솔리페나신숙신산염,[M259862]솔리페나신숙신산염,단일,20200924,,,노인주의
20170112,무색 투명한 액이 갈색 앰플에 든 주사제,01240,진경제,부광약품(주),전문의약품,용액주사제,D001357,Cimetropium,Cimetropium(시메트로퓸),시메트로퓸,브로퓸주사(시메트로퓸브롬화물),20150427,201502477,[M257165]시메트로퓸브롬화물,[M257165]시메트로퓸브롬화물,단일,20200924,,,노인주의
20191101,밝은 노란색의 원형 필름코팅정,02590,기타의 비뇨생식기관 및 항문용약,이연제약(주),전문의약품,필름코팅정,D000730,Solifenacin succinate,Solifenacin succinate(솔리페나신숙신산염),솔리페나신숙신산염,솔리페어정5밀리그램(솔리페나신숙신산염),20150429,201502574,[M259862]솔리페나신숙신산염,[M259862]솔리페나신숙신산염,단일,20200924,,,노인주의
20191101,연한 분홍색의 원형 필름코팅정,02590,기타의 비뇨생식기관 및 항문용약,이연제약(주),전문의약품,필름코팅정,D000730,Solifenacin succinate,Solifenacin succinate(솔리페나신숙신산염),솔리페나신숙신산염,솔리페어정10밀리그램(솔리페나신숙신산염),20150429,201502575,[M259862]솔리페나신숙신산염,[M259862]솔리페나신숙신산염,단일,20200924,,,노인주의
20150710,밝은 노란색의 원형 필름코팅정,02590,기타의 비뇨생식기관 및 항문용약,동국제약(주),전문의약품,필름코팅정,D000730,Solifenacin succinate,Solifenacin succinate(솔리페나신숙신산염),솔리페나신숙신산염,솔베신정5밀리그램(솔리페나신숙신산염),20150430,201502608,[M259862]솔리페나신숙신산염,[M259862]솔리페나신숙신산염,단일,20200924,,,노인주의
20150710,연한 분홍색의 원형 필름코팅정,02590,기타의 비뇨생식기관 및 항문용약,동국제약(주),전문의약품,필름코팅정,D000730,Solifenacin succinate,Solifenacin succinate(솔리페나신숙신산염),솔리페나신숙신산염,솔베신정10밀리그램(솔리페나신숙신산염),20150430,201502609,[M259862]솔리페나신숙신산염,[M259862]솔리페나신숙신산염,단일,20200924,,,노인주의
20200406,밝은 노란색의 원형 필름코팅정,02590,기타의 비뇨생식기관 및 항문용약,영풍제약(주),전문의약품,필름코팅정,D000730,Solifenacin succinate,Solifenacin succinate(솔리페나신숙신산염),솔리페나신숙신산염,베시페나정5밀리그램(솔리페나신숙신산염),20150504,201502742,[M259862]솔리페나신숙신산염,[M259862]솔리페나신숙신산염,단일,20200924,,,노인주의
20191010,밝은 노란색의 원형 필름코팅정,02590,기타의 비뇨생식기관 및 항문용약,(주)넥스팜코리아,전문의약품,필름코팅정,D000730,Solifenacin succinate,Solifenacin succinate(솔리페나신숙신산염),솔리페나신숙신산염,넥스페나신정5mg(솔리페나신숙신산염),20150506,201502763,[M259862]솔리페나신숙신산염,[M259862]솔리페나신숙신산염,단일,20200924,,,노인주의
20240522,흰색의 원형 필름코팅정제,01140,해열.진통.소염제,(주)휴온스메디텍,전문의약품,필름코팅정,D000739,Aceclofenac,Aceclofenac(아세클로페낙),아세클로페낙,휴니즈아세클로페낙정,20150514,201502927,[M040359]아세클로페낙,[M040359]아세클로페낙,단일,20210715,,,노인주의
20200914,밝은 노란색의 원형 필름코팅정,02590,기타의 비뇨생식기관 및 항문용약,(주)일화,전문의약품,필름코팅정,D000730,Solifenacin succinate,Solifenacin succinate(솔리페나신숙신산염),솔리페나신숙신산염,솔리프정5mg(솔리페나신숙신산염),20150529,201503515,[M259862]솔리페나신숙신산염,[M259862]솔리페나신숙신산염,단일,20200924,,,노인주의
20200921,연한 분홍색의 원형 필름코팅정,02590,기타의 비뇨생식기관 및 항문용약,(주)일화,전문의약품,필름코팅정,D000730,Solifenacin succinate,Solifenacin succinate(솔리페나신숙신산염),솔리페나신숙신산염,솔리프정10mg(솔리페나신숙신산염),20150529,201503516,[M259862]솔리페나신숙신산염,[M259862]솔리페나신숙신산염,단일,20200924,,,노인주의
20201013,밝은 노란색의 원형 필름코팅정제,02590,기타의 비뇨생식기관 및 항문용약,알리코제약(주),전문의약품,필름코팅정,D000730,Solifenacin succinate,Solifenacin succinate(솔리페나신숙신산염),솔리페나신숙신산염,솔페락정5mg(솔리페나신숙신산염),20150727,201505092,[M259862]솔리페나신숙신산염,[M259862]솔리페나신숙신산염,단일,20200924,,,노인주의
20201016,밝은 분홍색의 원형 필름코팅정제,02590,기타의 비뇨생식기관 및 항문용약,알리코제약(주),전문의약품,필름코팅정,D000730,Solifenacin succinate,Solifenacin succinate(솔리페나신숙신산염),솔리페나신숙신산염,솔페락정10mg(솔리페나신숙신산염),20150727,201505093,[M259862]솔리페나신숙신산염,[M259862]솔리페나신숙신산염,단일,20200924,,,노인주의
20240522,흰색의 원형 필름코팅 정제,01140,해열.진통.소염제,(주)아이월드제약,전문의약품,필름코팅정,D000739,Aceclofenac,Aceclofenac(아세클로페낙),아세클로페낙,아세쿨정(아세클로페낙),20150728,201505114,[M040359]아세클로페낙,[M040359]아세클로페낙,단일,20210715,,,노인주의
20240522,흰색의 양면이 볼록한 장방형 필름코팅정,01140,해열.진통.소염제,한국휴텍스제약(주),전문의약품,서방성필름코팅정,D000739,Aceclofenac,Aceclofenac(아세클로페낙),아세클로페낙,에어클란CR정(아세클로페낙),20150925,201506805,[M040359]아세클로페낙/[M040359]아세클로페낙,[M040359]아세클로페낙/[M040359]아세클로페낙,단일,20210715,,,노인주의
20240522,흰색의 원형 필름코팅정제,01140,해열.진통.소염제,(주)씨엘팜,전문의약품,필름코팅정,D000739,Aceclofenac,Aceclofenac(아세클로페낙),아세클로페낙,아세티론정(아세클로페낙),20151127,201507988,[M040359]아세클로페낙,[M040359]아세클로페낙,단일,20210715,,,노인주의
20240522,흰색의 원형 필름코팅정,01140,해열.진통.소염제,대웅바이오(주),전문의약품,필름코팅정,D000739,Aceclofenac,Aceclofenac(아세클로페낙),아세클로페낙,대웅바이오아세클로페낙정100밀리그램,20160108,201600166,[M040359]아세클로페낙,[M040359]아세클로페낙,단일,20210715,,,노인주의
20240522,흰색의 원형 필름코팅정,01140,해열.진통.소염제,(주)비보존제약,전문의약품,필름코팅정,D000739,Aceclofenac,Aceclofenac(아세클로페낙),아세클로페낙,아이제낙정100밀리그램(아세클로페낙),20160120,201600359,[M040359]아세클로페낙,[M040359]아세클로페낙,단일,20210715,,,노인주의
20250415,흰색의 원형 장용성 필름코팅정,02190,기타의 순환계용약,(주)셀트리온제약,일반의약품,장용성필름코팅정,D000452,Aspirin,Aspirin(아스피린),아스피린,아스텍션장용정100밀리그램(아스피린),20160121,201600396,[M040355]아스피린,[M040355]아스피린,단일,20210715,,,노인주의
20240522,흰색의 원형 필름코팅 정제,01140,해열.진통.소염제,아이큐어(주),전문의약품,필름코팅정,D000739,Aceclofenac,Aceclofenac(아세클로페낙),아세클로페낙,아세큐어정(아세클로페낙),20160218,201600938,[M040359]아세클로페낙,[M040359]아세클로페낙,단일,20210715,,,노인주의
20240522,흰색의 장방형 서방성 필름코팅정,01140,해열.진통.소염제,주식회사제뉴원사이언스,전문의약품,서방성필름코팅정,D000739,Aceclofenac,Aceclofenac(아세클로페낙),아세클로페낙,클라낙CR정(아세클로페낙),20160224,201601030,[M040359]아세클로페낙/[M040359]아세클로페낙,[M040359]아세클로페낙/[M040359]아세클로페낙,단일,20210715,,,노인주의
20200310,밝은 노란색 원형 필름코팅정,02590,기타의 비뇨생식기관 및 항문용약,(주)화이트생명과학,전문의약품,필름코팅정,D000730,Solifenacin succinate,Solifenacin succinate(솔리페나신숙신산염),솔리페나신숙신산염,솔베나정5밀리그램(솔리페나신숙신산염),20160226,201601067,[M259862]솔리페나신숙신산염,[M259862]솔리페나신숙신산염,단일,20200924,,,노인주의
20200807,밝은 분홍색 원형 필름코팅정,02590,기타의 비뇨생식기관 및 항문용약,(주)화이트생명과학,전문의약품,필름코팅정,D000730,Solifenacin succinate,Solifenacin succinate(솔리페나신숙신산염),솔리페나신숙신산염,솔베나정10밀리그램(솔리페나신숙신산염),20160226,201601068,[M259862]솔리페나신숙신산염,[M259862]솔리페나신숙신산염,단일,20200924,,,노인주의
20240522,흰색의 원형 필름코팅정제,01140,해열.진통.소염제,(주)알피바이오,전문의약품,필름코팅정,D000739,Aceclofenac,Aceclofenac(아세클로페낙),아세클로페낙,뉴클로페낙정(아세클로페낙),20160330,201601665,[M040359]아세클로페낙,[M040359]아세클로페낙,단일,20210715,,,노인주의
20190904,연한 분홍색의 원형 필름코팅정,02590,기타의 비뇨생식기관 및 항문용약,삼성제약(주),전문의약품,필름코팅정,D000730,Solifenacin succinate,Solifenacin succinate(솔리페나신숙신산염),솔리페나신숙신산염,삼성솔리페나신정10mg(솔리페나신숙신산염),20160406,201601837,[M259862]솔리페나신숙신산염,[M259862]솔리페나신숙신산염,단일,20200924,,,노인주의
20190904,밝은 노란색의 원형 필름코팅정,02590,기타의 비뇨생식기관 및 항문용약,삼성제약(주),전문의약품,필름코팅정,D000730,Solifenacin succinate,Solifenacin succinate(솔리페나신숙신산염),솔리페나신숙신산염,삼성솔리페나신정5mg(솔리페나신숙신산염),20160406,201601838,[M259862]솔리페나신숙신산염,[M259862]솔리페나신숙신산염,단일,20200924,,,노인주의
20200425,옅은 노란색의 직사각형 구강필름형 제제,02350,"최토제, 진토제",(주)씨티씨바이오,일반의약품,구강붕해필름,D001269,Meclizine hydrochloride hydrate,Meclizine hydrochloride hydrate(메클리진 염산염수화물),메클리진 염산염수화물,메클린구강용해필름25밀리그램(메클리진염산염수화물)(오렌지향),20160516,201602682,[M223008]메클리진염산염수화물/[M223008]메클리진염산염수화물/[M223008]메클리진염산염수화물,[M223008]메클리진염산염수화물/[M223008]메클리진염산염수화물/[M223008]메클리진염산염수화물,단일,20200924,,,노인주의
20240522,흰색의 원형 필름코팅 정제,01140,해열.진통.소염제,(주)다산제약,전문의약품,필름코팅정,D000739,Aceclofenac,Aceclofenac(아세클로페낙),아세클로페낙,세크로낙정100밀리그램(아세클로페낙),20160527,201602997,[M040359]아세클로페낙,[M040359]아세클로페낙,단일,20210715,,,노인주의
20240522,흰색의 양면이 볼록한 장방형 필름코팅정,01140,해열.진통.소염제,대한뉴팜(주),전문의약품,서방성필름코팅정,D000739,Aceclofenac,Aceclofenac(아세클로페낙),아세클로페낙,아세파인CR정(아세클로페낙),20160527,201603001,[M040359]아세클로페낙/[M040359]아세클로페낙,[M040359]아세클로페낙/[M040359]아세클로페낙,단일,20210715,,,노인주의
20240522,흰색의 장방형 서방성 필름코팅정,01140,해열.진통.소염제,맥널티제약(주),전문의약품,서방성필름코팅정,D000739,Aceclofenac,Aceclofenac(아세클로페낙),아세클로페낙,엠페낙CR정(아세클로페낙),20160527,201603003,[M040359]아세클로페낙/[M040359]아세클로페낙,[M040359]아세클로페낙/[M040359]아세클로페낙,단일,20210715,,,노인주의
20240522,흰색의 장방형 서방성 필름코팅정,01140,해열.진통.소염제,(주)바스칸바이오제약,전문의약품,서방성필름코팅정,D000739,Aceclofenac,Aceclofenac(아세클로페낙),아세클로페낙,레세낙CR정(아세클로페낙),20160527,201603004,[M040359]아세클로페낙/[M040359]아세클로페낙,[M040359]아세클로페낙/[M040359]아세클로페낙,단일,20210715,,,노인주의
20240522,흰색의 장방형 서방성 필름코팅정,01140,해열.진통.소염제,아이큐어(주),전문의약품,서방성필름코팅정,D000739,Aceclofenac,Aceclofenac(아세클로페낙),아세클로페낙,아세큐어서방정(아세클로페낙),20160527,201603005,[M040359]아세클로페낙/[M040359]아세클로페낙,[M040359]아세클로페낙/[M040359]아세클로페낙,단일,20210715,,,노인주의
20240522,흰색의 양면이 볼록한 장방형 필름코팅정,01140,해열.진통.소염제,(주)바이넥스,전문의약품,서방성필름코팅정,D000739,Aceclofenac,Aceclofenac(아세클로페낙),아세클로페낙,뉴마탈CR정(아세클로페낙),20160527,201603007,[M040359]아세클로페낙/[M040359]아세클로페낙,[M040359]아세클로페낙/[M040359]아세클로페낙,단일,20210715,,,노인주의
20250415,흰색의 원형 장용성 필름코팅정제,02190,기타의 순환계용약,안국약품(주),일반의약품,장용성필름코팅정,D000452,Aspirin,Aspirin(아스피린),아스피린,안스피린장용정100밀리그램(아스피린),20160614,201603416,[M040355]아스피린,[M040355]아스피린,단일,20210715,,,노인주의
20240522,백색의 원형 필름코팅정,01140,해열.진통.소염제,안국뉴팜(주),전문의약품,필름코팅정,D000739,Aceclofenac,Aceclofenac(아세클로페낙),아세클로페낙,뉴세페낙정100밀리그램(아세클로페낙),20160615,201603474,[M040359]아세클로페낙,[M040359]아세클로페낙,단일,20210715,,,노인주의
20190909,연분홍색의 원형 필름코팅정,02590,기타의 비뇨생식기관 및 항문용약,명문제약(주),전문의약품,필름코팅정,D000730,Solifenacin succinate,Solifenacin succinate(솔리페나신숙신산염),솔리페나신숙신산염,솔리케어정10mg(솔리페나신숙신산염),20160615,201603491,[M259862]솔리페나신숙신산염,[M259862]솔리페나신숙신산염,단일,20200924,,,노인주의
20190909,연분홍색의 원형 필름코팅정,02590,기타의 비뇨생식기관 및 항문용약,명문제약(주),전문의약품,필름코팅정,D000730,Solifenacin succinate,Solifenacin succinate(솔리페나신숙신산염),솔리페나신숙신산염,솔리케어정5mg(솔리페나신숙신산염),20160615,201603492,[M259862]솔리페나신숙신산염,[M259862]솔리페나신숙신산염,단일,20200924,,,노인주의
20210531,밝은 분홍색 원형 필름코팅정제,02590,기타의 비뇨생식기관 및 항문용약,(주)인트로바이오파마,전문의약품,필름코팅정,D000730,Solifenacin succinate,Solifenacin succinate(솔리페나신숙신산염),솔리페나신숙신산염,인페나신정10mg(솔리페나신숙신산염),20160615,201603498,[M259862]솔리페나신숙신산염,[M259862]솔리페나신숙신산염,단일,20200924,,,노인주의
20191029,밝은 노란색 원형 필름코팅정제,02590,기타의 비뇨생식기관 및 항문용약,(주)인트로바이오파마,전문의약품,필름코팅정,D000730,Solifenacin succinate,Solifenacin succinate(솔리페나신숙신산염),솔리페나신숙신산염,인페나신정5mg(솔리페나신숙신산염),20160615,201603499,[M259862]솔리페나신숙신산염,[M259862]솔리페나신숙신산염,단일,20200924,,,노인주의
20240522,흰색의 원형 필름코팅정제,01140,해열.진통.소염제,조아제약(주),전문의약품,필름코팅정,D000739,Aceclofenac,Aceclofenac(아세클로페낙),아세클로페낙,아크로낙정(아세클로페낙),20160620,201603581,[M040359]아세클로페낙,[M040359]아세클로페낙,단일,20210715,,,노인주의
20200425,옅은 노란색의 직사각형 구강필름형 제제,02350,"최토제, 진토제",고려제약(주),일반의약품,구강붕해필름,D001269,Meclizine hydrochloride hydrate,Meclizine hydrochloride hydrate(메클리진 염산염수화물),메클리진 염산염수화물,멀스토구강용해필름(메클리진염산염수화물),20160620,201603600,[M223008]메클리진염산염수화물,[M223008]메클리진염산염수화물,단일,20200924,,,노인주의
20201228,연분홍색 원형 필름코팅정,02590,기타의 비뇨생식기관 및 항문용약,(주)바이넥스,전문의약품,필름코팅정,D000730,Solifenacin succinate,Solifenacin succinate(솔리페나신숙신산염),솔리페나신숙신산염,솔리콘정5mg(솔리페나신숙신산염),20160628,201604008,[M259862]솔리페나신숙신산염,[M259862]솔리페나신숙신산염,단일,20200924,,,노인주의
20200907,밝은 노란색의 원형 필름코팅정제,02590,기타의 비뇨생식기관 및 항문용약,한국프라임제약(주),전문의약품,필름코팅정,D000730,Solifenacin succinate,Solifenacin succinate(솔리페나신숙신산염),솔리페나신숙신산염,베시나정5밀리그램(솔리페나신숙신산염),20160630,201604103,[M259862]솔리페나신숙신산염,[M259862]솔리페나신숙신산염,단일,20200924,,,노인주의
20200907,밝은 분홍색의 원형 필름코팅정제,02590,기타의 비뇨생식기관 및 항문용약,한국프라임제약(주),전문의약품,필름코팅정,D000730,Solifenacin succinate,Solifenacin succinate(솔리페나신숙신산염),솔리페나신숙신산염,베시나정10밀리그램(솔리페나신숙신산염),20160630,201604104,[M259862]솔리페나신숙신산염,[M259862]솔리페나신숙신산염,단일,20200924,,,노인주의
20191002,연분홍색 원형 필름코팅정,02590,기타의 비뇨생식기관 및 항문용약,삼익제약(주),전문의약품,필름코팅정,D000730,Solifenacin succinate,Solifenacin succinate(솔리페나신숙신산염),솔리페나신숙신산염,솔리테어정5mg(솔리페나신숙신산염),20160704,201604147,[M259862]솔리페나신숙신산염,[M259862]솔리페나신숙신산염,단일,20200924,,,노인주의
20191002,연분홍색 원형 필름코팅정,02590,기타의 비뇨생식기관 및 항문용약,삼익제약(주),전문의약품,필름코팅정,D000730,Solifenacin succinate,Solifenacin succinate(솔리페나신숙신산염),솔리페나신숙신산염,솔리테어정10mg(솔리페나신숙신산염),20160704,201604148,[M259862]솔리페나신숙신산염,[M259862]솔리페나신숙신산염,단일,20200924,,,노인주의
20200630,흰색의 양면이 볼록한 원형 필름코팅정제,02590,기타의 비뇨생식기관 및 항문용약,(주)유유제약,전문의약품,필름코팅정,D001234,Tolterodine,Tolterodine(톨터로딘),톨터로딘,톨로스타정2밀리그램(톨터로딘-L-타르타르산염),20160705,201604188,[M256407]톨터로딘-L-타르타르산염,[M256407]톨터로딘-L-타르타르산염,단일,20200924,,,노인주의
20190904,밝은 노란색의 원형 필름코팅정,02590,기타의 비뇨생식기관 및 항문용약,정우신약(주),전문의약품,필름코팅정,D000730,Solifenacin succinate,Solifenacin succinate(솔리페나신숙신산염),솔리페나신숙신산염,솔토니신정5mg(솔리페나신숙신산염),20160714,201604365,[M259862]솔리페나신숙신산염,[M259862]솔리페나신숙신산염,단일,20200924,,,노인주의
20190904,연한 분홍색의 원형 필름코팅정,02590,기타의 비뇨생식기관 및 항문용약,정우신약(주),전문의약품,필름코팅정,D000730,Solifenacin succinate,Solifenacin succinate(솔리페나신숙신산염),솔리페나신숙신산염,솔토니신정10mg(솔리페나신숙신산염),20160714,201604366,[M259862]솔리페나신숙신산염,[M259862]솔리페나신숙신산염,단일,20200924,,,노인주의
20200204,밝은 분홍색의 원형 필름코팅정,02590,기타의 비뇨생식기관 및 항문용약,주식회사제뉴원사이언스,전문의약품,필름코팅정,D000730,Solifenacin succinate,Solifenacin succinate(솔리페나신숙신산염),솔리페나신숙신산염,베시캄정10밀리그램(솔리페나신숙신산염),20160808,201604823,[M251551]솔리페나신숙신산염,[M251551]솔리페나신숙신산염,단일,20200924,,,노인주의
20240522,이 약은 백색의 원형 필름코팅 정제이다.,01140,해열.진통.소염제,지엘파마(주),전문의약품,필름코팅정,D000739,Aceclofenac,Aceclofenac(아세클로페낙),아세클로페낙,지엘아세클로페낙정100밀리그램,20160808,201604833,[M040359]아세클로페낙,[M040359]아세클로페낙,단일,20210715,,,노인주의
20200327,밝은 분홍색의 원형 필름코팅정,02590,기타의 비뇨생식기관 및 항문용약,에이치케이이노엔(주),전문의약품,필름코팅정,D000730,Solifenacin succinate,Solifenacin succinate(솔리페나신숙신산염),솔리페나신숙신산염,베시스타정10밀리그램(솔리페나신숙신산염),20160906,201605449,[M251551]솔리페나신숙신산염,[M251551]솔리페나신숙신산염,단일,20200924,,,노인주의
20200224,밝은 노란색의 원형 필름코팅정,02590,기타의 비뇨생식기관 및 항문용약,주식회사제뉴원사이언스,전문의약품,필름코팅정,D000730,Solifenacin succinate,Solifenacin succinate(솔리페나신숙신산염),솔리페나신숙신산염,베시캄정5밀리그램(솔리페나신숙신산염),20161010,201605978,[M251551]솔리페나신숙신산염,[M251551]솔리페나신숙신산염,단일,20200924,,,노인주의
20191213,무색 또는 미황색의 투명한 용액이 들어 있는 갈색병,01170,정신신경용제,삼아제약(주),전문의약품,액상시럽제,D000114,Hydroxyzine,Hydroxyzine(히드록시진),히드록시진,두드리진시럽(히드록시진염산염),20161229,201607375,[M223358]히드록시진염산염,[M223358]히드록시진염산염,단일,20200924,,,노인주의
20200703,밝은 분홍색의 원형 필름코팅정,02590,기타의 비뇨생식기관 및 항문용약,경동제약(주),전문의약품,필름코팅정,D000730,Solifenacin succinate,Solifenacin succinate(솔리페나신숙신산염),솔리페나신숙신산염,솔페신정10밀리그램(솔리페나신숙신산염),20170206,201700621,[M251551]솔리페나신숙신산염,[M251551]솔리페나신숙신산염,단일,20200924,,,노인주의
20200131,밝은 노란색의 원형 필름코팅정,02590,기타의 비뇨생식기관 및 항문용약,경동제약(주),전문의약품,필름코팅정,D000730,Solifenacin succinate,Solifenacin succinate(솔리페나신숙신산염),솔리페나신숙신산염,솔페신정5밀리그램(솔리페나신숙신산염),20170206,201700622,[M251551]솔리페나신숙신산염,[M251551]솔리페나신숙신산염,단일,20200924,,,노인주의
20210318,밝은 분홍색의 원형 필름코팅정,02590,기타의 비뇨생식기관 및 항문용약,(주)제뉴파마,전문의약품,필름코팅정,D000730,Solifenacin succinate,Solifenacin succinate(솔리페나신숙신산염),솔리페나신숙신산염,베시콜정10밀리그램(솔리페나신숙신산염),20170315,201701288,[M259862]솔리페나신숙신산염,[M259862]솔리페나신숙신산염,단일,20200924,,,노인주의
20210303,밝은 노란색의 원형 필름코팅정,02590,기타의 비뇨생식기관 및 항문용약,(주)제뉴파마,전문의약품,필름코팅정,D000730,Solifenacin succinate,Solifenacin succinate(솔리페나신숙신산염),솔리페나신숙신산염,베시콜정5밀리그램(솔리페나신숙신산염),20170315,201701289,[M259862]솔리페나신숙신산염,[M259862]솔리페나신숙신산염,단일,20200924,,,노인주의
20200901,밝은 분홍색의 원형 필름코팅정제,02590,기타의 비뇨생식기관 및 항문용약,주식회사더유제약,전문의약품,필름코팅정,D000730,Solifenacin succinate,Solifenacin succinate(솔리페나신숙신산염),솔리페나신숙신산염,베시커버정10밀리그램(솔리페나신숙신산염),20170321,201701362,[M259862]솔리페나신숙신산염,[M259862]솔리페나신숙신산염,단일,20200924,,,노인주의
20200901,밝은 노란색의 원형 필름코팅정제,02590,기타의 비뇨생식기관 및 항문용약,주식회사더유제약,전문의약품,필름코팅정,D000730,Solifenacin succinate,Solifenacin succinate(솔리페나신숙신산염),솔리페나신숙신산염,베시커버정5밀리그램(솔리페나신숙신산염),20170321,201701363,[M259862]솔리페나신숙신산염,[M259862]솔리페나신숙신산염,단일,20200924,,,노인주의
20200629,밝은 분홍색의 원형 필름코팅정,02590,기타의 비뇨생식기관 및 항문용약,영진약품(주),전문의약품,필름코팅정,D000730,Solifenacin succinate,Solifenacin succinate(솔리페나신숙신산염),솔리페나신숙신산염,솔피펜정10밀리그램(솔리페나신숙신산염),20170324,201701410,[M259862]솔리페나신숙신산염,[M259862]솔리페나신숙신산염,단일,20200924,,,노인주의
20200629,밝은 노란색의 원형 필름코팅정,02590,기타의 비뇨생식기관 및 항문용약,영진약품(주),전문의약품,필름코팅정,D000730,Solifenacin succinate,Solifenacin succinate(솔리페나신숙신산염),솔리페나신숙신산염,솔피펜정5밀리그램(솔리페나신숙신산염),20170324,201701411,[M259862]솔리페나신숙신산염,[M259862]솔리페나신숙신산염,단일,20200924,,,노인주의
20240522,흰색의 원형 필름코팅제,01140,해열.진통.소염제,삼일제약(주),전문의약품,필름코팅정,D000739,Aceclofenac,Aceclofenac(아세클로페낙),아세클로페낙,아세펜정(아세클로페낙),20170328,201701471,[M040359]아세클로페낙,[M040359]아세클로페낙,단일,20210715,,,노인주의
20250415,흰색의 원형 장용성 필름코팅정,02190,기타의 순환계용약,광동제약(주),일반의약품,장용성필름코팅정,D000452,Aspirin,Aspirin(아스피린),아스피린,광동아스피린장용정100mg,20170420,201702015,[M040355]아스피린,[M040355]아스피린,단일,20210715,,,노인주의
20200512,밝은 분홍색 원형 필름코팅정제,02590,기타의 비뇨생식기관 및 항문용약,(주)경보제약,전문의약품,필름코팅정,D000730,Solifenacin succinate,Solifenacin succinate(솔리페나신숙신산염),솔리페나신숙신산염,베스칸정10밀리그램(솔리페나신숙신산염),20170424,201702071,[M259862]솔리페나신숙신산염,[M259862]솔리페나신숙신산염,단일,20200924,,,노인주의
20200512,밝은 노란색의 원형 필름코팅정,02590,기타의 비뇨생식기관 및 항문용약,(주)경보제약,전문의약품,필름코팅정,D000730,Solifenacin succinate,Solifenacin succinate(솔리페나신숙신산염),솔리페나신숙신산염,베스칸정5밀리그램(솔리페나신숙신산염),20170424,201702072,[M259862]솔리페나신숙신산염,[M259862]솔리페나신숙신산염,단일,20200924,,,노인주의
20201204,연한 노란색의 원형 구강붕해정,02590,기타의 비뇨생식기관 및 항문용약,(주)종근당,전문의약품,구강붕해정,D000730,Solifenacin succinate,Solifenacin succinate(솔리페나신숙신산염),솔리페나신숙신산염,솔리토스구강붕해정10밀리그램(솔리페나신숙신산염),20170427,201702167,[M259862]솔리페나신숙신산염,[M259862]솔리페나신숙신산염,단일,20200924,,,노인주의
20200107,연한 노란색의 원형 구강붕해정,02590,기타의 비뇨생식기관 및 항문용약,(주)종근당,전문의약품,구강붕해정,D000730,Solifenacin succinate,Solifenacin succinate(솔리페나신숙신산염),솔리페나신숙신산염,솔리토스구강붕해정5밀리그램(솔리페나신숙신산염),20170427,201702168,[M259862]솔리페나신숙신산염,[M259862]솔리페나신숙신산염,단일,20200924,,,노인주의
20200818,밝은 노란색의 원형 필름코팅정,02590,기타의 비뇨생식기관 및 항문용약,대화제약(주),전문의약품,필름코팅정,D000730,Solifenacin succinate,Solifenacin succinate(솔리페나신숙신산염),솔리페나신숙신산염,소울큐정5밀리그램(솔리페나신숙신산염),20170428,201702201,[M259862]솔리페나신숙신산염,[M259862]솔리페나신숙신산염,단일,20200924,,,노인주의
20200818,밝은 분홍색의 원형 필름코팅정,02590,기타의 비뇨생식기관 및 항문용약,대화제약(주),전문의약품,필름코팅정,D000730,Solifenacin succinate,Solifenacin succinate(솔리페나신숙신산염),솔리페나신숙신산염,소울큐정10밀리그램(솔리페나신숙신산염),20170428,201702204,[M259862]솔리페나신숙신산염,[M259862]솔리페나신숙신산염,단일,20200924,,,노인주의
20200622,밝은 노란색의 원형 필름코팅정,02590,기타의 비뇨생식기관 및 항문용약,(주)마더스제약,전문의약품,필름코팅정,D000730,Solifenacin succinate,Solifenacin succinate(솔리페나신숙신산염),솔리페나신숙신산염,솔리페노실정5밀리그램(솔리페나신숙신산염) ,20170627,201704822,[M259862]솔리페나신숙신산염,[M259862]솔리페나신숙신산염,단일,20200924,,,노인주의
20240522,흰색의 원형 코팅정제,01140,해열.진통.소염제,익수제약(주),전문의약품,필름코팅정,D000739,Aceclofenac,Aceclofenac(아세클로페낙),아세클로페낙,아로페낙정(아세클로페낙),20170725,201706180,[M040359]아세클로페낙,[M040359]아세클로페낙,단일,20210715,,,노인주의
20191226,밝은 분홍색의 원형 필름코팅정,02590,기타의 비뇨생식기관 및 항문용약,(주)셀트리온제약,전문의약품,필름코팅정,D000730,Solifenacin succinate,Solifenacin succinate(솔리페나신숙신산염),솔리페나신숙신산염,셀페리나정10밀리그램(솔리페나신숙신산염),20170814,201706574,[M259862]솔리페나신숙신산염,[M259862]솔리페나신숙신산염,단일,20200924,,,노인주의
20191226,밝은 노란색의 원형 필름코팅정,02590,기타의 비뇨생식기관 및 항문용약,(주)셀트리온제약,전문의약품,필름코팅정,D000730,Solifenacin succinate,Solifenacin succinate(솔리페나신숙신산염),솔리페나신숙신산염,셀페리나정5밀리그램(솔리페나신숙신산염),20170814,201706575,[M259862]솔리페나신숙신산염,[M259862]솔리페나신숙신산염,단일,20200924,,,노인주의
20250415,흰색의 원형 장용성 필름코팅정,02190,기타의 순환계용약,한국코러스(주),일반의약품,장용성필름코팅정,D000452,Aspirin,Aspirin(아스피린),아스피린,아스팜장용정(아스피린),20170829,201706882,[M040355]아스피린,[M040355]아스피린,단일,20210715,,,노인주의
20191127,밝은 분홍색 원형 필름코팅정제,02590,기타의 비뇨생식기관 및 항문용약,한국코러스(주),전문의약품,필름코팅정,D000730,Solifenacin succinate,Solifenacin succinate(솔리페나신숙신산염),솔리페나신숙신산염,솔페리신정10밀리그램(솔리페나신숙신산염),20170929,201707325,[M259862]솔리페나신숙신산염,[M259862]솔리페나신숙신산염,단일,20200924,,,노인주의
20191127,밝은 노란색 원형 필름코팅정제,02590,기타의 비뇨생식기관 및 항문용약,한국코러스(주),전문의약품,필름코팅정,D000730,Solifenacin succinate,Solifenacin succinate(솔리페나신숙신산염),솔리페나신숙신산염,솔페리신정5밀리그램(솔리페나신숙신산염),20170929,201707326,[M259862]솔리페나신숙신산염,[M259862]솔리페나신숙신산염,단일,20200924,,,노인주의
20250415,흰색의 원형 장용성 필름 코팅정,02190,기타의 순환계용약,(주)씨엘팜,일반의약품,장용성필름코팅정,D000452,Aspirin,Aspirin(아스피린),아스피린,비엘피린장용정100밀리그램(아스피린),20171221,201708490,[M040355]아스피린,[M040355]아스피린,단일,20210715,,,노인주의
20240522,흰색의 원형 필름코팅 정제,01140,해열.진통.소염제,에스에스팜(주),전문의약품,필름코팅정,D000739,Aceclofenac,Aceclofenac(아세클로페낙),아세클로페낙,에스노펜정(아세클로페낙),20180115,201800212,[M040359]아세클로페낙,[M040359]아세클로페낙,단일,20210715,,,노인주의
20240522,흰색의 원형 필름코팅 정제,01140,해열.진통.소염제,주식회사케이에스제약,전문의약품,필름코팅정,D000739,Aceclofenac,Aceclofenac(아세클로페낙),아세클로페낙,아세티정(아세클로페낙),20180129,201800516,[M040359]아세클로페낙,[M040359]아세클로페낙,단일,20210715,,,노인주의
20200728,분홍색의 타원형 필름코팅정 ,02590,기타의 비뇨생식기관 및 항문용약,유니메드제약(주),전문의약품,필름코팅정,D000730,Solifenacin succinate,Solifenacin succinate(솔리페나신숙신산염),솔리페나신숙신산염,오아비정10밀리그램(솔리페나신숙신산염),20180129,201800530,[M259862]솔리페나신숙신산염,[M259862]솔리페나신숙신산염,단일,20200924,,,노인주의
20200728,엷은 분홍색의 타원형 필름코팅정 ,02590,기타의 비뇨생식기관 및 항문용약,유니메드제약(주),전문의약품,필름코팅정,D000730,Solifenacin succinate,Solifenacin succinate(솔리페나신숙신산염),솔리페나신숙신산염,오아비정5밀리그램(솔리페나신숙신산염),20180129,201800531,[M259862]솔리페나신숙신산염,[M259862]솔리페나신숙신산염,단일,20200924,,,노인주의
20240522,흰색의 원형 필름코팅정,01140,해열.진통.소염제,(주)중헌제약,전문의약품,필름코팅정,D000739,Aceclofenac,Aceclofenac(아세클로페낙),아세클로페낙,아세크릴정(아세클로페낙),20180209,201800790,[M040359]아세클로페낙,[M040359]아세클로페낙,단일,20210715,,,노인주의
20240522,흰색의 원형 필름코팅정제,01140,해열.진통.소염제,코스맥스파마(주),전문의약품,필름코팅정,D000739,Aceclofenac,Aceclofenac(아세클로페낙),아세클로페낙,코스페낙정100밀리그램(아세클로페낙),20180228,201801017,[M040359]아세클로페낙,[M040359]아세클로페낙,단일,20210715,,,노인주의
20250415,흰색의 원형 장용성 필름코팅정,02190,기타의 순환계용약,(주)다산제약,일반의약품,장용성필름코팅정,D000452,Aspirin,Aspirin(아스피린),아스피린,뉴스피린장용정100밀리그램(아스피린),20180328,201801356,[M040355]아스피린,[M040355]아스피린,단일,20210715,,,노인주의
20240522,흰색의 원형 필름코팅정제,01140,해열.진통.소염제,(주)인트로바이오파마,전문의약품,필름코팅정,D000739,Aceclofenac,Aceclofenac(아세클로페낙),아세클로페낙,로페낙정(아세클로페낙),20180330,201801443,[M040359]아세클로페낙,[M040359]아세클로페낙,단일,20210715,,,노인주의
20250415,흰색의 원형 장용필름코팅정,02190,기타의 순환계용약,한국휴텍스제약(주),일반의약품,장용성필름코팅정,D000452,Aspirin,Aspirin(아스피린),아스피린,휴텍스아스피린장용정100mg(아스피린),20180619,201802534,[M040355]아스피린,[M040355]아스피린,단일,20210715,,,노인주의
20240522,흰색의 장방형 서방성 필름코팅정,01140,해열.진통.소염제,하나제약(주),전문의약품,서방성필름코팅정,D000739,Aceclofenac,Aceclofenac(아세클로페낙),아세클로페낙,세니탈CR정(아세클로페낙),20180703,201802770,[M040359]아세클로페낙/[M040359]아세클로페낙,[M040359]아세클로페낙/[M040359]아세클로페낙,단일,20210715,,,노인주의
20250415,흰색의 원형 장용성 필름코팅정,02190,기타의 순환계용약,대웅바이오(주),일반의약품,장용성필름코팅정,D000452,Aspirin,Aspirin(아스피린),아스피린,대웅바이오아스피린장용정100밀리그램,20180730,201803126,[M040355]아스피린,[M040355]아스피린,단일,20210715,,,노인주의
20250415,흰색의 원형 장용성 필름코팅정,02190,기타의 순환계용약,(주)마더스제약,일반의약품,장용성필름코팅정,D000452,Aspirin,Aspirin(아스피린),아스피린,마더스아스피린장용정100mg(아스피린),20180824,201803431,[M040355]아스피린,[M040355]아스피린,단일,20210715,,,노인주의
20240522,흰색의 원형 필름코팅 정제,01140,해열.진통.소염제,(주)시어스제약,전문의약품,필름코팅정,D000739,Aceclofenac,Aceclofenac(아세클로페낙),아세클로페낙,아세테크정(아세클로페낙),20190109,201900089,[M040359]아세클로페낙,[M040359]아세클로페낙,단일,20210715,,,노인주의
20250415,흰색의 원형 장용성 필름코팅정제,02190,기타의 순환계용약,(주)서울제약,일반의약품,장용성필름코팅정,D000452,Aspirin,Aspirin(아스피린),아스피린,서울아스피린장용정,20190115,201900178,[M040355]아스피린,[M040355]아스피린,단일,20210715,,,노인주의
20250415,흰색의 원형 장용성 필름코팅정,02190,기타의 순환계용약,한국넬슨제약(주),일반의약품,필름코팅정,D000452,Aspirin,Aspirin(아스피린),아스피린,케이아스피린장용정(아스피린),20190117,201900221,[M040355]아스피린,[M040355]아스피린,단일,20210715,,,노인주의
20240522,흰색의 원형 필름코팅 정제,01140,해열.진통.소염제,(주)킴스제약,전문의약품,필름코팅정,D000739,Aceclofenac,Aceclofenac(아세클로페낙),아세클로페낙,아세요정(아세클로페낙),20190222,201901099,[M040359]아세클로페낙,[M040359]아세클로페낙,단일,20210715,,,노인주의
20191202,밝은 분홍색 원형 필름코팅정제,02590,기타의 비뇨생식기관 및 항문용약,(주)휴비스트제약,전문의약품,필름코팅정,D000730,Solifenacin succinate,Solifenacin succinate(솔리페나신숙신산염),솔리페나신숙신산염,솔나신정10mg(솔리페나신숙신산염),20190226,201901225,[M259862]솔리페나신숙신산염,[M259862]솔리페나신숙신산염,단일,20200924,,,노인주의
20191202,밝은 노란색 원형 필름코팅정제,02590,기타의 비뇨생식기관 및 항문용약,(주)휴비스트제약,전문의약품,필름코팅정,D000730,Solifenacin succinate,Solifenacin succinate(솔리페나신숙신산염),솔리페나신숙신산염,솔나신정5mg(솔리페나신숙신산염),20190226,201901226,[M259862]솔리페나신숙신산염,[M259862]솔리페나신숙신산염,단일,20200924,,,노인주의
20250415,흰색의 원형 장용성 필름코팅정,02190,기타의 순환계용약,지엘파마(주),일반의약품,장용성필름코팅정,D000452,Aspirin,Aspirin(아스피린),아스피린,지엘아스피린장용정100밀리그램,20190328,201901869,[M040355]아스피린,[M040355]아스피린,단일,20210715,,,노인주의
20200901,밝은 분홍색 원형 필름코팅정제,02590,기타의 비뇨생식기관 및 항문용약,에이치엘비제약(주),전문의약품,필름코팅정,D000730,Solifenacin succinate,Solifenacin succinate(솔리페나신숙신산염),솔리페나신숙신산염,씨트케어정10밀리그램(솔리페나신숙신산염),20190404,201902069,[M259862]솔리페나신숙신산염,[M259862]솔리페나신숙신산염,단일,20200924,,,노인주의
20200901,밝은 노란색 원형 필름코팅정제,02590,기타의 비뇨생식기관 및 항문용약,에이치엘비제약(주),전문의약품,필름코팅정,D000730,Solifenacin succinate,Solifenacin succinate(솔리페나신숙신산염),솔리페나신숙신산염,씨트케어정5밀리그램(솔리페나신숙신산염),20190404,201902070,[M259862]솔리페나신숙신산염,[M259862]솔리페나신숙신산염,단일,20200924,,,노인주의
20240522,흰색의 원형 필름코팅정,01140,해열.진통.소염제,건일바이오팜주식회사,전문의약품,필름코팅정,D000739,Aceclofenac,Aceclofenac(아세클로페낙),아세클로페낙,아세팜정100밀리그램(아세클로페낙),20190408,201902130,[M040359]아세클로페낙,[M040359]아세클로페낙,단일,20210715,,,노인주의
20240522,흰색의 장방형 서방성 필름코팅정,01140,해열.진통.소염제,(주)동구바이오제약,전문의약품,서방성필름코팅정,D000739,Aceclofenac,Aceclofenac(아세클로페낙),아세클로페낙,에어페낙CR정(아세클로페낙),20190411,201902220,[M040359]아세클로페낙/[M040359]아세클로페낙,[M040359]아세클로페낙/[M040359]아세클로페낙,단일,20210715,,,노인주의
20240522,흰색의 원형 필름코팅정,01140,해열.진통.소염제,(주)보령바이오파마,전문의약품,필름코팅정,D000739,Aceclofenac,Aceclofenac(아세클로페낙),아세클로페낙,아세로탈정100밀리그램(아세클로페낙),20190423,201902538,[M040359]아세클로페낙,[M040359]아세클로페낙,단일,20210715,,,노인주의
20240522,흰색의 장방형 서방성 필름코팅정,01140,해열.진통.소염제,진양제약(주),전문의약품,서방성필름코팅정,D000739,Aceclofenac,Aceclofenac(아세클로페낙),아세클로페낙,아엔탈CR정(아세클로페낙),20190430,201902818,[M040359]아세클로페낙/[M040359]아세클로페낙,[M040359]아세클로페낙/[M040359]아세클로페낙,단일,20210715,,,노인주의
20240522,흰색의 장방형 서방성 필름코팅정,01140,해열.진통.소염제,(주)한국피엠지제약,전문의약품,서방성필름코팅정,D000739,Aceclofenac,Aceclofenac(아세클로페낙),아세클로페낙,아세민CR정(아세클로페낙),20190430,201902819,[M040359]아세클로페낙/[M040359]아세클로페낙,[M040359]아세클로페낙/[M040359]아세클로페낙,단일,20210715,,,노인주의
20240522,흰색의 장방형 서방성 필름코팅정,01140,해열.진통.소염제,성원애드콕제약(주),전문의약품,서방성필름코팅정,D000739,Aceclofenac,Aceclofenac(아세클로페낙),아세클로페낙,아세날CR정(아세클로페낙),20190430,201902821,[M040359]아세클로페낙/[M040359]아세클로페낙,[M040359]아세클로페낙/[M040359]아세클로페낙,단일,20210715,,,노인주의
20240522,흰색의 장방형 서방성 필름코팅정,01140,해열.진통.소염제,구주제약(주),전문의약품,서방성필름코팅정,D000739,Aceclofenac,Aceclofenac(아세클로페낙),아세클로페낙,아세론CR정(아세클로페낙),20190507,201902910,[M040359]아세클로페낙/[M040359]아세클로페낙,[M040359]아세클로페낙/[M040359]아세클로페낙,단일,20210715,,,노인주의
20240522,흰색의 장방형 서방성 필름코팅정,01140,해열.진통.소염제,건일바이오팜주식회사,전문의약품,서방성필름코팅정,D000739,Aceclofenac,Aceclofenac(아세클로페낙),아세클로페낙,아세팜CR정(아세클로페낙),20190507,201902911,[M040359]아세클로페낙/[M040359]아세클로페낙,[M040359]아세클로페낙/[M040359]아세클로페낙,단일,20210715,,,노인주의
20240522,흰색의 장방형 서방성 필름코팅정,01140,해열.진통.소염제,이연제약(주),전문의약품,서방성필름코팅정,D000739,Aceclofenac,Aceclofenac(아세클로페낙),아세클로페낙,아크로CR정(아세클로페낙),20190509,201903016,[M040359]아세클로페낙/[M040359]아세클로페낙,[M040359]아세클로페낙/[M040359]아세클로페낙,단일,20210715,,,노인주의
20240522,흰색의 장방형 서방성 필름코팅정,01140,해열.진통.소염제,(주)새한제약,전문의약품,서방성필름코팅정,D000739,Aceclofenac,Aceclofenac(아세클로페낙),아세클로페낙,아크로날CR정(아세클로페낙),20190509,201903018,[M040359]아세클로페낙/[M040359]아세클로페낙,[M040359]아세클로페낙/[M040359]아세클로페낙,단일,20210715,,,노인주의
20240522,흰색의 원형 필름코팅정제,01140,해열.진통.소염제,독립바이오제약(주),전문의약품,필름코팅정,D000739,Aceclofenac,Aceclofenac(아세클로페낙),아세클로페낙,독립아세클로페낙정,20190528,201903453,[M040359]아세클로페낙,[M040359]아세클로페낙,단일,20210715,,,노인주의
20240522,흰색의 원형 필름코팅 정제,01140,해열.진통.소염제,(주)서흥,전문의약품,필름코팅정,D000739,Aceclofenac,Aceclofenac(아세클로페낙),아세클로페낙,아세바정100밀리그램(아세클로페낙),20190618,201904237,[M040359]아세클로페낙,[M040359]아세클로페낙,단일,20210715,,,노인주의
20240522,흰색의 장방형 서방성 필름코팅정,01140,해열.진통.소염제,(주)한국파마,전문의약품,서방성필름코팅정,D000739,Aceclofenac,Aceclofenac(아세클로페낙),아세클로페낙,파마아세클로페낙CR정(아세클로페낙),20190620,201904284,[M040359]아세클로페낙/[M040359]아세클로페낙,[M040359]아세클로페낙/[M040359]아세클로페낙,단일,20210715,,,노인주의
20191114,밝은 노란색의 원형 필름코팅정,02590,기타의 비뇨생식기관 및 항문용약,한올바이오파마(주),전문의약품,필름코팅정,D000730,Solifenacin succinate,Solifenacin succinate(솔리페나신숙신산염),솔리페나신숙신산염,베시가드정5밀리그램(솔리페나신숙신산염),20190708,201904620,[M259862]솔리페나신숙신산염,[M259862]솔리페나신숙신산염,단일,20200924,,,노인주의
20191114,연한 분홍색의 원형 필름코팅정,02590,기타의 비뇨생식기관 및 항문용약,한올바이오파마(주),전문의약품,필름코팅정,D000730,Solifenacin succinate,Solifenacin succinate(솔리페나신숙신산염),솔리페나신숙신산염,베시가드정10밀리그램(솔리페나신숙신산염),20190708,201904621,[M259862]솔리페나신숙신산염,[M259862]솔리페나신숙신산염,단일,20200924,,,노인주의
20240522,흰색의 원형 필름코팅 정제,01140,해열.진통.소염제,(주)한풍제약,전문의약품,필름코팅정,D000739,Aceclofenac,Aceclofenac(아세클로페낙),아세클로페낙,아세네정(아세클로페낙),20190711,201904672,[M040359]아세클로페낙,[M040359]아세클로페낙,단일,20210715,,,노인주의
20240522,흰색의 원형 필름코팅 정제,01140,해열.진통.소염제,(주)셀비온,전문의약품,필름코팅정,D000739,Aceclofenac,Aceclofenac(아세클로페낙),아세클로페낙,신텍클로페낙정100밀리그램(아세클로페낙),20190801,201905471,[M040359]아세클로페낙,[M040359]아세클로페낙,단일,20210715,,,노인주의
20240522,흰색의 장방형 서방성 필름코팅정,01140,해열.진통.소염제,대우제약(주),전문의약품,서방성필름코팅정,D000739,Aceclofenac,Aceclofenac(아세클로페낙),아세클로페낙,에이펜CR서방정(아세클로페낙),20190826,201906060,[M040359]아세클로페낙/[M040359]아세클로페낙,[M040359]아세클로페낙/[M040359]아세클로페낙,단일,20210715,,,노인주의
20240522,흰색의 장방형 서방성 필름코팅정,01140,해열.진통.소염제,엔비케이제약(주),전문의약품,서방성필름코팅정,D000739,Aceclofenac,Aceclofenac(아세클로페낙),아세클로페낙,아클페낙CR서방정(아세클로페낙),20190828,201906109,[M040359]아세클로페낙/[M040359]아세클로페낙,[M040359]아세클로페낙/[M040359]아세클로페낙,단일,20210715,,,노인주의
20240522,흰색의 장방형 서방성 필름코팅정,01140,해열.진통.소염제,화일약품(주),전문의약품,서방성필름코팅정,D000739,Aceclofenac,Aceclofenac(아세클로페낙),아세클로페낙,에클로펜CR서방정(아세클로페낙),20190829,201906178,[M040359]아세클로페낙/[M040359]아세클로페낙,[M040359]아세클로페낙/[M040359]아세클로페낙,단일,20210715,,,노인주의
20240522,흰색의 원형 필름코팅제,01140,해열.진통.소염제,(주)아리제약,전문의약품,필름코팅정,D000739,Aceclofenac,Aceclofenac(아세클로페낙),아세클로페낙,세로탈정100밀리그램(아세클로페낙),20191004,201907074,[M040359]아세클로페낙,[M040359]아세클로페낙,단일,20210715,,,노인주의
20240522,흰색의 양면이 볼록한 장방형 필름코팅정제,01140,해열.진통.소염제,신일제약(주),전문의약품,필름코팅정,D000739,Aceclofenac,Aceclofenac(아세클로페낙),아세클로페낙,에이스낙CR서방정200밀리그램(아세클로페낙),20191028,201907528,[M040359]아세클로페낙/[M040359]아세클로페낙,[M040359]아세클로페낙/[M040359]아세클로페낙,단일,20210715,,,노인주의
20240522,흰색의 원형 필름코팅 정제,01140,해열.진통.소염제,오스템파마주식회사,전문의약품,필름코팅정,D000739,Aceclofenac,Aceclofenac(아세클로페낙),아세클로페낙,오스템아세클로페낙정,20191204,201908226,[M040359]아세클로페낙,[M040359]아세클로페낙,단일,20210715,,,노인주의
20250415,흰색의 원형 장용성 필름코팅정,02190,기타의 순환계용약,(주)보령바이오파마,일반의약품,필름코팅정,D000452,Aspirin,Aspirin(아스피린),아스피린,보령바이오아스피린장용정100밀리그램,20191209,201908303,[M040355]아스피린,[M040355]아스피린,단일,20210715,,,노인주의
20240522,흰색의 장방형 서방성 필름코팅정,01140,해열.진통.소염제,일성아이에스(주),전문의약품,서방성필름코팅정,D000739,Aceclofenac,Aceclofenac(아세클로페낙),아세클로페낙,아셀로CR서방정200밀리그램(아세클로페낙),20200113,202000205,[M040359]아세클로페낙/[M040359]아세클로페낙,[M040359]아세클로페낙/[M040359]아세클로페낙,단일,20210715,,,노인주의
20200123,밝은 노란색의 원형 필름코팅정,02590,기타의 비뇨생식기관 및 항문용약,주식회사케이에스제약,전문의약품,필름코팅정,D000730,Solifenacin succinate,Solifenacin succinate(솔리페나신숙신산염),솔리페나신숙신산염,시스케어정5밀리그램(솔리페나신숙신산염),20200120,202000290,[M259862]솔리페나신숙신산염,[M259862]솔리페나신숙신산염,단일,20200924,,,노인주의
20200123,연한 분홍색의 원형 필름코팅정,02590,기타의 비뇨생식기관 및 항문용약,주식회사케이에스제약,전문의약품,필름코팅정,D000730,Solifenacin succinate,Solifenacin succinate(솔리페나신숙신산염),솔리페나신숙신산염,시스케어정10밀리그램(솔리페나신숙신산염),20200120,202000291,[M259862]솔리페나신숙신산염,[M259862]솔리페나신숙신산염,단일,20200924,,,노인주의
20240522,흰색의 원형 필름코팅 정제,01140,해열.진통.소염제,대원바이오텍주식회사,전문의약품,필름코팅정,D000739,Aceclofenac,Aceclofenac(아세클로페낙),아세클로페낙,아세진정(아세클로페낙),20200204,202000601,[M040359]아세클로페낙,[M040359]아세클로페낙,단일,20210715,,,노인주의
20240522,흰색의 원형 필름코팅정제,01140,해열.진통.소염제,주식회사더유제약,전문의약품,필름코팅정,D000739,Aceclofenac,Aceclofenac(아세클로페낙),아세클로페낙,아세클론정(아세클로페낙),20200207,202000737,[M040359]아세클로페낙,[M040359]아세클로페낙,단일,20210715,,,노인주의
20240522,흰색의 원형 필름코팅 정제,01140,해열.진통.소염제,하이플생명과학(주),전문의약품,필름코팅정,D000739,Aceclofenac,Aceclofenac(아세클로페낙),아세클로페낙,아세클로디드정(아세클로페낙),20200217,202001048,[M040359]아세클로페낙,[M040359]아세클로페낙,단일,20210715,,,노인주의
20210907,밝은 노란색의 원형 필름코팅정,02590,기타의 비뇨생식기관 및 항문용약,일성아이에스(주),전문의약품,필름코팅정,D000730,Solifenacin succinate,Solifenacin succinate(솔리페나신숙신산염),솔리페나신숙신산염,솔페나정5밀리그램(솔리페나신숙신산염),20200220,202001227,[M259862]솔리페나신숙신산염,[M259862]솔리페나신숙신산염,단일,20200924,,,노인주의
20200903,연한 분홍색의 원형 필름코팅정,02590,기타의 비뇨생식기관 및 항문용약,일성아이에스(주),전문의약품,필름코팅정,D000730,Solifenacin succinate,Solifenacin succinate(솔리페나신숙신산염),솔리페나신숙신산염,솔페나정10밀리그램(솔리페나신숙신산염),20200220,202001228,[M259862]솔리페나신숙신산염,[M259862]솔리페나신숙신산염,단일,20200924,,,노인주의
20250415,흰색의 원형 장용성 필름코팅정,02190,기타의 순환계용약,삼성제약(주),일반의약품,장용성필름코팅정,D000452,Aspirin,Aspirin(아스피린),아스피린,삼성아스피린장용정100밀리그램,20200303,202001489,[M040355]아스피린,[M040355]아스피린,단일,20210715,,,노인주의
20240522,흰색의 원형 필름코팅 정제,01140,해열.진통.소염제,(주)엘앤씨바이오 ,전문의약품,필름코팅정,D000739,Aceclofenac,Aceclofenac(아세클로페낙),아세클로페낙,메가클로페낙정(아세클로페낙),20200318,202001890,[M040359]아세클로페낙,[M040359]아세클로페낙,단일,20210715,,,노인주의
20240522,흰색의 원형 필름코팅 정제,01140,해열.진통.소염제,(주)라이트팜텍,전문의약품,필름코팅정,D000739,Aceclofenac,Aceclofenac(아세클로페낙),아세클로페낙,툴스페낙정100밀리그램(아세클로페낙),20200421,202002811,[M040359]아세클로페낙,[M040359]아세클로페낙,단일,20210715,,,노인주의
20201019,밝은 노란색의 원형 필름코팅정,02590,기타의 비뇨생식기관 및 항문용약,(주)보령바이오파마,전문의약품,필름코팅정,D000730,Solifenacin succinate,Solifenacin succinate(솔리페나신숙신산염),솔리페나신숙신산염,베시퀸정5밀리그램(솔리페나신숙신산염) ,20200427,202003046,[M259862]솔리페나신숙신산염,[M259862]솔리페나신숙신산염,단일,20200924,,,노인주의
20201019,밝은 분홍색의 원형 필름코팅정,02590,기타의 비뇨생식기관 및 항문용약,(주)보령바이오파마,전문의약품,필름코팅정,D000730,Solifenacin succinate,Solifenacin succinate(솔리페나신숙신산염),솔리페나신숙신산염,베시퀸정10밀리그램(솔리페나신숙신산염) ,20200427,202003047,[M259862]솔리페나신숙신산염,[M259862]솔리페나신숙신산염,단일,20200924,,,노인주의
20240522,흰색의 장방형 서방성 필름코팅정,01140,해열.진통.소염제,(주)씨티씨바이오,전문의약품,서방성필름코팅정,D000739,Aceclofenac,Aceclofenac(아세클로페낙),아세클로페낙,에세탈서방정(아세클로페낙),20200429,202003194,[M040359]아세클로페낙/[M040359]아세클로페낙,[M040359]아세클로페낙/[M040359]아세클로페낙,단일,20210715,,,노인주의
20210507,연분홍색 원형 필름코팅정,02590,기타의 비뇨생식기관 및 항문용약,(주)엘앤씨바이오 ,전문의약품,필름코팅정,D000730,Solifenacin succinate,Solifenacin succinate(솔리페나신숙신산염),솔리페나신숙신산염,메가솔페나정5밀리그램(솔리페나신숙신산염),20200515,202003532,[M259862]솔리페나신숙신산염,[M259862]솔리페나신숙신산염,단일,20200924,,,노인주의
20250415,흰색의 원형 장용성 필름코팅정,02190,기타의 순환계용약,성이바이오제약주식회사,일반의약품,장용성필름코팅정,D000452,Aspirin,Aspirin(아스피린),아스피린,와이투아스피린장용정100밀리그램(아스피린),20210723,202105531,[M040355]아스피린,[M040355]아스피린,단일,20210715,,,노인주의
,연록색의 원형 당의정,01170,정신신경용제,환인제약(주),전문의약품,당의정,D000056,Chlordiazepoxide,Chlordiazepoxide(클로르디아제폭시드),클로르디아제폭시드,리버티정10밀리그램(클로르디아제폭시드염산염),19811214,198100697,[M223206]클로르디아제폭시드염산염,[M223206]클로르디아제폭시드염산염,단일,20150728,"노인에서의 장기지속형 벤조다이아제핀 사용은 운동실조, 과진정 등이 나타나기 쉬움으로 소량부터 신중투여",,노인주의
,황색의 원형 당의정,01170,정신신경용제,환인제약(주),전문의약품,당의정,D000056,Chlordiazepoxide,Chlordiazepoxide(클로르디아제폭시드),클로르디아제폭시드,리버티정5밀리그램(클로르디아제폭시드염산염),19921007,199203463,[M223206]클로르디아제폭시드염산염,[M223206]클로르디아제폭시드염산염,단일,20150728,"노인에서의 장기지속형 벤조다이아제핀 사용은 운동실조, 과진정 등이 나타나기 쉬움으로 소량부터 신중투여",,노인주의
,엷은 주황색의 원형 정제,01130,항전간제,(주)종근당,전문의약품,나정,D000375,Clonazepam,Clonazepam(클로나제팜),클로나제팜,리보트릴정(클로나제팜),20061107,200610884,[M093594]클로나제팜,[M093594]클로나제팜,단일,20150728,"노인에서의 장기지속형 벤조다이아제핀 사용은 운동실조, 과진정 등이 나타나기 쉬움으로 소량부터 신중투여",,노인주의
,엷은 주황색의 원형 정제,01130,항전간제,환인제약(주),전문의약품,나정,D000375,Clonazepam,Clonazepam(클로나제팜),클로나제팜,환인클로나제팜정0.5밀리그램,20140129,201400403,[M093594]클로나제팜,[M093594]클로나제팜,단일,20150728,"노인에서의 장기지속형 벤조다이아제핀 사용은 운동실조, 과진정 등이 나타나기 쉬움으로 소량부터 신중투여",,노인주의
,엷은 주황색의 원형 정제,01130,항전간제,환인제약(주),전문의약품,나정,D000375,Clonazepam,Clonazepam(클로나제팜),클로나제팜,환인클로나제팜정0.5밀리그램(WhanIn Clonazepam Tab. 0.5mg),20190225,201901158,[M093594]클로나제팜,[M093594]클로나제팜,단일,20150728,"노인에서의 장기지속형 벤조다이아제핀 사용은 운동실조, 과진정 등이 나타나기 쉬움으로 소량부터 신중투여",,노인주의
,백색의 원형 정제,01170,정신신경용제,대원제약(주),전문의약품,나정,D000090,Diazepam,Diazepam(디아제팜),디아제팜,대원디아제팜정2밀리그램(수출명:디아잠정2밀리그램)(수출명2:트레즈콘정2밀리그램),19770512,197700525,[M040102]디아제팜,[M040102]디아제팜,단일,20150728,"노인에서의 장기지속형 벤조다이아제핀 사용은 운동실조, 과진정 등이 나타나기 쉬움으로 소량부터 신중투여",,노인주의
,백색의 정제,01170,정신신경용제,삼진제약(주),전문의약품,나정,D000090,Diazepam,Diazepam(디아제팜),디아제팜,삼진디아제팜정2밀리그람,19770914,197700535,[M040102]디아제팜,[M040102]디아제팜,단일,20150728,"노인에서의 장기지속형 벤조다이아제핀 사용은 운동실조, 과진정 등이 나타나기 쉬움으로 소량부터 신중투여",,노인주의
,흰색의 팔각형 정제,01170,정신신경용제,삼진제약(주),전문의약품,나정,D000090,Diazepam,Diazepam(디아제팜),디아제팜,삼진디아제팜정5밀리그람,19770914,197700536,[M040102]디아제팜,[M040102]디아제팜,단일,20150728,"노인에서의 장기지속형 벤조다이아제핀 사용은 운동실조, 과진정 등이 나타나기 쉬움으로 소량부터 신중투여",,노인주의
,무색 또는 미황색의 액이 든 갈색앰플주사제,01170,정신신경용제,삼진제약(주),전문의약품,용액주사제,D000090,Diazepam,Diazepam(디아제팜),디아제팜,삼진디아제팜주,19790214,197900546,[M040102]디아제팜,[M040102]디아제팜,단일,20150728,"노인에서의 장기지속형 벤조다이아제핀 사용은 운동실조, 과진정 등이 나타나기 쉬움으로 소량부터 신중투여",,노인주의
,백색의 원형정제,01170,정신신경용제,명인제약(주),전문의약품,나정,D000090,Diazepam,Diazepam(디아제팜),디아제팜,명인디아제팜정2밀리그램,19850910,198501811,[M040102]디아제팜,[M040102]디아제팜,단일,20150728,"노인에서의 장기지속형 벤조다이아제핀 사용은 운동실조, 과진정 등이 나타나기 쉬움으로 소량부터 신중투여",,노인주의
,미황색의 원형정제,01170,정신신경용제,명인제약(주),전문의약품,나정,D000090,Diazepam,Diazepam(디아제팜),디아제팜,명인디아제팜정5밀리그램,19850910,198501812,[M040102]디아제팜,[M040102]디아제팜,단일,20150728,"노인에서의 장기지속형 벤조다이아제핀 사용은 운동실조, 과진정 등이 나타나기 쉬움으로 소량부터 신중투여",,노인주의
,청색의 원형 정제,01170,정신신경용제,명인제약(주),전문의약품,나정,D000090,Diazepam,Diazepam(디아제팜),디아제팜,명인디아제팜정10밀리그램,19850910,198501813,[M040102]디아제팜,[M040102]디아제팜,단일,20150728,"노인에서의 장기지속형 벤조다이아제핀 사용은 운동실조, 과진정 등이 나타나기 쉬움으로 소량부터 신중투여",,노인주의
,미황색의 원형정제,01170,정신신경용제,지피테라퓨틱스코리아주식회사,전문의약품,나정,D000090,Diazepam,Diazepam(디아제팜),디아제팜,바리움정5밀리그람(디아제팜),20061228,200700501,[M040102]디아제팜,[M040102]디아제팜,단일,20150728,"노인에서의 장기지속형 벤조다이아제핀 사용은 운동실조, 과진정 등이 나타나기 쉬움으로 소량부터 신중투여",,노인주의
,백색의 원형 정제,01120,최면진정제,환인제약(주),전문의약품,나정,D000411,Flunitrazepam,Flunitrazepam(플루니트라제팜),플루니트라제팜,라제팜정(플루니트라제팜),19830523,198301310,[M088375]플루니트라제팜,[M088375]플루니트라제팜,단일,20150728,"노인에서의 장기지속형 벤조다이아제핀 사용은 운동실조, 과진정 등이 나타나기 쉬움으로 소량부터 신중투여",,노인주의
,흰색의 원형 정제,01120,최면진정제,명인제약(주),전문의약품,나정,D000411,Flunitrazepam,Flunitrazepam(플루니트라제팜),플루니트라제팜,루나팜정(플루니트라제팜),19851120,198501814,[M088375]플루니트라제팜,[M088375]플루니트라제팜,단일,20150728,"노인에서의 장기지속형 벤조다이아제핀 사용은 운동실조, 과진정 등이 나타나기 쉬움으로 소량부터 신중투여",,노인주의
,오렌지 황색의 필림코팅된 원형 정제,01120,최면진정제,고려제약(주),전문의약품,필름코팅정,D000106,Flurazepam,Flurazepam(플루라제팜),플루라제팜,달마돔정(플루라제팜염산염),19990805,199907280,[M223321]플루라제팜염산염,[M223321]플루라제팜염산염,단일,20150728,"노인에서의 장기지속형 벤조다이아제핀 사용은 운동실조, 과진정 등이 나타나기 쉬움으로 소량부터 신중투여",,노인주의
,백색의 원형정제,01170,정신신경용제,(주)한독,전문의약품,나정,D000378,Clobasam ,Clobasam (클로바잠),클로바잠,센틸정10밀리그람(클로바잠),19810212,198100698,[M051537]클로바잠,[M051537]클로바잠,단일,20150728,"노인에서의 장기지속형 벤조다이아제핀 사용은 운동실조, 과진정 등이 나타나기 쉬움으로 소량부터 신중투여",,노인주의
,백색의 원형정제,01170,정신신경용제,(주)한독,전문의약품,나정,D000378,Clobasam ,Clobasam (클로바잠),클로바잠,센틸정5밀리그람(클로바잠),19810212,198100711,[M051537]클로바잠,[M051537]클로바잠,단일,20150728,"노인에서의 장기지속형 벤조다이아제핀 사용은 운동실조, 과진정 등이 나타나기 쉬움으로 소량부터 신중투여",,노인주의
,백색의 원형 정제,01170,정신신경용제,(주)한독,전문의약품,나정,D000378,Clobasam ,Clobasam (클로바잠),클로바잠,푸리지움5밀리그람(클로바잠),20010111,200109979,[M051537]클로바잠,[M051537]클로바잠,단일,20150728,"노인에서의 장기지속형 벤조다이아제핀 사용은 운동실조, 과진정 등이 나타나기 쉬움으로 소량부터 신중투여",,노인주의
,백색의 원형 정제,01170,정신신경용제,(주)한독,전문의약품,나정,D000378,Clobasam ,Clobasam (클로바잠),클로바잠,푸리지움10밀리그람(클로바잠)영문:Frisium10mg,20010111,200109980,[M051537]클로바잠,[M051537]클로바잠,단일,20150728,"노인에서의 장기지속형 벤조다이아제핀 사용은 운동실조, 과진정 등이 나타나기 쉬움으로 소량부터 신중투여",,노인주의
,녹색의 원형 필름코팅정,01170,정신신경용제,고려제약(주),전문의약품,필름코팅정,D000056,Chlordiazepoxide,Chlordiazepoxide(클로르디아제폭시드),클로르디아제폭시드,"리브락스정(클리디늄브롬화물,클로르디아제폭시드)
",19990805,199907281,[M253729]클리디늄브롬화물/[M088403]클로르디아제폭시드,[M253729]클리디늄브롬화물/[M088403]클로르디아제폭시드,복합,20150728,"노인에서의 장기지속형 벤조다이아제핀 사용은 운동실조, 과진정 등이 나타나기 쉬움으로 소량부터 신중투여",,노인주의
,무색투명한 액이 갈색 투명한 앰플에 든 주사제,01410,항히스타민제,(주)인트로바이오파마,전문의약품,용액주사제,D000893,Chlorpheniramine,Chlorpheniramine(클로르페니라민),클로르페니라민,페라민주(클로르페니라민말레산염),20140331,201401504,[M223211]클로르페니라민말레산염,[M223211]클로르페니라민말레산염,단일,20200924,,,노인주의
,연한 노란색의 원형 필름코팅정,01190,기타의 중추신경용약,유니메드제약(주),전문의약품,필름코팅정,D000881,Trihexyphenidyl,Trihexyphenidyl(트리헥시페니딜),트리헥시페니딜,파킨정(트리헥시페니딜염산염)(수출용),20250724,202501896,[M223252]트리헥시페니딜염산염,[M223252]트리헥시페니딜염산염,단일,20200924,,,노인주의
,밝은 분홍색의 원형 필름코팅정,02590,기타의 비뇨생식기관 및 항문용약,신풍제약(주),전문의약품,필름코팅정,D000730,Solifenacin succinate,Solifenacin succinate(솔리페나신숙신산염),솔리페나신숙신산염,유로페나신정10밀리그램(솔리페나신숙신산염),20150331,201501770,[M259862]솔리페나신숙신산염,[M259862]솔리페나신숙신산염,단일,20200924,,,노인주의
,밝은 분홍색의 원형 필름코팅정,02590,기타의 비뇨생식기관 및 항문용약,일동제약(주),전문의약품,필름코팅정,D000730,Solifenacin succinate,Solifenacin succinate(솔리페나신숙신산염),솔리페나신숙신산염,유로케어정10밀리그램(솔리페나신숙신산염),20150414,201502203,[M259862]솔리페나신숙신산염,[M259862]솔리페나신숙신산염,단일,20200924,,,노인주의
,밝은 노란색의 원형 필름코팅정,02590,기타의 비뇨생식기관 및 항문용약,신풍제약(주),전문의약품,필름코팅정,D000730,Solifenacin succinate,Solifenacin succinate(솔리페나신숙신산염),솔리페나신숙신산염,유로페나신정5밀리그램(솔리페나신숙신산염),20150420,201502378,[M259862]솔리페나신숙신산염,[M259862]솔리페나신숙신산염,단일,20200924,,,노인주의
,밝은 노란색의 원형 필름코팅정,02590,기타의 비뇨생식기관 및 항문용약,대한뉴팜(주),전문의약품,필름코팅정,D000730,Solifenacin succinate,Solifenacin succinate(솔리페나신숙신산염),솔리페나신숙신산염,뉴페신정5mg(솔리페나신숙신산염),20150427,201502457,[M259862]솔리페나신숙신산염,[M259862]솔리페나신숙신산염,단일,20200924,,,노인주의
,연분홍색 원형 필름코팅정,02590,기타의 비뇨생식기관 및 항문용약,대원제약(주),전문의약품,필름코팅정,D000730,Solifenacin succinate,Solifenacin succinate(솔리페나신숙신산염),솔리페나신숙신산염,솔리프로정10mg(솔리페나신숙신산염),20150630,201504249,[M259862]솔리페나신숙신산염,[M259862]솔리페나신숙신산염,단일,20200924,,,노인주의
,연분홍색 원형 필름코팅정,02590,기타의 비뇨생식기관 및 항문용약,대원제약(주),전문의약품,필름코팅정,D000730,Solifenacin succinate,Solifenacin succinate(솔리페나신숙신산염),솔리페나신숙신산염,솔리프로정5mg(솔리페나신숙신산염),20150715,201504859,[M259862]솔리페나신숙신산염,[M259862]솔리페나신숙신산염,단일,20200924,,,노인주의
,연분홍색 원형 필름코팅정,02590,기타의 비뇨생식기관 및 항문용약,알보젠코리아(주),전문의약품,필름코팅정,D000730,Solifenacin succinate,Solifenacin succinate(솔리페나신숙신산염),솔리페나신숙신산염,솔리시톨정10밀리그램(솔리페나신숙신산염),20160614,201603454,[M259862]솔리페나신숙신산염,[M259862]솔리페나신숙신산염,단일,20200924,,,노인주의
,연분홍색 원형 필름코팅정,02590,기타의 비뇨생식기관 및 항문용약,알보젠코리아(주),전문의약품,필름코팅정,D000730,Solifenacin succinate,Solifenacin succinate(솔리페나신숙신산염),솔리페나신숙신산염,솔리시톨정5밀리그램(솔리페나신숙신산염),20160614,201603455,[M259862]솔리페나신숙신산염,[M259862]솔리페나신숙신산염,단일,20200924,,,노인주의
,밝은 노란색의 원형 필름코팅정,02590,기타의 비뇨생식기관 및 항문용약,일동제약(주),전문의약품,필름코팅정,D000730,Solifenacin succinate,Solifenacin succinate(솔리페나신숙신산염),솔리페나신숙신산염,유로케어정5밀리그램(솔리페나신숙신산염),20160715,201604378,[M259862]솔리페나신숙신산염,[M259862]솔리페나신숙신산염,단일,20200924,,,노인주의
,분홍색의 원형 필름코팅정,02590,기타의 비뇨생식기관 및 항문용약,동광제약(주),전문의약품,필름코팅정,D000730,Solifenacin succinate,Solifenacin succinate(솔리페나신숙신산염),솔리페나신숙신산염,베시칼린정10mg(솔리페나신숙신산염),20160808,201604822,[M251551]솔리페나신숙신산염,[M251551]솔리페나신숙신산염,단일,20200924,,,노인주의
,밝은 노란색의 원형 필름코팅정,02590,기타의 비뇨생식기관 및 항문용약,에이치케이이노엔(주),전문의약품,필름코팅정,D000730,Solifenacin succinate,Solifenacin succinate(솔리페나신숙신산염),솔리페나신숙신산염,베시스타정5밀리그램(솔리페나신숙신산염),20170331,201701572,[M259862]솔리페나신숙신산염,[M259862]솔리페나신숙신산염,단일,20200924,,,노인주의
,밝은 노란색의 원형 필름코팅정,02590,기타의 비뇨생식기관 및 항문용약,제일약품(주),전문의약품,필름코팅정,D000730,Solifenacin succinate,Solifenacin succinate(솔리페나신숙신산염),솔리페나신숙신산염,솔리나신정5밀리그램(솔리페나신숙신산염),20170424,201702068,[M259862]솔리페나신숙신산염,[M259862]솔리페나신숙신산염,단일,20200924,,,노인주의
,밝은 분홍색의 원형 필름코팅정,02590,기타의 비뇨생식기관 및 항문용약,제일약품(주),전문의약품,필름코팅정,D000730,Solifenacin succinate,Solifenacin succinate(솔리페나신숙신산염),솔리페나신숙신산염,솔리나신정10밀리그램(솔리페나신숙신산염),20170424,201702069,[M259862]솔리페나신숙신산염,[M259862]솔리페나신숙신산염,단일,20200924,,,노인주의
,밝은 노란색의 원형 필름코팅정,02590,기타의 비뇨생식기관 및 항문용약,동광제약(주),전문의약품,필름코팅정,D000730,Solifenacin succinate,Solifenacin succinate(솔리페나신숙신산염),솔리페나신숙신산염,베시칼린정5mg(솔리페나신숙신산염),20170427,201702150,[M259862]솔리페나신숙신산염,[M259862]솔리페나신숙신산염,단일,20200924,,,노인주의
,밝은 노란색 원형 필름코팅정제,02590,기타의 비뇨생식기관 및 항문용약,고려제약(주),전문의약품,필름코팅정,D000730,Solifenacin succinate,Solifenacin succinate(솔리페나신숙신산염),솔리페나신숙신산염,솔리스탑정5밀리그램(솔리페나신숙신산염),20170719,201705755,[M259862]솔리페나신숙신산염,[M259862]솔리페나신숙신산염,단일,20200924,,,노인주의
,밝은 분홍색 원형 필름코팅정제,02590,기타의 비뇨생식기관 및 항문용약,고려제약(주),전문의약품,필름코팅정,D000730,Solifenacin succinate,Solifenacin succinate(솔리페나신숙신산염),솔리페나신숙신산염,솔리스탑정10밀리그램(솔리페나신숙신산염),20170719,201705756,[M259862]솔리페나신숙신산염,[M259862]솔리페나신숙신산염,단일,20200924,,,노인주의
,밝은 분홍색의 원형 필름코팅정,02590,기타의 비뇨생식기관 및 항문용약,대웅바이오(주),전문의약품,필름코팅정,D000730,Solifenacin succinate,Solifenacin succinate(솔리페나신숙신산염),솔리페나신숙신산염,베시솔정10밀리그램(솔리페나신숙신산염),20170719,201705761,[M259862]솔리페나신숙신산염,[M259862]솔리페나신숙신산염,단일,20200924,,,노인주의
,밝은 노란색의 원형 필름코팅정,02590,기타의 비뇨생식기관 및 항문용약,대웅바이오(주),전문의약품,필름코팅정,D000730,Solifenacin succinate,Solifenacin succinate(솔리페나신숙신산염),솔리페나신숙신산염,베시솔정5밀리그램(솔리페나신숙신산염),20170719,201705762,[M259862]솔리페나신숙신산염,[M259862]솔리페나신숙신산염,단일,20200924,,,노인주의
,밝은 노란색의 원형 필름코팅정,02590,기타의 비뇨생식기관 및 항문용약,건일바이오팜주식회사,전문의약품,필름코팅정,D000730,Solifenacin succinate,Solifenacin succinate(솔리페나신숙신산염),솔리페나신숙신산염,솔라신정5밀리그램(솔리페나신숙신산염),20200319,202001940,[M259862]솔리페나신숙신산염,[M259862]솔리페나신숙신산염,단일,20200924,,,노인주의
,연한 분홍색의 원형 필름코팅정,02590,기타의 비뇨생식기관 및 항문용약,건일바이오팜주식회사,전문의약품,필름코팅정,D000730,Solifenacin succinate,Solifenacin succinate(솔리페나신숙신산염),솔리페나신숙신산염,솔라신정10밀리그램(솔리페나신숙신산염),20200319,202001941,[M259862]솔리페나신숙신산염,[M259862]솔리페나신숙신산염,단일,20200924,,,노인주의
,밝은 노란색 원형 필름코팅정제,02590,기타의 비뇨생식기관 및 항문용약,(주)한국팜비오,전문의약품,필름코팅정,D000730,Solifenacin succinate,Solifenacin succinate(솔리페나신숙신산염),솔리페나신숙신산염,오에이비정5밀리그램(솔리페나신숙신산염),20200320,202001997,[M259862]솔리페나신숙신산염,[M259862]솔리페나신숙신산염,단일,20200924,,,노인주의
,밝은 분홍색 원형 필름코팅정제,02590,기타의 비뇨생식기관 및 항문용약,(주)한국팜비오,전문의약품,필름코팅정,D000730,Solifenacin succinate,Solifenacin succinate(솔리페나신숙신산염),솔리페나신숙신산염,오에이비정10밀리그램 (솔리페나신숙신산염),20200320,202001998,[M259862]솔리페나신숙신산염,[M259862]솔리페나신숙신산염,단일,20200924,,,노인주의
,흰색의 원형 필름코팅정,02590,기타의 비뇨생식기관 및 항문용약,명문제약(주),전문의약품,필름코팅정,D001355,Propiverine,Propiverine(프로피베린),프로피베린,유로나정10mg(프로피베린염산염),20140707,201402986,[M255864]프로피베린염산염,[M255864]프로피베린염산염,단일,20200924,,,노인주의
,냄새가 없는 흰색의 편평구형의 필름코팅정,02590,기타의 비뇨생식기관 및 항문용약,(주)휴온스메디텍,전문의약품,필름코팅정,D001355,Propiverine,Propiverine(프로피베린),프로피베린,휴피베린정(프로피베린염산염),20160620,201603582,[M255864]프로피베린염산염,[M255864]프로피베린염산염,단일,20200924,,,노인주의
,흰색의 원형 필름코팅정,02590,기타의 비뇨생식기관 및 항문용약,이연제약(주),전문의약품,필름코팅정,D001355,Propiverine,Propiverine(프로피베린),프로피베린,이연프로피베린정10밀리그램(프로피베린염산염),20160726,201604598,[M255864]프로피베린염산염,[M255864]프로피베린염산염,단일,20200924,,,노인주의
,흰색의 원형 필름코팅정제,02590,기타의 비뇨생식기관 및 항문용약,한국코러스(주),전문의약품,필름코팅정,D001355,Propiverine,Propiverine(프로피베린),프로피베린,프로빈정20밀리그램(프로피베린염산염),20171221,201708498,[M255864]프로피베린염산염,[M255864]프로피베린염산염,단일,20200924,,,노인주의
,흰색의 원형 필름코팅정제,02590,기타의 비뇨생식기관 및 항문용약,(주)다산제약,전문의약품,필름코팅정,D001355,Propiverine,Propiverine(프로피베린),프로피베린,유프베린정(프로피베린염산염),20180430,201801829,[M255864]프로피베린염산염,[M255864]프로피베린염산염,단일,20200924,,,노인주의
,흰색의 원형 필름코팅정제,02590,기타의 비뇨생식기관 및 항문용약,(주)마더스제약,전문의약품,필름코팅정,D001355,Propiverine,Propiverine(프로피베린),프로피베린,유피베린정(프로피베린염산염),20180620,201802565,[M255864]프로피베린염산염,[M255864]프로피베린염산염,단일,20200924,,,노인주의
,흰색의 원형 필름코팅정제,02590,기타의 비뇨생식기관 및 항문용약,(주)넥스팜코리아,전문의약품,필름코팅정,D001355,Propiverine,Propiverine(프로피베린),프로피베린,넥스베린정20mg(프로피베린염산염),20180725,201803081,[M255864]프로피베린염산염,[M255864]프로피베린염산염,단일,20200924,,,노인주의
,흰색의 원형 필름코팅정,02590,기타의 비뇨생식기관 및 항문용약,(주)에이프로젠바이오로직스,전문의약품,필름코팅정,D001355,Propiverine,Propiverine(프로피베린),프로피베린,유리베린정(프로피베린염산염),20190322,201901741,[M255864]프로피베린염산염,[M255864]프로피베린염산염,단일,20200924,,,노인주의
,흰색의 원형 필름코팅정제,02590,기타의 비뇨생식기관 및 항문용약,한국휴텍스제약(주),전문의약품,필름코팅정,D001355,Propiverine,Propiverine(프로피베린),프로피베린,비유프로정(프로피베린염산염),20190416,201902339,[M255864]프로피베린염산염,[M255864]프로피베린염산염,단일,20200924,,,노인주의
,흰색의 원형 필름코팅정제,02590,기타의 비뇨생식기관 및 항문용약,(주)라이트팜텍,전문의약품,필름코팅정,D001355,Propiverine,Propiverine(프로피베린),프로피베린,프로베픽스정20mg(프로피베린염산염),20190716,201904737,[M255864]프로피베린염산염,[M255864]프로피베린염산염,단일,20200924,,,노인주의
,담청색의 원형정제,01230,자율신경제,한림제약(주),전문의약품,나정,D000044,Oxybutynin,Oxybutynin(옥시부티닌),옥시부티닌,오부틴정(옥시부티닌염산염)(수출용),20150924,201506765,[M246163]옥시부티닌염산염,[M246163]옥시부티닌염산염,단일,20200924,,,노인주의
,모서리가 둥근 직사각형 형태의 39㎠크기의 반투명한 패취제,,,신신제약(주),일반의약품,경피흡수제,D000044,Oxybutynin,Oxybutynin(옥시부티닌),옥시부티닌,신신옥시부티닌패취36mg(옥시부티닌)(수출용),20230728,202302260,[M259129]옥시부티닌,[M259129]옥시부티닌,단일,20200924,,,노인주의
,백색의 원형 당의정,02590,기타의 비뇨생식기관 및 항문용약,삼천당제약(주),전문의약품,당의정,D001356,Flavoxate,Flavoxate(플라복세이트),플라복세이트,크린세이트정(플라복세이트염산염)(수출용),20150414,201502219,[M223319]플라복세이트염산염,[M223319]플라복세이트염산염,단일,20200924,,,노인주의
,백색 원형 정제   ,01410,항히스타민제,(주)바이넥스,전문의약품,나정,D000226,Mequitazine,Mequitazine(메퀴타진),메퀴타진,바이넥스비타진정(메퀴타진),20050923,200500610,[M050446]메퀴타진,[M050446]메퀴타진,단일,20200924,,,노인주의
,흰색의 원형정제,01410,항히스타민제,케이엠에스제약(주),전문의약품,나정,D000226,Mequitazine,Mequitazine(메퀴타진),메퀴타진,케이엠에스메퀴타진정(수출용)(수출명 : KMS Hantazin Tab.),20121015,201207248,[M050446]메퀴타진,[M050446]메퀴타진,단일,20200924,,,노인주의
,흰색의 장방형 정제,01170,정신신경용제,(주)한국파마,전문의약품,나정,D000114,Hydroxyzine,Hydroxyzine(히드록시진),히드록시진,로진정25mg(히드록시진염산염)(수출용),20170718,201705739,[M223358]히드록시진염산염,[M223358]히드록시진염산염,단일,20200924,,,노인주의
,무색 또는 미황색의 투명한 용액이 들어 있는 갈색병,01170,정신신경용제,한화제약(주),전문의약품,액상시럽제,D000114,Hydroxyzine,Hydroxyzine(히드록시진),히드록시진,이치리진시럽(히드록시진염산염),20200722,202005261,[M223358]히드록시진염산염,[M223358]히드록시진염산염,단일,20200924,,,노인주의
,무색 또는 미황색의 투명한 용액이 들어 있는 갈색병,01170,정신신경용제,주식회사제뉴원사이언스,전문의약품,액상시럽제,D000114,Hydroxyzine,Hydroxyzine(히드록시진),히드록시진,유록스시럽(히드록시진염산염)(수출명: Urox Syrup)(수출용),20220214,202200690,[M223358]히드록시진염산염,[M223358]히드록시진염산염,단일,20200924,,,노인주의
,연청색의 타원형 정제,01120,최면진정제,일양약품(주),일반의약품,필름코팅정,D000296,Doxylamine,Doxylamine(독시라민),독시라민,자멘쏙정(독시라민숙신산염),20211028,202107184,[M250452]독시라민숙신산염,[M250452]독시라민숙신산염,단일,20200924,,,노인주의
,흰색의 직사각형 구강붕해필름,01120,최면진정제,(주)씨엘팜,일반의약품,구강붕해필름,D000296,Doxylamine,Doxylamine(독시라민),독시라민,슬리필구강붕해필름(독시라민숙신산염),20230724,202302234,[M250452]독시라민숙신산염,[M250452]독시라민숙신산염,단일,20200924,,,노인주의
,흰색의 타원형 정제,01120,최면진정제,(주)와이에스생명과학,일반의약품,나정,D000296,Doxylamine,Doxylamine(독시라민),독시라민,자모다정(독시라민숙신산염),20250320,202500644,[M250452]독시라민숙신산염,[M250452]독시라민숙신산염,단일,20200924,,,노인주의
,흰색 내지 거의 흰색의 원형 필름코팅정제,01120,최면진정제,초당약품공업(주),일반의약품,필름코팅정,D000296,Doxylamine,Doxylamine(독시라민),독시라민,자미솔정(독시라민숙신산염),20251001,202502598,[M250452]독시라민숙신산염,[M250452]독시라민숙신산염,단일,20200924,,,노인주의
,흰색의 타원형 정제,01120,최면진정제,(주)녹십자,일반의약품,나정,D000296,Doxylamine,Doxylamine(독시라민),독시라민,쿨드림롱정(독시라민숙신산염),20260130,202600284,[M250452]독시라민숙신산염,[M250452]독시라민숙신산염,단일,20200924,,,노인주의
,흰색의 타원형 정제,01120,최면진정제,에스케이케미칼(주),일반의약품,나정,D000296,Doxylamine,Doxylamine(독시라민),독시라민,쿨나잇정(독시라민숙신산염),20260520,202601464,[M250452]독시라민숙신산염,[M250452]독시라민숙신산염,단일,20200924,,,노인주의
,무색 투명한 겔제,02690,기타의 외피용약,(주)퍼슨,일반의약품,피부용겔제,D000895,Diphenhydramine,Diphenhydramine(디펜히드라민),디펜히드라민,브이엠안티이치겔(디펜히드라민염산염)(수출명:VM Anti-itch Gel(Diphenhydramine Hydrochloride)(수출용),20121129,201208876,[M222973]디펜히드라민염산염,[M222973]디펜히드라민염산염,단일,20200924,,,노인주의
,무색 내지 보라색의 투명한 내용물을 함유하는 보라색 투명의 장방형 연질캡슐제,01120,최면진정제,(주)동구바이오제약,일반의약품,"연질캡슐제, 액상",D000895,Diphenhydramine,Diphenhydramine(디펜히드라민),디펜히드라민,동구디펜히드라민염산염연질캡슐25밀리그램(수출용),20140311,201401099,[M222973]디펜히드라민염산염,[M222973]디펜히드라민염산염,단일,20200924,,,노인주의
,무색 내지 연한 청록색의 투명한 액상의 내용물을 함유한 연청록색의 볼록한 타원형 연질캡슐,01120,최면진정제,(주)인트로바이오파마,일반의약품,"연질캡슐제, 액상",D000895,Diphenhydramine,Diphenhydramine(디펜히드라민),디펜히드라민,코자미연질캡슐(디펜히드라민염산염),20200305,202001554,[M222973]디펜히드라민염산염,[M222973]디펜히드라민염산염,단일,20200924,,,노인주의
,무색 내지 연한 청록색의 투명한 액상의 내용물을 함유한 연청록색의 볼록한 타원형 연질캡슐,01120,최면진정제,경방신약(주),일반의약품,"연질캡슐제, 액상",D000895,Diphenhydramine,Diphenhydramine(디펜히드라민),디펜히드라민,드림굿연질캡슐(디펜히드라민염산염),20230406,202301154,[M222973]디펜히드라민염산염,[M222973]디펜히드라민염산염,단일,20200924,,,노인주의
,알루미늄 포에 든 무색 ~ 연한 노란색의 액제,01120,최면진정제,동아제약(주),일반의약품,경구용액제,D000895,Diphenhydramine,Diphenhydramine(디펜히드라민),디펜히드라민,이지퀼나잇액(디펜히드라민염산염),20230613,202301813,[M222973]디펜히드라민염산염,[M222973]디펜히드라민염산염,단일,20200924,,,노인주의
,무색 내지 연한 청록색의 투명한 액상의 내용물을 함유한 연청록색의 볼록한 타원형 연질캡슐,01120,최면진정제,태극제약(주),일반의약품,"연질캡슐제, 액상",D000895,Diphenhydramine,Diphenhydramine(디펜히드라민),디펜히드라민,딥슬링연질캡슐(디펜히드라민염산염),20250424,202500981,[M222973]디펜히드라민염산염,[M222973]디펜히드라민염산염,단일,20200924,,,노인주의
,무색 내지 연한 청록색의 투명한 액상의 내용물을 함유한 연청록색의 볼록한 타원형 연질캡슐,01120,최면진정제,경동제약(주),일반의약품,"연질캡슐제, 액상",D000895,Diphenhydramine,Diphenhydramine(디펜히드라민),디펜히드라민,그밤엔연질캡슐(디펜히드라민염산염),20250808,202502075,[M222973]디펜히드라민염산염,[M222973]디펜히드라민염산염,단일,20200924,,,노인주의
,무색 내지 보라색의 투명한 액상의 내용물이 든 보라색의 투명한 타원형 연질캡슐,01120,최면진정제,삼진제약(주),일반의약품,"연질캡슐제, 액상",D000895,Diphenhydramine,Diphenhydramine(디펜히드라민),디펜히드라민,이밤이지연질캡슐(디펜히드라민염산염),20260323,202600823,[M222973]디펜히드라민염산염,[M222973]디펜히드라민염산염,단일,20200924,,,노인주의
,흰색의 원형 정제,01140,해열.진통.소염제,(주)코미팜,일반의약품,나정,D000452,Aspirin,Aspirin(아스피린),아스피린,코미아스피린정(수출용),20170427,201702179,[M040355]아스피린,[M040355]아스피린,단일,20210715,,,노인주의
,흰색의 원형 장용성 필름코팅정,02190,기타의 순환계용약,(주)한국파비스제약,일반의약품,필름코팅정,D000452,Aspirin,Aspirin(아스피린),아스피린,에이스린장용정(아스피린)(수출용),20230208,202300475,[M040355]아스피린,[M040355]아스피린,단일,20210715,,,노인주의
20260220,황색의 장용피 원형정제,01140,해열.진통.소염제,동광제약(주),전문의약품,장용성필름코팅정,D000506,Diclofenac,Diclofenac(디클로페낙),디클로페낙,디페인정(디클로페낙나트륨),19800329,198000058,[M050288]디클로페낙나트륨,[M050288]디클로페낙나트륨,단일,20210715,,,노인주의
20260220,황갈색의 원형 장용성 제피정제이다.,01140,해열.진통.소염제,하나제약(주),전문의약품,장용성필름코팅정,D000506,Diclofenac,Diclofenac(디클로페낙),디클로페낙,하나디클로페낙나트륨정(수출용),19820427,198200559,[M050288]디클로페낙나트륨,[M050288]디클로페낙나트륨,단일,20210715,,,노인주의
20200818,연한 청색의 원형 필름코팅정,01140,해열.진통.소염제,영일제약(주),일반의약품,필름코팅정,D000675,Clonixin,Clonixin(클로닉신),클로닉신,크로낙정(클로닉신리시네이트),19840210,198400830,[M104025]클로닉신리시네이트,[M104025]클로닉신리시네이트,단일,20210715,,,노인주의
20250415,무색 또는 미황색의 액체가 충진된 갈색 앰플제임.,01140,해열.진통.소염제,아주약품(주),전문의약품,용액주사제,D000506,Diclofenac,Diclofenac(디클로페낙),디클로페낙,소페낙주사(디클로페낙나트륨),19860628,198600424,[M050288]디클로페낙나트륨,[M050288]디클로페낙나트륨,단일,20210715,,,노인주의
20250415,무색 투명한 액체가 든 갈색의 앰플제,01140,해열.진통.소염제,환인제약(주),전문의약품,용액주사제,D000506,Diclofenac,Diclofenac(디클로페낙),디클로페낙,바렌탁주(디클로페낙나트륨),19860628,198600666,[M050288]디클로페낙나트륨,[M050288]디클로페낙나트륨,단일,20210715,,,노인주의
20180814,하늘색의 원형 제피정,01140,해열.진통.소염제,대화제약(주),일반의약품,필름코팅정,D000675,Clonixin,Clonixin(클로닉신),클로닉신,디크로닉정(클로닉신리시네이트),19861117,198601047,[M080375]클로닉신리시네이트,[M080375]클로닉신리시네이트,단일,20210715,,,노인주의
20260220,주황색의 원형장용제피정,01140,해열.진통.소염제,대화제약(주),전문의약품,장용성필름코팅정,D000506,Diclofenac,Diclofenac(디클로페낙),디클로페낙,레틸론정(디클로페낙나트륨)(수출용),19861117,198601054,[M050288]디클로페낙나트륨,[M050288]디클로페낙나트륨,단일,20210715,,,노인주의
20260220,주황색의 원형 장용성 제피정제,01140,해열.진통.소염제,하나제약(주),전문의약품,장용성필름코팅정,D000506,Diclofenac,Diclofenac(디클로페낙),디클로페낙,하나디클로페낙나트륨정50밀리그램(수출용),19860320,198601164,[M050288]디클로페낙나트륨,[M050288]디클로페낙나트륨,단일,20210715,,,노인주의
20190225,노란색의 원형 필름코팅정제,01140,해열.진통.소염제,지엘파마(주),일반의약품,필름코팅정,D000675,Clonixin,Clonixin(클로닉신),클로닉신,노리스정(클로닉신리시네이트),19861204,198601395,[M104025]클로닉신리시네이트,[M104025]클로닉신리시네이트,단일,20210715,,,노인주의
20240522,갈색의 타원형 필름코팅제,01140,해열.진통.소염제,건일제약(주),전문의약품,필름코팅정,D000463,Etodolac,Etodolac(에토돌락),에토돌락,건일로딘정200밀리그램(미분화에토돌락),19870812,198700366,[M257127]미분화에토돌락,[M257127]미분화에토돌락,단일,20210715,,,노인주의
20260220,주황색의 원형 장용피정.,01140,해열.진통.소염제,지엘파마(주),전문의약품,장용성필름코팅정,D000506,Diclofenac,Diclofenac(디클로페낙),디클로페낙,디낙스정(디클로페낙나트륨),19870501,198701676,[M050288]디클로페낙나트륨,[M050288]디클로페낙나트륨,단일,20210715,,,노인주의
20250415,무색투명한 용액이 든 무색투명한 앰플 (수출용: 무색투명한 용액이 든 갈색앰플),01140,해열.진통.소염제,명문제약(주),전문의약품,용액주사제,D000506,Diclofenac,Diclofenac(디클로페낙),디클로페낙,토라렌주(디클로페낙나트륨)(수출명:토페라렌주사(Toferareninjection)),19871204,198701689,[M050288]디클로페낙나트륨/[M050288]디클로페낙나트륨,[M050288]디클로페낙나트륨/[M050288]디클로페낙나트륨,단일,20210715,,,노인주의
20180822,노란색의 원형 필름코팅정,01140,해열.진통.소염제,진양제약(주),일반의약품,필름코팅정,D000675,Clonixin,Clonixin(클로닉신),클로닉신,크록신정250밀리그램(클로닉신리시네이트)(수출명: 돌핀정),19880727,198800901,[M080375]클로닉신리시네이트,[M080375]클로닉신리시네이트,단일,20210715,,,노인주의
20250415,무색등명한 액체가 든 갈색 앰플제,01140,해열.진통.소염제,대화제약(주),전문의약품,용액주사제,D000506,Diclofenac,Diclofenac(디클로페낙),디클로페낙,레틸론주(디클로페낙나트륨)(수출용),19880822,198801647,[M050288]디클로페낙나트륨,[M050288]디클로페낙나트륨,단일,20210715,,,노인주의
20240522,"①백색 내지 유백색의 결정성 분말을 함유한 상부 암홍색, 하부 살구색의 경질 캡슐제②백색 내지 유백색의 결정성 분말을 함유한 상부 연청색, 하부 담청색의 경질캡슐제",01140,해열.진통.소염제,대우제약(주),전문의약품,"경질캡슐제, 산제",D000463,Etodolac,Etodolac(에토돌락),에토돌락,대우에토돌락캅셀(수출명:에토독캡슐),19891118,198900581,[M083240]에토돌락,[M083240]에토돌락,단일,20210715,,,노인주의
20190905,"백색-유백색의 내용물을 함유하는 상,회백색 하,회색의 경질캅셀",01140,해열.진통.소염제,(주)동구바이오제약,전문의약품,"경질캡슐제, 산제",D000463,Etodolac,Etodolac(에토돌락),에토돌락,페노딘캡슐(에토돌락)(수출용),19890609,198901114,[M083240]에토돌락,[M083240]에토돌락,단일,20210715,,,노인주의
20250415,이약은 무색-미황색의 투명한 용액이 든 무색투명한 앰플제이다,01140,해열.진통.소염제,명문제약(주),전문의약품,용액주사제,D000506,Diclofenac,Diclofenac(디클로페낙),디클로페낙,디크놀주사(디클로페낙β-디메틸아미노에탄올),19890918,198902280,[M252249]디클로페낙β-디메틸아미노에탄올,[M252249]디클로페낙β-디메틸아미노에탄올,단일,20210715,,,노인주의
20200701,"백색 내지 유백색의 분말이 충진된 상,하부 청색의 경질캡슐제",01140,해열.진통.소염제,케이엠에스제약(주),전문의약품,"경질캡슐제, 산제",D000463,Etodolac,Etodolac(에토돌락),에토돌락,아신돌캡슐200밀리그램(에토돌락)(수출용),19900824,199002184,[M083240]에토돌락,[M083240]에토돌락,단일,20210715,,,노인주의
20151216,흰색의 원형 필름코팅정제,01140,해열.진통.소염제,대우제약(주),일반의약품,필름코팅정,D000675,Clonixin,Clonixin(클로닉신),클로닉신,"크루펜정(클로닉신리시네이트)
(수출용)",19910907,199100708,[M080375]클로닉신리시네이트,[M080375]클로닉신리시네이트,단일,20210715,,,노인주의
20120128,주황색의 원형 필름코팅정,01140,해열.진통.소염제,하이플생명과학(주),일반의약품,필름코팅정,D000675,Clonixin,Clonixin(클로닉신),클로닉신,크레닉정125밀리그람(클로닉신리시네이트),19910227,199101970,[M080375]클로닉신리시네이트,[M080375]클로닉신리시네이트,단일,20210715,,,노인주의
20260220,주황색의 원형 장용피정,01140,해열.진통.소염제,위더스제약(주),전문의약품,장용성필름코팅정,D000506,Diclofenac,Diclofenac(디클로페낙),디클로페낙,카덱신정(디클로페낙나트륨)(수출용),19910619,199102335,[M050288]디클로페낙나트륨,[M050288]디클로페낙나트륨,단일,20210715,,,노인주의
20260220,황색의 원형 장용피정,01140,해열.진통.소염제,(주)하원제약,전문의약품,장용성필름코팅정,D000506,Diclofenac,Diclofenac(디클로페낙),디클로페낙,하원디클로페낙정25밀리그람(수출용),19911223,199102473,[M050288]디클로페낙나트륨,[M050288]디클로페낙나트륨,단일,20210715,,,노인주의
20240522,"흰색의 과립내지 가루가 든 상부 엷은 회색, 하부 짙은 회색의 경질캡슐제",01140,해열.진통.소염제,명문제약(주),전문의약품,"경질캡슐제, 산제",D000463,Etodolac,Etodolac(에토돌락),에토돌락,에토딘캡슐(에토돌락),19910514,199102606,[M083240]에토돌락,[M083240]에토돌락,단일,20210715,,,노인주의
20240215,제1처방 : 흰색-미황색의 점착성 고체를 부직포상에 도포한 방향을 갖는 카타플라스마제이다.제2처방 : 흰색-미황색의 점착성 고체를 부직포상에 도포한 방향을 갖는 카타플라스마제로서 밀착포가 접합되어있다.,02640,진통.진양.수렴.소염제,(주)녹십자,일반의약품,카타플라스마제,D000705,Flurbiprofen,Flurbiprofen(플루르비프로펜),플루르비프로펜,"비펜카타플라스마(플루르비프로펜)(수출명(싱가폴,말레이지아,태국):아쿠스탑카타플라스마)",19911113,199102741,[M089049]플루르비프로펜/[M089049]플루르비프로펜,[M089049]플루르비프로펜/[M089049]플루르비프로펜,단일,20210715,,,노인주의
20250415,갈색 앰플내에 무색-거의 무색의 맑은액이 든 주사제.,01140,해열.진통.소염제,(주)제일제약,전문의약품,용액주사제,D000506,Diclofenac,Diclofenac(디클로페낙),디클로페낙,제일제약디클로페낙나트륨주사액,19920108,199200652,[M050288]디클로페낙나트륨,[M050288]디클로페낙나트륨,단일,20210715,,,노인주의
20180814,청색의 원형 제피정 ,01140,해열.진통.소염제,대화제약(주),일반의약품,필름코팅정,D000675,Clonixin,Clonixin(클로닉신),클로닉신,디크로닉정250밀리그램(클로닉신리시네이트)(수출용),19930423,199301968,[M104025]클로닉신리시네이트,[M104025]클로닉신리시네이트,단일,20210715,,,노인주의
20260220,주황색의 원형장용정,01140,해열.진통.소염제,대화제약(주),전문의약품,장용정,D000506,Diclofenac,Diclofenac(디클로페낙),디클로페낙,레틸론정50밀리그람(디클로페낙나트륨)(수출용)(수출명:디클로페낙50),19930223,199301972,[M050288]디클로페낙나트륨,[M050288]디클로페낙나트륨,단일,20210715,,,노인주의
20200403,"백색-미황색의 내용물이 든 상 엷은 회색, 하 짙은 회색의 경질캅셀제",01140,해열.진통.소염제,(주)한국파비스제약,전문의약품,"경질캡슐제, 산제",D000463,Etodolac,Etodolac(에토돌락),에토돌락,"파비스에토돌락캅셀(수출용)(수출명 : SOTOLAC , M-PRO )",19930330,199302406,[M083240]에토돌락,[M083240]에토돌락,단일,20210715,,,노인주의
20250415,무색 또는 미황색의 액체가 충진된 갈색 앰플제,01140,해열.진통.소염제,구주제약(주),전문의약품,용액주사제,D000506,Diclofenac,Diclofenac(디클로페낙),디클로페낙,구주디클로페낙주사액(수출명: JINTES),19931019,199302664,[M050288]디클로페낙나트륨,[M050288]디클로페낙나트륨,단일,20210715,,,노인주의
20240522,밝은 회색의 장방형 필름코팅정,01140,해열.진통.소염제,건일제약(주),전문의약품,서방성필름코팅정,D000463,Etodolac,Etodolac(에토돌락),에토돌락,건일로딘서방정600밀리그램(미분화에토돌락),19940428,199400448,[M257127]미분화에토돌락,[M257127]미분화에토돌락,단일,20210715,,,노인주의
20200831,"백색-미황색의 내용물이 든 상 엷은 회색, 하 짙은 회색의 경질캅셀제",01140,해열.진통.소염제,(주)일화,전문의약품,"경질캡슐제, 과립제",D000463,Etodolac,Etodolac(에토돌락),에토돌락,마카나캡슐(에토돌락)(수출용)(수출명:SEODOECapsules),19940916,199400681,[M083240]에토돌락,[M083240]에토돌락,단일,20210715,,,노인주의
20191127,"백색 내지 유백색의 분말이 충진된 상, 하부 청색의 경질 캅셀제 ",01140,해열.진통.소염제,한국코러스(주),전문의약품,"경질캡슐제, 산제",D000463,Etodolac,Etodolac(에토돌락),에토돌락,코러스에토돌락캡슐(수출명 : KORULAC Cap.)(수출용),19940930,199402355,[M257127]미분화에토돌락,[M257127]미분화에토돌락,단일,20210715,,,노인주의
20241212,무색 또는 연한 노란색의 투명한 수용성 점안액,01310,안과용제,삼일제약(주),전문의약품,점안용액제,D000506,Diclofenac,Diclofenac(디클로페낙),디클로페낙,"옵타낙점안액(디클로페낙나트륨)(수출명: Optanac 옵타낙, Saminlac 사민락)",19950406,199500508,[M050288]디클로페낙나트륨/[M050288]디클로페낙나트륨,[M050288]디클로페낙나트륨/[M050288]디클로페낙나트륨,단일,20210715,,,노인주의
20170915,등황색의 원형필름코팅정제.,01140,해열.진통.소염제,(주)제뉴파마,일반의약품,필름코팅정,D000675,Clonixin,Clonixin(클로닉신),클로닉신,"바르젠정(클로닉신리시네이트)(수출명:CLOCXINETab.Stocxine(Clonysinlysinate125),STOLXINE)",19951006,199500850,[M080375]클로닉신리시네이트,[M080375]클로닉신리시네이트,단일,20210715,,,노인주의
20250415,무색투명한 액체가 갈색 앰플에 충진된 주사제,01140,해열.진통.소염제,삼진제약(주),전문의약품,용액주사제,D000506,Diclofenac,Diclofenac(디클로페낙),디클로페낙,킨포인주(디클로페낙나트륨),19950310,199501223,[M050288]디클로페낙나트륨,[M050288]디클로페낙나트륨,단일,20210715,,,노인주의
20260220,국내용: 황색 원형의 장용성 제피정수출용: 진황색 원형의 장용성 제피정  ,01140,해열.진통.소염제,영일제약(주),전문의약품,장용성필름코팅정,D000506,Diclofenac,Diclofenac(디클로페낙),디클로페낙,"영일디클로페낙나트륨정50밀리그람(수출명:디볼타렌정,메디타렌정)(수출용)",19950925,199501666,[M050288]디클로페낙나트륨/[M050288]디클로페낙나트륨,[M050288]디클로페낙나트륨/[M050288]디클로페낙나트륨,단일,20210715,,,노인주의
20260220,주황색의 장용성인 원형 필름코팅정제,01140,해열.진통.소염제,신일제약(주),전문의약품,장용성필름코팅정,D000506,Diclofenac,Diclofenac(디클로페낙),디클로페낙,신일디클로페낙나트륨정,19950920,199501947,[M050288]디클로페낙나트륨,[M050288]디클로페낙나트륨,단일,20210715,,,노인주의
20260220,황색의 장용성인 장방형 필름코팅정제,01140,해열.진통.소염제,신일제약(주),전문의약품,장용성필름코팅정,D000506,Diclofenac,Diclofenac(디클로페낙),디클로페낙,신일디클로페낙나트륨정50밀리그람,19950925,199501950,[M050288]디클로페낙나트륨,[M050288]디클로페낙나트륨,단일,20210715,,,노인주의
20120128,흰색의 원형 필름코팅 정제,01140,해열.진통.소염제,신일제약(주),일반의약품,필름코팅정,D000675,Clonixin,Clonixin(클로닉신),클로닉신,신일클로닉신리시네이트정,19951016,199501954,[M080375]클로닉신리시네이트,[M080375]클로닉신리시네이트,단일,20210715,,,노인주의
20250415,무색 또는 미황색의 액체가 충전된 갈색 앰플제,01140,해열.진통.소염제,삼성제약(주),전문의약품,용액주사제,D000506,Diclofenac,Diclofenac(디클로페낙),디클로페낙,에스페낙주(디클로페낙나트륨),19960109,199600297,[M050288]디클로페낙나트륨,[M050288]디클로페낙나트륨,단일,20210715,,,노인주의
20130702,"내수용: 흰색의 원형 필름코팅정제,수출용:연분홍색의 원형 필름코팅정",01140,해열.진통.소염제,(주)에이프로젠바이오로직스,일반의약품,필름코팅정,D000675,Clonixin,Clonixin(클로닉신),클로닉신,바로닉신정125밀리그램(클로닉신리시네이트),19961024,199600328,[M080375]클로닉신리시네이트/[M080375]클로닉신리시네이트,[M080375]클로닉신리시네이트/[M080375]클로닉신리시네이트,단일,20210715,,,노인주의
20250415,무색투명한 용액을 갈색의 앰플에 충진한 것이다.,01140,해열.진통.소염제,대한약품공업(주),전문의약품,용액주사제,D000506,Diclofenac,Diclofenac(디클로페낙),디클로페낙,대한디클로페낙주(디클로페낙나트륨),19960920,199600344,[M050288]디클로페낙나트륨,[M050288]디클로페낙나트륨,단일,20210715,,,노인주의
20191001,백색의 결정성 가루가 든 상 하부 미황색의 경질캅셀제,01140,해열.진통.소염제,(주)하원제약,전문의약품,"경질캡슐제, 산제",D000463,Etodolac,Etodolac(에토돌락),에토돌락,하원에토돌락캅셀(수출용),19960910,199602501,[M081813]미결정에토돌락/[M081813]미결정에토돌락,[M081813]미결정에토돌락/[M081813]미결정에토돌락,단일,20210715,,,노인주의
20241212,흰색 연질의 균질한 크림제 ,02640,진통.진양.수렴.소염제,명문제약(주),일반의약품,피부크림제,D000506,Diclofenac,Diclofenac(디클로페낙),디클로페낙,토라렌크림1%(디클로페낙디에틸암모늄),19960111,199602681,[M249599]디클로페낙디에틸암모늄,[M249599]디클로페낙디에틸암모늄,단일,20210715,,,노인주의
20250415,무색등명한 액체가 든 갈색앰플,01140,해열.진통.소염제,한국코러스(주),전문의약품,용액주사제,D000506,Diclofenac,Diclofenac(디클로페낙),디클로페낙,코러스디클로페낙주(디클로페낙나트륨)(수출명:TELOFENINJ)(수출용),19960430,199603117,[M050288]디클로페낙나트륨,[M050288]디클로페낙나트륨,단일,20210715,,,노인주의
20191028,"[수출용-1]흰색분말이 든 상부 자색, 하부 담황색의 경질캡슐제[수출용-2]흰색 내지 유백색의 분말이 충진된 상부 자색, 하부 담황색의 경질캡슐제",01140,해열.진통.소염제,(주)에이프로젠바이오로직스,전문의약품,"경질캡슐제, 산제",D000463,Etodolac,Etodolac(에토돌락),에토돌락,에이프로젠에토돌락캡슐200밀리그램(수출용),19970318,199701083,[M257127]미분화에토돌락/[M257127]미분화에토돌락,[M257127]미분화에토돌락/[M257127]미분화에토돌락,단일,20210715,,,노인주의
20250415,무색투명한 용액이 든 갈색의 앰플,01140,해열.진통.소염제,하나제약(주),전문의약품,용액주사제,D000506,Diclofenac,Diclofenac(디클로페낙),디클로페낙,카페낙주사(디클로페낙나트륨),19970220,199702363,[M050288]디클로페낙나트륨,[M050288]디클로페낙나트륨,단일,20210715,,,노인주의
20150407,분홍색의 장방형 필름코팅정제,01140,해열.진통.소염제,미래바이오제약(주),일반의약품,필름코팅정,D000675,Clonixin,Clonixin(클로닉신),클로닉신,크로펜정(클로닉신리시네이트),19970604,199702485,[M080375]클로닉신리시네이트,[M080375]클로닉신리시네이트,단일,20210715,,,노인주의
20260220,주황색의 원형 장용성 제피정제이다.,01140,해열.진통.소염제,한국코러스(주),전문의약품,장용성필름코팅정,D000506,Diclofenac,Diclofenac(디클로페낙),디클로페낙,디페트정(디클로페낙나트륨)(수출명 : Korus Diclofenac Tab.)(수출용),19971223,199703386,[M050288]디클로페낙나트륨,[M050288]디클로페낙나트륨,단일,20210715,,,노인주의
20241212,(내수용)  무색 내지 미황색의 맑은 용액이 투명성 있는 용기에든 점안제(수출용) 이 약은 투명-반투명한 용기에 담긴 무색-미황색의 등명한 수용액임.,01310,안과용제,국제약품(주),전문의약품,점안용액제,D000506,Diclofenac,Diclofenac(디클로페낙),디클로페낙,아이펙신점안액(디클로페낙나트륨),19980915,199800441,[M050288]디클로페낙나트륨/[M050288]디클로페낙나트륨,[M050288]디클로페낙나트륨/[M050288]디클로페낙나트륨,단일,20210715,,,노인주의
20230819,무색내지 미황색의 투명한 액이 든 갈색앰플제,01140,해열.진통.소염제,삼진제약(주),전문의약품,용액주사제,D000506,Diclofenac,Diclofenac(디클로페낙),디클로페낙,삼진디클로페낙나트륨주사(수출용),19981120,199801499,[M050288]디클로페낙나트륨,[M050288]디클로페낙나트륨,단일,20210715,,,노인주의
20241212,무색 내지 미황색의 맑은 용액이 투명성 있는 용기에 든 점안제,01310,안과용제,한림제약(주),전문의약품,점안용액제,D000506,Diclofenac,Diclofenac(디클로페낙),디클로페낙,디크란점안액(디클로페낙나트륨)(수출명:디클점안액),19980716,199803485,[M050288]디클로페낙나트륨,[M050288]디클로페낙나트륨,단일,20210715,,,노인주의
20241212,흰색 연질의 균질한 크림제,02640,진통.진양.수렴.소염제,(주)에이프로젠바이오로직스,일반의약품,피부크림제,D000506,Diclofenac,Diclofenac(디클로페낙),디클로페낙,나바론크림(디클로페낙디에틸암모늄),19990731,199900298,[M249599]디클로페낙디에틸암모늄,[M249599]디클로페낙디에틸암모늄,단일,20210715,,,노인주의
20240522,밝은 적색의 장방형 필름코딩정,01140,해열.진통.소염제,건일제약(주),전문의약품,서방성필름코팅정,D000463,Etodolac,Etodolac(에토돌락),에토돌락,로딘엑스엘정400밀리그램(미분화에토돌락),19990415,199900417,[M257127]미분화에토돌락,[M257127]미분화에토돌락,단일,20210715,,,노인주의
20240522,백색의 장방형 필름코팅정제,01140,해열.진통.소염제,환인제약(주),전문의약품,필름코팅정,D000463,Etodolac,Etodolac(에토돌락),에토돌락,토세락정400밀리그램(미분화에토돌락),19990327,199901211,[M257127]미분화에토돌락,[M257127]미분화에토돌락,단일,20210715,,,노인주의
20230819,무색 투명한 액이 든 갈색의 앰플제,01140,해열.진통.소염제,(주)동구바이오제약,전문의약품,용액주사제,D000506,Diclofenac,Diclofenac(디클로페낙),디클로페낙,동구디클로페낙나트륨주75mg(수출용),19990507,199901324,[M050288]디클로페낙나트륨,[M050288]디클로페낙나트륨,단일,20210715,,,노인주의
20241212,무색투명한 겔제,02640,진통.진양.수렴.소염제,신일제약(주),일반의약품,피부용겔제,D000506,Diclofenac,Diclofenac(디클로페낙),디클로페낙,디펜겔(디클로페낙나트륨),19990601,199904095,[M050288]디클로페낙나트륨,[M050288]디클로페낙나트륨,단일,20210715,,,노인주의
20260102,분홍색의 장방형 필름코팅정,01140,해열.진통.소염제,(주)바이넥스,일반의약품,필름코팅정,D000086,Dexibuprofen,Dexibuprofen(덱시부프로펜),덱시부프로펜,닥스펜정(덱시부프로펜),20000406,200000930,[M092057]덱시부프로펜,[M092057]덱시부프로펜,단일,20210715,,,노인주의
20250415,미황색의 투명한 용액이 든 갈색앰플주사제 ,01140,해열.진통.소염제,아주약품(주),전문의약품,용액주사제,D000506,Diclofenac,Diclofenac(디클로페낙),디클로페낙,뉴페낙주사2밀리리터(디클로페낙β-디메틸아미노에탄올),20001123,200001074,[M252249]디클로페낙β-디메틸아미노에탄올,[M252249]디클로페낙β-디메틸아미노에탄올,단일,20210715,,,노인주의
20260102,분홍색의 장방형 필름코팅정제,01140,해열.진통.소염제,안국약품(주),일반의약품,필름코팅정,D000086,Dexibuprofen,Dexibuprofen(덱시부프로펜),덱시부프로펜,애니펜정300밀리그램(덱시부프로펜),20001010,200001368,[M254719]덱시부프로펜,[M254719]덱시부프로펜,단일,20210715,,,노인주의
20260220,황색의 타원형으로된 장용피정제(수출용 : 황색의 장방형으로 된 장용피 정제),01140,해열.진통.소염제,(주)한국파마,전문의약품,장용성필름코팅정,D000506,Diclofenac,Diclofenac(디클로페낙),디클로페낙,파마디클로페낙나트륨정100밀리그램(수출용),20000512,200001758,[M050288]디클로페낙나트륨,[M050288]디클로페낙나트륨,단일,20210715,,,노인주의
20181122,흰색의 원형 제피정제 ,01140,해열.진통.소염제,오스틴제약(주),일반의약품,필름코팅정,D000675,Clonixin,Clonixin(클로닉신),클로닉신,클리신정(클로닉신리시네이트)(수출명:CLICIN Tab),20001226,200002385,[M080375]클로닉신리시네이트,[M080375]클로닉신리시네이트,단일,20210715,,,노인주의
20250415,무색 내지 미황색의 투명한 용액이 든 갈색 앰플,01140,해열.진통.소염제,대화제약(주),전문의약품,용액주사제,D000506,Diclofenac,Diclofenac(디클로페낙),디클로페낙,디베타씨주(디클로페낙β-디메틸아미노에탄올),20001115,200002445,[M252249]디클로페낙β-디메틸아미노에탄올,[M252249]디클로페낙β-디메틸아미노에탄올,단일,20210715,,,노인주의
20241212,무색투명한 겔제,02640,진통.진양.수렴.소염제,(주)서울제약,일반의약품,피부용겔제,D000506,Diclofenac,Diclofenac(디클로페낙),디클로페낙,스팅겔(디클로페낙나트륨),20000907,200004251,[M050288]디클로페낙나트륨,[M050288]디클로페낙나트륨,단일,20210715,,,노인주의
20250415,무색 내지 미황색의 투명한 용액이 든 갈색 앰플,01140,해열.진통.소염제,유니메드제약(주),전문의약품,용액주사제,D000506,Diclofenac,Diclofenac(디클로페낙),디클로페낙,오스베타주2밀리리터(디클로페낙베타디메틸아미노에탄올),20000718,200004637,[M251996]디클로페낙베타디메틸아미노에탄올,[M251996]디클로페낙베타디메틸아미노에탄올,단일,20210715,,,노인주의
20250415,무색-미황색의 투명한 액이 들어있는 갈색앰플 주사제 ,01140,해열.진통.소염제,대한뉴팜(주),전문의약품,용액주사제,D000506,Diclofenac,Diclofenac(디클로페낙),디클로페낙,크낙주2밀리리터(디클로페낙베타디메틸아미노에탄올),20001229,200004912,[M252249]디클로페낙β-디메틸아미노에탄올,[M252249]디클로페낙β-디메틸아미노에탄올,단일,20210715,,,노인주의
20241212,내수용 : 엷은 노란색의 점착성 물질을 살구색 린트포에 도포하여 고체면에 박리지를 덮은 첩부제수출용 : 엷은 노란색의 점착성 물질을 살구색 린트포에 도포하여 고체면에 폴리에틸렌테레프탈레이트세파레이터를 덮은 첩부제,02640,진통.진양.수렴.소염제,대화제약(주),일반의약품,지지체가있는첩부제,D000506,Diclofenac,Diclofenac(디클로페낙),디클로페낙,디디엘첩부제(디클로페낙디에틸암모늄)(수출명:DICLOPLASTER PATCH),20000517,200005449,[M249599]디클로페낙디에틸암모늄/[M249599]디클로페낙디에틸암모늄,[M249599]디클로페낙디에틸암모늄/[M249599]디클로페낙디에틸암모늄,단일,20210715,,,노인주의
20250415,무색 또는 미황색의 투명한 액이 갈색 투명한 앰플에 든 주사제 ,01140,해열.진통.소염제,이연제약(주),전문의약품,용액주사제,D000506,Diclofenac,Diclofenac(디클로페낙),디클로페낙,로페낙주2㎖(디클로페낙나트륨),20010711,200100154,[M050288]디클로페낙나트륨,[M050288]디클로페낙나트륨,단일,20210715,,,노인주의
20250415,무색 미황색의 투명한 용액이 든 갈색앰플,01140,해열.진통.소염제,이연제약(주),전문의약품,용액주사제,D000506,Diclofenac,Diclofenac(디클로페낙),디클로페낙,미노브이주2mL(디클로페낙β-디메틸아미노에탄올),20010711,200100155,[M252249]디클로페낙β-디메틸아미노에탄올,[M252249]디클로페낙β-디메틸아미노에탄올,단일,20210715,,,노인주의
20260102,분홍색의 장방형 필름코팅정제,01140,해열.진통.소염제,(주)에이프로젠바이오로직스,일반의약품,필름코팅정,D000086,Dexibuprofen,Dexibuprofen(덱시부프로펜),덱시부프로펜,팍스정(덱시부프로펜),20010329,200100323,[M254719]덱시부프로펜,[M254719]덱시부프로펜,단일,20210715,,,노인주의
20260102,분홍색의 장방형 필름코팅정,01140,해열.진통.소염제,하나제약(주),일반의약품,필름코팅정,D000086,Dexibuprofen,Dexibuprofen(덱시부프로펜),덱시부프로펜,덱사펜정(덱시부프로펜),20010711,200100417,[M092057]덱시부프로펜,[M092057]덱시부프로펜,단일,20210715,,,노인주의
20260102,분홍색의 타원형 필름코팅정제,01140,해열.진통.소염제,안국약품(주),일반의약품,필름코팅정,D000086,Dexibuprofen,Dexibuprofen(덱시부프로펜),덱시부프로펜,애니펜정150밀리그램(덱시부프로펜),20010410,200100915,[M092057]덱시부프로펜,[M092057]덱시부프로펜,단일,20210715,,,노인주의
20260102,주황색의 장방형 필름코팅정,01140,해열.진통.소염제,태극제약(주),일반의약품,필름코팅정,D000086,Dexibuprofen,Dexibuprofen(덱시부프로펜),덱시부프로펜,로노펜정(덱시부프로펜),20010704,200100922,[M254719]덱시부프로펜,[M254719]덱시부프로펜,단일,20210715,,,노인주의
20260102,흰색의 장방형 필름코팅정,01140,해열.진통.소염제,(주)제뉴파마,일반의약품,필름코팅정,D000086,Dexibuprofen,Dexibuprofen(덱시부프로펜),덱시부프로펜,펜타우드정(덱시부프로펜),20010712,200100960,[M092057]덱시부프로펜,[M092057]덱시부프로펜,단일,20210715,,,노인주의
20260102,분홍색의 원형 필름코팅정제,01140,해열.진통.소염제,(주)비보존제약,일반의약품,필름코팅정,D000086,Dexibuprofen,Dexibuprofen(덱시부프로펜),덱시부프로펜,데코라펜정(덱시부프로펜),20010219,200101016,[M254719]덱시부프로펜,[M254719]덱시부프로펜,단일,20210715,,,노인주의
20250415,무색투명한 액이 들어있는 갈색의 앰플,01140,해열.진통.소염제,한국유니온제약(주),전문의약품,용액주사제,D000506,Diclofenac,Diclofenac(디클로페낙),디클로페낙,유니페낙주(디클로페낙나트륨) (수출명:ALFENAL Inj),20010426,200101500,[M050288]디클로페낙나트륨,[M050288]디클로페낙나트륨,단일,20210715,,,노인주의
20260102,흰색의 타원형 필름코팅정제,01140,해열.진통.소염제,한국유나이티드제약(주),일반의약품,필름코팅정,D000086,Dexibuprofen,Dexibuprofen(덱시부프로펜),덱시부프로펜,덱스핀정(덱시부프로펜디.씨),20010626,200101683,[M240099]덱시부프로펜디.씨,[M240099]덱시부프로펜디.씨,단일,20210715,,,노인주의
20250415,무색 또는 미황색의 투명한 용액이 든 갈색앰플제,01140,해열.진통.소염제,한국넬슨제약(주),전문의약품,용액주사제,D000506,Diclofenac,Diclofenac(디클로페낙),디클로페낙,다이크론주2ml(디클로페낙베타-디메틸아미노에탄올),20010509,200102280,[M251996]디클로페낙베타디메틸아미노에탄올,[M251996]디클로페낙베타디메틸아미노에탄올,단일,20210715,,,노인주의
20250415,무색 내지 미황색의 투명한 용액이 든 갈색 앰플 주사제 ,01140,해열.진통.소염제,하나제약(주),전문의약품,용액주사제,D000506,Diclofenac,Diclofenac(디클로페낙),디클로페낙,페나카주사2ml(디클로페낙β-디메틸아미노에탄올),20010119,200102371,[M252249]디클로페낙β-디메틸아미노에탄올,[M252249]디클로페낙β-디메틸아미노에탄올,단일,20210715,,,노인주의
20250415,갈색 앰플에 든 무색 ~ 미황색의 투명한 액,01140,해열.진통.소염제,명문제약(주),전문의약품,용액주사제,D000506,Diclofenac,Diclofenac(디클로페낙),디클로페낙,디크놀주사2밀리리터(디클로페낙β-디메틸아미노에탄올),20010205,200103036,[M252249]디클로페낙β-디메틸아미노에탄올,[M252249]디클로페낙β-디메틸아미노에탄올,단일,20210715,,,노인주의
20260102,분홍색의 원형 필름코팅정                                              ,01140,해열.진통.소염제,(주)서울제약,일반의약품,필름코팅정,D000086,Dexibuprofen,Dexibuprofen(덱시부프로펜),덱시부프로펜,팬스타정(덱시부프로펜),20011017,200103343,[M092057]덱시부프로펜,[M092057]덱시부프로펜,단일,20210715,,,노인주의
20260102,분홍색의 장방형 필름코팅정,01140,해열.진통.소염제,한국프라임제약(주),일반의약품,필름코팅정,D000086,Dexibuprofen,Dexibuprofen(덱시부프로펜),덱시부프로펜,프리메정(덱시부프로펜디.씨),20010802,200103882,[M214134]덱시부프로펜 디.씨,[M214134]덱시부프로펜 디.씨,단일,20210715,,,노인주의
20241212,흰색 내지 미황색의 연질의 균질한 겔,02640,진통.진양.수렴.소염제,헤일리온코리아주식회사,일반의약품,피부용겔제,D000506,Diclofenac,Diclofenac(디클로페낙),디클로페낙,볼타렌에멀겔(디클로페낙디에틸암모늄),20011220,200108778,[M249599]디클로페낙디에틸암모늄,[M249599]디클로페낙디에틸암모늄,단일,20210715,,,노인주의
20240215,백색의 니상물질이 백색의 포에 전연된 카타플라스마제,02640,진통.진양.수렴.소염제,(주)오현파마코푸레이션 ,일반의약품,카타플라스마제,D000705,Flurbiprofen,Flurbiprofen(플루르비프로펜),플루르비프로펜,젤존팝카타플라스마(플루르비프로펜),20010628,200109391,[M089049]플루르비프로펜,[M089049]플루르비프로펜,단일,20210715,,,노인주의
20240215,백색의 니상물질이 백색의 포에 전연된 카타플라스마제,02640,진통.진양.수렴.소염제,(주)오현파마코푸레이션 ,일반의약품,카타플라스마제,D000705,Flurbiprofen,Flurbiprofen(플루르비프로펜),플루르비프로펜,조아팝(플루르비프로펜),20010126,200109402,[M089049]플루르비프로펜,[M089049]플루르비프로펜,단일,20210715,,,노인주의
20240215,이 약은 무색 투명 또는 반투명의 점착성 물질을 지지체에 도포하고 고체면에 고체피복물을 덮은 첩부제이다.,02640,진통.진양.수렴.소염제,(주)대웅제약,일반의약품,지지체가있는첩부제,D000705,Flurbiprofen,Flurbiprofen(플루르비프로펜),플루르비프로펜,페노스탑플라스타(플루르비프로펜),20020308,200200450,[M089049]플루르비프로펜/[M089049]플루르비프로펜/[M089049]플루르비프로펜/[M089049]플루르비프로펜/[M089049]플루르비프로펜/[M089049]플루르비프로펜/[M089049]플루르비프로펜/[M089049]플루르비프로펜/[M089049]플루르비프로펜/[M089049]플루르비프로펜/[M089049]플루르비프로펜/[M089049]플루르비프로펜,[M089049]플루르비프로펜/[M089049]플루르비프로펜/[M089049]플루르비프로펜/[M089049]플루르비프로펜/[M089049]플루르비프로펜/[M089049]플루르비프로펜/[M089049]플루르비프로펜/[M089049]플루르비프로펜/[M089049]플루르비프로펜/[M089049]플루르비프로펜/[M089049]플루르비프로펜/[M089049]플루르비프로펜,단일,20210715,,,노인주의
20260102,주황색의 장방형 필름코팅정,01140,해열.진통.소염제,한국유니온제약(주),일반의약품,필름코팅정,D000086,Dexibuprofen,Dexibuprofen(덱시부프로펜),덱시부프로펜,디프로펜정300밀리그램(덱시부프로펜디.씨.),20021011,200201329,[M215523]덱시부프로펜 디.씨.,[M215523]덱시부프로펜 디.씨.,단일,20210715,,,노인주의
20260102,흰색의 장방형 필름코팅정 ,01140,해열.진통.소염제,오스틴제약(주),일반의약품,필름코팅정,D000086,Dexibuprofen,Dexibuprofen(덱시부프로펜),덱시부프로펜,맥스펜정(덱시부프로펜),20020312,200201695,[M254719]덱시부프로펜,[M254719]덱시부프로펜,단일,20210715,,,노인주의
20260102,흰색의 타원형 필름코팅정제.,01140,해열.진통.소염제,고려제약(주),일반의약품,필름코팅정,D000086,Dexibuprofen,Dexibuprofen(덱시부프로펜),덱시부프로펜,쎄락틸정300밀리그람(덱시부프로펜디.씨.),20020827,200201784,[M215523]덱시부프로펜 디.씨.,[M215523]덱시부프로펜 디.씨.,단일,20210715,,,노인주의
20260102,분홍색의 장방형 필름코팅정,01140,해열.진통.소염제,영일제약(주),일반의약품,필름코팅정,D000086,Dexibuprofen,Dexibuprofen(덱시부프로펜),덱시부프로펜,애스펜정(덱시부프로펜),20021205,200201831,[M254719]덱시부프로펜,[M254719]덱시부프로펜,단일,20210715,,,노인주의
20260102,분홍색의 원형 필름코팅정                                                                        ,01140,해열.진통.소염제,신일제약(주),일반의약품,필름코팅정,D000086,Dexibuprofen,Dexibuprofen(덱시부프로펜),덱시부프로펜,그리펜-에스정(덱시부프로펜),20020827,200202148,[M092057]덱시부프로펜,[M092057]덱시부프로펜,단일,20210715,,,노인주의
20230819,무색 투명한 앰플내의 무색 투명한 액체가 든 주사제,01140,해열.진통.소염제,(주)휴온스,전문의약품,용액주사제,D000506,Diclofenac,Diclofenac(디클로페낙),디클로페낙,"휴온스디클로페낙나트륨주사(수출용)(수출명:DICOLONInj.,KMDICLOFENACSODIUMInj.,DICLOFENACSODIUMInj.)",20021224,200202677,[M050288]디클로페낙나트륨,[M050288]디클로페낙나트륨,단일,20210715,,,노인주의
20260102,주황색의 원형 필름코팅정제,01140,해열.진통.소염제,(주)유영제약,일반의약품,필름코팅정,D000086,Dexibuprofen,Dexibuprofen(덱시부프로펜),덱시부프로펜,에스프로펜정(덱시부프로펜),20021010,200202755,[M092057]덱시부프로펜,[M092057]덱시부프로펜,단일,20210715,,,노인주의
20181205,분홍색의 장방형 필름코팅정제,01140,해열.진통.소염제,화일약품(주),일반의약품,필름코팅정,D000675,Clonixin,Clonixin(클로닉신),클로닉신,클로닉정125밀리그램(클로닉신리시네이트),20021212,200204384,[M080375]클로닉신리시네이트,[M080375]클로닉신리시네이트,단일,20210715,,,노인주의
20240215,백색의 니상물질이 백색의 포에 전연된 카타플라스마제,02640,진통.진양.수렴.소염제,(주)재우스팜,일반의약품,카타플라스마제,D000705,Flurbiprofen,Flurbiprofen(플루르비프로펜),플루르비프로펜,다나펜카타플라스마(플루르비프로펜),20021004,200210298,[M089049]플루르비프로펜,[M089049]플루르비프로펜,단일,20210715,,,노인주의
20241212,무색 내지 미황색의 맑은 용액이 투명성 있는 용기에 든 점안제,01310,안과용제,삼천당제약(주),전문의약품,점안용액제,D000506,Diclofenac,Diclofenac(디클로페낙),디클로페낙,클로페낙점안액(디클로페낙나트륨),20030129,200301867,[M050288]디클로페낙나트륨,[M050288]디클로페낙나트륨,단일,20210715,,,노인주의
20241212,담황색의 점착성 물질을 지지체에 도포하고 고체면에 고체피복물을 덮은 첩부제이다.,02640,진통.진양.수렴.소염제,광동제약(주),일반의약품,지지체가있는첩부제,D000506,Diclofenac,Diclofenac(디클로페낙),디클로페낙,케이디펜플라스타(디클로페낙디에틸암모늄),20030416,200301906,[M249599]디클로페낙디에틸암모늄/[M249599]디클로페낙디에틸암모늄,[M249599]디클로페낙디에틸암모늄/[M249599]디클로페낙디에틸암모늄,단일,20210715,,,노인주의
20260102,무색 내지 연한 청색의 투명한 내용물이 든 청색의 투명한 타원형 연질캡슐,01140,해열.진통.소염제,(주)알피바이오,일반의약품,"연질캡슐제, 액상",D000086,Dexibuprofen,Dexibuprofen(덱시부프로펜),덱시부프로펜,에스빌연질캡슐(덱시부프로펜),20031010,200302371,[M092057]덱시부프로펜,[M092057]덱시부프로펜,단일,20210715,,,노인주의
20260102,흰색의 장방형 필름코팅정,01140,해열.진통.소염제,유니메드제약(주),전문의약품,필름코팅정,D000086,Dexibuprofen,Dexibuprofen(덱시부프로펜),덱시부프로펜,디부루펜정400밀리그램(덱시부프로펜디.씨),20031101,200302482,[M214134]덱시부프로펜 디.씨,[M214134]덱시부프로펜 디.씨,단일,20210715,,,노인주의
20260102,분홍색의 장방형 필름코팅정,01140,해열.진통.소염제,동광제약(주),일반의약품,필름코팅정,D000086,Dexibuprofen,Dexibuprofen(덱시부프로펜),덱시부프로펜,덱시로펜정(덱시부프로펜),20040722,200400135,[M092057]덱시부프로펜,[M092057]덱시부프로펜,단일,20210715,,,노인주의
20241212,무색 투명한 겔제,02640,진통.진양.수렴.소염제,삼성제약(주),일반의약품,피부용겔제,D000506,Diclofenac,Diclofenac(디클로페낙),디클로페낙,에스펜겔(디클로페낙나트륨),20041210,200400268,[M050288]디클로페낙나트륨,[M050288]디클로페낙나트륨,단일,20210715,,,노인주의
20260102,무색 내지 연한 청색의 투명한 내용물이 든 청색의 투명한 타원형 연질캡슐,01140,해열.진통.소염제,(주)대웅제약,일반의약품,"연질캡슐제, 액상",D000086,Dexibuprofen,Dexibuprofen(덱시부프로펜),덱시부프로펜,"이지엔6프로연질캡슐(덱시부프로펜)(수출명:DAUFENSoftCapsule,SPEEDFEN)",20041007,200400485,[M092057]덱시부프로펜,[M092057]덱시부프로펜,단일,20210715,,,노인주의
20230819,무색 투명한 액이 든 갈색 투명한 앰플주사제,01140,해열.진통.소염제,(주)제일제약,전문의약품,용액주사제,D000506,Diclofenac,Diclofenac(디클로페낙),디클로페낙,제일제약디클로페낙나트륨주사액2.5%(수출용),20040227,200400583,[M050288]디클로페낙나트륨,[M050288]디클로페낙나트륨,단일,20210715,,,노인주의
20260102,무색 내지 미황색의 투명한 내용물을 함유하는 투명의 장방형 연질캡슐제,01140,해열.진통.소염제,(주)비보존제약,일반의약품,"연질캡슐제, 액상",D000086,Dexibuprofen,Dexibuprofen(덱시부프로펜),덱시부프로펜,데코라펜연질캡슐(덱시부프로펜),20041011,200401219,[M092057]덱시부프로펜,[M092057]덱시부프로펜,단일,20210715,,,노인주의
20121031,적갈색의 타원형의 필름코팅 정제,01140,해열.진통.소염제,(주)셀릭스,일반의약품,필름코팅정,D000675,Clonixin,Clonixin(클로닉신),클로닉신,아도손정(클로닉신리시네이트)(수출명),20040708,200401859,[M104025]클로닉신리시네이트,[M104025]클로닉신리시네이트,단일,20210715,,,노인주의
20200729,주황색의 원형 필름코팅정,01140,해열.진통.소염제,한국프라임제약(주),일반의약품,필름코팅정,D000675,Clonixin,Clonixin(클로닉신),클로닉신,크로닌정(클로닉신리시네이트)(수출용),20040119,200403983,[M080375]클로닉신리시네이트,[M080375]클로닉신리시네이트,단일,20210715,,,노인주의
20180705,황색의 원형 필름코팅정,01140,해열.진통.소염제,(주)마더스제약,일반의약품,필름코팅정,D000675,Clonixin,Clonixin(클로닉신),클로닉신,마더스클로닉신리신정250mg(클로닉신리시네이트)(수출용),20050331,200500646,[M080375]클로닉신리시네이트/[M080375]클로닉신리시네이트,[M080375]클로닉신리시네이트/[M080375]클로닉신리시네이트,단일,20210715,,,노인주의
20241212,엷은 노란색의 점착성 물질을 살구색 린트포에 도포하여 고체면에 박리지를 덮은 첩부제.,02640,진통.진양.수렴.소염제,(주)보령,일반의약품,지지체가있는첩부제,D000506,Diclofenac,Diclofenac(디클로페낙),디클로페낙,맨담디클론첩부제(디클로페낙디에틸암모늄),20050217,200501177,[M249599]디클로페낙디에틸암모늄,[M249599]디클로페낙디에틸암모늄,단일,20210715,,,노인주의
20260102,분홍색 장방형의 필름코팅정제,01140,해열.진통.소염제,(주)팜젠사이언스,전문의약품,필름코팅정,D000086,Dexibuprofen,Dexibuprofen(덱시부프로펜),덱시부프로펜,덱시부정400mg(덱시부프로펜디.씨),20050215,200502035,[M214134]덱시부프로펜 디.씨,[M214134]덱시부프로펜 디.씨,단일,20210715,,,노인주의
20250415,무색～미황색의 투명한 액이 들어있는 갈색 앰플제,01140,해열.진통.소염제,케이엠에스제약(주),전문의약품,용액주사제,D000506,Diclofenac,Diclofenac(디클로페낙),디클로페낙,뉴베타주2mL(디클로페낙β-디메틸아미노에탄올),20050422,200502687,[M252249]디클로페낙β-디메틸아미노에탄올,[M252249]디클로페낙β-디메틸아미노에탄올,단일,20210715,,,노인주의
20260102,1처방: 무색 내지 연한 청색의 투명한 내용물이 든 청색의 투명한 타원형 연질캡슐2처방: 무색 액상 내용물을 함유한 투명한 타원형 연질캡슐,01140,해열.진통.소염제,현대약품(주),일반의약품,"연질캡슐제, 액상",D000086,Dexibuprofen,Dexibuprofen(덱시부프로펜),덱시부프로펜,솔루펜연질캡슐(덱시부프로펜),20051101,200512203,[M092057]덱시부프로펜/[M092057]덱시부프로펜,[M092057]덱시부프로펜/[M092057]덱시부프로펜,단일,20210715,,,노인주의
20250415,무색～미황색의 투명한 액이 들어있는 갈색의 앰플주사제,01140,해열.진통.소염제,한국유니온제약(주),전문의약품,용액주사제,D000506,Diclofenac,Diclofenac(디클로페낙),디클로페낙,유니페낙에프주(디클로페낙β-디메틸아미노에탄올),20060126,200600327,[M252249]디클로페낙β-디메틸아미노에탄올,[M252249]디클로페낙β-디메틸아미노에탄올,단일,20210715,,,노인주의
20080307,"흰색의 과립 내지 가루가 든 상부 적갈색, 하부 흰색의 경질캡슐",01140,해열.진통.소염제,한국유니온제약(주),전문의약품,"경질캡슐제, 산제",D000463,Etodolac,Etodolac(에토돌락),에토돌락,에토락캡슐(에토돌락)(수출용),20060313,200600340,[M083240]에토돌락,[M083240]에토돌락,단일,20210715,,,노인주의
20241212,연한 분홍색 또는 분홍색의 점착성 고체를 부직포 위에 도포하고 뒷면에 밀착포를 부착한 특유한 향기를 가진 카타플라스마제,02640,진통.진양.수렴.소염제,대화제약(주),일반의약품,카타플라스마제,D000506,Diclofenac,Diclofenac(디클로페낙),디클로페낙,에폴민카타플라스마(디클로페낙에폴아민),20060113,200600735,[M102665]디클로페낙에폴아민,[M102665]디클로페낙에폴아민,단일,20210715,,,노인주의
20201229,"백색 또는 유백색의 가루가 든 상부 엷은 청색, 하부 백색의 캡슐제",01140,해열.진통.소염제,(주)바이넥스,전문의약품,"경질캡슐제, 산제",D000463,Etodolac,Etodolac(에토돌락),에토돌락,에즈빌캡슐(미분화에토돌락)(수출용),20060523,200605375,[M257127]미분화에토돌락,[M257127]미분화에토돌락,단일,20210715,,,노인주의
20241212,엷은 노란색의 점착성 물질을 살구색 린트포에 도포(바르다)하여 고체면에 박리(벗겨내기)지를 덮은 첩부제,02640,진통.진양.수렴.소염제,(주)유한양행,일반의약품,지지체가있는첩부제,D000506,Diclofenac,Diclofenac(디클로페낙),디클로페낙,디로팝24플라스타(디클로페낙디에틸암모늄),20061103,200607741,[M249599]디클로페낙디에틸암모늄,[M249599]디클로페낙디에틸암모늄,단일,20210715,,,노인주의
20260102,갈색 유리병 또는 흰색의 플라스틱 병에 든 포도향을 가진 연한 빨간색 내지 연한 주황색의 시럽제이다. ,01140,해열.진통.소염제,한미약품(주),일반의약품,액상시럽제,D000086,Dexibuprofen,Dexibuprofen(덱시부프로펜),덱시부프로펜,맥시부펜시럽(덱시부프로펜),20060704,200608160,[M092057]덱시부프로펜,[M092057]덱시부프로펜,단일,20210715,,,노인주의
20241212,이 약은 담황색의 점착성 물질을 지지체에 도포하고 고체면에 고체피복물을 덮은 첩부제이다.,02640,진통.진양.수렴.소염제,아이큐어(주),일반의약품,지지체가있는첩부제,D000506,Diclofenac,Diclofenac(디클로페낙),디클로페낙,디페나엘플라스타(디클로페낙디에틸암모늄),20070110,200700419,[M249599]디클로페낙디에틸암모늄/[M249599]디클로페낙디에틸암모늄/[M249599]디클로페낙디에틸암모늄/[M249599]디클로페낙디에틸암모늄/[M249599]디클로페낙디에틸암모늄/[M249599]디클로페낙디에틸암모늄,[M249599]디클로페낙디에틸암모늄/[M249599]디클로페낙디에틸암모늄/[M249599]디클로페낙디에틸암모늄/[M249599]디클로페낙디에틸암모늄/[M249599]디클로페낙디에틸암모늄/[M249599]디클로페낙디에틸암모늄,단일,20210715,,,노인주의
20260102,흰색 타원형의 필름코팅정,01140,해열.진통.소염제,초당약품공업(주),일반의약품,필름코팅정,D000086,Dexibuprofen,Dexibuprofen(덱시부프로펜),덱시부프로펜,파날디정(덱시부프로펜),20070122,200700876,[M092057]덱시부프로펜,[M092057]덱시부프로펜,단일,20210715,,,노인주의
20241212,이 약은 엷은 노란색의 점착성 물질을 살구색 린트포에 도포하여 고체면에 박리지를 덮은 첩부제이다.,02640,진통.진양.수렴.소염제,제일헬스사이언스(주),일반의약품,지지체가있는첩부제,D000506,Diclofenac,Diclofenac(디클로페낙),디클로페낙,디클로펜24첩부제(디클로페낙디에틸암모늄),20070308,200702890,[M249599]디클로페낙디에틸암모늄,[M249599]디클로페낙디에틸암모늄,단일,20210715,,,노인주의
20241212,엷은 노란색의 점착성 물질을 살구색린트포에 도포하여 고체면에 박리지를 덮은 첩부제,02640,진통.진양.수렴.소염제,제이더블유중외제약(주),일반의약품,지지체가있는첩부제,D000506,Diclofenac,Diclofenac(디클로페낙),디클로페낙,노펜24첩부제(디클로페낙디에틸암모늄),20070518,200705800,[M249599]디클로페낙디에틸암모늄,[M249599]디클로페낙디에틸암모늄,단일,20210715,,,노인주의
20200724,이 약은 무색투명한 액이 황갈색 유리 앰플에 든 주사제이다.,01140,해열.진통.소염제,현대약품(주),전문의약품,용액주사제,D000696,Dexketoprofen,Dexketoprofen(덱스케토프로펜),덱스케토프로펜,케랄주(덱스케토프로펜트로메타몰),20070612,200706794,[M213126]덱스케토프로펜트로메타몰,[M213126]덱스케토프로펜트로메타몰,단일,20210715,,,노인주의
20260102,분홍색 장방형의 필름코팅정,01140,해열.진통.소염제,(주)셀릭스,전문의약품,필름코팅정,D000086,Dexibuprofen,Dexibuprofen(덱시부프로펜),덱시부프로펜,덱시펜정(덱시부프로펜디.씨),20070801,200708961,[M214134]덱시부프로펜 디.씨,[M214134]덱시부프로펜 디.씨,단일,20210715,,,노인주의
20260102,분홍색 장방형의 필름코팅정,01140,해열.진통.소염제,(주)다산제약,전문의약품,필름코팅정,D000086,Dexibuprofen,Dexibuprofen(덱시부프로펜),덱시부프로펜,다산덱시부프로펜정400밀리그램(덱시부프로펜디.씨),20070803,200709010,[M215523]덱시부프로펜 디.씨.,[M215523]덱시부프로펜 디.씨.,단일,20210715,,,노인주의
20260102,흰색 장방형의 필름코팅정,01140,해열.진통.소염제,(주)일화,전문의약품,필름코팅정,D000086,Dexibuprofen,Dexibuprofen(덱시부프로펜),덱시부프로펜,자이펜정(덱시부프로펜 디.씨.),20070808,200709249,[M215523]덱시부프로펜 디.씨.,[M215523]덱시부프로펜 디.씨.,단일,20210715,,,노인주의
20260102,흰색 장방형의 필름코팅정,01140,해열.진통.소염제,알리코제약(주),전문의약품,필름코팅정,D000086,Dexibuprofen,Dexibuprofen(덱시부프로펜),덱시부프로펜,덱스리펜정(덱시부프로펜 디.씨.),20070808,200709253,[M215523]덱시부프로펜 디.씨.,[M215523]덱시부프로펜 디.씨.,단일,20210715,,,노인주의
20120128,연한 청색의 원형 필름코팅정,01140,해열.진통.소염제,알파제약(주),일반의약품,필름코팅정,D000675,Clonixin,Clonixin(클로닉신),클로닉신,알파클로닉신리신정,20070808,200709256,[M080375]클로닉신리시네이트,[M080375]클로닉신리시네이트,단일,20210715,,,노인주의
20260102,흰색 장방형의 필름코팅정제,01140,해열.진통.소염제,한국휴텍스제약(주),전문의약품,필름코팅정,D000086,Dexibuprofen,Dexibuprofen(덱시부프로펜),덱시부프로펜,아이소펜정(덱시부프로펜),20070808,200709318,[M254719]덱시부프로펜,[M254719]덱시부프로펜,단일,20210715,,,노인주의
20260102,분홍색 장방형의 필름코팅정제,01140,해열.진통.소염제,(주)아이월드제약,전문의약품,필름코팅정,D000086,Dexibuprofen,Dexibuprofen(덱시부프로펜),덱시부프로펜,올스펜정(덱시부프로펜 디.씨),20070816,200709527,[M214134]덱시부프로펜 디.씨,[M214134]덱시부프로펜 디.씨,단일,20210715,,,노인주의
20260102,흰색 장방형의 필름코팅정제,01140,해열.진통.소염제,(주)넥스팜코리아,전문의약품,필름코팅정,D000086,Dexibuprofen,Dexibuprofen(덱시부프로펜),덱시부프로펜,덱타론정400밀리그램(덱시부프로펜 디.씨.),20070828,200709908,[M215523]덱시부프로펜 디.씨.,[M215523]덱시부프로펜 디.씨.,단일,20210715,,,노인주의
20260102,분홍색의 타원형 필름코팅정,01140,해열.진통.소염제,주식회사제뉴원사이언스,전문의약품,필름코팅정,D000086,Dexibuprofen,Dexibuprofen(덱시부프로펜),덱시부프로펜,덱시핀정(덱시부프로펜),20070829,200709915,[M092057]덱시부프로펜,[M092057]덱시부프로펜,단일,20210715,,,노인주의
20260102,흰색의 장방형 필름코팅 서방정,01140,해열.진통.소염제,한미약품(주),일반의약품,서방성필름코팅정,D000086,Dexibuprofen,Dexibuprofen(덱시부프로펜),덱시부프로펜,맥시부펜이알정300밀리그램(덱시부프로펜) ,20070927,200710817,[M092057]덱시부프로펜,[M092057]덱시부프로펜,단일,20210715,,,노인주의
20170830,등황색의 원형필름코팅정제,01140,해열.진통.소염제,명문제약(주),일반의약품,필름코팅정,D000675,Clonixin,Clonixin(클로닉신),클로닉신,페릭신정(클로닉신리시네이트),20080215,200801836,[M080375]클로닉신리시네이트,[M080375]클로닉신리시네이트,단일,20210715,,,노인주의
20201221,"백색 내지 유백색의 분말이 충진된 상,하부 청색의 경질캡슐제",01140,해열.진통.소염제,(주)바이넥스,일반의약품,"경질캡슐제, 산제",D000463,Etodolac,Etodolac(에토돌락),에토돌락,코즈민캡슐(에토돌락)(수출용),20080222,200802062,[M083240]에토돌락/[M083240]에토돌락,[M083240]에토돌락/[M083240]에토돌락,단일,20210715,,,노인주의
20260220,분홍색의 원형 장용성 필름코팅정,01140,해열.진통.소염제,알파제약(주),전문의약품,장용성필름코팅정,D000506,Diclofenac,Diclofenac(디클로페낙),디클로페낙,타이페낙정50밀리그람(디클로페낙나트륨)(수출용),20080304,200802500,[M050288]디클로페낙나트륨,[M050288]디클로페낙나트륨,단일,20210715,,,노인주의
20260220,황색의 장방형으로 된 장용피 정제이다.,01140,해열.진통.소염제,(주)한국파마,전문의약품,장용성필름코팅정,D000506,Diclofenac,Diclofenac(디클로페낙),디클로페낙,파마디클로페낙나트륨정(수출용),20080421,200804331,[M050288]디클로페낙나트륨,[M050288]디클로페낙나트륨,단일,20210715,,,노인주의
20241212,엷은 노란색의 점착성 물질을 살구색 린트포에 도포하여 고체면에 박리지를 덮은 첩부제,02640,진통.진양.수렴.소염제,영진약품(주),일반의약품,지지체가있는첩부제,D000506,Diclofenac,Diclofenac(디클로페낙),디클로페낙,아프머스플라스타(디클로페낙디에칠암모늄),20080609,200806320,[M086205]디클로페낙디에칠암모늄,[M086205]디클로페낙디에칠암모늄,단일,20210715,,,노인주의
20260220,황색의 원형 장용성 제피정,01140,해열.진통.소염제,한국코러스(주),전문의약품,장용성필름코팅정,D000506,Diclofenac,Diclofenac(디클로페낙),디클로페낙,디페트정50mg(디클로페낙나트륨)(수출용),20080623,200806883,[M050288]디클로페낙나트륨,[M050288]디클로페낙나트륨,단일,20210715,,,노인주의
20260220,1.황색의 장방형으로 된 장용피 정제2.황색의 원형으로 된 장용피 정제,01140,해열.진통.소염제,한국코러스(주),전문의약품,장용성필름코팅정,D000506,Diclofenac,Diclofenac(디클로페낙),디클로페낙,디페트정100mg(디클로페낙나트륨)(수출용),20080630,200807225,[M050288]디클로페낙나트륨,[M050288]디클로페낙나트륨,단일,20210715,,,노인주의
20230819,무색투명한 액이 들어있는 무색투명한 앰플,01140,해열.진통.소염제,한국코러스(주),전문의약품,용액주사제,D000506,Diclofenac,Diclofenac(디클로페낙),디클로페낙,코페낙주3밀리리터(디클로페낙나트륨)(수출용),20080718,200807920,[M050288]디클로페낙나트륨,[M050288]디클로페낙나트륨,단일,20210715,,,노인주의
20260102,무색의 투명한 액이 든 연한 청록색의 투명한 달걀형 연질캡슐,01140,해열.진통.소염제,한국코러스(주),일반의약품,"연질캡슐제, 액상",D000086,Dexibuprofen,Dexibuprofen(덱시부프로펜),덱시부프로펜,덱시원연질캡슐(덱시부프로펜),20080806,200808462,[M254719]덱시부프로펜,[M254719]덱시부프로펜,단일,20210715,,,노인주의
20260102,무색 내지 연한 청색의 투명한 내용물이 든 청색의 투명한 타원형 연질캡슐,01140,해열.진통.소염제,제일헬스사이언스(주),일반의약품,"연질캡슐제, 액상",D000086,Dexibuprofen,Dexibuprofen(덱시부프로펜),덱시부프로펜,덱시부펜연질캡슐(덱시부프로펜),20080905,200809274,[M092057]덱시부프로펜,[M092057]덱시부프로펜,단일,20210715,,,노인주의
20260102,무색 내지 연한 청색의 투명한 내용물이 든 청색의 투명한 타원형 연질캡슐,01140,해열.진통.소염제,에스케이케미칼(주),일반의약품,"연질캡슐제, 액상",D000086,Dexibuprofen,Dexibuprofen(덱시부프로펜),덱시부프로펜,덱시엔연질캡슐(덱시부프로펜),20090102,200900041,[M092057]덱시부프로펜,[M092057]덱시부프로펜,단일,20210715,,,노인주의
20260102,[내수용] 무색 내지 미색의 투명한 액상 내용물을 함유한 투명한 장방형 연질캡슐[수출용] 미황색의 투명한 유상내용물이 든 주황색의 투명한 타원형 연질캡슐,01140,해열.진통.소염제,광동제약(주),일반의약품,"연질캡슐제, 액상",D000086,Dexibuprofen,Dexibuprofen(덱시부프로펜),덱시부프로펜,굿스펜연질캡슐(덱시부프로펜),20090116,200900682,[M092057]덱시부프로펜/[M092057]덱시부프로펜,[M092057]덱시부프로펜/[M092057]덱시부프로펜,단일,20210715,,,노인주의
20200630,분홍색의 장방형 필름코팅정제,01140,해열.진통.소염제,한솔신약(주),일반의약품,필름코팅정,D000675,Clonixin,Clonixin(클로닉신),클로닉신,뉴클로정(클로닉신리시네이트),20090209,200901146,[M080375]클로닉신리시네이트,[M080375]클로닉신리시네이트,단일,20210715,,,노인주의
20260102,무색 내지 연한 청록색의 투명한 내용물이 든 연청록색의 투명한 장방형 연질캡슐,01140,해열.진통.소염제,삼진제약(주),일반의약품,"연질캡슐제, 액상",D000086,Dexibuprofen,Dexibuprofen(덱시부프로펜),덱시부프로펜,이프렌에스연질캡슐(덱시부프로펜),20090401,200902364,[M092057]덱시부프로펜,[M092057]덱시부프로펜,단일,20210715,,,노인주의
20201015,빨간 갈색의 원형 필름코팅정,01140,해열.진통.소염제,태극제약(주),일반의약품,필름코팅정,D000675,Clonixin,Clonixin(클로닉신),클로닉신,유닉신정(클로닉신리시네이트),20090430,200903081,[M080375]클로닉신리시네이트,[M080375]클로닉신리시네이트,단일,20210715,,,노인주의
20260102,무색 내지 연한 녹색의 투명한 액상 내용물을 함유한 녹색의 장방형 연질캡슐,01140,해열.진통.소염제,(주)동구바이오제약,일반의약품,"연질캡슐제, 액상",D000086,Dexibuprofen,Dexibuprofen(덱시부프로펜),덱시부프로펜,릴리펜덱시연질캡슐(덱시부프로펜),20090521,200903482,[M092057]덱시부프로펜,[M092057]덱시부프로펜,단일,20210715,,,노인주의
20260102,무색의 투명한 액이 든 연한 청록색의 투명한 달걀형 연질캡슐,01140,해열.진통.소염제,한솔신약(주),일반의약품,"연질캡슐제, 액상",D000086,Dexibuprofen,Dexibuprofen(덱시부프로펜),덱시부프로펜,에스빈연질캡슐(덱시부프로펜),20090525,200903668,[M254719]덱시부프로펜,[M254719]덱시부프로펜,단일,20210715,,,노인주의
20260102,무색 내지 연한 청색의 투명한 내용물이 든 청색의 투명한 타원형 연질캡슐,01140,해열.진통.소염제,태극제약(주),일반의약품,"연질캡슐제, 액상",D000086,Dexibuprofen,Dexibuprofen(덱시부프로펜),덱시부프로펜,로노펜300연질캡슐(덱시부프로펜),20090611,200904082,[M092057]덱시부프로펜,[M092057]덱시부프로펜,단일,20210715,,,노인주의
20260102,무색 내지 미황색의 투명한 내용물을 함유하는 투명의 장방형 연질캡슐제,01140,해열.진통.소염제,(주)서흥,일반의약품,"연질캡슐제, 액상",D000086,Dexibuprofen,Dexibuprofen(덱시부프로펜),덱시부프로펜,프로펜디연질캡슐(덱시부프로펜),20090624,200904441,[M092057]덱시부프로펜,[M092057]덱시부프로펜,단일,20210715,,,노인주의
20260102,무색 내지 연한 청색의 투명한 내용물이 든 청색의 투명한 타원형 연질캡슐,01140,해열.진통.소염제,(주)에이프로젠바이오로직스,일반의약품,"연질캡슐제, 액상",D000086,Dexibuprofen,Dexibuprofen(덱시부프로펜),덱시부프로펜,맥시쿨펜연질캡슐(덱시부프로펜),20090629,200904632,[M092057]덱시부프로펜,[M092057]덱시부프로펜,단일,20210715,,,노인주의
20260102,무색 내지 연한 청색의 투명한 내용물이 든 청색의 투명한 타원형 연질캡슐,01140,해열.진통.소염제,제이더블유중외제약(주),일반의약품,"연질캡슐제, 액상",D000086,Dexibuprofen,Dexibuprofen(덱시부프로펜),덱시부프로펜,페인엔젤-프로연질캡슐(덱시부프로펜),20090703,200904881,[M092057]덱시부프로펜,[M092057]덱시부프로펜,단일,20210715,,,노인주의
20260102,무색 내지 미황색의 투명한 내용물을 함유하는  투명의 장방형 연질캡슐제,01140,해열.진통.소염제,동성제약(주),일반의약품,"연질캡슐제, 액상",D000086,Dexibuprofen,Dexibuprofen(덱시부프로펜),덱시부프로펜,디퓨텐연질캡슐(덱시부프로펜),20090708,200905055,[M092057]덱시부프로펜,[M092057]덱시부프로펜,단일,20210715,,,노인주의
20260102,분홍색장방형의 필름코팅정제,01140,해열.진통.소염제,(주)마더스제약,전문의약품,필름코팅정,D000086,Dexibuprofen,Dexibuprofen(덱시부프로펜),덱시부프로펜,덱시로그펜정(덱시부프로펜디.씨)(수출용),20090710,200905162,[M212364]덱시부프로펜디씨,[M212364]덱시부프로펜디씨,단일,20210715,,,노인주의
20260102,무색의 투명한 액이 든 연한 청록색의 투명한 달걀형 연질캡슐,01140,해열.진통.소염제,동국제약(주),일반의약품,"연질캡슐제, 액상",D000086,Dexibuprofen,Dexibuprofen(덱시부프로펜),덱시부프로펜,프리엔연질캡슐(덱시부프로펜),20090710,200905196,[M092057]덱시부프로펜,[M092057]덱시부프로펜,단일,20210715,,,노인주의
20260102,미황색 내지 연한 주황색의 투명한 유상내용물이 든 주황색의 투명한 타원형 연질캡슐,01140,해열.진통.소염제,(주)일화,일반의약품,"연질캡슐제, 액상",D000086,Dexibuprofen,Dexibuprofen(덱시부프로펜),덱시부프로펜,자이펜연질캡슐300mg(덱시부프로펜),20090714,200905315,[M092057]덱시부프로펜,[M092057]덱시부프로펜,단일,20210715,,,노인주의
20260102,무색 내지 연한 청색의 투명한 내용물이 든 청색의 투명한 타원형 연질캡슐,01140,해열.진통.소염제,일양약품(주),일반의약품,"연질캡슐제, 액상",D000086,Dexibuprofen,Dexibuprofen(덱시부프로펜),덱시부프로펜,덱스쿨연질캡슐(덱시부프로펜),20090714,200905351,[M092057]덱시부프로펜,[M092057]덱시부프로펜,단일,20210715,,,노인주의
20241212,무색투명 내지 미황색의 점착성 물질을 지지체에 도포하고(바르고) 고체면에 고체피복물을 덮은 첩부제이다.,02640,진통.진양.수렴.소염제,신일제약(주),일반의약품,지지체가있는첩부제,D000506,Diclofenac,Diclofenac(디클로페낙),디클로페낙,디펜플라스타(디클로페낙나트륨),20090918,200906982,[M050288]디클로페낙나트륨/[M050288]디클로페낙나트륨/[M050288]디클로페낙나트륨/[M050288]디클로페낙나트륨/[M050288]디클로페낙나트륨/[M050288]디클로페낙나트륨/[M050288]디클로페낙나트륨/[M050288]디클로페낙나트륨,[M050288]디클로페낙나트륨/[M050288]디클로페낙나트륨/[M050288]디클로페낙나트륨/[M050288]디클로페낙나트륨/[M050288]디클로페낙나트륨/[M050288]디클로페낙나트륨/[M050288]디클로페낙나트륨/[M050288]디클로페낙나트륨,단일,20210715,,,노인주의
20260102,불투명한 흰색병에 독특한 향이 들어 있는 흰색 내지 미황색의 현탁시럽제,01140,해열.진통.소염제,안국약품(주),일반의약품,액상시럽제,D000086,Dexibuprofen,Dexibuprofen(덱시부프로펜),덱시부프로펜,애니펜시럽(덱시부프로펜),20100128,201000953,[M092057]덱시부프로펜/[M092057]덱시부프로펜,[M092057]덱시부프로펜/[M092057]덱시부프로펜,단일,20210715,,,노인주의
20230819,무색 투명한 액이 든 무색 투명한 앰플 주사제,01140,해열.진통.소염제,(주)휴메딕스,전문의약품,용액주사제,D000506,Diclofenac,Diclofenac(디클로페낙),디클로페낙,휴메딕스디클로페낙나트륨주사(수출용),20100308,201001927,[M050288]디클로페낙나트륨,[M050288]디클로페낙나트륨,단일,20210715,,,노인주의
20260102,과일향을 가진 흰색 내지 연한 노란색의 액이 갈색 유리병 또는 흰색의 플라스틱병에 든 시럽제,01140,해열.진통.소염제,(주)유유제약,일반의약품,액상시럽제,D000086,Dexibuprofen,Dexibuprofen(덱시부프로펜),덱시부프로펜,키즈부펜시럽(덱시부프로펜),20100917,201005606,[M092057]덱시부프로펜,[M092057]덱시부프로펜,단일,20210715,,,노인주의
20260102,불투명한 흰색병에 독특한 향이 들어 있는 흰색 내지 미황색의 현탁시럽제,01140,해열.진통.소염제,제이더블유신약(주),일반의약품,액상시럽제,D000086,Dexibuprofen,Dexibuprofen(덱시부프로펜),덱시부프로펜,소니펜시럽(덱시부프로펜),20100928,201005692,[M254719]덱시부프로펜,[M254719]덱시부프로펜,단일,20210715,,,노인주의
20260102,이 약은 불투명한 흰색병에 독특한 향이 들어있는 흰색 내지 미황색의 현탁 시럽제이다.,01140,해열.진통.소염제,건일제약(주),일반의약품,액상시럽제,D000086,Dexibuprofen,Dexibuprofen(덱시부프로펜),덱시부프로펜,덱시탑시럽(덱시부프로펜),20100928,201005694,[M092057]덱시부프로펜,[M092057]덱시부프로펜,단일,20210715,,,노인주의
20260102,이 약은 불투명한 흰색병에 독특한 향이 들어 있는 흰색 내지 미황색의 현탁시럽제이다.,01140,해열.진통.소염제,일성아이에스(주),일반의약품,액상시럽제,D000086,Dexibuprofen,Dexibuprofen(덱시부프로펜),덱시부프로펜,맥스프로시럽(덱시부프로펜),20100928,201005697,[M092057]덱시부프로펜,[M092057]덱시부프로펜,단일,20210715,,,노인주의
20260102,이 약은 불투명한 흰색병에 독특한 향이 들어있는 흰색 내지 미황색의 현탁시럽제,01140,해열.진통.소염제,진양제약(주),일반의약품,액상시럽제,D000086,Dexibuprofen,Dexibuprofen(덱시부프로펜),덱시부프로펜,맥시펜시럽(덱시부프로펜),20100929,201005753,[M092057]덱시부프로펜,[M092057]덱시부프로펜,단일,20210715,,,노인주의
20260102,이 약은 불투명한 흰색병에 독특한 향이 들어 있는 흰색 내지 미황색의 현탁시럽제이다,01140,해열.진통.소염제,(주)바이넥스,일반의약품,액상시럽제,D000086,Dexibuprofen,Dexibuprofen(덱시부프로펜),덱시부프로펜,닥스펜시럽(덱시부프로펜),20100930,201005795,[M092057]덱시부프로펜,[M092057]덱시부프로펜,단일,20210715,,,노인주의
20260102,불투명한 흰색병에 든 포도향이 있는 흰색 내지 미백색의 시럽제,01140,해열.진통.소염제,삼아제약(주),일반의약품,액상시럽제,D000086,Dexibuprofen,Dexibuprofen(덱시부프로펜),덱시부프로펜,코코페디시럽(덱시부프로펜),20100930,201005800,[M092057]덱시부프로펜,[M092057]덱시부프로펜,단일,20210715,,,노인주의
20260102,흰색 불투명한 용기에 든 딸기향을 가진 흰색 내지 미황색의 시럽제,01140,해열.진통.소염제,(주)팜젠사이언스,일반의약품,액상시럽제,D000086,Dexibuprofen,Dexibuprofen(덱시부프로펜),덱시부프로펜,덱시부시럽(덱시부프로펜),20101027,201006494,[M092057]덱시부프로펜,[M092057]덱시부프로펜,단일,20210715,,,노인주의
20260102,무색 내지 연한 청색의 투명한 내용물을 함유하는 청색 투명의 타원형 연질캡슐,01140,해열.진통.소염제,(주)종근당,일반의약품,"연질캡슐제, 액상",D000086,Dexibuprofen,Dexibuprofen(덱시부프로펜),덱시부프로펜,터논연질캡슐(덱시부프로펜),20110131,201100502,[M092057]덱시부프로펜,[M092057]덱시부프로펜,단일,20210715,,,노인주의
20230819,무색등명한 액체가 든 갈색앰플제,01140,해열.진통.소염제,동광제약(주),전문의약품,용액주사제,D000506,Diclofenac,Diclofenac(디클로페낙),디클로페낙,디페인주3ml(디클로페낙나트륨)(수출용),20110214,201100681,[M050288]디클로페낙나트륨,[M050288]디클로페낙나트륨,단일,20210715,,,노인주의
20210127,흰색 내지 미황색의 분말이 든 흰색의 불투명한 경질캡슐제,01140,해열.진통.소염제,주식회사제뉴원사이언스,전문의약품,"경질캡슐제, 산제",D000138,Celecoxib,Celecoxib(세레콕시브),세레콕시브,제뉴원세레콕시브캡슐200밀리그램(세레콕시브),20110331,201101840,[M089149]세레콕시브,[M089149]세레콕시브,단일,20210715,,,노인주의
20200831,흰색 내지 미황색의 분말이 충진된 상하 황색줄이 있는 흰색의 캡슐제,01140,해열.진통.소염제,동국제약(주),전문의약품,"경질캡슐제, 산제",D000138,Celecoxib,Celecoxib(세레콕시브),세레콕시브,셀브렉캡슐(세레콕시브),20110331,201101845,[M089149]세레콕시브,[M089149]세레콕시브,단일,20210715,,,노인주의
20200228,흰색 내지 미황색의 분말이 충전된 상하 흰색의 캡슐제,01140,해열.진통.소염제,하나제약(주),전문의약품,"경질캡슐제, 산제",D000138,Celecoxib,Celecoxib(세레콕시브),세레콕시브,쎌비트캡슐200밀리그램(세레콕시브),20110331,201101846,[M089149]세레콕시브,[M089149]세레콕시브,단일,20210715,,,노인주의
20200701,흰색 내지 연노란색의 분말이 충진된 상하 황색 줄이 있는 흰색의 불투명한 경질캡슐제,01140,해열.진통.소염제,삼천당제약(주),전문의약품,"경질캡슐제, 산제",D000138,Celecoxib,Celecoxib(세레콕시브),세레콕시브,쎄레캅캡슐200밀리그램(세레콕시브),20110331,201101849,[M089149]세레콕시브,[M089149]세레콕시브,단일,20210715,,,노인주의
20190904,흰색 내지 미황색의 분말이 든 흰색의 불투명한 경질캡슐제,01140,해열.진통.소염제,에스케이케미칼(주),전문의약품,"경질캡슐제, 산제",D000138,Celecoxib,Celecoxib(세레콕시브),세레콕시브,쎌스크캡슐200밀리그램(세레콕시브),20110331,201101850,[M089149]세레콕시브,[M089149]세레콕시브,단일,20210715,,,노인주의
20191125,흰색 내지 미황색의 가루가 충전된 상하부 흰색의 경질캡슐제,01140,해열.진통.소염제,(주)한독,전문의약품,"경질캡슐제, 산제",D000138,Celecoxib,Celecoxib(세레콕시브),세레콕시브,쎄렉스캡슐200밀리그램(세레콕시브),20110628,201103995,[M089149]세레콕시브,[M089149]세레콕시브,단일,20210715,,,노인주의
20200504,흰색 내지 미황색의 분말이 충전된 상하 황색줄이 있는 흰색의 캡슐제,01140,해열.진통.소염제,영풍제약(주),전문의약품,"경질캡슐제, 산제",D000138,Celecoxib,Celecoxib(세레콕시브),세레콕시브,쎄레콕스캡슐200밀리그램(세레콕시브),20110630,201104111,[M089149]세레콕시브,[M089149]세레콕시브,단일,20210715,,,노인주의
20200107,흰색 내지 미황색의 분말이 충전된 상하 황색줄이 있는 흰색의 캡슐제,01140,해열.진통.소염제,(주)메디카코리아,전문의약품,"경질캡슐제, 산제",D000138,Celecoxib,Celecoxib(세레콕시브),세레콕시브,셀콕스캡슐200밀리그램(세레콕시브),20110823,201105487,[M089149]세레콕시브,[M089149]세레콕시브,단일,20210715,,,노인주의
20200728,흰색 내지 미황색의 분말이 충진된 상부 형광노랑색 하부 흰색의 캡슐제,01140,해열.진통.소염제,유니메드제약(주),전문의약품,"경질캡슐제, 산제",D000138,Celecoxib,Celecoxib(세레콕시브),세레콕시브,콕스2캡슐(세레콕시브),20110823,201105488,[M089149]세레콕시브,[M089149]세레콕시브,단일,20210715,,,노인주의
20260102,불투명한 흰색병에 독특한 향이 들어 있는 흰색 내지 미황색의 현탁시럽제,01140,해열.진통.소염제,(주)테라젠이텍스,일반의약품,액상시럽제,D000086,Dexibuprofen,Dexibuprofen(덱시부프로펜),덱시부프로펜,맥스프로펜시럽(덱시부프로펜),20110923,201107084,[M254719]덱시부프로펜,[M254719]덱시부프로펜,단일,20210715,,,노인주의
20180205,흰색내지 미황색의 분말이 충전된 상하 흰색의 캡슐제,01140,해열.진통.소염제,맥널티제약(주),전문의약품,"경질캡슐제, 산제",D000138,Celecoxib,Celecoxib(세레콕시브),세레콕시브,쎄르펜캡슐(세레콕시브),20111115,201110059,[M089149]세레콕시브,[M089149]세레콕시브,단일,20210715,,,노인주의
20200310,흰색내지 미황색의 분말이 충전된 상하 노란색 줄이있는 흰색의 캡슐제,01140,해열.진통.소염제,(주)넥스팜코리아,전문의약품,"경질캡슐제, 산제",D000138,Celecoxib,Celecoxib(세레콕시브),세레콕시브,쎄넥스캡슐(세레콕시브),20111115,201110060,[M089149]세레콕시브,[M089149]세레콕시브,단일,20210715,,,노인주의
20260102,무색 내지 미황색의 투명한 내용물을 함유하는 투명의 장방형 연질캡슐제,01140,해열.진통.소염제,영진약품(주),일반의약품,"연질캡슐제, 액상",D000086,Dexibuprofen,Dexibuprofen(덱시부프로펜),덱시부프로펜,덱시푸루펜연질캡슐(덱시부프로펜),20111130,201110516,[M092057]덱시부프로펜,[M092057]덱시부프로펜,단일,20210715,,,노인주의
20260102,무색 내지 연청색의 투명한 내용물을 함유하는 청색 투명의 타원형 연질캡슐제,01140,해열.진통.소염제,(주)유한양행,일반의약품,"연질캡슐제, 액상",D000086,Dexibuprofen,Dexibuprofen(덱시부프로펜),덱시부프로펜,덱스피드연질캡슐(덱시부프로펜),20111205,201110646,[M092057]덱시부프로펜,[M092057]덱시부프로펜,단일,20210715,,,노인주의
20210129,흰색내지 미백색의 가루가 든 상·하부 노란색 줄이 있는 흰색의 경질캡슐,01140,해열.진통.소염제,한국유나이티드제약(주),전문의약품,"경질캡슐제, 산제",D000138,Celecoxib,Celecoxib(세레콕시브),세레콕시브,셀레콕스캡슐(세레콕시브),20120622,201205823,[M089149]세레콕시브,[M089149]세레콕시브,단일,20210715,,,노인주의
20260102,무색 내지는 미황색의 투명한 내용물이 든 투명한 타원형 연질캡슐,01140,해열.진통.소염제,(주)유유제약,일반의약품,"연질캡슐제, 액상",D000086,Dexibuprofen,Dexibuprofen(덱시부프로펜),덱시부프로펜,바로소펜연질캡슐(덱시부프로펜),20120803,201206383,[M092057]덱시부프로펜,[M092057]덱시부프로펜,단일,20210715,,,노인주의
20241212,무색의 균질한 겔제,02640,진통.진양.수렴.소염제,알리코제약(주),일반의약품,피부용겔제,D000506,Diclofenac,Diclofenac(디클로페낙),디클로페낙,디클로겔(디클로페낙디에틸아민염),20120926,201206948,[M255472]디클로페낙디에틸아민염,[M255472]디클로페낙디에틸아민염,단일,20210715,,,노인주의
20260102,분홍색의 장방형 필름코팅정,01140,해열.진통.소염제,(주)킵스바이오파마,일반의약품,필름코팅정,D000086,Dexibuprofen,Dexibuprofen(덱시부프로펜),덱시부프로펜,글로덱시정300mg(덱시부프로펜),20121023,201207377,[M254719]덱시부프로펜,[M254719]덱시부프로펜,단일,20210715,,,노인주의
20260102,불투명한 흰색병에 독특한 향이 들어있는 흰색 내지 미황색의 현탁시럽제,01140,해열.진통.소염제,한국유니온제약(주),일반의약품,액상시럽제,D000086,Dexibuprofen,Dexibuprofen(덱시부프로펜),덱시부프로펜,디프로펜시럽(덱시부프로펜),20130222,201305834,[M092057]덱시부프로펜,[M092057]덱시부프로펜,단일,20210715,,,노인주의
20200317,흰색 내지 미황색의 분말이 충진된 상하 황색줄이 있는 흰색의 캡슐제,01140,해열.진통.소염제,국제약품(주),전문의약품,"경질캡슐제, 산제",D000138,Celecoxib,Celecoxib(세레콕시브),세레콕시브,셀렉시브캡슐(세레콕시브),20130531,201307578,[M089149]세레콕시브,[M089149]세레콕시브,단일,20210715,,,노인주의
20130909,"흰색 내지 미황색의 분말이 충전된 상부 주황색, 하부 흰색의 캡슐제",01140,해열.진통.소염제,동방에프티엘(주),전문의약품,"경질캡슐제, 산제",D000138,Celecoxib,Celecoxib(세레콕시브),세레콕시브,동방쎄레콕시브캡슐100mg(세레콕시브)(수출용),20130605,201307608,[M089149]세레콕시브,[M089149]세레콕시브,단일,20210715,,,노인주의
20241212,무색투명 내지 미황색의 점착성 물질을 지지체에 도포하고(바르고) 고체면에 고체피복물을 덮은 첩부제이다.,02640,진통.진양.수렴.소염제,현대약품(주),일반의약품,지지체가있는첩부제,D000506,Diclofenac,Diclofenac(디클로페낙),디클로페낙,디나펜플라스타(디클로페낙나트륨),20130626,201307879,[M050288]디클로페낙나트륨,[M050288]디클로페낙나트륨,단일,20210715,,,노인주의
20260102,분홍색의 원형필름코팅정제,01140,해열.진통.소염제,삼천당제약(주),일반의약품,필름코팅정,D000086,Dexibuprofen,Dexibuprofen(덱시부프로펜),덱시부프로펜,에스부펜정(덱시부프로펜),20130821,201308922,[M092057]덱시부프로펜,[M092057]덱시부프로펜,단일,20210715,,,노인주의
20260102,과일향을 가진 흰색 내지 연한 노란색의 액이 갈색 유리병 또는 흰색의 플라스틱병에 든 시럽제,01140,해열.진통.소염제,코오롱제약(주),일반의약품,액상시럽제,D000086,Dexibuprofen,Dexibuprofen(덱시부프로펜),덱시부프로펜,코키즈펜시럽(덱시부프로펜),20130829,201309080,[M092057]덱시부프로펜,[M092057]덱시부프로펜,단일,20210715,,,노인주의
20260102,미황색(연노랑) 내지 연한 주황색의 투명한 유상내용물이 든 주황색의 투명한 타원형 연질캡슐,01140,해열.진통.소염제,신신제약(주),일반의약품,"연질캡슐제, 액상",D000086,Dexibuprofen,Dexibuprofen(덱시부프로펜),덱시부프로펜,이지펜연질캡슐(덱시부프로펜),20131231,201310950,[M254719]덱시부프로펜,[M254719]덱시부프로펜,단일,20210715,,,노인주의
20260102,무색 내지 연한 청록색의 투명한 내용물을 함유하는 연청록색의 장방형 연질캡슐제,01140,해열.진통.소염제,(주)마더스제약,일반의약품,"연질캡슐제, 액상",D000086,Dexibuprofen,Dexibuprofen(덱시부프로펜),덱시부프로펜,덱쎈연질캡슐(덱시부프로펜),20140319,201401248,[M092057]덱시부프로펜,[M092057]덱시부프로펜,단일,20210715,,,노인주의
20260102,흰색의 장방형 필름코팅정,01140,해열.진통.소염제,제이더블유신약(주),일반의약품,필름코팅정,D000086,Dexibuprofen,Dexibuprofen(덱시부프로펜),덱시부프로펜,소니펜정300mg(덱시부프로펜),20140724,201403363,[M254719]덱시부프로펜,[M254719]덱시부프로펜,단일,20210715,,,노인주의
20260102,미황색 내지 연한 주황색의 투명한 유상내용물이 든 주황색의 투명한 타원형 연질캡슐,01140,해열.진통.소염제,명문제약(주),일반의약품,"연질캡슐제, 액상",D000086,Dexibuprofen,Dexibuprofen(덱시부프로펜),덱시부프로펜,리드펜플러스연질캡슐(덱시부프로펜),20140729,201403460,[M254719]덱시부프로펜,[M254719]덱시부프로펜,단일,20210715,,,노인주의
20191226,흰색 내지 미황색의 분말이 충전된 상하 노란색 줄이 있는 흰색의 캡슐제,01140,해열.진통.소염제,(주)셀트리온제약,전문의약품,"경질캡슐제, 산제",D000138,Celecoxib,Celecoxib(세레콕시브),세레콕시브,세레브캡슐200밀리그램(세레콕시브),20140820,201403889,[M089149]세레콕시브,[M089149]세레콕시브,단일,20210715,,,노인주의
20200101,흰색 내지 연노랑색의 분말이 충전된 흰색의 캡슐제,01140,해열.진통.소염제,(주)유영제약,전문의약품,"경질캡슐제, 산제",D000138,Celecoxib,Celecoxib(세레콕시브),세레콕시브,쎄레시브캡슐200mg(세레콕시브),20140912,201404200,[M089149]세레콕시브,[M089149]세레콕시브,단일,20210715,,,노인주의
20260102,흰색의 장방형 필름코팅정제,01140,해열.진통.소염제,(주)이든파마,전문의약품,필름코팅정,D000086,Dexibuprofen,Dexibuprofen(덱시부프로펜),덱시부프로펜,덱스론정400밀리그램(덱시부프로펜 디.씨.),20140912,201404202,[M215523]덱시부프로펜 디.씨.,[M215523]덱시부프로펜 디.씨.,단일,20210715,,,노인주의
20191231,미황색의 분말이 충진된 상하 황색줄이 있는 흰색의 캡슐제,01140,해열.진통.소염제,(주)팜젠사이언스,전문의약품,"경질캡슐제, 산제",D000138,Celecoxib,Celecoxib(세레콕시브),세레콕시브,쎌레코캡슐200밀리그램(세레콕시브),20140923,201404318,[M089149]세레콕시브,[M089149]세레콕시브,단일,20210715,,,노인주의
20200327,흰색 내지 미황색의 가루가 충진된 상하 황색줄이 있는 흰색의 캡슐제,01140,해열.진통.소염제,에이치케이이노엔(주),전문의약품,"경질캡슐제, 산제",D000138,Celecoxib,Celecoxib(세레콕시브),세레콕시브,콕스케어캡슐200밀리그램(세레콕시브),20140924,201404343,[M089149]세레콕시브,[M089149]세레콕시브,단일,20210715,,,노인주의
20191210,흰색 내지 미황색의 분말이 충전된 상하 황색줄이 있는 흰색의 캡슐제,01140,해열.진통.소염제,(주)서울제약,전문의약품,"경질캡슐제, 산제",D000138,Celecoxib,Celecoxib(세레콕시브),세레콕시브,셀록스캡슐(세레콕시브),20140925,201404378,[M089149]세레콕시브,[M089149]세레콕시브,단일,20210715,,,노인주의
20191101,흰색 내지 미황색의 분말이 충전된 상하 황색줄이 있는 흰색의 경질 캡슐제,01140,해열.진통.소염제,제이더블유중외제약(주),전문의약품,"경질캡슐제, 산제",D000138,Celecoxib,Celecoxib(세레콕시브),세레콕시브,제이브렉스캡슐200밀리그램(세레콕시브),20140926,201404415,[M089149]세레콕시브,[M089149]세레콕시브,단일,20210715,,,노인주의
20200331,흰색 내지 미황색의 분말이 충전된 상하 황색줄이 있는 흰색의 경질캡슐제,01140,해열.진통.소염제,한림제약(주),전문의약품,"경질캡슐제, 산제",D000138,Celecoxib,Celecoxib(세레콕시브),세레콕시브,쎄레브이캡슐200밀리그램(세레콕시브),20140930,201404485,[M089149]세레콕시브,[M089149]세레콕시브,단일,20210715,,,노인주의
20191101,흰색 내지 미황색의 분말이 충진된 상하 황색줄이 있는 흰색의 캡슐제,01140,해열.진통.소염제,(주)휴온스,전문의약품,"경질캡슐제, 산제",D000138,Celecoxib,Celecoxib(세레콕시브),세레콕시브,세레온캡슐(세레콕시브),20141002,201404569,[M089149]세레콕시브,[M089149]세레콕시브,단일,20210715,,,노인주의
20200807,흰색내지 미황색의 가루가 든 상하 흰색의 경질캡슐,01140,해열.진통.소염제,(주)화이트생명과학,전문의약품,"경질캡슐제, 산제",D000138,Celecoxib,Celecoxib(세레콕시브),세레콕시브,쎄콕스캡슐200밀리그램(세레콕시브),20141006,201404586,[M089149]세레콕시브,[M089149]세레콕시브,단일,20210715,,,노인주의
20191201,흰색 내지 미황색의 분말이 충진된 상하 황색줄이 있는 흰색의 캡슐제,01140,해열.진통.소염제,아주약품(주),전문의약품,"경질캡슐제, 산제",D000138,Celecoxib,Celecoxib(세레콕시브),세레콕시브,아나콕스캡슐200밀리그램(세레콕시브),20141022,201404836,[M089149]세레콕시브,[M089149]세레콕시브,단일,20210715,,,노인주의
20200218,흰색 내지 연노랑색의 분말이 충전된 황색줄이 있는 흰색의 캡슐제,01140,해열.진통.소염제,알보젠코리아(주),전문의약품,"경질캡슐제, 산제",D000138,Celecoxib,Celecoxib(세레콕시브),세레콕시브,쎌빅캡슐(세레콕시브),20141023,201404857,[M089149]세레콕시브,[M089149]세레콕시브,단일,20210715,,,노인주의
20201222,흰색 내지 미황색의 분말이 충전된 상하 흰색의 캡슐제,01140,해열.진통.소염제,(주)휴비스트제약,전문의약품,"경질캡슐제, 산제",D000138,Celecoxib,Celecoxib(세레콕시브),세레콕시브,휴렉스캡슐(세레콕시브),20141023,201404863,[M089149]세레콕시브,[M089149]세레콕시브,단일,20210715,,,노인주의
20190926,흰색 내지 미황색의 분말이 충전된 상하 노란색 줄이 있는 흰색의 캡슐제,01140,해열.진통.소염제,(주)킴스제약,전문의약품,"경질캡슐제, 산제",D000138,Celecoxib,Celecoxib(세레콕시브),세레콕시브,세콕시아캡슐200mg(세레콕시브),20141028,201404983,[M089149]세레콕시브,[M089149]세레콕시브,단일,20210715,,,노인주의
20200501,흰색내지 미황색의 분말이 충전된 상하 흰색의 캡슐제,01140,해열.진통.소염제,(주)하원제약,전문의약품,"경질캡슐제, 산제",D000138,Celecoxib,Celecoxib(세레콕시브),세레콕시브,세렉스캡슐(세레콕시브),20141029,201405027,[M089149]세레콕시브,[M089149]세레콕시브,단일,20210715,,,노인주의
20200313,흰색 내지 연노랑색의 가루가 충전된 상하 노란색 줄이 있는 흰색의 경질 캡슐,01140,해열.진통.소염제,광동제약(주),전문의약품,"경질캡슐제, 산제",D000138,Celecoxib,Celecoxib(세레콕시브),세레콕시브,셀비콕스캡슐200밀리그램(세레콕시브),20141030,201405040,[M089149]세레콕시브,[M089149]세레콕시브,단일,20210715,,,노인주의
20191104,흰색 내지 연노랑색의 분말이 충전된 상하 노란색의 줄무늬가 있는 흰색의 경질캡슐제,01140,해열.진통.소염제,(주)테라젠이텍스,전문의약품,"경질캡슐제, 산제",D000138,Celecoxib,Celecoxib(세레콕시브),세레콕시브,쎄레민캡슐200밀리그램(세레콕시브),20141031,201405094,[M089149]세레콕시브/[M089149]세레콕시브,[M089149]세레콕시브/[M089149]세레콕시브,단일,20210715,,,노인주의
20191113,"흰색 내지 연노란색의 분말이 충전된 상, 하 노란색 줄이 있는 흰색의 경질캡슐",01140,해열.진통.소염제,구주제약(주),전문의약품,"경질캡슐제, 산제",D000138,Celecoxib,Celecoxib(세레콕시브),세레콕시브,쎄레메드캡슐(세레콕시브),20141031,201405096,[M089149]세레콕시브,[M089149]세레콕시브,단일,20210715,,,노인주의
20191022,흰색 내지 미황색의 가루가 충전된 상하 흰색의 경질캡슐제,01140,해열.진통.소염제,삼익제약(주),전문의약품,"경질캡슐제, 산제",D000138,Celecoxib,Celecoxib(세레콕시브),세레콕시브,쎄르파캡슐(세레콕시브),20141110,201405233,[M089149]세레콕시브,[M089149]세레콕시브,단일,20210715,,,노인주의
20200414,흰색 내지 미황색의 분말이 충진된 상하 황색줄이 있는 흰색의 캡슐제,01140,해열.진통.소염제,명문제약(주),전문의약품,"경질캡슐제, 산제",D000138,Celecoxib,Celecoxib(세레콕시브),세레콕시브,세레콕스캡슐(세레콕시브),20141124,201405465,[M089149]세레콕시브,[M089149]세레콕시브,단일,20210715,,,노인주의
20210319,흰색내지 미황색의 분말이 충전된 상하 흰색의 캡슐제,01140,해열.진통.소염제,한국휴텍스제약(주),전문의약품,"경질캡슐제, 산제",D000138,Celecoxib,Celecoxib(세레콕시브),세레콕시브,싸이브렉스캡슐200밀리그램(세레콕시브),20141124,201405473,[M089149]세레콕시브,[M089149]세레콕시브,단일,20210715,,,노인주의
20200302,흰색 내지 연노랑색의 분말이 충전된 상하 노란 줄이 있는 흰색의 캡슐제,01140,해열.진통.소염제,동광제약(주),전문의약품,"경질캡슐제, 산제",D000138,Celecoxib,Celecoxib(세레콕시브),세레콕시브,동광세레콕시브캡슐200mg,20141124,201405475,[M089149]세레콕시브,[M089149]세레콕시브,단일,20210715,,,노인주의
20191030,흰색 내지 연노랑색의 가루가 충전된 상하 노란색 줄이 있는 흰색의 경질캡슐제,01140,해열.진통.소염제,일양약품(주),전문의약품,"경질캡슐제, 산제",D000138,Celecoxib,Celecoxib(세레콕시브),세레콕시브,투콕시브캡슐200mg(세레콕시브),20141125,201405505,[M089149]세레콕시브,[M089149]세레콕시브,단일,20210715,,,노인주의
20201203,"흰색 내지 미황색의 분말이 충전된 상, 하부 흰색의 캡슐제",01140,해열.진통.소염제,한국프라임제약(주),전문의약품,"경질캡슐제, 산제",D000138,Celecoxib,Celecoxib(세레콕시브),세레콕시브,세레벡스캡슐(세레콕시브),20141203,201405708,[M089149]세레콕시브,[M089149]세레콕시브,단일,20210715,,,노인주의
20190904,흰색 또는 엷은 노란색의 분말이 충전된 상하 노란색 줄이 있는 흰색의 경질캡슐제,01140,해열.진통.소염제,(주)유한양행,전문의약품,"경질캡슐제, 산제",D000138,Celecoxib,Celecoxib(세레콕시브),세레콕시브,유콕스캡슐200밀리그램(세레콕시브),20141203,201405736,[M089149]세레콕시브,[M089149]세레콕시브,단일,20210715,,,노인주의
20200903,흰색내지 미황색의 분말이 충전된 상하 흰색의 캡슐제,01140,해열.진통.소염제,대한뉴팜(주),전문의약품,"경질캡슐제, 산제",D000138,Celecoxib,Celecoxib(세레콕시브),세레콕시브,셀렉콕캡슐200mg(세레콕시브),20141208,201405779,[M089149]세레콕시브,[M089149]세레콕시브,단일,20210715,,,노인주의
20200814,"흰색 내지 미황색의 가루가 든 상,하 황색줄이 있는 흰색의 경질캡슐제",01140,해열.진통.소염제,한국코러스(주),전문의약품,"경질캡슐제, 산제",D000138,Celecoxib,Celecoxib(세레콕시브),세레콕시브,쎄레브린캡슐200밀리그램(세레콕시브),20141208,201405798,[M089149]세레콕시브,[M089149]세레콕시브,단일,20210715,,,노인주의
20191230,"백색 내지 유백색의 분말이 충진된 상부 자색, 하부 담황색의 경질캡슐제",01140,해열.진통.소염제,한국프라임제약(주),전문의약품,"경질캡슐제, 산제",D000463,Etodolac,Etodolac(에토돌락),에토돌락,엘토스캡슐(에토돌락)(수출용),20141212,201405864,[M083240]에토돌락,[M083240]에토돌락,단일,20210715,,,노인주의
20200519,"흰색 내지 연한 노란색의 분말이 충전된 상부 파란색, 하부 흰색의 캡슐제",01140,해열.진통.소염제,한미약품(주),전문의약품,"경질캡슐제, 산제",D000138,Celecoxib,Celecoxib(세레콕시브),세레콕시브,콕시브캡슐100밀리그램(세레콕시브),20141218,201405956,[M089149]세레콕시브,[M089149]세레콕시브,단일,20210715,,,노인주의
20190920,흰색 내지 연노랑색의 분말이 충전된 상·하부 노란색 줄이 있는 흰색의 캡슐제,01140,해열.진통.소염제,(주)휴온스생명과학,전문의약품,"경질캡슐제, 산제",D000138,Celecoxib,Celecoxib(세레콕시브),세레콕시브,세로콕캡슐200밀리그램(세레콕시브),20141223,201406030,[M089149]세레콕시브,[M089149]세레콕시브,단일,20210715,,,노인주의
20211214,"한면에는 101, 다른면에는 ACX30이라고 새겨진 청녹색 사과 모양의 양면이 볼록한 필름코팅정",01140,해열.진통.소염제,한국오가논(주),전문의약품,필름코팅정,D001012,Etoricoxib,Etoricoxib(에토리콕시브),에토리콕시브,알콕시아정30밀리그램(에토리콕시브),20141223,201406032,[M260064]에토리콕시브,[M260064]에토리콕시브,단일,20210715,,,노인주의
20201230,흰색 또는 미황색의 가루가 든 상하 황색줄이 있는 흰색의 경질캡슐제,01140,해열.진통.소염제,에이치엘비제약(주),전문의약품,"경질캡슐제, 산제",D000138,Celecoxib,Celecoxib(세레콕시브),세레콕시브,씨트렉스캡슐200밀리그램(세레콕시브),20141224,201406048,[M089149]세레콕시브,[M089149]세레콕시브,단일,20210715,,,노인주의
20191129,흰색의 장방형 필름코팅정,01140,해열.진통.소염제,경동제약(주),전문의약품,필름코팅정,D000138,Celecoxib,Celecoxib(세레콕시브),세레콕시브,셀렉카정200밀리그램(세레콕시브),20141229,201406102,[M089149]세레콕시브,[M089149]세레콕시브,단일,20210715,,,노인주의
20200820,흰색의 장방형 필름코팅정,01140,해열.진통.소염제,일동제약(주),전문의약품,필름코팅정,D000138,Celecoxib,Celecoxib(세레콕시브),세레콕시브,쎄레원정200밀리그램(세레콕시브),20141229,201406103,[M089149]세레콕시브,[M089149]세레콕시브,단일,20210715,,,노인주의
20260102,흰색 내지 미황색의 딸기향을 가진 흰색 불투명한 용기에 든 시럽제,01140,해열.진통.소염제,(주)보령바이오파마,일반의약품,액상시럽제,D000086,Dexibuprofen,Dexibuprofen(덱시부프로펜),덱시부프로펜,비알덱시펜시럽(덱시부프로펜),20141229,201406120,[M092057]덱시부프로펜,[M092057]덱시부프로펜,단일,20210715,,,노인주의
20200903,흰색 내지 연노랑색의 분말이 충전된 상하 황색줄이 있는 흰색의 캡슐제,01140,해열.진통.소염제,초당약품공업(주),전문의약품,"경질캡슐제, 산제",D000138,Celecoxib,Celecoxib(세레콕시브),세레콕시브,쎄레프로캡슐200mg(세레콕시브),20150109,201500093,[M089149]세레콕시브,[M089149]세레콕시브,단일,20210715,,,노인주의
20200217,흰색 내지 연노랑색의 분말이 충전된 상하 노란줄이 있는 흰색의 캡슐제,01140,해열.진통.소염제,한화제약(주),전문의약품,"경질캡슐제, 산제",D000138,Celecoxib,Celecoxib(세레콕시브),세레콕시브,콕스낙캡슐200mg(세레콕시브),20150109,201500099,[M089149]세레콕시브,[M089149]세레콕시브,단일,20210715,,,노인주의
20200511,흰색 내지 연노랑색의 분말이 충전된 흰색의 캡슐제,01140,해열.진통.소염제,일양바이오팜(주),전문의약품,"경질캡슐제, 산제",D000138,Celecoxib,Celecoxib(세레콕시브),세레콕시브,일양바이오세레콕시브캡슐200밀리그램,20150109,201500101,[M089149]세레콕시브,[M089149]세레콕시브,단일,20210715,,,노인주의
20191010,흰색내지 미황색의 분말이 충전된 상하 노란색 줄이 있는 흰색의 캡슐제,01140,해열.진통.소염제,(주)이든파마,전문의약품,"경질캡슐제, 산제",D000138,Celecoxib,Celecoxib(세레콕시브),세레콕시브,쎄렉스타캡슐200mg(세레콕시브),20150112,201500127,[M089149]세레콕시브,[M089149]세레콕시브,단일,20210715,,,노인주의
20200701,내수용 : 흰색 내지 연노랑색의 분말이 충진된 상하 황색줄이 있는 흰색의 캡슐제수출용 : 흰색내지 미황색의 분말이 충전된 상하 노란색 줄이 있는 흰색의 캡슐제,01140,해열.진통.소염제,한국유니온제약(주),전문의약품,"경질캡슐제, 산제",D000138,Celecoxib,Celecoxib(세레콕시브),세레콕시브,유니브렉스캡슐200밀리그램(세레콕시브),20150113,201500145,[M089149]세레콕시브/[M089149]세레콕시브,[M089149]세레콕시브/[M089149]세레콕시브,단일,20210715,,,노인주의
20201224,흰색 내지 미황색의 가루가 든 상하 흰색의 경질캡슐제,01140,해열.진통.소염제,조아제약(주),전문의약품,"경질캡슐제, 산제",D000138,Celecoxib,Celecoxib(세레콕시브),세레콕시브,조아세레콕시브캡슐200밀리그램,20150114,201500186,[M089149]세레콕시브,[M089149]세레콕시브,단일,20210715,,,노인주의
20200201,흰색 내지 미황색의 분말이 충진된 상하 황색줄이 있는 흰색의 캡슐제,01140,해열.진통.소염제,건일제약(주),전문의약품,"경질캡슐제, 산제",D000138,Celecoxib,Celecoxib(세레콕시브),세레콕시브,쎌브록스캡슐200mg(세레콕시브),20150116,201500241,[M089149]세레콕시브,[M089149]세레콕시브,단일,20210715,,,노인주의
20260102,분홍색 장방형의 필름코팅정제,01140,해열.진통.소염제,(주)보령바이오파마,전문의약품,필름코팅정,D000086,Dexibuprofen,Dexibuprofen(덱시부프로펜),덱시부프로펜,비알덱시펜정(덱시부프로펜디.씨),20150116,201500245,[M214134]덱시부프로펜 디.씨,[M214134]덱시부프로펜 디.씨,단일,20210715,,,노인주의
20200818,흰색 내지 미황색의 분말이 충전된 상하 황색줄이 있는 흰색의 캡슐제,01140,해열.진통.소염제,대화제약(주),전문의약품,"경질캡슐제, 산제",D000138,Celecoxib,Celecoxib(세레콕시브),세레콕시브,콕스렌캡슐(세레콕시브),20150123,201500355,[M089149]세레콕시브,[M089149]세레콕시브,단일,20210715,,,노인주의
20210507,흰색 내지 미황색의 분말이 충전된 상하 흰색의 캡슐제,01140,해열.진통.소염제,(주)에이프로젠바이오로직스,전문의약품,"경질캡슐제, 산제",D000138,Celecoxib,Celecoxib(세레콕시브),세레콕시브,쎄레코캡슐200mg(세레콕시브),20150128,201500438,[M089149]세레콕시브,[M089149]세레콕시브,단일,20210715,,,노인주의
20180205,흰색 내지 연한 노란색의 가루가 충전된 상하부 노란색 줄이 있는 흰색의 경질캡슐,01140,해열.진통.소염제,신풍제약(주),전문의약품,"경질캡슐제, 산제",D000138,Celecoxib,Celecoxib(세레콕시브),세레콕시브,바로콕스캡슐200밀리그램(세레콕시브),20150128,201500439,[M089149]세레콕시브,[M089149]세레콕시브,단일,20210715,,,노인주의
20251201,복숭아와 민트향이 나는 맑거나 약간 유백광의 빨간 주황색의 액제,02310,치과구강용약,코오롱제약(주),일반의약품,가글제,D000506,Diclofenac,Diclofenac(디클로페낙),디클로페낙,디클로메드액0.074%(디클로페낙),20150130,201500494,[M083248]디클로페낙,[M083248]디클로페낙,단일,20210715,,,노인주의
20200914,흰색 내지 연노랑색의 분말이 충진된 상하 황색줄이 있는 흰색의 캡슐제,01140,해열.진통.소염제,(주)일화,전문의약품,"경질캡슐제, 산제",D000138,Celecoxib,Celecoxib(세레콕시브),세레콕시브,쎄콕시브캡슐200밀리그램(세레콕시브),20150130,201500530,[M089149]세레콕시브,[M089149]세레콕시브,단일,20210715,,,노인주의
20191210,흰색 내지 미황색의 분말이 충전된 상하 흰색의 캡슐제,01140,해열.진통.소염제,진양제약(주),전문의약품,"경질캡슐제, 산제",D000138,Celecoxib,Celecoxib(세레콕시브),세레콕시브,쎄브렉스캡슐200밀리그램(세레콕시브),20150202,201500554,[M089149]세레콕시브,[M089149]세레콕시브,단일,20210715,,,노인주의
20180205,노란색의 장방형 필름코팅정,01140,해열.진통.소염제,영진약품(주),전문의약품,필름코팅정,D000138,Celecoxib,Celecoxib(세레콕시브),세레콕시브,쎄레본정200밀리그램(세레콕시브),20150210,201500676,[M089149]세레콕시브,[M089149]세레콕시브,단일,20210715,,,노인주의
20200221,흰색의 장방형 필름코팅정,01140,해열.진통.소염제,환인제약(주),전문의약품,필름코팅정,D000138,Celecoxib,Celecoxib(세레콕시브),세레콕시브,쎌콕정200밀리그램(세레콕시브),20150213,201500728,[M089149]세레콕시브,[M089149]세레콕시브,단일,20210715,,,노인주의
20201209,흰색 내지 미황색의 분말이 충전된 상하 황색줄이 있는 흰색의 캡슐,01140,해열.진통.소염제,(주)한국피엠지제약,전문의약품,"경질캡슐제, 산제",D000138,Celecoxib,Celecoxib(세레콕시브),세레콕시브,랙시브캡슐200밀리그램(세레콕시브),20150217,201500882,[M089149]세레콕시브,[M089149]세레콕시브,단일,20210715,,,노인주의
20200616,흰색내지 미황색의 분말이 충전된 상하 흰색의 캡슐제,01140,해열.진통.소염제,(주)바이넥스,전문의약품,"경질캡슐제, 산제",D000138,Celecoxib,Celecoxib(세레콕시브),세레콕시브,클록시브캡슐(세레콕시브),20150223,201500902,[M089149]세레콕시브,[M089149]세레콕시브,단일,20210715,,,노인주의
20200803,흰색 내지 미황색의 가루가 충전된 상하 노란색 줄이 있는 흰색의 캡슐제,01140,해열.진통.소염제,(주)씨엠지제약,전문의약품,"경질캡슐제, 산제",D000138,Celecoxib,Celecoxib(세레콕시브),세레콕시브,씨콕스캡슐200mg(세레콕시브),20150224,201500930,[M089149]세레콕시브,[M089149]세레콕시브,단일,20210715,,,노인주의
20191014,흰색 내지 연노랑색의 가루가 충전된 흰색의 경질캡슐제,01140,해열.진통.소염제,성원애드콕제약(주),전문의약품,"경질캡슐제, 산제",D000138,Celecoxib,Celecoxib(세레콕시브),세레콕시브,세렉실캡슐(세레콕시브),20150224,201500931,[M089149]세레콕시브,[M089149]세레콕시브,단일,20210715,,,노인주의
20191106,흰색 내지 연한 노란색의 가루가 충전된 상하 노란색줄이 있는 흰색의 경질캡슐,01140,해열.진통.소염제,한올바이오파마(주),전문의약품,"경질캡슐제, 산제",D000138,Celecoxib,Celecoxib(세레콕시브),세레콕시브,한콕스캡슐200mg(세레콕시브),20150224,201500958,[M089149]세레콕시브,[M089149]세레콕시브,단일,20210715,,,노인주의
20200131,흰색 내지 연노랑색의 분말이 충진된 상하 노란줄이 있는 흰색의 캡슐제,01140,해열.진통.소염제,(주)경보제약,전문의약품,"경질캡슐제, 산제",D000138,Celecoxib,Celecoxib(세레콕시브),세레콕시브,브렉시브캡슐(세레콕시브),20150225,201501011,[M089149]세레콕시브,[M089149]세레콕시브,단일,20210715,,,노인주의
20200312,흰색 내지 미황색의 분말이 충진된 상하 황색줄이 있는 흰색의 경질캡슐제,01140,해열.진통.소염제,동아에스티(주),전문의약품,"경질캡슐제, 산제",D000138,Celecoxib,Celecoxib(세레콕시브),세레콕시브,셀베스타캡슐(세레콕시브),20150302,201501083,[M089149]세레콕시브,[M089149]세레콕시브,단일,20210715,,,노인주의
20241212,엷은 노란색의 점착성 물질을 살구색 린트포에 도포하여 고체면에 박리지를 덮은 첩부제,02640,진통.진양.수렴.소염제,코오롱제약(주),일반의약품,지지체가있는첩부제,D000506,Diclofenac,Diclofenac(디클로페낙),디클로페낙,코디톱플라스타(디클로페낙디에틸암모늄),20150303,201501112,[M249599]디클로페낙디에틸암모늄,[M249599]디클로페낙디에틸암모늄,단일,20210715,,,노인주의
20200210,흰색 또는 미황색의 가루가 든 상하 청색줄이 있는 흰색의 경질캡슐제,01140,해열.진통.소염제,(주)종근당,전문의약품,"경질캡슐제, 산제",D000138,Celecoxib,Celecoxib(세레콕시브),세레콕시브,콕스비토캡슐100밀리그램(세레콕시브),20150311,201501270,[M089149]세레콕시브,[M089149]세레콕시브,단일,20210715,,,노인주의
20191128,흰색 내지 미황색의 분말이 충전된 상하흰색의 캡슐제,01140,해열.진통.소염제,(주)동구바이오제약,전문의약품,"경질캡슐제, 산제",D000138,Celecoxib,Celecoxib(세레콕시브),세레콕시브,셀빅스캡슐(세레콕시브),20150312,201501279,[M089149]세레콕시브,[M089149]세레콕시브,단일,20210715,,,노인주의
20200423,"흰색 내지 미황색의 분말이 충전된 상, 하 흰색의 캡슐제",01140,해열.진통.소염제,(주)텔콘알에프제약,전문의약품,"경질캡슐제, 산제",D000138,Celecoxib,Celecoxib(세레콕시브),세레콕시브,셀티브캡슐200밀리그램(세레콕시브),20150312,201501312,[M089149]세레콕시브,[M089149]세레콕시브,단일,20210715,,,노인주의
20260102,무색의 투명한 내용물이 든 무색의 투명한 타원형 연질캡슐,01140,해열.진통.소염제,일동제약(주),일반의약품,"연질캡슐제, 액상",D000086,Dexibuprofen,Dexibuprofen(덱시부프로펜),덱시부프로펜,캐롤디연질캡슐(덱시부프로펜),20150312,201501315,[M092057]덱시부프로펜,[M092057]덱시부프로펜,단일,20210715,,,노인주의
20241212,[내수용] 흰색의 균질한 겔제[수출용] 무색의 균질한 겔제,02640,진통.진양.수렴.소염제,태극제약(주),일반의약품,피부용겔제,D000506,Diclofenac,Diclofenac(디클로페낙),디클로페낙,디페낙겔1%(디클로페낙디에틸암모늄),20150316,201501386,[M249599]디클로페낙디에틸암모늄/[M256203]디클로페낙디에틸아민,[M249599]디클로페낙디에틸암모늄/[M256203]디클로페낙디에틸아민,단일,20210715,,,노인주의
20210421,흰색 내지 미황색의 분말이 충진된 상하 황색줄이 있는 흰색의 캡슐제,01140,해열.진통.소염제,대웅바이오(주),전문의약품,"경질캡슐제, 산제",D000138,Celecoxib,Celecoxib(세레콕시브),세레콕시브,베아콕시브캡슐200밀리그램(세레콕시브),20150318,201501429,[M089149]세레콕시브,[M089149]세레콕시브,단일,20210715,,,노인주의
20180205,흰색 내지 미황색의 분말이 충전된 상하 황색줄이 있는 흰색의 캡슐제,01140,해열.진통.소염제,(주)대웅제약,전문의약품,"경질캡슐제, 산제",D000138,Celecoxib,Celecoxib(세레콕시브),세레콕시브,쎄레노직캡슐200밀리그램(세레콕시브),20150323,201501494,[M089149]세레콕시브,[M089149]세레콕시브,단일,20210715,,,노인주의
20180205,흰색 내지 연노란색의 분말이 충진된 상하 흰색의 경질캡슐제,01140,해열.진통.소염제,대우제약(주),전문의약품,"경질캡슐제, 산제",D000138,Celecoxib,Celecoxib(세레콕시브),세레콕시브,쎌레브캡슐200밀리그램(세레콕시브),20150324,201501508,[M089149]세레콕시브,[M089149]세레콕시브,단일,20210715,,,노인주의
20190904,흰색 내지 미황색의 분말이 충전된 상하 노란색 줄이 있는 흰색의 캡슐제,01140,해열.진통.소염제,삼성제약(주),전문의약품,"경질캡슐제, 산제",D000138,Celecoxib,Celecoxib(세레콕시브),세레콕시브,삼성세레콕시브캡슐200밀리그램,20150324,201501549,[M089149]세레콕시브,[M089149]세레콕시브,단일,20210715,,,노인주의
20180205,흰색 내지 미황색의 분말이 충전된 상하 흰색의 경질캡슐제,01140,해열.진통.소염제,고려제약(주),전문의약품,"경질캡슐제, 산제",D000138,Celecoxib,Celecoxib(세레콕시브),세레콕시브,쎌브릭캡슐(세레콕시브),20150325,201501572,[M089149]세레콕시브,[M089149]세레콕시브,단일,20210715,,,노인주의
20191029,"흰색 내지 연한 노란색의 가루가 충진된 상,하 노란색 줄이 있는 흰색의 경질캡슐제",01140,해열.진통.소염제,(주)비씨월드제약,전문의약품,"경질캡슐제, 산제",D000138,Celecoxib,Celecoxib(세레콕시브),세레콕시브,쎄레티스캡슐200밀리그램(세레콕시브),20150325,201501582,[M089149]세레콕시브,[M089149]세레콕시브,단일,20210715,,,노인주의
20200731,흰색의 장방형 필름코팅정,01140,해열.진통.소염제,한림제약(주),전문의약품,필름코팅정,D000138,Celecoxib,Celecoxib(세레콕시브),세레콕시브,쎄레브이정200밀리그램(세레콕시브),20150326,201501603,[M089149]세레콕시브,[M089149]세레콕시브,단일,20210715,,,노인주의
20180205,흰색 내지 연노랑색의 가루가 충전된 상하 흰색의 경질캡슐,01140,해열.진통.소염제,미래바이오제약(주),전문의약품,"경질캡슐제, 산제",D000138,Celecoxib,Celecoxib(세레콕시브),세레콕시브,세리브콕스캡슐200mg(세레콕시브),20150330,201501648,[M089149]세레콕시브,[M089149]세레콕시브,단일,20210715,,,노인주의
20180205,흰색 내지 미황색의 가루가 든 흰색의 불투명한 경질캡슐제,01140,해열.진통.소염제,(주)한국파마,전문의약품,"경질캡슐제, 산제",D000138,Celecoxib,Celecoxib(세레콕시브),세레콕시브,파마세레콕시브캡슐200mg,20150330,201501655,[M089149]세레콕시브,[M089149]세레콕시브,단일,20210715,,,노인주의
20200825,흰색 내지 미황색의 분말이 충진된 상하 황색줄이 있는 흰색의 캡슐제,01140,해열.진통.소염제,위더스제약(주),전문의약품,"경질캡슐제, 산제",D000138,Celecoxib,Celecoxib(세레콕시브),세레콕시브,위더콕스캡슐200밀리그램(세레콕시브),20150330,201501680,[M089149]세레콕시브,[M089149]세레콕시브,단일,20210715,,,노인주의
20200903,흰색 내지 미황색의 분말이든 흰색의 불투명한 경질캡슐제,01140,해열.진통.소염제,한국넬슨제약(주),전문의약품,"경질캡슐제, 산제",D000138,Celecoxib,Celecoxib(세레콕시브),세레콕시브,넬슨세레콕시브캡슐200밀리그램(세레콕시브),20150331,201501733,[M089149]세레콕시브,[M089149]세레콕시브,단일,20210715,,,노인주의
20191004,흰색 내지 미황색의 가루가 든 횐색의 불투명한 경질캡슐제,01140,해열.진통.소염제,(주)한국파비스제약,전문의약품,"경질캡슐제, 산제",D000138,Celecoxib,Celecoxib(세레콕시브),세레콕시브,세레비스캡슐(세레콕시브),20150415,201502257,[M089149]세레콕시브,[M089149]세레콕시브,단일,20210715,,,노인주의
20200428,흰색 내지 미황색의 분말이 충진된 상하 황색줄이 있는 흰색의 캡슐제,01140,해열.진통.소염제,영일제약(주),전문의약품,"경질캡슐제, 산제",D000138,Celecoxib,Celecoxib(세레콕시브),세레콕시브,쎄렉시브캡슐200mg(세레콕시브),20150415,201502295,[M089149]세레콕시브,[M089149]세레콕시브,단일,20210715,,,노인주의
20190905,흰색 내지 미황색의 분말이 충진된 상하 황색줄이 있는 흰색의 캡슐제,01140,해열.진통.소염제,(주)킵스바이오파마,전문의약품,"경질캡슐제, 산제",D000138,Celecoxib,Celecoxib(세레콕시브),세레콕시브,콕스그린캡슐200밀리그램(세레콕시브),20150416,201502333,[M089149]세레콕시브,[M089149]세레콕시브,단일,20210715,,,노인주의
20200429,흰색 내지 연노랑색의 분말이 충전된 상하 황색줄이 있는 흰색의 캡슐제,01140,해열.진통.소염제,(주)마더스제약,전문의약품,"경질캡슐제, 산제",D000138,Celecoxib,Celecoxib(세레콕시브),세레콕시브,세렉캡슐(세레콕시브),20150417,201502348,[M089149]세레콕시브,[M089149]세레콕시브,단일,20210715,,,노인주의
20260102,분홍색의장방형필름코팅정,01140,해열.진통.소염제,대화제약(주),일반의약품,필름코팅정,D000086,Dexibuprofen,Dexibuprofen(덱시부프로펜),덱시부프로펜,덱스트론정300밀리그램(덱시부프로펜),20150421,201502386,[M254719]덱시부프로펜,[M254719]덱시부프로펜,단일,20210715,,,노인주의
20191211,흰색 내지 미황색 가루가 충전된 상하 황색줄이 있는 흰색의 경질캡슐제,01140,해열.진통.소염제,(주)비보존제약,전문의약품,"경질캡슐제, 산제",D000138,Celecoxib,Celecoxib(세레콕시브),세레콕시브,셀레록스캡슐200mg(세레콕시브),20150422,201502397,[M089149]세레콕시브,[M089149]세레콕시브,단일,20210715,,,노인주의
20200217,흰색 내지 미황색의 분말이 충전된 상하 황색줄이 있는 흰색의 캡슐제,01140,해열.진통.소염제,(주)셀릭스,전문의약품,"경질캡슐제, 산제",D000138,Celecoxib,Celecoxib(세레콕시브),세레콕시브,쎄레젠캡슐200mg(세레콕시브),20150528,201503251,[M089149]세레콕시브,[M089149]세레콕시브,단일,20210715,,,노인주의
20241212,백색 연질의 균질한 겔,02640,진통.진양.수렴.소염제,부광약품(주),일반의약품,피부용겔제,D000506,Diclofenac,Diclofenac(디클로페낙),디클로페낙,아티벡스겔(디클로페낙디에틸암모늄),20150610,201503763,[M249599]디클로페낙디에틸암모늄,[M249599]디클로페낙디에틸암모늄,단일,20210715,,,노인주의
20260102,무색 내지 연한 청록색의 투명한 내용물을 함유하는 연청록색의 투명한 장방형 연질캡슐,01140,해열.진통.소염제,부광약품(주),일반의약품,"연질캡슐제, 액상",D000086,Dexibuprofen,Dexibuprofen(덱시부프로펜),덱시부프로펜,덱시프렌드연질캡슐(덱시부프로펜),20150611,201503809,[M092057]덱시부프로펜,[M092057]덱시부프로펜,단일,20210715,,,노인주의
20191231,흰색 내지 미황색의 분말이 충전된 상하 푸른색줄이 있는 흰색의 경질캡슐제,01140,해열.진통.소염제,삼진제약(주),전문의약품,"경질캡슐제, 산제",D000138,Celecoxib,Celecoxib(세레콕시브),세레콕시브,크리콕스캡슐100밀리그램(세레콕시브),20150626,201504160,[M089149]세레콕시브,[M089149]세레콕시브,단일,20210715,,,노인주의
20190927,흰색 내지 미황색의 분말이 든 흰색의 불투명한 경질캡슐제,01140,해열.진통.소염제,화일약품(주),전문의약품,"경질캡슐제, 산제",D000138,Celecoxib,Celecoxib(세레콕시브),세레콕시브,뉴브렉스캡슐200mg(세레콕시브),20150629,201504176,[M089149]세레콕시브,[M089149]세레콕시브,단일,20210715,,,노인주의
20190304,흰색 내지 미황색의 분말이 든 상·하 황색줄이 있는 흰색의 불투명한 경질캡슐,01140,해열.진통.소염제,알리코제약(주),전문의약품,"경질캡슐제, 산제",D000138,Celecoxib,Celecoxib(세레콕시브),세레콕시브,셀코브렉스캡슐200mg(세레콕시브),20150731,201505202,[M089149]세레콕시브,[M089149]세레콕시브,단일,20210715,,,노인주의
20251201,복숭아와 민트향이 나는 맑거나 약간 유백광의 빨간 주황색의 액제,02310,치과구강용약,코오롱제약(주),일반의약품,가글제,D000506,Diclofenac,Diclofenac(디클로페낙),디클로페낙,아프니벤큐액(디클로페낙),20150817,201505730,[M083248]디클로페낙,[M083248]디클로페낙,단일,20210715,,,노인주의
20200525,흰색 내지 회백색의 분말이 충진된 상하 녹색줄이 있는 흰색의 캡슐제,01140,해열.진통.소염제,비아트리스코리아(주),전문의약품,"경질캡슐제, 산제",D000138,Celecoxib,Celecoxib(세레콕시브),세레콕시브,쎄레브렉스캡슐400밀리그램(세레콕시브),20150922,201506677,[M089149]세레콕시브,[M089149]세레콕시브,단일,20210715,,,노인주의
20260102,미황색 내지 연한 주황색의 투명한 유상내용물이 든 주황색의 투명한 타원형 연질캡슐,01140,해열.진통.소염제,고려제약(주),일반의약품,"연질캡슐제, 액상",D000086,Dexibuprofen,Dexibuprofen(덱시부프로펜),덱시부프로펜,펜스톱연질캡슐(덱시부프로펜),20151012,201507100,[M092057]덱시부프로펜,[M092057]덱시부프로펜,단일,20210715,,,노인주의
20180205,흰색 내지 연노란색의 가루가 충전된 흰색의 캡슐제,01140,해열.진통.소염제,(주)대웅제약,전문의약품,"경질캡슐제, 산제",D000138,Celecoxib,Celecoxib(세레콕시브),세레콕시브,쎄레노직캡슐100밀리그램(세레콕시브),20151029,201507452,[M089149]세레콕시브,[M089149]세레콕시브,단일,20210715,,,노인주의
20201102,흰색내지 미황색의 분말이 충전된 상하 흰색의 캡슐제,01140,해열.진통.소염제,태극제약(주),전문의약품,"경질캡슐제, 산제",D000138,Celecoxib,Celecoxib(세레콕시브),세레콕시브,쎄레스콕캡슐200mg(세레콕시브),20151030,201507475,[M089149]세레콕시브,[M089149]세레콕시브,단일,20210715,,,노인주의
20200310,흰색 내지 미황색의 분말이 충전된 상하 푸른색 줄이 있는 흰색의 캡슐제  ,01140,해열.진통.소염제,(주)넥스팜코리아,전문의약품,"경질캡슐제, 산제",D000138,Celecoxib,Celecoxib(세레콕시브),세레콕시브,쎄넥스캡슐100mg(세레콕시브),20151230,201508507,[M089149]세레콕시브,[M089149]세레콕시브,단일,20210715,,,노인주의
20201216,흰색 내지 미황색의 분말이 충전된 상하 푸른색 줄이 있는 흰색의 캡슐제,01140,해열.진통.소염제,(주)이든파마,전문의약품,"경질캡슐제, 산제",D000138,Celecoxib,Celecoxib(세레콕시브),세레콕시브,쎄렉스타캡슐100mg(세레콕시브),20151231,201508549,[M089149]세레콕시브,[M089149]세레콕시브,단일,20210715,,,노인주의
20191023,흰색 내지 미황색의 분말이 충전된 상하 푸른색 줄이 있는 흰색의 캡슐제,01140,해열.진통.소염제,알리코제약(주),전문의약품,"경질캡슐제, 산제",D000138,Celecoxib,Celecoxib(세레콕시브),세레콕시브,셀코브렉스캡슐100밀리그램(세레콕시브),20160212,201600811,[M089149]세레콕시브,[M089149]세레콕시브,단일,20210715,,,노인주의
20200821,흰색 내지 미황색의 분말이 충전된 상하 푸른색줄이 있는 흰색의 경질캡슐제,01140,해열.진통.소염제,대웅바이오(주),전문의약품,"경질캡슐제, 산제",D000138,Celecoxib,Celecoxib(세레콕시브),세레콕시브,베아콕시브캡슐100밀리그램(세레콕시브),20160226,201601081,[M089149]세레콕시브,[M089149]세레콕시브,단일,20210715,,,노인주의
20200229,흰색 내지 미황색의 분말이 충전된 상하 녹색줄이 있는 흰색의경질캡슐제,01140,해열.진통.소염제,삼진제약(주),전문의약품,"경질캡슐제, 산제",D000138,Celecoxib,Celecoxib(세레콕시브),세레콕시브,크리콕스캡슐400밀리그램(세레콕시브),20160331,201601704,[M089149]세레콕시브,[M089149]세레콕시브,단일,20210715,,,노인주의
20180205,흰색 내지 미황색의 분말이 충전된 상하 흰색의 캡슐제,01140,해열.진통.소염제,익수제약(주),전문의약품,"경질캡슐제, 산제",D000138,Celecoxib,Celecoxib(세레콕시브),세레콕시브,픽콕스캡슐200mg(세레콕시브),20160408,201601887,[M089149]세레콕시브,[M089149]세레콕시브,단일,20210715,,,노인주의
20260102,주황색의 장방형 필름코팅정,01140,해열.진통.소염제,(주)오스코리아제약,일반의약품,필름코팅정,D000086,Dexibuprofen,Dexibuprofen(덱시부프로펜),덱시부프로펜,덱스렌정(덱시부프로펜디.씨.),20160412,201602068,[M215523]덱시부프로펜 디.씨.,[M215523]덱시부프로펜 디.씨.,단일,20210715,,,노인주의
20200325,흰색 내지 연한 노란색의 분말이 충전된 상하 흰색의 캡슐제,01140,해열.진통.소염제,아이큐어(주),전문의약품,"경질캡슐제, 산제",D000138,Celecoxib,Celecoxib(세레콕시브),세레콕시브,세코브캡슐200밀리그램(세레콕시브),20160425,201602304,[M089149]세레콕시브,[M089149]세레콕시브,단일,20210715,,,노인주의
20260102,흰색의 장방형 필름코팅정,01140,해열.진통.소염제,경동제약(주),전문의약품,필름코팅정,D000086,Dexibuprofen,Dexibuprofen(덱시부프로펜),덱시부프로펜,덱시디펜정400밀리그램(덱시부프로펜디.씨.),20160426,201602338,[M215523]덱시부프로펜 디.씨.,[M215523]덱시부프로펜 디.씨.,단일,20210715,,,노인주의
20191101,흰색 내지 미황색의 분말이 충전된 상하 푸른색줄이 있는 흰색의 경질캡슐제,01140,해열.진통.소염제,제이더블유중외제약(주),전문의약품,"경질캡슐제, 산제",D000138,Celecoxib,Celecoxib(세레콕시브),세레콕시브,제이브렉스캡슐100밀리그램(세레콕시브),20160428,201602409,[M089149]세레콕시브,[M089149]세레콕시브,단일,20210715,,,노인주의
20260102,분홍색 장방형의 필름코팅정제,01140,해열.진통.소염제,조아제약(주),전문의약품,필름코팅정,D000086,Dexibuprofen,Dexibuprofen(덱시부프로펜),덱시부프로펜,덱시딜정400mg(덱시부프로펜디.씨.),20160504,201602517,[M215523]덱시부프로펜 디.씨.,[M215523]덱시부프로펜 디.씨.,단일,20210715,,,노인주의
20201231,흰색 내지 미황색의 분말이 충전된 상하 흰색의 캡슐제,01140,해열.진통.소염제,(주)바스칸바이오제약,전문의약품,"경질캡슐제, 산제",D000138,Celecoxib,Celecoxib(세레콕시브),세레콕시브,쎄브렉캡슐200밀리그램(세레콕시브),20160614,201603412,[M089149]세레콕시브,[M089149]세레콕시브,단일,20210715,,,노인주의
20190906,흰색 내지 미황색의 분말이 충전된 상하 푸른색줄이 있는 흰색의 캡슐제,01140,해열.진통.소염제,한국휴텍스제약(주),전문의약품,"경질캡슐제, 산제",D000138,Celecoxib,Celecoxib(세레콕시브),세레콕시브,싸이브렉스캡슐100mg(세레콕시브),20160615,201603482,[M089149]세레콕시브,[M089149]세레콕시브,단일,20210715,,,노인주의
20200109,흰색 내지 미황색의 분말이 충전된 상하 노란색줄이 있는 흰색의 캡슐,01140,해열.진통.소염제,오스틴제약(주),전문의약품,"경질캡슐제, 산제",D000138,Celecoxib,Celecoxib(세레콕시브),세레콕시브,뉴셀콕캡슐200mg(세레콕시브),20160622,201603731,[M089149]세레콕시브,[M089149]세레콕시브,단일,20210715,,,노인주의
20200109,흰색 내지 미황색의 분말이 충전된 상하 파란색줄이 있는 흰색의 캡슐,01140,해열.진통.소염제,오스틴제약(주),전문의약품,"경질캡슐제, 산제",D000138,Celecoxib,Celecoxib(세레콕시브),세레콕시브,뉴셀콕캡슐100mg(세레콕시브),20160622,201603732,[M089149]세레콕시브,[M089149]세레콕시브,단일,20210715,,,노인주의
20260102,이 약은 불투명한 흰색병에 독특한 향이 들어 있는 흰색 내지 미황색의 현탁시럽제이다.,01140,해열.진통.소염제,(주)동구바이오제약,일반의약품,액상시럽제,D000086,Dexibuprofen,Dexibuprofen(덱시부프로펜),덱시부프로펜,엑스펜시럽(덱시부프로펜),20160622,201603768,[M254719]덱시부프로펜,[M254719]덱시부프로펜,단일,20210715,,,노인주의
20190918,흰색내지 미황색의 분말이 충전된 상하 노란색 줄이 있는 흰색의 캡슐제,01140,해열.진통.소염제,(주)아이월드제약,전문의약품,"경질캡슐제, 산제",D000138,Celecoxib,Celecoxib(세레콕시브),세레콕시브,아이셀콕캡슐200밀리그램(세레콕시브),20160629,201604055,[M089149]세레콕시브,[M089149]세레콕시브,단일,20210715,,,노인주의
20190918,흰색내지 미황색의 분말이 충전된 상하 푸른색 줄이 있는 흰색의 캡슐제,01140,해열.진통.소염제,(주)아이월드제약,전문의약품,"경질캡슐제, 산제",D000138,Celecoxib,Celecoxib(세레콕시브),세레콕시브,아이셀콕캡슐100밀리그램(세레콕시브),20160629,201604056,[M089149]세레콕시브,[M089149]세레콕시브,단일,20210715,,,노인주의
20241212,이 약은 연노랑의 점착성물질을 살구색의 린트포에 도포하여(바르고) 점착제면에 박리(벗겨짐)지를 덮은 첩부제이다.,02640,진통.진양.수렴.소염제,신신제약(주),일반의약품,지지체가있는첩부제,D000506,Diclofenac,Diclofenac(디클로페낙),디클로페낙,신신디펜쿨플라스타(디클로페낙나트륨),20160711,201604278,[M050288]디클로페낙나트륨/[M050288]디클로페낙나트륨/[M050288]디클로페낙나트륨,[M050288]디클로페낙나트륨/[M050288]디클로페낙나트륨/[M050288]디클로페낙나트륨,단일,20210715,,,노인주의
20250415,무색～미황색의 투명한 액이 들어있는 갈색의 앰플주사제,01140,해열.진통.소염제,(주)오스코리아제약,전문의약품,용액주사제,D000506,Diclofenac,Diclofenac(디클로페낙),디클로페낙,오스타렌에프주(디클로페낙β-디메틸아미노에탄올),20160728,201604657,[M252249]디클로페낙β-디메틸아미노에탄올,[M252249]디클로페낙β-디메틸아미노에탄올,단일,20210715,,,노인주의
20250415,무색투명한 액이 들어있는 갈색의 앰플,01140,해열.진통.소염제,(주)오스코리아제약,전문의약품,용액주사제,D000506,Diclofenac,Diclofenac(디클로페낙),디클로페낙,오스타렌주(디클로페낙나트륨),20160728,201604658,[M050288]디클로페낙나트륨,[M050288]디클로페낙나트륨,단일,20210715,,,노인주의
20200221,흰색의 원형 필름코팅정,01140,해열.진통.소염제,환인제약(주),전문의약품,필름코팅정,D000138,Celecoxib,Celecoxib(세레콕시브),세레콕시브,쎌콕정100밀리그램(세레콕시브),20160812,201604942,[M089149]세레콕시브,[M089149]세레콕시브,단일,20210715,,,노인주의
20181127,미황색의 투명한 액이 든 청색의 투명한 타원형 연질캡슐,01140,해열.진통.소염제,제일헬스사이언스(주),일반의약품,"연질캡슐제, 액상",D000675,Clonixin,Clonixin(클로닉신),클로닉신,파인싹연질캡슐(클로닉신리시네이트),20161019,201606148,[M080375]클로닉신리시네이트,[M080375]클로닉신리시네이트,단일,20210715,,,노인주의
20181105,미황색의 투명한 액이 든 청색의 투명한 타원형 연질캡슐,01140,해열.진통.소염제,(주)마더스제약,일반의약품,"연질캡슐제, 액상",D000675,Clonixin,Clonixin(클로닉신),클로닉신,크록쎈연질캡슐(클로닉신리시네이트),20161025,201606264,[M080375]클로닉신리시네이트,[M080375]클로닉신리시네이트,단일,20210715,,,노인주의
20250415,무색투명한 액이 들어있는 갈색의 앰플,01140,해열.진통.소염제,(주)화이트생명과학,전문의약품,용액주사제,D000506,Diclofenac,Diclofenac(디클로페낙),디클로페낙,세로페낙주(디클로페낙나트륨),20161108,201606539,[M050288]디클로페낙나트륨,[M050288]디클로페낙나트륨,단일,20210715,,,노인주의
20250415,무색투명한 액이 들어있는 갈색의 앰플,01140,해열.진통.소염제,(주)킵스바이오파마,전문의약품,용액주사제,D000506,Diclofenac,Diclofenac(디클로페낙),디클로페낙,글로페낙주(디클로페낙나트륨),20161130,201606827,[M050288]디클로페낙나트륨,[M050288]디클로페낙나트륨,단일,20210715,,,노인주의
20260102,분홍색의 장방형 필름코팅정,01140,해열.진통.소염제,(주)경보제약,일반의약품,필름코팅정,D000086,Dexibuprofen,Dexibuprofen(덱시부프로펜),덱시부프로펜,덱펜정(덱시부프로펜),20170321,201701383,[M254719]덱시부프로펜,[M254719]덱시부프로펜,단일,20210715,,,노인주의
20260102,무색의 투명한 액이 든 연한 청록색의 투명한 달걀형 연질캡슐,01140,해열.진통.소염제,코스맥스파마(주),일반의약품,"연질캡슐제, 액상",D000086,Dexibuprofen,Dexibuprofen(덱시부프로펜),덱시부프로펜,코스빌연질캡슐(덱시부프로펜),20170511,201702324,[M254719]덱시부프로펜,[M254719]덱시부프로펜,단일,20210715,,,노인주의
20190930,흰색 내지 미황색의 분말이 충전된 상하 황색줄이 있는 흰색의 캡슐제,01140,해열.진통.소염제,(주)중헌제약,전문의약품,"경질캡슐제, 산제",D000138,Celecoxib,Celecoxib(세레콕시브),세레콕시브,콕시원캡슐200밀리그램(세레콕시브),20170627,201704834,[M089149]세레콕시브,[M089149]세레콕시브,단일,20210715,,,노인주의
20200529,흰색 내지 연노란색의 분말이 충진된 상하 황색 줄이 있는 흰색의 불투명한 경질캡슐제,01140,해열.진통.소염제,신일제약(주),전문의약품,"경질캡슐제, 산제",D000138,Celecoxib,Celecoxib(세레콕시브),세레콕시브,셀코빅스캡슐200밀리그램(세레콕시브),20170630,201705172,[M089149]세레콕시브,[M089149]세레콕시브,단일,20210715,,,노인주의
20181123,미황색의 투명한 액이 든 청색의 투명한 타원형 연질캡슐,01140,해열.진통.소염제,(주)테라젠이텍스,일반의약품,"연질캡슐제, 액상",D000675,Clonixin,Clonixin(클로닉신),클로닉신,크로니신연질캡슐(클로닉신리시네이트),20170821,201706689,[M080375]클로닉신리시네이트,[M080375]클로닉신리시네이트,단일,20210715,,,노인주의
20200410,"흰색 내지 연노란색의 분말이 든 푸른색 줄이 있는 상,하부 흰색의 경질캡슐",01140,해열.진통.소염제,(주)한국피엠지제약,전문의약품,"경질캡슐제, 산제",D000138,Celecoxib,Celecoxib(세레콕시브),세레콕시브,랙시브캡슐100밀리그램(세레콕시브),20170823,201706790,[M089149]세레콕시브,[M089149]세레콕시브,단일,20210715,,,노인주의
20180205,흰색 내지 미황색의 분말이 충전된 상하 푸른색 줄이 있는 흰색의 캡슐제,01140,해열.진통.소염제,동국제약(주),전문의약품,"경질캡슐제, 산제",D000138,Celecoxib,Celecoxib(세레콕시브),세레콕시브,셀브렉캡슐100밀리그램(세레콕시브),20170828,201706853,[M089149]세레콕시브,[M089149]세레콕시브,단일,20210715,,,노인주의
20230819,무색투명한 액이 들어있는 갈색의 앰플,01140,해열.진통.소염제,경동제약(주),전문의약품,용액주사제,D000506,Diclofenac,Diclofenac(디클로페낙),디클로페낙,경동디클로페낙주(디클로페낙나트륨)(수출용),20171113,201707880,[M050288]디클로페낙나트륨,[M050288]디클로페낙나트륨,단일,20210715,,,노인주의
20241212,무색 내지 미황색의 액이 무색 투명한 플라스틱 용기에 든 점안액,01310,안과용제,(주)휴온스메디텍,전문의약품,점안용액제,D000506,Diclofenac,Diclofenac(디클로페낙),디클로페낙,리페낙점안액(디클로페낙나트륨),20171115,201707913,[M050288]디클로페낙나트륨,[M050288]디클로페낙나트륨,단일,20210715,,,노인주의
20260102,불투명한 흰색병에 독특한 향이 들어 있는 흰색 내지 미황색의 현탁시럽제,01140,해열.진통.소염제,경동제약(주),일반의약품,액상시럽제,D000086,Dexibuprofen,Dexibuprofen(덱시부프로펜),덱시부프로펜,덱시디펜시럽(덱시부프로펜),20171206,201708249,[M254719]덱시부프로펜,[M254719]덱시부프로펜,단일,20210715,,,노인주의
20250415,무색~연한 노란색의 투명한 액이 든 갈색의 앰플주사제,01140,해열.진통.소염제,주식회사제뉴원사이언스,전문의약품,용액주사제,D000506,Diclofenac,Diclofenac(디클로페낙),디클로페낙,디클로주2밀리리터(디클로페낙β-디메틸아미노에탄올),20171221,201708491,[M252249]디클로페낙β-디메틸아미노에탄올,[M252249]디클로페낙β-디메틸아미노에탄올,단일,20210715,,,노인주의
20241212,무색 내지 미황색의 점착성 물질을 지지체에 도포하고 고체면에 고체피복물을 덮은 첩부제이다.,02640,진통.진양.수렴.소염제,삼진제약(주),일반의약품,지지체가있는첩부제,D000506,Diclofenac,Diclofenac(디클로페낙),디클로페낙,게보핏파워플라스타(디클로페낙나트륨),20171221,201708500,[M050288]디클로페낙나트륨/[M050288]디클로페낙나트륨/[M050288]디클로페낙나트륨/[M050288]디클로페낙나트륨/[M050288]디클로페낙나트륨/[M050288]디클로페낙나트륨,[M050288]디클로페낙나트륨/[M050288]디클로페낙나트륨/[M050288]디클로페낙나트륨/[M050288]디클로페낙나트륨/[M050288]디클로페낙나트륨/[M050288]디클로페낙나트륨,단일,20210715,,,노인주의
20241212,무색 내지 미황색의 점착성 물질을 지지체에 도포하고 고체면에 고체피복을 덮은 첩부제이다.,02640,진통.진양.수렴.소염제,제일헬스사이언스(주),일반의약품,지지체가있는첩부제,D000506,Diclofenac,Diclofenac(디클로페낙),디클로페낙,제일디쿨24플라스타(디클로페낙나트륨),20180109,201800106,[M050288]디클로페낙나트륨,[M050288]디클로페낙나트륨,단일,20210715,,,노인주의
20190705,미황색의 투명한 액이 든 청색의 투명한 타원형 연질캡슐,01140,해열.진통.소염제,동국제약(주),일반의약품,"연질캡슐제, 액상",D000675,Clonixin,Clonixin(클로닉신),클로닉신,프리에스연질캡슐(클로닉신리시네이트),20180116,201800231,[M080375]클로닉신리시네이트,[M080375]클로닉신리시네이트,단일,20210715,,,노인주의
20260102,불투명한 흰색병에 독특한 향이 들어 있는 흰색 내지 미황색의 현탁시럽제,01140,해열.진통.소염제,한국휴텍스제약(주),일반의약품,액상시럽제,D000086,Dexibuprofen,Dexibuprofen(덱시부프로펜),덱시부프로펜,아이소펜시럽(덱시부프로펜),20180219,201800862,[M254719]덱시부프로펜,[M254719]덱시부프로펜,단일,20210715,,,노인주의
20241212,무색투명 내지 미황색의 점착성 물질을 지지체에 도포하고(바르고) 고체면에 고체피복물을 덮은 첩부제이다.,02640,진통.진양.수렴.소염제,경동제약(주),일반의약품,지지체가있는첩부제,D000506,Diclofenac,Diclofenac(디클로페낙),디클로페낙,그날엔딥24플라스타(디클로페낙나트륨),20180222,201800891,[M050288]디클로페낙나트륨/[M050288]디클로페낙나트륨,[M050288]디클로페낙나트륨/[M050288]디클로페낙나트륨,단일,20210715,,,노인주의
20241212,엷은 노란색의 점착성 물질을 린트포에 도포하여 고체면에 피복체를 덮은 첩부제,02640,진통.진양.수렴.소염제,대화제약(주),일반의약품,지지체가있는첩부제,D000506,Diclofenac,Diclofenac(디클로페낙),디클로페낙,류펜프리플라스타(디클로페낙나트륨),20180329,201801390,[M050288]디클로페낙나트륨/[M050288]디클로페낙나트륨,[M050288]디클로페낙나트륨/[M050288]디클로페낙나트륨,단일,20210715,,,노인주의
20260102,미황색 내지 연한 주황색의 투명한 유상내용물이 든 주황색의 투명한 타원형 연질캡슐,01140,해열.진통.소염제,(주)제뉴파마,일반의약품,"연질캡슐제, 액상",D000086,Dexibuprofen,Dexibuprofen(덱시부프로펜),덱시부프로펜,펜타우드연질캡슐(덱시부프로펜),20180425,201801763,[M254719]덱시부프로펜,[M254719]덱시부프로펜,단일,20210715,,,노인주의
20241212,엷은 노란색의 점착성 물질을 린트포에 도포하여 고체면에 피복체를 덮은 첩부제,02640,진통.진양.수렴.소염제,영진약품(주),일반의약품,지지체가있는첩부제,D000506,Diclofenac,Diclofenac(디클로페낙),디클로페낙,아프머스엘플라스타(디클로페낙나트륨),20180614,201802469,[M050288]디클로페낙나트륨,[M050288]디클로페낙나트륨,단일,20210715,,,노인주의
20200228,흰색 내지 미황색의 분말이 충전된 상하 청색줄이 있는 흰색의경질캡슐제,01140,해열.진통.소염제,한림제약(주),전문의약품,"경질캡슐제, 산제",D000138,Celecoxib,Celecoxib(세레콕시브),세레콕시브,쎄레브이캡슐100밀리그램(세레콕시브),20180615,201802512,[M089149]세레콕시브,[M089149]세레콕시브,단일,20210715,,,노인주의
20260102,분홍색의 장방형 필름코팅정,01140,해열.진통.소염제,안국약품(주),전문의약품,필름코팅정,D000086,Dexibuprofen,Dexibuprofen(덱시부프로펜),덱시부프로펜,애니펜정400밀리그램(덱시부프로펜),20180620,201802579,[M254719]덱시부프로펜,[M254719]덱시부프로펜,단일,20210715,,,노인주의
20260102,무색의 투명한 액이 든 연한 청록색의 투명한 달걀형 연질캡슐,01140,해열.진통.소염제,구주제약(주),일반의약품,"연질캡슐제, 액상",D000086,Dexibuprofen,Dexibuprofen(덱시부프로펜),덱시부프로펜,바이펜연질캡슐300mg(덱시부프로펜),20180621,201802592,[M254719]덱시부프로펜,[M254719]덱시부프로펜,단일,20210715,,,노인주의
20241212,엷은 노란색의 점착성 물질을 린트포에 도포하여 고체면에 피복체를 덮은 첩부제,02640,진통.진양.수렴.소염제,코오롱제약(주),일반의약품,지지체가있는첩부제,D000506,Diclofenac,Diclofenac(디클로페낙),디클로페낙,코디톱쿨플라스타(디클로페낙나트륨),20180621,201802608,[M050288]디클로페낙나트륨/[M050288]디클로페낙나트륨,[M050288]디클로페낙나트륨/[M050288]디클로페낙나트륨,단일,20210715,,,노인주의
20260102,알루미늄호일에 든 무색 내지 미황색의 시럽제,01140,해열.진통.소염제,동화약품(주),일반의약품,액상시럽제,D000086,Dexibuprofen,Dexibuprofen(덱시부프로펜),덱시부프로펜,판콜아이시럽(덱시부프로펜),20180627,201802676,[M254719]덱시부프로펜,[M254719]덱시부프로펜,단일,20210715,,,노인주의
20210309,흰색 내지 미황색의 분말이 든 흰색의 불투명한 경질캡슐제,01140,해열.진통.소염제,(주)다산제약,전문의약품,"경질캡슐제, 산제",D000138,Celecoxib,Celecoxib(세레콕시브),세레콕시브,세레코브캡슐200밀리그램(세레콕시브),20180629,201802747,[M089149]세레콕시브,[M089149]세레콕시브,단일,20210715,,,노인주의
20200504,"흰색 내지 미황색의 분말이 충전된 상, 하 흰색의 캡슐제",01140,해열.진통.소염제,아이큐어(주),전문의약품,"경질캡슐제, 산제",D000138,Celecoxib,Celecoxib(세레콕시브),세레콕시브,세코브캡슐100밀리그램(세레콕시브),20180720,201803009,[M089149]세레콕시브,[M089149]세레콕시브,단일,20210715,,,노인주의
20190905,흰색 내지 미황색의 분말이 든 흰색의 불투명한 경질캡슐제,01140,해열.진통.소염제,신신제약(주),전문의약품,"경질캡슐제, 산제",D000138,Celecoxib,Celecoxib(세레콕시브),세레콕시브,쎄레콕스타캡슐(세레콕시브),20180821,201803405,[M089149]세레콕시브,[M089149]세레콕시브,단일,20210715,,,노인주의
20191111,미황색의 투명한 액이 든 청색의 투명한 타원형 연질캡슐,01140,해열.진통.소염제,(주)넥스팜코리아,일반의약품,"연질캡슐제, 액상",D000675,Clonixin,Clonixin(클로닉신),클로닉신,네오크로신연질캡슐(클로닉신리시네이트),20180907,201803647,[M080375]클로닉신리시네이트,[M080375]클로닉신리시네이트,단일,20210715,,,노인주의
20190930,흰색 내지 미황색의 분말이 충전된 상하 푸른색 줄이 있는 흰색의 캡슐제,01140,해열.진통.소염제,(주)킴스제약,전문의약품,"경질캡슐제, 산제",D000138,Celecoxib,Celecoxib(세레콕시브),세레콕시브,세콕시아캡슐100mg(세레콕시브),20180927,201803824,[M089149]세레콕시브,[M089149]세레콕시브,단일,20210715,,,노인주의
20241212,엷은 노란색의 점착성 물질을 린트포에 도포하여 고체면에 피복체를 덮은 첩부제,02640,진통.진양.수렴.소염제,제이더블유중외제약(주),일반의약품,지지체가있는첩부제,D000506,Diclofenac,Diclofenac(디클로페낙),디클로페낙,노펜24쿨플라스타(디클로페낙나트륨),20180928,201803842,[M050288]디클로페낙나트륨/[M050288]디클로페낙나트륨,[M050288]디클로페낙나트륨/[M050288]디클로페낙나트륨,단일,20210715,,,노인주의
20181120,미황색의 투명한 액이 든 청색의 투명한 타원형 연질캡슐,01140,해열.진통.소염제,이연제약(주),일반의약품,"연질캡슐제, 액상",D000675,Clonixin,Clonixin(클로닉신),클로닉신,크로씬탑연질캡슐(클로닉신리시네이트),20181105,201804386,[M080375]클로닉신리시네이트,[M080375]클로닉신리시네이트,단일,20210715,,,노인주의
20210405,"흰색 내지 연노란색의 분말이 충전된 상,하 파란색 줄이 있는 흰색의 경질캡슐",01140,해열.진통.소염제,구주제약(주),전문의약품,"경질캡슐제, 산제",D000138,Celecoxib,Celecoxib(세레콕시브),세레콕시브,쎄레메드캡슐100mg(세레콕시브),20181218,201805147,[M089149]세레콕시브,[M089149]세레콕시브,단일,20210715,,,노인주의
20260102,무색의 투명한 액이 든 무색의 투명한 달걀형 연질캡슐,01140,해열.진통.소염제,경진제약(주),일반의약품,"연질캡슐제, 액상",D000086,Dexibuprofen,Dexibuprofen(덱시부프로펜),덱시부프로펜,옵티제로연질캡슐(덱시부프로펜),20190121,201900282,[M254719]덱시부프로펜,[M254719]덱시부프로펜,단일,20210715,,,노인주의
20200804,흰색 내지 미황색의 분말이 충전된 상하 푸른색 줄이 있는 흰색의 캡슐제,01140,해열.진통.소염제,(주)중헌제약,전문의약품,"경질캡슐제, 산제",D000138,Celecoxib,Celecoxib(세레콕시브),세레콕시브,콕시원캡슐100밀리그램(세레콕시브),20190122,201900319,[M089149]세레콕시브,[M089149]세레콕시브,단일,20210715,,,노인주의
20241212,무색 내지 미황색의 액이 무색 투명한 플라스틱 용기에 든 점안액,01310,안과용제,(주)휴메딕스,전문의약품,점안용액제,D000506,Diclofenac,Diclofenac(디클로페낙),디클로페낙,휴클로점안액(디클로페낙나트륨),20190130,201900709,[M050288]디클로페낙나트륨,[M050288]디클로페낙나트륨,단일,20210715,,,노인주의
20260102,무색의 투명한 액이 든 연한 청록색의 투명한 달갈형 연질캡슐,01140,해열.진통.소염제,(주)휴온스,일반의약품,"연질캡슐제, 액상",D000086,Dexibuprofen,Dexibuprofen(덱시부프로펜),덱시부프로펜,휴덱시연질캡슐(덱시부프로펜),20190211,201900852,[M254719]덱시부프로펜,[M254719]덱시부프로펜,단일,20210715,,,노인주의
20260102,흰색의 장방형 필름코팅정,01140,해열.진통.소염제,아주약품(주),일반의약품,필름코팅정,D000086,Dexibuprofen,Dexibuprofen(덱시부프로펜),덱시부프로펜,파나덱스정300밀리그램(덱시부프로펜),20190215,201900962,[M254719]덱시부프로펜,[M254719]덱시부프로펜,단일,20210715,,,노인주의
20260102,흰색의 장방형 필름코팅정,01140,해열.진통.소염제,동국제약(주),일반의약품,필름코팅정,D000086,Dexibuprofen,Dexibuprofen(덱시부프로펜),덱시부프로펜,디뉴펜정(덱시부프로펜),20190219,201900986,[M254719]덱시부프로펜,[M254719]덱시부프로펜,단일,20210715,,,노인주의
20200521,흰색 내지 미황색의 분말이 충전된 상하 황색줄이 있는 흰색의 캡슐제,01140,해열.진통.소염제,(주)인트로바이오파마,전문의약품,"경질캡슐제, 산제",D000138,Celecoxib,Celecoxib(세레콕시브),세레콕시브,메디브렉스캡슐200밀리그램(세레콕시브),20190220,201901048,[M089149]세레콕시브,[M089149]세레콕시브,단일,20210715,,,노인주의
20200521,흰색 내지 미황색의 분말이 충전된 상하 푸른색 줄이 있는 흰색의 캡슐제,01140,해열.진통.소염제,(주)인트로바이오파마,전문의약품,"경질캡슐제, 산제",D000138,Celecoxib,Celecoxib(세레콕시브),세레콕시브,메디브렉스캡슐100밀리그램(세레콕시브),20190220,201901049,[M089149]세레콕시브,[M089149]세레콕시브,단일,20210715,,,노인주의
20200131,흰색 내지 미황색의 분말이 충전된 상하 푸른색 줄이 있는 흰색의 캡슐제  ,01140,해열.진통.소염제,하나제약(주),전문의약품,"경질캡슐제, 과립제",D000138,Celecoxib,Celecoxib(세레콕시브),세레콕시브,쎌비트캡슐100밀리그램(세레콕시브),20190220,201901050,[M089149]세레콕시브,[M089149]세레콕시브,단일,20210715,,,노인주의
20200325,"흰색 내지 미황색의 분말이 충전된 상, 하 푸른색 줄이 있는 흰색의 캡슐제",01140,해열.진통.소염제,한국프라임제약(주),전문의약품,"경질캡슐제, 산제",D000138,Celecoxib,Celecoxib(세레콕시브),세레콕시브,세레벡스캡슐100밀리그램(세레콕시브),20190307,201901371,[M089149]세레콕시브,[M089149]세레콕시브,단일,20210715,,,노인주의
20200910,"흰색 내지 미황색의 분말이 충전된 상, 하 푸른색 줄이 있는 흰색의 캡슐제",01140,해열.진통.소염제,(주)테라젠이텍스,전문의약품,"경질캡슐제, 산제",D000138,Celecoxib,Celecoxib(세레콕시브),세레콕시브,쎄레민캡슐100밀리그램(세레콕시브),20190307,201901372,[M089149]세레콕시브,[M089149]세레콕시브,단일,20210715,,,노인주의
20200903,흰색 내지 미황색의 분말이 든 흰색의 불투명한 경질캡슐제,01140,해열.진통.소염제,(주)보령바이오파마,전문의약품,"경질캡슐제, 산제",D000138,Celecoxib,Celecoxib(세레콕시브),세레콕시브,씨엘콕스캡슐200밀리그램(세레콕시브),20190322,201901725,[M089149]세레콕시브,[M089149]세레콕시브,단일,20210715,,,노인주의
20210204,흰색 내지 미황색의 분말이 충전된 상하 푸른색 줄이 있는 흰색의 캡슐제,01140,해열.진통.소염제,(주)바스칸바이오제약,전문의약품,"경질캡슐제, 산제",D000138,Celecoxib,Celecoxib(세레콕시브),세레콕시브,쎄브렉캡슐100밀리그램(세레콕시브),20190325,201901768,[M089149]세레콕시브,[M089149]세레콕시브,단일,20210715,,,노인주의
20210322,흰색 내지 미황색의 분말이 충전된 상하 푸른색 줄이 있는 흰색의 캡슐제  ,01140,해열.진통.소염제,위더스제약(주),전문의약품,"경질캡슐제, 과립제",D000138,Celecoxib,Celecoxib(세레콕시브),세레콕시브,위더콕스캡슐100밀리그램(세레콕시브),20190405,201902085,[M089149]세레콕시브,[M089149]세레콕시브,단일,20210715,,,노인주의
20200716,흰색내지 미황색의 분말이 충전된 상하 노란색 줄이 있는 흰색의 캡슐제,01140,해열.진통.소염제,코오롱제약(주),전문의약품,"경질캡슐제, 과립제",D000138,Celecoxib,Celecoxib(세레콕시브),세레콕시브,셀레코캡슐200밀리그램(세레콕시브),20190408,201902128,[M089149]세레콕시브,[M089149]세레콕시브,단일,20210715,,,노인주의
20200901,흰색 내지 미황색의 분말이 충전된 상하 푸른색 줄이 있는 흰색의 캡슐제  ,01140,해열.진통.소염제,에이치엘비제약(주),전문의약품,"경질캡슐제, 산제",D000138,Celecoxib,Celecoxib(세레콕시브),세레콕시브,씨트렉스캡슐100밀리그램(세레콕시브),20190415,201902282,[M089149]세레콕시브,[M089149]세레콕시브,단일,20210715,,,노인주의
20241212,엷은 노란색의 점착성 물질을 린트포에 도포하여 고체면에 피복체를 덮은 첩부제,02640,진통.진양.수렴.소염제,(주)시어스제약,일반의약품,지지체가있는첩부제,D000506,Diclofenac,Diclofenac(디클로페낙),디클로페낙,디로펜24쿨플라스타(디클로페낙나트륨),20190424,201902572,[M050288]디클로페낙나트륨,[M050288]디클로페낙나트륨,단일,20210715,,,노인주의
20200317,흰색 내지 미황색의 가루가 충전된 상하 푸른색 줄이 있는 흰색의 캡슐제이다.,01140,해열.진통.소염제,국제약품(주),전문의약품,"경질캡슐제, 산제",D000138,Celecoxib,Celecoxib(세레콕시브),세레콕시브,셀렉시브캡슐100mg(세레콕시브),20190429,201902742,[M089149]세레콕시브,[M089149]세레콕시브,단일,20210715,,,노인주의
20260102,무색 내지 연한 청색의 투명한 내용물이 든 청색의 투명한 타원형 연질캡슐,01140,해열.진통.소염제,동아제약(주),일반의약품,"연질캡슐제, 액상",D000086,Dexibuprofen,Dexibuprofen(덱시부프로펜),덱시부프로펜,덱스원큐연질캡슐(덱시부프로펜),20190502,201902982,[M254719]덱시부프로펜,[M254719]덱시부프로펜,단일,20210715,,,노인주의
20191121,흰색 내지 미황색의 분말이 충전된 상하 흰색의 캡슐제,01140,해열.진통.소염제,(주)유앤생명과학,전문의약품,"경질캡슐제, 산제",D000138,Celecoxib,Celecoxib(세레콕시브),세레콕시브,쎄레코브캡슐200밀리그램(세레콕시브),20190509,201903005,[M089149]세레콕시브,[M089149]세레콕시브,단일,20210715,,,노인주의
20260102,무색의 액상 내용물을 함유한 투명한 타원형 연질캡슐,01140,해열.진통.소염제,경동제약(주),일반의약품,"연질캡슐제, 액상",D000086,Dexibuprofen,Dexibuprofen(덱시부프로펜),덱시부프로펜,그날엔덱스연질캡슐(덱시부프로펜),20190509,201903015,[M254719]덱시부프로펜,[M254719]덱시부프로펜,단일,20210715,,,노인주의
20201019,흰색 내지 연노랑색의 분말이 충전된 상하 황색줄이 있는 흰색의 캡슐제,01140,해열.진통.소염제,지엘파마(주),전문의약품,"경질캡슐제, 산제",D000138,Celecoxib,Celecoxib(세레콕시브),세레콕시브,세레콕신캡슐(세레콕시브),20190510,201903059,[M089149]세레콕시브,[M089149]세레콕시브,단일,20210715,,,노인주의
20191011,흰색 내지 미황색의 분말이 든 흰색의 불투명한 경질캡슐제,01140,해열.진통.소염제,케이엠에스제약(주),전문의약품,"경질캡슐제, 산제",D000138,Celecoxib,Celecoxib(세레콕시브),세레콕시브,켈콕시브캡슐200밀리그램(세레콕시브),20190522,201903336,[M089149]세레콕시브,[M089149]세레콕시브,단일,20210715,,,노인주의
20191205,흰색 내지 미황색의 분말이 충전된 상하 푸른색 줄이 있는 흰색의 캡슐제,01140,해열.진통.소염제,(주)비보존제약,전문의약품,"경질캡슐제, 산제",D000138,Celecoxib,Celecoxib(세레콕시브),세레콕시브,셀레록스캡슐100mg(세레콕시브),20190527,201903424,[M089149]세레콕시브,[M089149]세레콕시브,단일,20210715,,,노인주의
20191101,흰색 내지 미황색의 분말이 충전된 상하 푸른색 줄이 있는 흰색의 캡슐제,01140,해열.진통.소염제,이연제약(주),전문의약품,"경질캡슐제, 산제",D000138,Celecoxib,Celecoxib(세레콕시브),세레콕시브,셀브캡슐100밀리그램(세레콕시브),20190528,201903466,[M089149]세레콕시브,[M089149]세레콕시브,단일,20210715,,,노인주의
20191101,흰색 내지 미황색의 분말이 충전된 상하 노란색 줄이 있는 흰색의 캡슐제,01140,해열.진통.소염제,이연제약(주),전문의약품,"경질캡슐제, 산제",D000138,Celecoxib,Celecoxib(세레콕시브),세레콕시브,셀브캡슐200밀리그램(세레콕시브),20190528,201903473,[M089149]세레콕시브,[M089149]세레콕시브,단일,20210715,,,노인주의
20260102,과일향을 가진 흰색 내지 연한 노란색의 액이 갈색 유리병 또는 흰색의 플라스틱병에 든 시럽제,01140,해열.진통.소염제,독립바이오제약(주),일반의약품,액상시럽제,D000086,Dexibuprofen,Dexibuprofen(덱시부프로펜),덱시부프로펜,독립덱시부펜시럽(덱시부프로펜),20190530,201903568,[M254719]덱시부프로펜,[M254719]덱시부프로펜,단일,20210715,,,노인주의
20260102,연한 녹색의 투명한 액이 들어있는 장방형의 연질캡슐,01140,해열.진통.소염제,(주)필인터내셔널,일반의약품,"연질캡슐제, 액상",D000086,Dexibuprofen,Dexibuprofen(덱시부프로펜),덱시부프로펜,덱스프리연질캡슐(덱시부프로펜),20190718,201904806,[M254719]덱시부프로펜,[M254719]덱시부프로펜,단일,20210715,,,노인주의
20241212,엷은 노란색의 점착성 물질을 린트포에 도포하여 고체면에 피복체를 덮은 첩부제,02640,진통.진양.수렴.소염제,진양제약(주),일반의약품,지지체가있는첩부제,D000506,Diclofenac,Diclofenac(디클로페낙),디클로페낙,맨담디클로엔플라스타(디클로페낙나트륨),20190812,201905649,[M050288]디클로페낙나트륨,[M050288]디클로페낙나트륨,단일,20210715,,,노인주의
20260102,분홍색의 장방형 필름코팅정제,01140,해열.진통.소염제,(주)한풍제약,일반의약품,필름코팅정,D000086,Dexibuprofen,Dexibuprofen(덱시부프로펜),덱시부프로펜,덱시네정(덱시부프로펜),20190819,201905836,[M254719]덱시부프로펜,[M254719]덱시부프로펜,단일,20210715,,,노인주의
20260102,분홍색의 장방형 필름코팅정,01140,해열.진통.소염제,이연제약(주),일반의약품,필름코팅정,D000086,Dexibuprofen,Dexibuprofen(덱시부프로펜),덱시부프로펜,덱브펜정300밀리그램(덱시부프로펜),20190819,201905840,[M254719]덱시부프로펜,[M254719]덱시부프로펜,단일,20210715,,,노인주의
20200908,흰색 내지 미황색의 분말이 충전된 상하 흰색의 캡슐제,01140,해열.진통.소염제,(주)한풍제약,전문의약품,"경질캡슐제, 산제",D000138,Celecoxib,Celecoxib(세레콕시브),세레콕시브,세레스캡슐200밀리그램(세레콕시브),20190821,201905904,[M089149]세레콕시브,[M089149]세레콕시브,단일,20210715,,,노인주의
20260102,무색의 투명한 액이 든 주황색의 투명한 달걀형 연질캡슐,01140,해열.진통.소염제,이연제약(주),일반의약품,"연질캡슐제, 액상",D000086,Dexibuprofen,Dexibuprofen(덱시부프로펜),덱시부프로펜,팜페인프로연질캡슐(덱시부프로펜),20190826,201906058,[M254719]덱시부프로펜,[M254719]덱시부프로펜,단일,20210715,,,노인주의
20210405,흰색 내지 미황색의 분말이 든 흰색의 불투명한 경질캡슐제,01140,해열.진통.소염제,(주)씨티씨바이오,전문의약품,"경질캡슐제, 산제",D000138,Celecoxib,Celecoxib(세레콕시브),세레콕시브,셀콕브렉스캡슐200mg(세레콕시브),20190911,201906422,[M089149]세레콕시브,[M089149]세레콕시브,단일,20210715,,,노인주의
20200922,흰색 내지 연노랑색의 분말이 충전된 흰색의 캡슐제,01140,해열.진통.소염제,(주)한풍제약,전문의약품,"경질캡슐제, 산제",D000138,Celecoxib,Celecoxib(세레콕시브),세레콕시브,세레스캡슐100밀리그램(세레콕시브),20190917,201906468,[M089149]세레콕시브,[M089149]세레콕시브,단일,20210715,,,노인주의
20200817,흰색 내지 미황색의 분말이 충전된 상하 푸른색 줄이 있는 흰색의 캡슐제 ,01140,해열.진통.소염제,풍림무약(주),전문의약품,"경질캡슐제, 산제",D000138,Celecoxib,Celecoxib(세레콕시브),세레콕시브,"세렉시브캡슐100밀리그램(세레콕시브)
",20190927,201906895,[M089149]세레콕시브,[M089149]세레콕시브,단일,20210715,,,노인주의
20200817,흰색 내지 미황색의 분말이 충전된 상하 노란색 줄이 있는 흰색의 캡슐제,01140,해열.진통.소염제,풍림무약(주),전문의약품,"경질캡슐제, 산제",D000138,Celecoxib,Celecoxib(세레콕시브),세레콕시브,"세렉시브캡슐200밀리그램(세레콕시브)
",20190927,201906896,[M089149]세레콕시브,[M089149]세레콕시브,단일,20210715,,,노인주의
20191001,흰색 내지 미황색의 분말이 충전된 상하 푸른색 줄이 있는 흰색의 캡슐제 ,01140,해열.진통.소염제,아주약품(주),전문의약품,"경질캡슐제, 산제",D000138,Celecoxib,Celecoxib(세레콕시브),세레콕시브,아나콕스캡슐100밀리그램(세레콕시브) ,20190930,201906970,[M089149]세레콕시브,[M089149]세레콕시브,단일,20210715,,,노인주의
20201202,흰색 내지 미황색의 분말이 충전된 상하 푸른색 줄이 있는 흰색의 캡슐제 ,01140,해열.진통.소염제,동광제약(주),전문의약품,"경질캡슐제, 산제",D000138,Celecoxib,Celecoxib(세레콕시브),세레콕시브,동광세레콕시브캡슐100mg,20191007,201907099,[M089149]세레콕시브,[M089149]세레콕시브,단일,20210715,,,노인주의
20200810,흰색 내지 연노랑색의 분말이 충전된 흰색의 캡슐제,01140,해열.진통.소염제,(주)셀비온,전문의약품,"경질캡슐제, 산제",D000138,Celecoxib,Celecoxib(세레콕시브),세레콕시브,아세레캡슐200밀리그램(세레콕시브),20191031,201907649,[M089149]세레콕시브,[M089149]세레콕시브,단일,20210715,,,노인주의
20260102,포도향을 가진 연한 빨간색 내지 연한 주황색이 알루미늄호일 파우치에 든 시럽제,01140,해열.진통.소염제,(주)퍼슨,일반의약품,액상시럽제,D000086,Dexibuprofen,Dexibuprofen(덱시부프로펜),덱시부프로펜,맥시부키즈시럽(덱시부프로펜),20191114,201907915,[M254719]덱시부프로펜,[M254719]덱시부프로펜,단일,20210715,,,노인주의
20200903,흰색 내지 미황색의 분말이 충전된 상하 푸른색 줄이 있는 흰색의 캡슐제,01140,해열.진통.소염제,(주)보령바이오파마,전문의약품,"경질캡슐제, 산제",D000138,Celecoxib,Celecoxib(세레콕시브),세레콕시브,씨엘콕스캡슐100밀리그램(세레콕시브),20191115,201907950,[M089149]세레콕시브,[M089149]세레콕시브,단일,20210715,,,노인주의
20241212,엷은 노란색의 점착성 물질을 린트포에 도포하여 고체면에 피복체를 덮은 첩부제,02640,진통.진양.수렴.소염제,일동제약(주),일반의약품,지지체가있는첩부제,D000506,Diclofenac,Diclofenac(디클로페낙),디클로페낙,캐롤24더블파워플라스타(디클로페낙나트륨),20191121,201908027,[M050288]디클로페낙나트륨,[M050288]디클로페낙나트륨,단일,20210715,,,노인주의
20260102,분홍색의 장방형 필름코팅정,01140,해열.진통.소염제,대한뉴팜(주),일반의약품,필름코팅정,D000086,Dexibuprofen,Dexibuprofen(덱시부프로펜),덱시부프로펜,덱시파인정(덱시부프로펜),20191216,201908438,[M254719]덱시부프로펜,[M254719]덱시부프로펜,단일,20210715,,,노인주의
20200217,흰색 내지 미황색의 가루가 충전된 상하 푸른색 줄이 있는 흰색의 캡슐제이다.,01140,해열.진통.소염제,(주)킵스바이오파마,전문의약품,"경질캡슐제, 산제",D000138,Celecoxib,Celecoxib(세레콕시브),세레콕시브,콕스그린캡슐100밀리그램(세레콕시브),20200110,202000176,[M089149]세레콕시브,[M089149]세레콕시브,단일,20210715,,,노인주의
20250415,무색~연한 노란색의 투명한 액이 든 갈색의 앰플주사제,01140,해열.진통.소염제,주식회사케이에스제약,전문의약품,용액주사제,D000506,Diclofenac,Diclofenac(디클로페낙),디클로페낙,페나베타주(디클로페낙β-디메틸아미노에탄올),20200204,202000583,[M252249]디클로페낙β-디메틸아미노에탄올,[M252249]디클로페낙β-디메틸아미노에탄올,단일,20210715,,,노인주의
20260102,흰색 불투명한 용기에 든 딸기향을 가진 흰색 내지 미황색의 시럽제,01140,해열.진통.소염제,조아제약(주),일반의약품,액상시럽제,D000086,Dexibuprofen,Dexibuprofen(덱시부프로펜),덱시부프로펜,덱시딜시럽(덱시부프로펜),20200205,202000676,[M254719]덱시부프로펜,[M254719]덱시부프로펜,단일,20210715,,,노인주의
20241212,엷은 노란색의 점착성 물질을 린트포에 도포하여 고체면에 피복체를 덮은 첩부제,02640,진통.진양.수렴.소염제,(주)녹십자,일반의약품,지지체가있는첩부제,D000506,Diclofenac,Diclofenac(디클로페낙),디클로페낙,제놀롱플라스타(디클로페낙나트륨),20200207,202000733,[M050288]디클로페낙나트륨/[M050288]디클로페낙나트륨,[M050288]디클로페낙나트륨/[M050288]디클로페낙나트륨,단일,20210715,,,노인주의
20210511,흰색 내지 미황색의 분말이 충전된 상하 푸른색 줄이 있는 흰색의 캡슐제 ,01140,해열.진통.소염제,(주)엘앤씨바이오 ,전문의약품,"경질캡슐제, 산제",D000138,Celecoxib,Celecoxib(세레콕시브),세레콕시브,메가콕시브캡슐100밀리그램(세레콕시브),20200217,202001044,[M089149]세레콕시브,[M089149]세레콕시브,단일,20210715,,,노인주의
20260102,무색 내지 연한 보라색의 투명한 액상이 든 보라색의 투명한 타원형 연질캡슐,01140,해열.진통.소염제,(주)녹십자,일반의약품,"연질캡슐제, 액상",D000086,Dexibuprofen,Dexibuprofen(덱시부프로펜),덱시부프로펜,탁센덱시연질캡슐(덱시부프로펜),20200303,202001495,[M254719]덱시부프로펜,[M254719]덱시부프로펜,단일,20210715,,,노인주의
20210512,흰색 내지 미황색의 분말이 충전된 상하 흰색의 캡슐제,01140,해열.진통.소염제,(주)엘앤씨바이오 ,전문의약품,"경질캡슐제, 산제",D000138,Celecoxib,Celecoxib(세레콕시브),세레콕시브,메가콕시브캡슐200밀리그램(세레콕시브),20200306,202001572,[M089149]세레콕시브,[M089149]세레콕시브,단일,20210715,,,노인주의
20260102,알루미늄 호일 또는 흰색 플라스틱병에 든 무색 내지 미황색의 시럽제,01140,해열.진통.소염제,제이더블유중외제약(주),일반의약품,액상시럽제,D000086,Dexibuprofen,Dexibuprofen(덱시부프로펜),덱시부프로펜,페인엔젤키즈시럽(덱시부프로펜),20200325,202002074,[M254719]덱시부프로펜/[M254719]덱시부프로펜,[M254719]덱시부프로펜/[M254719]덱시부프로펜,단일,20210715,,,노인주의
20241212,"제1형, 제3형, 제5형) 이 약은 흰색 또는 연한 노란색의 점착성 물질을 지지체 위에 도포한 특유한 향기를 가진 카타플라스마제제2형, 제4형, 제6형, 제7형) 이 약은 흰색 또는 연한 노란색의 점착성 물질을 지지체 위에 도포하고 부직점착테이프로 고정시킨 후 고체피복물을 덮은 특유한 향기를 가진 카타플라스마제",02640,진통.진양.수렴.소염제,(주)티디에스팜,일반의약품,카타플라스마제,D000506,Diclofenac,Diclofenac(디클로페낙),디클로페낙,디센플러스카타플라스마(디클로페낙나트륨),20200326,202002110,[M050288]디클로페낙나트륨/[M050288]디클로페낙나트륨/[M050288]디클로페낙나트륨/[M050288]디클로페낙나트륨/[M050288]디클로페낙나트륨/[M050288]디클로페낙나트륨/[M050288]디클로페낙나트륨,[M050288]디클로페낙나트륨/[M050288]디클로페낙나트륨/[M050288]디클로페낙나트륨/[M050288]디클로페낙나트륨/[M050288]디클로페낙나트륨/[M050288]디클로페낙나트륨/[M050288]디클로페낙나트륨,단일,20210715,,,노인주의
20210511,미황색의 분말이 충전된 상하 푸른색 줄이 있는 흰색의 캡슐,01140,해열.진통.소염제,(주)팜젠사이언스,전문의약품,"경질캡슐제, 산제",D000138,Celecoxib,Celecoxib(세레콕시브),세레콕시브,쎌레코캡슐100밀리그램(세레콕시브),20200327,202002150,[M089149]세레콕시브,[M089149]세레콕시브,단일,20210715,,,노인주의
20200623,흰색 내지 연노란색의 가루가 충전된 흰색의 캡슐제,01140,해열.진통.소염제,진양제약(주),전문의약품,"경질캡슐제, 산제",D000138,Celecoxib,Celecoxib(세레콕시브),세레콕시브,쎄브렉스캡슐100밀리그램(세레콕시브),20200413,202002581,[M089149]세레콕시브,[M089149]세레콕시브,단일,20210715,,,노인주의
20200521,흰색의 장방형 필름코팅정,01140,해열.진통.소염제,(주)새한제약,전문의약품,필름코팅정,D000138,Celecoxib,Celecoxib(세레콕시브),세레콕시브,뉴콕시브정200밀리그램(세레콕시브),20200420,202002761,[M089149]세레콕시브,[M089149]세레콕시브,단일,20210715,,,노인주의
20241212,무색투명 내지 미황색의 점착성 물질을 지지체에 도포하고(바르고) 고체면에 고체피복물을 덮은 첩부제이다.,02640,진통.진양.수렴.소염제,에스케이케미칼(주),일반의약품,지지체가있는첩부제,D000506,Diclofenac,Diclofenac(디클로페낙),디클로페낙,트라스트디펜플라스타(디클로페낙나트륨),20200421,202002817,[M050288]디클로페낙나트륨/[M050288]디클로페낙나트륨,[M050288]디클로페낙나트륨/[M050288]디클로페낙나트륨,단일,20210715,,,노인주의
20260102,불투명한 흰색병에 독특한 향이 들어 있는 흰색 내지 미황색의 현탁시럽제,01140,해열.진통.소염제,(주)보령,일반의약품,액상시럽제,D000086,Dexibuprofen,Dexibuprofen(덱시부프로펜),덱시부프로펜,보령펜시럽(덱시부프로펜),20200511,202003405,[M254719]덱시부프로펜,[M254719]덱시부프로펜,단일,20210715,,,노인주의
20260102,흰색의 장방형 필름코팅정,01140,해열.진통.소염제,대웅바이오(주),일반의약품,필름코팅정,D000086,Dexibuprofen,Dexibuprofen(덱시부프로펜),덱시부프로펜,대웅바이오덱시부프로펜정300밀리그램,20200519,202003642,[M254719]덱시부프로펜,[M254719]덱시부프로펜,단일,20210715,,,노인주의
20260102,투명한 무색 내지 연한 청록색의 액이 든 연한 청록색의 장방형 연질캡슐,01140,해열.진통.소염제,동아제약(주),일반의약품,"연질캡슐제, 액상",D000086,Dexibuprofen,Dexibuprofen(덱시부프로펜),덱시부프로펜,덱스원큐에스연질캡슐(덱시부프로펜),20200525,202003788,[M254719]덱시부프로펜,[M254719]덱시부프로펜,단일,20210715,,,노인주의
20241212,무색 내지 미황색의 액이 무색 투명한 플라스틱 용기에 든 점안액,01310,안과용제,(주)휴온스,전문의약품,점안용액제,D000506,Diclofenac,Diclofenac(디클로페낙),디클로페낙,휴디낙점안액(디클로페낙나트륨),20200526,202003874,[M050288]디클로페낙나트륨,[M050288]디클로페낙나트륨,단일,20210715,,,노인주의
20200818,흰색 내지 미황색의 분말이 충전된 상 하 녹색줄이 있는 흰색의 캡슐제,01140,해열.진통.소염제,(주)넥스팜코리아,전문의약품,"경질캡슐제, 산제",D000138,Celecoxib,Celecoxib(세레콕시브),세레콕시브,쎄넥스캡슐400밀리그램(세레콕시브),20200709,202004956,[M089149]세레콕시브,[M089149]세레콕시브,단일,20210715,,,노인주의
20251201,레몬과 민트향이 나는 맑거나 약간 유백광의 빨간 주황색 액제,02310,치과구강용약,주식회사제뉴원사이언스,일반의약품,가글제,D000506,Diclofenac,Diclofenac(디클로페낙),디클로페낙,오라센업액(디클로페낙),20201201,202008404,[M083248]디클로페낙,[M083248]디클로페낙,단일,20210715,,,노인주의
20251201,레몬과 민트향이 나는 맑거나 약간 유백광의 빨간 주황색 액제,02310,치과구강용약,조아제약(주),일반의약품,가글제,D000506,Diclofenac,Diclofenac(디클로페낙),디클로페낙,조아구강청액(디클로페낙),20201204,202008458,[M083248]디클로페낙,[M083248]디클로페낙,단일,20210715,,,노인주의
20251201,레몬과 민트향이 나는 맑거나 약간 유백광의 빨간 주황색 액제,02310,치과구강용약,(주)마더스제약,일반의약품,가글제,D000506,Diclofenac,Diclofenac(디클로페낙),디클로페낙,이바니싹액(디클로페낙),20201207,202008503,[M083248]디클로페낙,[M083248]디클로페낙,단일,20210715,,,노인주의
20251201,알루미늄 호일 파우치에 들어있는 복숭아와 민트향이 나는 맑거나 약간유백광의 빨간 주황색 구강용액제,02310,치과구강용약,(주)씨엠지제약,일반의약품,가글제,D000506,Diclofenac,Diclofenac(디클로페낙),디클로페낙,이바넨큐액(디클로페낙),20210209,202101198,[M083248]디클로페낙,[M083248]디클로페낙,단일,20210715,,,노인주의
20211214,청녹색 사과 모양의 양면이 볼록한 필름코팅정,01140,해열.진통.소염제,알리코제약(주),전문의약품,필름코팅정,D001012,Etoricoxib,Etoricoxib(에토리콕시브),에토리콕시브,알리콕시브정30밀리그램(에토리콕시브),20210325,202102595,[M260064]에토리콕시브,[M260064]에토리콕시브,단일,20210715,,,노인주의
20241212,"제1형, 제 3형, 제 4형) 이 약은 무색 내지 엷은 노란색의 특이한 향이 있는 점착성 물질을 지지체에 도포하고 고체면에 고체피복물을 덮은 첩부제이다.제 2형) 이 약은 무색 내지 엷은 노란색의 점착성 물질을 지지체에 도포하고 고체면에 고체피복물을 덮은 첩부제이다.",02640,진통.진양.수렴.소염제,(주)티디에스팜,일반의약품,지지체가있는첩부제,D000506,Diclofenac,Diclofenac(디클로페낙),디클로페낙,디쿨파워플라스타(디클로페낙나트륨),20210415,202103144,[M050288]디클로페낙나트륨/[M050288]디클로페낙나트륨/[M050288]디클로페낙나트륨/[M050288]디클로페낙나트륨,[M050288]디클로페낙나트륨/[M050288]디클로페낙나트륨/[M050288]디클로페낙나트륨/[M050288]디클로페낙나트륨,단일,20210715,,,노인주의
20211214,청녹색 사과 모양의 양면이 볼록한 필름코팅정,01140,해열.진통.소염제,(주)테라젠이텍스,전문의약품,필름코팅정,D001012,Etoricoxib,Etoricoxib(에토리콕시브),에토리콕시브,테라콕시브정30밀리그램(에토리콕시브),20210427,202103410,[M260064]에토리콕시브,[M260064]에토리콕시브,단일,20210715,,,노인주의
20211214,청록색 원형의 양면이 볼록한 필름코팅정,01140,해열.진통.소염제,아주약품(주),전문의약품,필름코팅정,D001012,Etoricoxib,Etoricoxib(에토리콕시브),에토리콕시브,다나콕스정30밀리그램(에토리콕시브),20210427,202103411,[M260064]에토리콕시브,[M260064]에토리콕시브,단일,20210715,,,노인주의
20211214,청록색 원형의 양면이 볼록한 필름코팅정,01140,해열.진통.소염제,한국유니온제약(주),전문의약품,필름코팅정,D001012,Etoricoxib,Etoricoxib(에토리콕시브),에토리콕시브,유콕시아정30밀리그램(에토리콕시브),20210427,202103413,[M260064]에토리콕시브,[M260064]에토리콕시브,단일,20210715,,,노인주의
20211214,청록색 원형의 양면이 볼록한 필름코팅정,01140,해열.진통.소염제,한국휴텍스제약(주),전문의약품,필름코팅정,D001012,Etoricoxib,Etoricoxib(에토리콕시브),에토리콕시브,알콕시브정30밀리그램(에토리콕시브),20210427,202103439,[M260064]에토리콕시브,[M260064]에토리콕시브,단일,20210715,,,노인주의
20211214,청녹색 사과 모양의 양면이 볼록한 필름코팅정,01140,해열.진통.소염제,하나제약(주),전문의약품,필름코팅정,D001012,Etoricoxib,Etoricoxib(에토리콕시브),에토리콕시브,에톡시아정30밀리그램(에토리콕시브),20210427,202103440,[M260064]에토리콕시브,[M260064]에토리콕시브,단일,20210715,,,노인주의
20260220,흰색 내지 미황색의 원형 장용코팅정,01140,해열.진통.소염제,지엘파마(주),전문의약품,장용성필름코팅정,D000506,Diclofenac,Diclofenac(디클로페낙),디클로페낙,디낙스정50밀리그램 (디클로페낙나트륨),20210818,202106009,[M050288]디클로페낙나트륨,[M050288]디클로페낙나트륨,단일,20210715,,,노인주의
20241212,이 약은 흰색 또는 연한 노란색의 점착성 물질을 지지체 위에 도포하고 부직점착테이프로 고정시킨 후 고체피복물을 덮은 특유한 향기를 가진 카타플라스마제,02640,진통.진양.수렴.소염제,현대약품(주),일반의약품,카타플라스마제,D000506,Diclofenac,Diclofenac(디클로페낙),디클로페낙,디나펜카타플라스마(디클로페낙나트륨),20220526,202202254,[M050288]디클로페낙나트륨,[M050288]디클로페낙나트륨,단일,20210715,,,노인주의
20241212,이 약은 흰색 또는 연한 노란색의 점착성 물질을 지지체 위에 도포하고 부직점착테이프로 고정시킨 후 고체피복물을 덮은 특유한 향기를 가진 카타플라스마제,02640,진통.진양.수렴.소염제,동국제약(주),일반의약품,카타플라스마제,D000506,Diclofenac,Diclofenac(디클로페낙),디클로페낙,사라펜쿨카타플라스마(디클로페낙나트륨),20230607,202301761,[M050288]디클로페낙나트륨,[M050288]디클로페낙나트륨,단일,20210715,,,노인주의
20241212,이 약은 연한 노란색의 점착성 물질을 살구색의 린트포에 도포하여 점착제면에 박리지를 덮은 첩부제이다.,02640,진통.진양.수렴.소염제,신신제약(주),일반의약품,지지체가있는첩부제,D000506,Diclofenac,Diclofenac(디클로페낙),디클로페낙,디클로맥스플라스타(디클로페낙나트륨),20230822,202302480,[M050288]디클로페낙나트륨/[M050288]디클로페낙나트륨/[M050288]디클로페낙나트륨/[M050288]디클로페낙나트륨,[M050288]디클로페낙나트륨/[M050288]디클로페낙나트륨/[M050288]디클로페낙나트륨/[M050288]디클로페낙나트륨,단일,20210715,,,노인주의
20241212,이 약은 흰색 또는 연한 노란색의 점착성 물질을 지지체 위에 도포하고 부직점착테이프로 고정시킨 후 고체피복물을 덮은 특유한 향기를 가진 카타플라스마제,02640,진통.진양.수렴.소염제,(주)다산제약,일반의약품,카타플라스마제,D000506,Diclofenac,Diclofenac(디클로페낙),디클로페낙,디클로하이카타플라스마(디클로페낙나트륨),20230927,202302836,[M050288]디클로페낙나트륨,[M050288]디클로페낙나트륨,단일,20210715,,,노인주의
20241212,이 약은 흰색 또는 연한 노란색의 점착성 물질을 지지체 위에 도포하고 부직점착테이프로 고정시킨 후 고체피복물을 덮은 특유한 향기를 가진 카타플라스마제,02640,진통.진양.수렴.소염제,삼진제약(주),일반의약품,카타플라스마제,D000506,Diclofenac,Diclofenac(디클로페낙),디클로페낙,게보핏스트롱카타플라스마(디클로페낙나트륨),20240318,202400559,[M050288]디클로페낙나트륨,[M050288]디클로페낙나트륨,단일,20210715,,,노인주의
20260102,무색 내지 연한 청색의 투명한 내용물이 든 청색의 투명한 타원형 연질캡슐,01140,해열.진통.소염제,신일제약(주),일반의약품,"연질캡슐제, 액상",D000086,Dexibuprofen,Dexibuprofen(덱시부프로펜),덱시부프로펜,펜다나프로연질캡슐(덱시부프로펜),20240613,202401446,[M254719]덱시부프로펜,[M254719]덱시부프로펜,단일,20210715,,,노인주의
20260102,무색 내지 연한 청색의 투명한 내용물이 든 청색의 투명한 타원형 연질캡슐,01140,해열.진통.소염제,조아제약(주),일반의약품,"연질캡슐제, 액상",D000086,Dexibuprofen,Dexibuprofen(덱시부프로펜),덱시부프로펜,다펜덱시연질캡슐(덱시부프로펜),20240708,202401681,[M254719]덱시부프로펜,[M254719]덱시부프로펜,단일,20210715,,,노인주의
20260102,무색 내지 연한 청색의 투명한 내용물이 든 청색의 투명한 타원형 연질캡슐,01140,해열.진통.소염제,(주)씨엠지제약,일반의약품,"연질캡슐제, 액상",D000086,Dexibuprofen,Dexibuprofen(덱시부프로펜),덱시부프로펜,덱시센연질캡슐(덱시부프로펜),20240715,202401742,[M254719]덱시부프로펜,[M254719]덱시부프로펜,단일,20210715,,,노인주의
20260102,무색 내지 연한 청색의 투명한 내용물이 든 청색의 투명한 타원형 연질캡슐,01140,해열.진통.소염제,코오롱제약(주),일반의약품,"연질캡슐제, 액상",D000086,Dexibuprofen,Dexibuprofen(덱시부프로펜),덱시부프로펜,마이펜덱시연질캡슐(덱시부프로펜),20240718,202401765,[M092057]덱시부프로펜,[M092057]덱시부프로펜,단일,20210715,,,노인주의
20241212,이 약은 무색 내지 엷은 노란색의 특이한 향이 있는 점착성 물질을 지지체에 도포하고 고체면에 고체피복물을 덮은 첩부제이다.,02640,진통.진양.수렴.소염제,(주)삼양바이오팜,일반의약품,지지체가있는첩부제,D000506,Diclofenac,Diclofenac(디클로페낙),디클로페낙,류마스탑파워플라스타(디클로페낙나트륨),20240723,202401785,[M050288]디클로페낙나트륨,[M050288]디클로페낙나트륨,단일,20210715,,,노인주의
20260102,무색 내지 연한 청색의 투명한 내용물이 든 청색의 투명한 타원형 연질캡슐,01140,해열.진통.소염제,경방신약(주),일반의약품,"연질캡슐제, 액상",D000086,Dexibuprofen,Dexibuprofen(덱시부프로펜),덱시부프로펜,이지페인덱시연질캡슐(덱시부프로펜),20241121,202402740,[M254719]덱시부프로펜,[M254719]덱시부프로펜,단일,20210715,,,노인주의
20260102,무색 내지 연한 청색의 투명한 내용물이 든 청색의 투명한 타원형 연질캡슐,01140,해열.진통.소염제,경남제약(주),일반의약품,"연질캡슐제, 액상",D000086,Dexibuprofen,Dexibuprofen(덱시부프로펜),덱시부프로펜,덱센펜연질캡슐(덱시부프로펜),20250324,202500677,[M254719]덱시부프로펜,[M254719]덱시부프로펜,단일,20210715,,,노인주의
,흰색내지 미황색의 분말이 충전된 상하 노란색 줄이 있는 흰색의 캡슐제,01140,해열.진통.소염제,주식회사케이에스제약,전문의약품,"경질캡슐제, 산제",D000138,Celecoxib,Celecoxib(세레콕시브),세레콕시브,세레윈캡슐200밀리그램(세레콕시브),20190108,201900056,[M089149]세레콕시브,[M089149]세레콕시브,단일,20210715,,,노인주의
,흰색내지 미황색의 분말이 충전된 상하 노란색 줄이 있는 흰색의 캡슐제,01140,해열.진통.소염제,제일약품(주),전문의약품,"경질캡슐제, 산제",D000138,Celecoxib,Celecoxib(세레콕시브),세레콕시브,쎄레브린즈캡슐200밀리그램(세레콕시브),20190213,201900905,[M089149]세레콕시브,[M089149]세레콕시브,단일,20210715,,,노인주의
,흰색 내지 미황색의 분말이 충전된 상하 푸른색 줄이 있는 흰색의 캡슐제  ,01140,해열.진통.소염제,주식회사케이에스제약,전문의약품,"경질캡슐제, 산제",D000138,Celecoxib,Celecoxib(세레콕시브),세레콕시브,세레윈캡슐100밀리그램(세레콕시브),20190220,201901030,[M089149]세레콕시브,[M089149]세레콕시브,단일,20210715,,,노인주의
,흰색내지 미황색의 분말이 충전된 상하 노란색 줄이 있는 흰색의 캡슐제,01140,해열.진통.소염제,(주)시어스제약,전문의약품,"경질캡슐제, 산제",D000138,Celecoxib,Celecoxib(세레콕시브),세레콕시브,델콕스캡슐200밀리그램(세레콕시브)   ,20190415,201902283,[M089149]세레콕시브,[M089149]세레콕시브,단일,20210715,,,노인주의
,흰색의 원형 필름코팅정,01140,해열.진통.소염제,한림제약(주),전문의약품,필름코팅정,D000138,Celecoxib,Celecoxib(세레콕시브),세레콕시브,쎄레브이정100밀리그램(세레콕시브),20190614,201904165,[M089149]세레콕시브,[M089149]세레콕시브,단일,20210715,,,노인주의
,흰색 내지 연노랑색의 분말이 충전된 흰색의 캡슐제,01140,해열.진통.소염제,(주)유영제약,전문의약품,"경질캡슐제, 산제",D000138,Celecoxib,Celecoxib(세레콕시브),세레콕시브,쎄레시브캡슐100밀리그램(세레콕시브),20190930,201906998,[M089149]세레콕시브,[M089149]세레콕시브,단일,20210715,,,노인주의
,흰색 내지 미황색의 분말이 든 흰색의 불투명한 경질캡슐제,01140,해열.진통.소염제,건일바이오팜주식회사,전문의약품,"경질캡슐제, 정제",D000138,Celecoxib,Celecoxib(세레콕시브),세레콕시브,세레트캡슐200mg(세레콕시브),20191023,201907416,[M089149]세레콕시브,[M089149]세레콕시브,단일,20210715,,,노인주의
,흰색 내지 연노란색의 분말이 충진된 상하 청색 줄이 있는 흰색의 불투명한 경질캡슐제,01140,해열.진통.소염제,신일제약(주),전문의약품,"경질캡슐제, 산제",D000138,Celecoxib,Celecoxib(세레콕시브),세레콕시브,셀코빅스캡슐100밀리그램(세레콕시브),20191029,201907541,[M089149]세레콕시브,[M089149]세레콕시브,단일,20210715,,,노인주의
,흰색 내지 미황색의 분말이 충진된 상부 연청색 하부 흰색의 캡슐제 ,01140,해열.진통.소염제,유니메드제약(주),전문의약품,"경질캡슐제, 산제",D000138,Celecoxib,Celecoxib(세레콕시브),세레콕시브,콕스2캡슐100밀리그램(세레콕시브) ,20191031,201907646,[M089149]세레콕시브,[M089149]세레콕시브,단일,20210715,,,노인주의
,흰색 내지 연한 노란색의 가루가 충전된 상하 노란색 줄이 있는 흰색의 캡슐제,01140,해열.진통.소염제,대원바이오텍주식회사,전문의약품,"경질캡슐제, 산제",D000138,Celecoxib,Celecoxib(세레콕시브),세레콕시브,진브렉스캡슐200밀리그램(세레콕시브),20200121,202000315,[M089149]세레콕시브,[M089149]세레콕시브,단일,20210715,,,노인주의
,흰색 내지 연노랑색의 분말이 충전된 상하 푸른색 줄이 있는 흰색의 캡슐제,01140,해열.진통.소염제,엔비케이제약(주),전문의약품,"경질캡슐제, 산제",D000138,Celecoxib,Celecoxib(세레콕시브),세레콕시브,세비콕캡슐100밀리그램(세레콕시브) ,20200311,202001668,[M089149]세레콕시브,[M089149]세레콕시브,단일,20210715,,,노인주의
,흰색 내지 연노랑색의 분말이 충전된 상하 황색 줄이 있는 흰색의 캡슐제,01140,해열.진통.소염제,엔비케이제약(주),전문의약품,"경질캡슐제, 산제",D000138,Celecoxib,Celecoxib(세레콕시브),세레콕시브,세비콕캡슐200밀리그램(세레콕시브) ,20200311,202001669,[M089149]세레콕시브,[M089149]세레콕시브,단일,20210715,,,노인주의
,흰색 내지 연노랑색의 분말이 충전된 흰색의 캡슐제,01140,해열.진통.소염제,안국뉴팜(주),전문의약품,"경질캡슐제, 과립제",D000138,Celecoxib,Celecoxib(세레콕시브),세레콕시브,쎄라펜캡슐200밀리그램(세레콕시브),20200320,202001987,[M089149]세레콕시브,[M089149]세레콕시브,단일,20210715,,,노인주의
,흰색의 원형 필름코팅정,01140,해열.진통.소염제,(주)한국피엠지제약,전문의약품,필름코팅정,D000138,Celecoxib,Celecoxib(세레콕시브),세레콕시브,랙시브정100밀리그램(세레콕시브),20200324,202002057,[M089149]세레콕시브,[M089149]세레콕시브,단일,20210715,,,노인주의
,흰색 내지 미황색의 분말이 충전된 상하 푸른색 줄이 있는 흰색의 캡슐제,01140,해열.진통.소염제,(주)메디카코리아,전문의약품,"경질캡슐제, 산제",D000138,Celecoxib,Celecoxib(세레콕시브),세레콕시브,셀콕스캡슐100밀리그램(세레콕시브),20200330,202002185,[M089149]세레콕시브,[M089149]세레콕시브,단일,20210715,,,노인주의
,흰색의 장방형 필름코팅정,01140,해열.진통.소염제,(주)한국피엠지제약,전문의약품,필름코팅정,D000138,Celecoxib,Celecoxib(세레콕시브),세레콕시브,랙시브정200밀리그램(세레콕시브),20200413,202002590,[M089149]세레콕시브,[M089149]세레콕시브,단일,20210715,,,노인주의
,흰색 내지 연한 노란색의 가루가 충전된 상하 푸른색 줄이 있는 흰색의 캡슐제,01140,해열.진통.소염제,대원바이오텍주식회사,전문의약품,"경질캡슐제, 산제",D000138,Celecoxib,Celecoxib(세레콕시브),세레콕시브,진브렉스캡슐100밀리그램(세레콕시브),20200501,202003250,[M089149]세레콕시브,[M089149]세레콕시브,단일,20210715,,,노인주의
,흰색 내지 미황색의 분말이 충전된 상하 푸른색 줄이 있는 흰색의 캡슐제,01140,해열.진통.소염제,(주)서울제약,전문의약품,"경질캡슐제, 산제",D000138,Celecoxib,Celecoxib(세레콕시브),세레콕시브,셀록스캡슐100mg(세레콕시브),20200519,202003628,[M089149]세레콕시브,[M089149]세레콕시브,단일,20210715,,,노인주의
,흰색내지 미황색의 분말이 충전된 상하 노란색 줄이있는 흰색의 캡슐제,01140,해열.진통.소염제,삼진제약(주),전문의약품,"경질캡슐제, 산제",D000138,Celecoxib,Celecoxib(세레콕시브),세레콕시브,크리콕스캡슐200밀리그램(세레콕시브)(수출용),20200529,202004014,[M089149]세레콕시브,[M089149]세레콕시브,단일,20210715,,,노인주의
,흰색 내지 미황색의 분말이 충전된 상하 푸른색 줄이 있는 흰색의 캡슐제,01140,해열.진통.소염제,제일약품(주),전문의약품,"경질캡슐제, 산제",D000138,Celecoxib,Celecoxib(세레콕시브),세레콕시브,쎄레브린즈캡슐100밀리그램(세레콕시브),20200529,202004093,[M089149]세레콕시브,[M089149]세레콕시브,단일,20210715,,,노인주의
,"흰색 내지 미황색의 분말이 충전된 상, 하 흰색의 캡슐제",01140,해열.진통.소염제,성이바이오제약주식회사,전문의약품,"경질캡슐제, 산제",D000138,Celecoxib,Celecoxib(세레콕시브),세레콕시브,와이투세레시브캡슐200밀리그램(세레콕시브),20210930,202106721,[M089149]세레콕시브,[M089149]세레콕시브,단일,20210715,,,노인주의
,흰색 내지 미황색의 분말이 충전된 상.하 푸른색 줄이 있는 흰색의 캡슐제,01140,해열.진통.소염제,성이바이오제약주식회사,전문의약품,"경질캡슐제, 산제",D000138,Celecoxib,Celecoxib(세레콕시브),세레콕시브,와이투세레시브캡슐100밀리그램(세레콕시브),20211020,202107035,[M089149]세레콕시브,[M089149]세레콕시브,단일,20210715,,,노인주의
,미황색의 투명한 액이 든 청색의 투명한 타원형 연질캡슐,01140,해열.진통.소염제,코스맥스파마(주),일반의약품,"연질캡슐제, 액상",D000675,Clonixin,Clonixin(클로닉신),클로닉신,클로맥스연질캡슐(클로닉신리시네이트),20171123,201708036,[M080375]클로닉신리시네이트,[M080375]클로닉신리시네이트,단일,20210715,,,노인주의
,미황색의 투명한 액이 든 청색의 투명한 타원형 연질캡슐,01140,해열.진통.소염제,(주)에이프로젠바이오로직스,일반의약품,"연질캡슐제, 액상",D000675,Clonixin,Clonixin(클로닉신),클로닉신,통클리어연질캡슐(클로닉신리시네이트),20180309,201801088,[M080375]클로닉신리시네이트,[M080375]클로닉신리시네이트,단일,20210715,,,노인주의
,미황색의 투명한 액이 든 청색의 투명한 타원형 연질캡슐,01140,해열.진통.소염제,위더스제약(주),일반의약품,"연질캡슐제, 액상",D000675,Clonixin,Clonixin(클로닉신),클로닉신,크로쎈연질캡슐(클로닉신리시네이트),20180730,201803130,[M080375]클로닉신리시네이트,[M080375]클로닉신리시네이트,단일,20210715,,,노인주의
,미황색의 투명한 액이 든 청색의 투명한 타원형 연질캡슐,01140,해열.진통.소염제,동화약품(주),일반의약품,"연질캡슐제, 액상",D000675,Clonixin,Clonixin(클로닉신),클로닉신,클로나인연질캡슐(클로닉신리시네이트),20181031,201804349,[M080375]클로닉신리시네이트,[M080375]클로닉신리시네이트,단일,20210715,,,노인주의
,하늘색의 원형 제피정,01140,해열.진통.소염제,(주)바이넥스,일반의약품,필름코팅정,D000675,Clonixin,Clonixin(클로닉신),클로닉신,스티로스정(클로닉신리시네이트),20190429,201902726,[M104025]클로닉신리시네이트,[M104025]클로닉신리시네이트,단일,20210715,,,노인주의
,미황색 또는 황색의 내용물을 함유한 노란색의 투명한 타원형 연질캡슐,01140,해열.진통.소염제,(주)알피바이오,일반의약품,"연질캡슐제, 액상",D000675,Clonixin,Clonixin(클로닉신),클로닉신,이지페인클린연질캡슐(클로닉신리시네이트),20201224,202009182,[M104025]클로닉신리시네이트,[M104025]클로닉신리시네이트,단일,20210715,,,노인주의
,미황색의 투명한 액이 든 청색의 투명한 타원형 연질캡슐,01140,해열.진통.소염제,경남제약(주),일반의약품,"연질캡슐제, 현탁상",D000675,Clonixin,Clonixin(클로닉신),클로닉신,파르펜연질캡슐(클로닉신리시네이트),20221121,202204179,[M104025]클로닉신리시네이트,[M104025]클로닉신리시네이트,단일,20210715,,,노인주의
,분홍색의 장방형 필름코팅정,01140,해열.진통.소염제,메딕스제약(주),일반의약품,필름코팅정,D000086,Dexibuprofen,Dexibuprofen(덱시부프로펜),덱시부프로펜,엠덱스정(덱시부프로펜디.씨),20250919,202502479,[M215523]덱시부프로펜 디.씨.,[M215523]덱시부프로펜 디.씨.,단일,20210715,,,노인주의
,무색 내지 연한 청색의 투명한 내용물이 든 청색의 투명한 타원형 연질캡슐,01140,해열.진통.소염제,씨에이치디제약주식회사,일반의약품,"연질캡슐제, 액상",D000086,Dexibuprofen,Dexibuprofen(덱시부프로펜),덱시부프로펜,뇌신퀵연질캡슐(덱시부프로펜),20260402,202600946,[M254719]덱시부프로펜,[M254719]덱시부프로펜,단일,20210715,,,노인주의
,백색 연질의 균질한 겔,02640,진통.진양.수렴.소염제,신신제약(주),일반의약품,피부용겔제,D000506,Diclofenac,Diclofenac(디클로페낙),디클로페낙,디클로맥스겔(디클로페낙디에틸암모늄),20250430,202501065,[M249599]디클로페낙디에틸암모늄,[M249599]디클로페낙디에틸암모늄,단일,20210715,,,노인주의
,백색 연질의 균질한 겔,02640,진통.진양.수렴.소염제,(주)유한양행,일반의약품,피부용겔제,D000506,Diclofenac,Diclofenac(디클로페낙),디클로페낙,안티푸라민쿨겔(디클로페낙디에틸암모늄),20250627,202501608,[M249599]디클로페낙디에틸암모늄,[M249599]디클로페낙디에틸암모늄,단일,20210715,,,노인주의
,"제1형, 제 3형, 제 4형) 이 약은 무색 내지 엷은 노란색의 특이한 향이 있는 점착성 물질을 지지체에 도포하고 고체면에 고체피복물을 덮은 첩부제이다. 제 2형) 이 약은 무색 내지 엷은 노란색의 점착성 물질을 지지체에 도포하고 고체면에 고체피복물을 덮은 첩부제이다.",01140,해열.진통.소염제,대원제약(주),일반의약품,지지체가있는첩부제,D000506,Diclofenac,Diclofenac(디클로페낙),디클로페낙,삭시네플라스타(디클로페낙나트륨),20251128,202503121,[M050288]디클로페낙나트륨/[M050288]디클로페낙나트륨/[M050288]디클로페낙나트륨/[M050288]디클로페낙나트륨,[M050288]디클로페낙나트륨/[M050288]디클로페낙나트륨/[M050288]디클로페낙나트륨/[M050288]디클로페낙나트륨,단일,20210715,,,노인주의
,무색투명 내지 미황색의 점착성 물질을 지지체에 도포하고(바르고) 고체면에 고체피복물을 덮은 첩부제,02640,진통.진양.수렴.소염제,신일제약(주),일반의약품,지지체가있는첩부제,D000506,Diclofenac,Diclofenac(디클로페낙),디클로페낙,쎈디펜플라스타(디클로페낙나트륨),20251201,202503128,[M050288]디클로페낙나트륨,[M050288]디클로페낙나트륨,단일,20210715,,,노인주의
,흰색 내지 유백색의 분말이 충진된 상하부 청색의 경질캡슐,01140,해열.진통.소염제,(주)마더스제약,전문의약품,"경질캡슐제, 산제",D000463,Etodolac,Etodolac(에토돌락),에토돌락,엔터락캡슐(에토돌락 )(수출용)(수출명 : Enterlac cap.),20140306,201401037,[M083240]에토돌락,[M083240]에토돌락,단일,20210715,,,노인주의
20210217,흰색의 장방형 필름코팅 정제,01140,해열.진통.소염제,삼일제약(주),일반의약품,필름코팅정,D000363,Ibuprofen,Ibuprofen(이부프로펜),이부프로펜,부루펜정200밀리그램(이부프로펜),19770121,197700120,[M051259]이부프로펜,[M051259]이부프로펜,단일,20210715,,,노인주의
20210329,흰색의 장방형 필름코팅정제,01140,해열.진통.소염제,삼일제약(주),일반의약품,필름코팅정,D000363,Ibuprofen,Ibuprofen(이부프로펜),이부프로펜,부루펜정400밀리그램(이부프로펜),19830201,198300343,[M051259]이부프로펜,[M051259]이부프로펜,단일,20210715,,,노인주의
20251010,주황색의 장방형 필름코팅정,01140,해열.진통.소염제,(주)에이프로젠바이오로직스,일반의약품,필름코팅정,D000363,Ibuprofen,Ibuprofen(이부프로펜),이부프로펜,스코펜정400밀리그램(이부프로펜),19840223,198400131,[M051259]이부프로펜,[M051259]이부프로펜,단일,20210715,,,노인주의
20071004,백색 ~ 연한 황색의 크림제,02640,진통.진양.수렴.소염제,초당약품공업(주),일반의약품,피부크림제,D000575,Indometacin,Indometacin(인도메타신),인도메타신,바이겔크림(인도메타신),19860514,198601419,[M040508]인도메타신,[M040508]인도메타신,단일,20210715,,,노인주의
20200729,오렌지 냄새를 가진 흰색 내지 연한노란색의 시럽성 현탁액,01140,해열.진통.소염제,삼일제약(주),일반의약품,액상시럽제,D000363,Ibuprofen,Ibuprofen(이부프로펜),이부프로펜,어린이부루펜시럽(이부프로펜),19860814,198601920,[M051259]이부프로펜,[M051259]이부프로펜,단일,20210715,,,노인주의
,"제1형, 제3형, 제5형) 이 약은 흰색 또는 연한 노란색의 점착성 물질을 지지체 위에 도포한 특유한 향기를 가진 카타플라스마제제2형, 제4형, 제6형, 제7형) 이 약은 흰색 또는 연한 노란색의 점착성 물질을 지지체 위에 도포하고 부직점착테이프로 고정시킨 후 고체피복물을 덮은 특유한 향기를 가진 카타플라스마제",01140,해열.진통.소염제,대원제약(주),일반의약품,카타플라스마제,D000506,Diclofenac,Diclofenac(디클로페낙),디클로페낙,삭시네카타플라스마(디클로페낙나트륨),20251204,202503165,[M050288]디클로페낙나트륨/[M050288]디클로페낙나트륨/[M050288]디클로페낙나트륨/[M050288]디클로페낙나트륨/[M050288]디클로페낙나트륨/[M050288]디클로페낙나트륨/[M050288]디클로페낙나트륨,[M050288]디클로페낙나트륨/[M050288]디클로페낙나트륨/[M050288]디클로페낙나트륨/[M050288]디클로페낙나트륨/[M050288]디클로페낙나트륨/[M050288]디클로페낙나트륨/[M050288]디클로페낙나트륨,단일,20210715,,,노인주의
20251010,이 약은 오렌지향이 있는 흰색 내지 미황색의 현탁액의 시럽제이다.,01140,해열.진통.소염제,일동제약(주),일반의약품,액상시럽제,D000363,Ibuprofen,Ibuprofen(이부프로펜),이부프로펜,캐롤시럽(이부프로펜),19870722,198700315,[M051259]이부프로펜,[M051259]이부프로펜,단일,20210715,,,노인주의
20251010,흰색의 장방형 필름코팅정,01140,해열.진통.소염제,오스틴제약(주),일반의약품,필름코팅정,D000363,Ibuprofen,Ibuprofen(이부프로펜),이부프로펜,오스틴이부프로펜정400밀리그램,19870501,198701124,[M051259]이부프로펜,[M051259]이부프로펜,단일,20210715,,,노인주의
20251010,오렌지색의 원형필름 코팅정이다.,01140,해열.진통.소염제,초당약품공업(주),일반의약품,필름코팅정,D000363,Ibuprofen,Ibuprofen(이부프로펜),이부프로펜,나르펜정400밀리그램(이부프로펜)(수출명:PANALTab.),19870812,198701721,[M051259]이부프로펜/[M051259]이부프로펜,[M051259]이부프로펜/[M051259]이부프로펜,단일,20210715,,,노인주의
20100530,무색 투명 겔제,02640,진통.진양.수렴.소염제,태극제약(주),일반의약품,피부용겔제,D000672,Ketoprofen,Ketoprofen(케토프로펜),케토프로펜,케토파인겔(케토프로펜),19880908,198800774,[M051464]케토프로펜,[M051464]케토프로펜,단일,20210715,,,노인주의
20251010,주황색 원형 필름코팅정,01140,해열.진통.소염제,태극제약(주),일반의약품,필름코팅정,D000363,Ibuprofen,Ibuprofen(이부프로펜),이부프로펜,이부펜정400mg(이부프로펜),19881116,198800776,[M051259]이부프로펜,[M051259]이부프로펜,단일,20210715,,,노인주의
20151105,방향성을 갖는 거의 무색투명한 점액성의 겔제,02640,진통.진양.수렴.소염제,삼진제약(주),일반의약품,피부용겔제,D000672,Ketoprofen,Ketoprofen(케토프로펜),케토프로펜,시푸로겔3%(케토프로펜),19880510,198801106,[M051464]케토프로펜,[M051464]케토프로펜,단일,20210715,,,노인주의
20240522,갈색의 유리앰플 주사제,01140,해열.진통.소염제,부광약품(주),전문의약품,용액주사제,D000672,Ketoprofen,Ketoprofen(케토프로펜),케토프로펜,부광케토프로펜주100밀리그램,19880705,198801250,[M051464]케토프로펜,[M051464]케토프로펜,단일,20210715,,,노인주의
20251010,"내수용 및 수출용 ①, 수출용 ② - 주황색의 장방형 제피정수출용 ③ - 흰색의 장방형 제피정",01140,해열.진통.소염제,대화제약(주),일반의약품,필름코팅정,D000363,Ibuprofen,Ibuprofen(이부프로펜),이부프로펜,"대화이부프로펜정400밀리그램(수출명:UPRO400,IBUFEN)",19880206,198801657,[M051259]이부프로펜/[M051259]이부프로펜,[M051259]이부프로펜/[M051259]이부프로펜,단일,20210715,,,노인주의
20110620,방향성을 갖는 거의 무색투명한 점액성의 겔제,02640,진통.진양.수렴.소염제,동광제약(주),일반의약품,피부용겔제,D000672,Ketoprofen,Ketoprofen(케토프로펜),케토프로펜,오디스겔(케토프로펜),19890407,198900182,[M051464]케토프로펜,[M051464]케토프로펜,단일,20210715,,,노인주의
20240715,주황색 장방형 필름코팅정,01140,해열.진통.소염제,(주)마더스제약,일반의약품,필름코팅정,D000363,Ibuprofen,Ibuprofen(이부프로펜),이부프로펜,로그펜정400밀리그람(이부프로펜)(수출용),19890303,198900550,[M051259]이부프로펜,[M051259]이부프로펜,단일,20210715,,,노인주의
20251010,알루미늄 호일 파우치에 든 딸기향이 나는 흰색 또는 연한 노란색의 현탁성 시럽제,01140,해열.진통.소염제,대원제약(주),일반의약품,액상시럽제,D000363,Ibuprofen,Ibuprofen(이부프로펜),이부프로펜,콜대원키즈이부펜시럽(이부프로펜),19890202,198901310,[M051259]이부프로펜,[M051259]이부프로펜,단일,20210715,,,노인주의
20251010,(내수용) 오렌지향이 나는 흰색 내지 연한노란색의 시럽제(수출용) 오렌지향이 있는 흰색내지 미황색의 시럽제,01140,해열.진통.소염제,(주)팜젠사이언스,일반의약품,액상시럽제,D000363,Ibuprofen,Ibuprofen(이부프로펜),이부프로펜,이부날시럽(이부프로펜),19891024,198901710,[M051259]이부프로펜/[M051259]이부프로펜,[M051259]이부프로펜/[M051259]이부프로펜,단일,20210715,,,노인주의
20251010,주황색의 원형 필름코팅정,01140,해열.진통.소염제,신일제약(주),일반의약품,필름코팅정,D000363,Ibuprofen,Ibuprofen(이부프로펜),이부프로펜,신일이부프로펜정400밀리그람(수출명:IFENTab.),19890407,198901915,[M051259]이부프로펜,[M051259]이부프로펜,단일,20210715,,,노인주의
20181128,무색 내지 미황색의 액체가 들어있는 갈색 앰플제,01140,해열.진통.소염제,(주)제일제약,전문의약품,용액주사제,D000672,Ketoprofen,Ketoprofen(케토프로펜),케토프로펜,제일제약케토프로펜주(수출용),19901026,199000595,[M051464]케토프로펜,[M051464]케토프로펜,단일,20210715,,,노인주의
20240522,무색투명한 액이 든 갈색유리앰플 주사제,01140,해열.진통.소염제,삼천당제약(주),전문의약품,용액주사제,D000672,Ketoprofen,Ketoprofen(케토프로펜),케토프로펜,삼천당케토프로펜주100밀리그램(수출명:케페인주),19900330,199000923,[M051464]케토프로펜,[M051464]케토프로펜,단일,20210715,,,노인주의
20240715,주황색의 타원형 필림 코팅정이다.,01140,해열.진통.소염제,(주)한국파마,일반의약품,필름코팅정,D000363,Ibuprofen,Ibuprofen(이부프로펜),이부프로펜,파마이부프로펜정(수출명1:펜스탑정수출명2:유프로정400(UPROTab400))(수출용),19900829,199001302,[M051259]이부프로펜,[M051259]이부프로펜,단일,20210715,,,노인주의
20080411,하늘색 뚜껑의 황색캅셀임.,01140,해열.진통.소염제,(주)유한양행,일반의약품,"경질캡슐제, 산제",D000230,Mefenamic acid,Mefenamic acid(메페남산),메페남산,유한메페남산캅셀250밀리그람(수출용),19910227,199100581,[M100591]메페남산,[M100591]메페남산,단일,20210715,,,노인주의
20251010,오렌지향이 나는 흰색 내지 연한노란색의 시럽제,01140,해열.진통.소염제,대우제약(주),일반의약품,액상시럽제,D000363,Ibuprofen,Ibuprofen(이부프로펜),이부프로펜,어린이알리펜시럽(이부프로펜)(수출명:이부돌시럽),19910109,199100705,[M051259]이부프로펜,[M051259]이부프로펜,단일,20210715,,,노인주의
20251010,주황색의 장방형 필름코팅정,01140,해열.진통.소염제,미래바이오제약(주),일반의약품,필름코팅정,D000363,Ibuprofen,Ibuprofen(이부프로펜),이부프로펜,다이야펜정400밀리그램(이부프로펜),19910525,199102092,[M051259]이부프로펜,[M051259]이부프로펜,단일,20210715,,,노인주의
20251010,주황색의 장방형 필름코팅정,01140,해열.진통.소염제,(주)하원제약,일반의약품,필름코팅정,D000363,Ibuprofen,Ibuprofen(이부프로펜),이부프로펜,하원이부프로펜정400mg,19910828,199102476,[M051259]이부프로펜,[M051259]이부프로펜,단일,20210715,,,노인주의
20210524,전질이 고른 투명한 겔 ,02640,진통.진양.수렴.소염제,대화제약(주),일반의약품,피부용겔제,D000672,Ketoprofen,Ketoprofen(케토프로펜),케토프로펜,케바논겔(케토프로펜),19920618,199201803,[M051464]케토프로펜,[M051464]케토프로펜,단일,20210715,,,노인주의
20251010,오렌지 향을 가진 흰색 또는 미황색(연노랑)의 시럽제,01140,해열.진통.소염제,(주)종근당,일반의약품,액상시럽제,D000363,Ibuprofen,Ibuprofen(이부프로펜),이부프로펜,베비잘시럽(이부프로펜),19931117,199300224,[M051259]이부프로펜,[M051259]이부프로펜,단일,20210715,,,노인주의
20200822,"-국내용 1, 2, 4, 5, 6, 7, 수출용: 무색 투명 또는 유백색의 점착성 물질을 살구색의 린트포에 도포하여 고체면에 박리지를 덮은 모서리가 둥근 사각형의 첩부제- 국내용 3 : 무색 투명 또는 유백색의 점착성 물질을 어두운 살구색의 린트포에 도포하여 고체면에 박리지를 덮은 원형의 첩부제",02640,진통.진양.수렴.소염제,(주)한독,일반의약품,지지체가있는첩부제,D000672,Ketoprofen,Ketoprofen(케토프로펜),케토프로펜,케토톱플라스타(케토프로펜)(싱가폴수출명 : Ketotop Pain Relief Plaster 30mg),19931018,199300356,[M051464]케토프로펜/[M051464]케토프로펜/[M051464]케토프로펜/[M051464]케토프로펜/[M051464]케토프로펜/[M051464]케토프로펜/[M051464]케토프로펜/[M051464]케토프로펜,[M051464]케토프로펜/[M051464]케토프로펜/[M051464]케토프로펜/[M051464]케토프로펜/[M051464]케토프로펜/[M051464]케토프로펜/[M051464]케토프로펜/[M051464]케토프로펜,단일,20210715,,,노인주의
20230430,담홍색의 원형정제이다.,01140,해열.진통.소염제,동화약품(주),전문의약품,나정,D000525,Loxoprofen,Loxoprofen(록소프로펜),록소프로펜,동화록소닌정(록소프로펜나트륨수화물),19931014,199300848,[M222839]록소프로펜나트륨수화물,[M222839]록소프로펜나트륨수화물,단일,20210715,,,노인주의
20251010,흰색의 불투명 플라스틱 병 또는 반투명 플라스틱 병에 든 라임향을 지닌 주황색의 시럽제 ,01140,해열.진통.소염제,한미약품(주),일반의약품,액상시럽제,D000363,Ibuprofen,Ibuprofen(이부프로펜),이부프로펜,이부서스펜시럽(이부프로펜),19931115,199302363,[M051259]이부프로펜,[M051259]이부프로펜,단일,20210715,,,노인주의
20251010,백색의 타원형정제,01140,해열.진통.소염제,알파제약(주),일반의약품,나정,D000363,Ibuprofen,Ibuprofen(이부프로펜),이부프로펜,리오루펜정400밀리그람(이부프로펜),19930504,199302515,[M051259]이부프로펜,[M051259]이부프로펜,단일,20210715,,,노인주의
20100530,무색의 투명한 겔제,02640,진통.진양.수렴.소염제,일동제약(주),일반의약품,피부용겔제,D000672,Ketoprofen,Ketoprofen(케토프로펜),케토프로펜,케노펜겔(케토프로펜),19940514,199400367,[M051464]케토프로펜,[M051464]케토프로펜,단일,20210715,,,노인주의
20240715,"백색가루가 함유되어 있는 상, 하부 백색의 경질 캡슐제",01140,해열.진통.소염제,한국코러스(주),일반의약품,"경질캡슐제, 산제",D000363,Ibuprofen,Ibuprofen(이부프로펜),이부프로펜,코러스이부프로펜캡슐(수출용),19940930,199402354,[M051259]이부프로펜,[M051259]이부프로펜,단일,20210715,,,노인주의
20240522,이 약은 원형의 흰색 필름코팅정제이다.,01140,해열.진통.소염제,동국제약(주),전문의약품,필름코팅정,D001289,Ketorolac,Ketorolac(케토롤락),케토롤락,케토라신정(케토롤락트로메타민),19950712,199500043,[M084703]케토롤락트로메타민,[M084703]케토롤락트로메타민,단일,20210715,,,노인주의
20180223,무색 투명한 겔제,02640,진통.진양.수렴.소염제,알리코제약(주),일반의약품,피부용겔제,D000672,Ketoprofen,Ketoprofen(케토프로펜),케토프로펜,에스겔(케토프로펜),19950804,199500642,[M051464]케토프로펜,[M051464]케토프로펜,단일,20210715,,,노인주의
20100315,청색의 장방형 필름코팅정제,01140,해열.진통.소염제,(주)한국파마,일반의약품,필름코팅정,D000230,Mefenamic acid,Mefenamic acid(메페남산),메페남산,메페믹정(수출용),19950919,199501172,[M050476]메페남산,[M050476]메페남산,단일,20210715,,,노인주의
20251010,흰색의 장방형 필름 코팅정제,01140,해열.진통.소염제,하이플생명과학(주),일반의약품,필름코팅정,D000363,Ibuprofen,Ibuprofen(이부프로펜),이부프로펜,이바펜400밀리그람정(이부프로펜),19950719,199501694,[M051259]이부프로펜,[M051259]이부프로펜,단일,20210715,,,노인주의
20251010,주황색의 원형 필름코팅정,01140,해열.진통.소염제,한국넬슨제약(주),일반의약품,필름코팅정,D000363,Ibuprofen,Ibuprofen(이부프로펜),이부프로펜,넬슨이부프로펜정200밀리그램(이부프로펜),19951006,199501735,[M051259]이부프로펜,[M051259]이부프로펜,단일,20210715,,,노인주의
20251010,주황색의 타원형 필름코팅정,01140,해열.진통.소염제,한국넬슨제약(주),일반의약품,필름코팅정,D000363,Ibuprofen,Ibuprofen(이부프로펜),이부프로펜,넬슨이부프로펜정400밀리그램(이부프로펜),19951006,199501736,[M051259]이부프로펜,[M051259]이부프로펜,단일,20210715,,,노인주의
20251010,적황색의 타원형 필름코팅정,01140,해열.진통.소염제,삼익제약(주),일반의약품,필름코팅정,D000363,Ibuprofen,Ibuprofen(이부프로펜),이부프로펜,삼익이부프로펜정,19950214,199502575,[M051259]이부프로펜,[M051259]이부프로펜,단일,20210715,,,노인주의
20151116,무색 투명 겔제,02640,진통.진양.수렴.소염제,(주)한독,일반의약품,피부용겔제,D000672,Ketoprofen,Ketoprofen(케토프로펜),케토프로펜,케토톱겔(케토프로펜),19960911,199600275,[M051464]케토프로펜,[M051464]케토프로펜,단일,20210715,,,노인주의
20150309,무색투명의 점착성물질을 살구색의 린트포에 도포하여 고체면에 박리지를 덮은 첩부제,02640,진통.진양.수렴.소염제,(주)한독,일반의약품,지지체가있는첩부제,D000672,Ketoprofen,Ketoprofen(케토프로펜),케토프로펜,케토톱엘플라스타(케토프로펜),19960715,199600277,[M051464]케토프로펜,[M051464]케토프로펜,단일,20210715,,,노인주의
20110620,이 약은 무색투명의 점착성 물질을 린트포에 도포하고 고체면에 박리지를 덮은 경고제이다  ,02640,진통.진양.수렴.소염제,제일헬스사이언스(주),일반의약품,경피흡수제,D000672,Ketoprofen,Ketoprofen(케토프로펜),케토프로펜,"케펜텍플라스타(케토프로펜)
(수출명 : KEFEN)",19960419,199600561,[M051464]케토프로펜/[M051464]케토프로펜/[M051464]케토프로펜/[M051464]케토프로펜/[M051464]케토프로펜/[M051464]케토프로펜,[M051464]케토프로펜/[M051464]케토프로펜/[M051464]케토프로펜/[M051464]케토프로펜/[M051464]케토프로펜/[M051464]케토프로펜,단일,20210715,,,노인주의
20190628,무색 투명의 겔제,02640,진통.진양.수렴.소염제,한미약품(주),일반의약품,피부용겔제,D000672,Ketoprofen,Ketoprofen(케토프로펜),케토프로펜,루마겔(케토프로펜),19961129,199602289,[M051464]케토프로펜,[M051464]케토프로펜,단일,20210715,,,노인주의
20240715,백색의 장방형 필름콜팅정,01140,해열.진통.소염제,조아제약(주),일반의약품,필름코팅정,D000363,Ibuprofen,Ibuprofen(이부프로펜),이부프로펜,조아이부프로펜400밀리그람정(수출용),19960706,199602438,[M051259]이부프로펜,[M051259]이부프로펜,단일,20210715,,,노인주의
20240522,미황색의 액체가 든 갈색앰플 주사제,01140,해열.진통.소염제,환인제약(주),전문의약품,용액주사제,D001289,Ketorolac,Ketorolac(케토롤락),케토롤락,트롤락주(케토롤락트로메타민염),19960701,199604999,[M222885]케토롤락트로메타민염,[M222885]케토롤락트로메타민염,단일,20210715,,,노인주의
20230430,흰색의 원형정제,01140,해열.진통.소염제,신풍제약(주),전문의약품,나정,D000525,Loxoprofen,Loxoprofen(록소프로펜),록소프로펜,록스펜정(록소프로펜나트륨),19970516,199700059,[M222839]록소프로펜나트륨수화물,[M222839]록소프로펜나트륨수화물,단일,20210715,,,노인주의
20240522,엷은 황색의 투명한 액체가 충전된 갈색 앰플제,01140,해열.진통.소염제,동광제약(주),전문의약품,용액주사제,D001289,Ketorolac,Ketorolac(케토롤락),케토롤락,케로라주(케토롤락트로메타민염),19970204,199700240,[M222885]케토롤락트로메타민염,[M222885]케토롤락트로메타민염,단일,20210715,,,노인주의
20230430,담홍색의 원형정제,01140,해열.진통.소염제,일동제약(주),전문의약품,나정,D000525,Loxoprofen,Loxoprofen(록소프로펜),록소프로펜,레녹스정(록소프로펜나트륨수화물),19970107,199700557,[M222839]록소프로펜나트륨수화물,[M222839]록소프로펜나트륨수화물,단일,20210715,,,노인주의
20230430,흰색의 원형 정제,01140,해열.진통.소염제,(주)메디카코리아,전문의약품,나정,D000525,Loxoprofen,Loxoprofen(록소프로펜),록소프로펜,록펜정(록소프로펜나트륨수화물),19970901,199701414,[M222839]록소프로펜나트륨수화물,[M222839]록소프로펜나트륨수화물,단일,20210715,,,노인주의
20240522,엷은 황색의 투명 액체가 든 갈색 앰플주사제 ,01140,해열.진통.소염제,(주)메디카코리아,전문의약품,용액주사제,D001289,Ketorolac,Ketorolac(케토롤락),케토롤락,타벨주(케토롤락트로메타민염),19970723,199701415,[M222885]케토롤락트로메타민염,[M222885]케토롤락트로메타민염,단일,20210715,,,노인주의
20251010,무색-연한 녹색의 투명한 액상의 내용물을 함유한 연청녹색의 타원형 연질캡슐제,01140,해열.진통.소염제,(주)메디카코리아,일반의약품,"연질캡슐제, 액상",D000363,Ibuprofen,Ibuprofen(이부프로펜),이부프로펜,리도펜연질캡슐(이부프로펜),19971103,199701416,[M051259]이부프로펜,[M051259]이부프로펜,단일,20210715,,,노인주의
20130102,무색투명한 점액성의 겔제,02640,진통.진양.수렴.소염제,한국넬슨제약(주),일반의약품,피부용겔제,D000672,Ketoprofen,Ketoprofen(케토프로펜),케토프로펜,겟투겔(케토프로펜),19970705,199702146,[M051464]케토프로펜,[M051464]케토프로펜,단일,20210715,,,노인주의
20230430,흰색의 원형정제,01140,해열.진통.소염제,삼아제약(주),전문의약품,나정,D000525,Loxoprofen,Loxoprofen(록소프로펜),록소프로펜,로부펜정(록소프로펜나트륨수화물),19970221,199702297,[M222839]록소프로펜나트륨수화물,[M222839]록소프로펜나트륨수화물,단일,20210715,,,노인주의
20251010,주황색의 장방형 필름코팅정제,01140,해열.진통.소염제,한국코러스(주),일반의약품,필름코팅정,D000363,Ibuprofen,Ibuprofen(이부프로펜),이부프로펜,코러스이부프로펜정400밀리그람,19970418,199703357,[M051259]이부프로펜/[M051259]이부프로펜,[M051259]이부프로펜/[M051259]이부프로펜,단일,20210715,,,노인주의
20251010,분홍색의 원형제피정제이다.,01140,해열.진통.소염제,한국코러스(주),일반의약품,필름코팅정,D000363,Ibuprofen,Ibuprofen(이부프로펜),이부프로펜,스로펜정(이부프로펜) 수출명:Korus Ibuprofen Tab.,19971223,199703387,[M051259]이부프로펜/[M051259]이부프로펜,[M051259]이부프로펜/[M051259]이부프로펜,단일,20210715,,,노인주의
20110620,이 약은 무색의 반투명한 점착성 물질을 필름에 도포하고(바르고) 고체면에 린트포를 덮은 경고제이다. ,02640,진통.진양.수렴.소염제,제일헬스사이언스(주),일반의약품,서방성경피흡수제,D000672,Ketoprofen,Ketoprofen(케토프로펜),케토프로펜,케펜텍-엘플라스타(케토프로펜),19980710,199800686,[M051464]케토프로펜,[M051464]케토프로펜,단일,20210715,,,노인주의
20230430,담홍색의 원형정제.,01140,해열.진통.소염제,일양약품(주),전문의약품,나정,D000525,Loxoprofen,Loxoprofen(록소프로펜),록소프로펜,로바펜정(록소프로펜나트륨),19980527,199801240,[M085577]록소프로펜나트륨,[M085577]록소프로펜나트륨,단일,20210715,,,노인주의
20230430,흰색∼미황색의 원형 정제,01140,해열.진통.소염제,대화제약(주),전문의약품,나정,D000525,Loxoprofen,Loxoprofen(록소프로펜),록소프로펜,록사트론정(록소프로펜나트륨수화물),19980121,199801897,[M222839]록소프로펜나트륨수화물,[M222839]록소프로펜나트륨수화물,단일,20210715,,,노인주의
20251010,등황색의 타원형 필름코팅정제,01140,해열.진통.소염제,(주)넥스팜코리아,일반의약품,필름코팅정,D000363,Ibuprofen,Ibuprofen(이부프로펜),이부프로펜,알로판400mg정(이부프로펜),19980403,199804309,[M051259]이부프로펜,[M051259]이부프로펜,단일,20210715,,,노인주의
20230430,흰색의 원형 정제,01140,해열.진통.소염제,동광제약(주),전문의약품,나정,D000525,Loxoprofen,Loxoprofen(록소프로펜),록소프로펜,동광록소프로펜정(록소프로펜나트륨수화물),19991201,199900143,[M222839]록소프로펜나트륨수화물,[M222839]록소프로펜나트륨수화물,단일,20210715,,,노인주의
20251010,내수용 : 갈색 유리병에 든 오렌지향을 가진 흰색 내지 미황색의 시럽제수출용 : 갈색 유리병에 든 오렌지향을 가진 주황색의 시럽제,01140,해열.진통.소염제,(주)대웅제약,일반의약품,액상시럽제,D000363,Ibuprofen,Ibuprofen(이부프로펜),이부프로펜,대웅이부펜시럽(이부프로펜)(수출명:SOTSTOPsyrup),19990501,199900511,[M051259]이부프로펜/[M051259]이부프로펜,[M051259]이부프로펜/[M051259]이부프로펜,단일,20210715,,,노인주의
20230430,흰색∼미황색의 원형 정제,01140,해열.진통.소염제,대우제약(주),전문의약품,나정,D000525,Loxoprofen,Loxoprofen(록소프로펜),록소프로펜,록세핀정(록소프로펜나트륨수화물),19990415,199900672,[M222839]록소프로펜나트륨수화물,[M222839]록소프로펜나트륨수화물,단일,20210715,,,노인주의
20130620,이 약은 유백색의 점착성 물질을 살색의 린트포에 도포하고(바르고) 고체면에 박리지를 덮은 것이다.,02640,진통.진양.수렴.소염제,신신제약(주),일반의약품,지지체가있는첩부제,D000672,Ketoprofen,Ketoprofen(케토프로펜),케토프로펜,케토크린플라스타(케토프로펜),19990917,199901296,[M051464]케토프로펜/[M051464]케토프로펜,[M051464]케토프로펜/[M051464]케토프로펜,단일,20210715,,,노인주의
20251010,흰색의 장방형 필름코팅정제,01140,해열.진통.소염제,삼남제약(주),일반의약품,필름코팅정,D000363,Ibuprofen,Ibuprofen(이부프로펜),이부프로펜,아루펜정400밀리그람(이부프로펜),19990106,199901375,[M051259]이부프로펜,[M051259]이부프로펜,단일,20210715,,,노인주의
20191101,수출용1 : 백색의 원형 정제수출용2 : 연한 황색의 장방형 필름코팅정,01140,해열.진통.소염제,(주)휴온스,일반의약품,나정,D000230,Mefenamic acid,Mefenamic acid(메페남산),메페남산,휴온스메페남산정(수출명:KWNSTANFORTETab.)(수출용),19991018,199903201,[M050476]메페남산/[M050476]메페남산,[M050476]메페남산/[M050476]메페남산,단일,20210715,,,노인주의
20130409,흰색의 가루가 들어있는 상하 흰색의 캅셀제,01140,해열.진통.소염제,(주)넥스팜코리아,전문의약품,"경질캡슐제, 산제",D000672,Ketoprofen,Ketoprofen(케토프로펜),케토프로펜,넥스팜케토프로펜리신캅셀(수출용),19990529,199904734,[M081361]케토프로펜리신,[M081361]케토프로펜리신,단일,20210715,,,노인주의
20100530,본 품은 유백색의 점착성 고체를 부직포위에 도포한 면에 플라스틱필름을 덮은 카타플라스마제이다.,02640,진통.진양.수렴.소염제,신신제약(주),일반의약품,카타플라스마제,D000672,Ketoprofen,Ketoprofen(케토프로펜),케토프로펜,케토크린카타플라스마(케토프로펜)(수출용),19990424,199907300,[M051464]케토프로펜,[M051464]케토프로펜,단일,20210715,,,노인주의
20110620,무색 투명한 점착성 물질을 린트포에 도포하여 고체면에 박리지를 덮은 첩부제,02640,진통.진양.수렴.소염제,동광제약(주),일반의약품,지지체가있는첩부제,D000672,Ketoprofen,Ketoprofen(케토프로펜),케토프로펜,류마켄플라스타(케토프로펜),20000825,200000254,[M051464]케토프로펜,[M051464]케토프로펜,단일,20210715,,,노인주의
20100530,무색투명한 점착성물질을 린트포에 도포하여 고체면에 박리지를 덮은 첩부제,02640,진통.진양.수렴.소염제,일동제약(주),일반의약품,지지체가있는첩부제,D000672,Ketoprofen,Ketoprofen(케토프로펜),케토프로펜,케노펜플라스타(케토프로펜),20001113,200000568,[M051464]케토프로펜,[M051464]케토프로펜,단일,20210715,,,노인주의
20251010,흰색의 장방형 정제,01140,해열.진통.소염제,동성제약(주),일반의약품,서방정,D000363,Ibuprofen,Ibuprofen(이부프로펜),이부프로펜,디퓨탭서방정(이부프로펜),20000522,200001172,[M051259]이부프로펜,[M051259]이부프로펜,단일,20210715,,,노인주의
20141022,전질 균등한 무색의 겔제,02640,진통.진양.수렴.소염제,조아제약(주),일반의약품,피부용겔제,D000672,Ketoprofen,Ketoprofen(케토프로펜),케토프로펜,조아스트롱조인트겔(케토프로펜),20000825,200003483,[M051464]케토프로펜,[M051464]케토프로펜,단일,20210715,,,노인주의
20240715,"백색분말이 들어있는 상부 녹색, 하부 유백색의 경질캡슐제",01140,해열.진통.소염제,조아제약(주),일반의약품,"경질캡슐제, 산제",D000363,Ibuprofen,Ibuprofen(이부프로펜),이부프로펜,다펜캡슐(이부프로펜)(수출용),20001117,200003489,[M051259]이부프로펜,[M051259]이부프로펜,단일,20210715,,,노인주의
20240522,엷은 황색의 투명한 액체를 함유한 갈색 앰플제이다.,01140,해열.진통.소염제,대우제약(주),전문의약품,용액주사제,D001289,Ketorolac,Ketorolac(케토롤락),케토롤락,케토락주(케토롤락트로메타민염)(수출용),20010202,200100710,[M222885]케토롤락트로메타민염,[M222885]케토롤락트로메타민염,단일,20210715,,,노인주의
20240715,분홍색의 장방형 필름코팅정제,01140,해열.진통.소염제,(주)동구바이오제약,일반의약품,필름코팅정,D000363,Ibuprofen,Ibuprofen(이부프로펜),이부프로펜,동구이부프로펜정400밀리그람(수출용),20010906,200101233,[M051259]이부프로펜,[M051259]이부프로펜,단일,20210715,,,노인주의
20200108,"내수용(S-Type), 수출용①(S-Type), 수출용③(S-Type):무색투명의 점착성물질을 린트포에 도포하여 고체면에 박리지를 덮은 첩부제내수용(R-Type):적당한 크기로 잘라 사용하는 롤타입으로서, 무색투명한 점착성 물질을 부직포에 도포하여 고체면에 박리지를 덮은 첩부제수출용②무색투명의 점착성물질을 린트포에 도포하여 고체면에 피복체를 덮은 첩부제",02640,진통.진양.수렴.소염제,대화제약(주),일반의약품,지지체가있는첩부제,D000672,Ketoprofen,Ketoprofen(케토프로펜),케토프로펜,"케바논첩부제(케토프로펜)(수출명:PlasterJoint,PolyArtritoPlast,KEPAX)",20000628,200002439,[M051464]케토프로펜/[M051464]케토프로펜/[M051464]케토프로펜,[M051464]케토프로펜/[M051464]케토프로펜/[M051464]케토프로펜,단일,20210715,,,노인주의
20240715,백색내지 미황색의 타원형 필름코팅정,01140,해열.진통.소염제,(주)동구바이오제약,일반의약품,필름코팅정,D000363,Ibuprofen,Ibuprofen(이부프로펜),이부프로펜,동구이부프로펜정600mg(수출용),20010906,200101234,[M051259]이부프로펜,[M051259]이부프로펜,단일,20210715,,,노인주의
20240522,엷은 황색의 투명 액체가 든 갈색 앰플 주사,01140,해열.진통.소염제,경동제약(주),전문의약품,용액주사제,D001289,Ketorolac,Ketorolac(케토롤락),케토롤락,케토란주(케토롤락트로메타민),20010404,200102265,[M084703]케토롤락트로메타민,[M084703]케토롤락트로메타민,단일,20210715,,,노인주의
20251010,연갈색의 양면이 볼록한 원형 당의정이다. ,01140,해열.진통.소염제,헤일리온코리아주식회사,일반의약품,당의정,D000363,Ibuprofen,Ibuprofen(이부프로펜),이부프로펜,애드빌정(이부프로펜),20011226,200109769,[M051259]이부프로펜,[M051259]이부프로펜,단일,20210715,,,노인주의
20230430,흰색의 원형 정제,01140,해열.진통.소염제,(주)셀트리온제약,전문의약품,나정,D000525,Loxoprofen,Loxoprofen(록소프로펜),록소프로펜,록소디펜정(록소프로펜나트륨수화물),20020905,200200375,[M222839]록소프로펜나트륨수화물,[M222839]록소프로펜나트륨수화물,단일,20210715,,,노인주의
20110620,무색투명의 점착성물질을 린트포에 도포하여 고체면에 박리지를 덮은 첩부제 ,02640,진통.진양.수렴.소염제,(주)보령,일반의약품,카타플라스마제,D000672,Ketoprofen,Ketoprofen(케토프로펜),케토프로펜,맨담케토플라스타(케토프로펜),20020413,200200947,[M051464]케토프로펜,[M051464]케토프로펜,단일,20210715,,,노인주의
20200406,무색투명한 겔제,02640,진통.진양.수렴.소염제,에이치엘비제약(주),일반의약품,피부용겔제,D000672,Ketoprofen,Ketoprofen(케토프로펜),케토프로펜,뉴펜겔(케토프로펜),20020201,200201550,[M051464]케토프로펜,[M051464]케토프로펜,단일,20210715,,,노인주의
20100530,무색 투명한 겔제,02640,진통.진양.수렴.소염제,오스틴제약(주),일반의약품,피부용겔제,D000672,Ketoprofen,Ketoprofen(케토프로펜),케토프로펜,쿨그린겔(케토프로펜),20020307,200201706,[M051464]케토프로펜,[M051464]케토프로펜,단일,20210715,,,노인주의
20110728,이 약은 무색 반투명의 점착성물질을 살색 부직포에 도포하고(바르고) 고체면에 박리(벗겨짐)지를 덮은 첩부제,02640,진통.진양.수렴.소염제,신일제약(주),일반의약품,지지체가있는첩부제,D000672,Ketoprofen,Ketoprofen(케토프로펜),케토프로펜,하루펜플라스타(케토프로펜),20020125,200202126,[M051464]케토프로펜/[M051464]케토프로펜,[M051464]케토프로펜/[M051464]케토프로펜,단일,20210715,,,노인주의
20240522,엷은 황색의 투명 액체가 든 갈색 앰플 주사제,01140,해열.진통.소염제,명문제약(주),전문의약품,용액주사제,D001289,Ketorolac,Ketorolac(케토롤락),케토롤락,"케토신주사(케토롤락트로메타민염)(수출명:뉴케토신주사,NEWKETOCININJ)",20021011,200202727,[M222885]케토롤락트로메타민염,[M222885]케토롤락트로메타민염,단일,20210715,,,노인주의
20140703,백색의 부직포에 백색의 점착성 물질이 도포되고 박리지를 부착한 경고제,02640,진통.진양.수렴.소염제,(주)오현파마코푸레이션 ,일반의약품,지지체가있는첩부제,D000672,Ketoprofen,Ketoprofen(케토프로펜),케토프로펜,케프로펜경고제(케토프로펜),20020208,200210297,[M051464]케토프로펜,[M051464]케토프로펜,단일,20210715,,,노인주의
20240913,"연한 노란색의 가루가 든 상,하 담녹색 캡슐제",01140,해열.진통.소염제,신풍제약(주),전문의약품,"경질캡슐제, 산제",D000427,Meloxicam,Meloxicam(멜록시캄),멜록시캄,뉴시캄캡슐7.5밀리그램(멜록시캄),20030711,200300030,[M086439]멜록시캄,[M086439]멜록시캄,단일,20210715,,,노인주의
20230430,흰색의 원형 정제,01140,해열.진통.소염제,한국휴텍스제약(주),전문의약품,나정,D000525,Loxoprofen,Loxoprofen(록소프로펜),록소프로펜,렉소팬정(록소프로펜나트륨),20031213,200300064,[M085577]록소프로펜나트륨,[M085577]록소프로펜나트륨,단일,20210715,,,노인주의
20240913,"미황색 가루가 든 상, 하 담녹색 경질캡슐제",01140,해열.진통.소염제,(주)종근당,전문의약품,"경질캡슐제, 산제",D000427,Meloxicam,Meloxicam(멜록시캄),멜록시캄,멜락스캡슐7.5밀리그램(멜록시캄),20030919,200300089,[M086439]멜록시캄,[M086439]멜록시캄,단일,20210715,,,노인주의
20240913,"미황색의 내용물이 충진된 상,하부 담녹색의 경질캡슐제",01140,해열.진통.소염제,이연제약(주),전문의약품,"경질캡슐제, 산제",D000427,Meloxicam,Meloxicam(멜록시캄),멜록시캄,메록심캡슐(멜록시캄),20030715,200300130,[M086439]멜록시캄,[M086439]멜록시캄,단일,20210715,,,노인주의
20240913,"황색분말이며, 담녹색(상단)-담녹색(하단)의 경질캡슐제",01140,해열.진통.소염제,동아에스티(주),전문의약품,"경질캡슐제, 산제",D000427,Meloxicam,Meloxicam(멜록시캄),멜록시캄,메로콕스캡슐7.5밀리그램(멜록시캄),20031206,200300154,[M086439]멜록시캄,[M086439]멜록시캄,단일,20210715,,,노인주의
20240913,"미황색 가루가 든 상, 하 담녹색 캡슐제",01140,해열.진통.소염제,국제약품(주),전문의약품,"경질캡슐제, 산제",D000427,Meloxicam,Meloxicam(멜록시캄),멜록시캄,멜록시펜캡슐(멜록시캄)(수출명:국제메펜캡슐),20031216,200300261,[M086439]멜록시캄/[M086439]멜록시캄,[M086439]멜록시캄/[M086439]멜록시캄,단일,20210715,,,노인주의
20240913,미황색 분말이 함유된 상하부 담청색의 경질캡슐,01140,해열.진통.소염제,(주)유한양행,전문의약품,"경질캡슐제, 산제",D000427,Meloxicam,Meloxicam(멜록시캄),멜록시캄,멜로캄캡슐7.5밀리그람(멜록시캄)(수출명:유한멜로캄캡슐7.5밀리그람),20030711,200300411,[M086439]멜록시캄,[M086439]멜록시캄,단일,20210715,,,노인주의
20240913,"미황색 분말이 함유된 상부 담청색, 하부 황색의 경질캡슐",01140,해열.진통.소염제,(주)유한양행,전문의약품,"경질캡슐제, 산제",D000427,Meloxicam,Meloxicam(멜록시캄),멜록시캄,멜로캄캡슐15밀리그람(멜록시캄)(수출명:유한멜로캄캡슐15밀리그람),20030711,200300412,[M086439]멜록시캄,[M086439]멜록시캄,단일,20210715,,,노인주의
20240913,"미황색가루가 든 상,하 담녹색의 캡슐제",01140,해열.진통.소염제,(주)바이넥스,전문의약품,"경질캡슐제, 산제",D000427,Meloxicam,Meloxicam(멜록시캄),멜록시캄,캄록스캡슐(멜록시캄),20030814,200300462,[M086439]멜록시캄,[M086439]멜록시캄,단일,20210715,,,노인주의
20230430,흰색∼미황색의 원형 정제,01140,해열.진통.소염제,안국약품(주),전문의약품,나정,D000525,Loxoprofen,Loxoprofen(록소프로펜),록소프로펜,안국록소프로펜나트륨정,20030609,200300796,[M222839]록소프로펜나트륨수화물,[M222839]록소프로펜나트륨수화물,단일,20210715,,,노인주의
20240913,"미황색의 내용물이 충진된 상,하부 녹색의 경질캡슐제",01140,해열.진통.소염제,(주)메디카코리아,전문의약품,"경질캡슐제, 산제",D000427,Meloxicam,Meloxicam(멜록시캄),멜록시캄,멜록스캡슐(멜록시캄),20030916,200301019,[M086439]멜록시캄,[M086439]멜록시캄,단일,20210715,,,노인주의
20240215,이 약은 유백색의 점착성 물질을 살색 린트포에 도포하고(바르고) 고체면에 박리지를 덮은 첩부제이다,02640,진통.진양.수렴.소염제,신신제약(주),일반의약품,지지체가있는첩부제,D000705,Flurbiprofen,Flurbiprofen(플루르비프로펜),플루르비프로펜,페노크린첩부제(플루르비프로펜),20030725,200301037,[M089049]플루르비프로펜/[M089049]플루르비프로펜,[M089049]플루르비프로펜/[M089049]플루르비프로펜,단일,20210715,,,노인주의
20240215,무색투명의 점착성물질을 살구색 린트포에 도포하여 고체면에 박리지를 덮은 첩부제,02640,진통.진양.수렴.소염제,대화제약(주),일반의약품,지지체가있는첩부제,D000705,Flurbiprofen,Flurbiprofen(플루르비프로펜),플루르비프로펜,플록펜첩부제(플루르비프로펜),20030515,200301501,[M089049]플루르비프로펜/[M089049]플루르비프로펜,[M089049]플루르비프로펜/[M089049]플루르비프로펜,단일,20210715,,,노인주의
20230430,흰색∼미황색의 원형 정제,01140,해열.진통.소염제,경동제약(주),전문의약품,나정,D000525,Loxoprofen,Loxoprofen(록소프로펜),록소프로펜,록소날정(록소프로펜나트륨수화물),20030929,200301612,[M222839]록소프로펜나트륨수화물,[M222839]록소프로펜나트륨수화물,단일,20210715,,,노인주의
20240522,이 약은 엷은 황색의 투명액체가 든 갈색앰플 주사제이다,01140,해열.진통.소염제,하나제약(주),전문의약품,용액주사제,D001289,Ketorolac,Ketorolac(케토롤락),케토롤락,케로민주사(케토롤락트로메타민염),20030902,200301719,[M222885]케토롤락트로메타민염,[M222885]케토롤락트로메타민염,단일,20210715,,,노인주의
20240215,"(1, 2 처방)· N, C, H-Type : 무색 내지 미황색의 점착성 물질을 지지체에 도포하고 고체면에 박리성필름을 덮은 첩부제· L-Type : 무색 내지 미황색의 점착성 물질을 지지체에 도포하고 고체면에 박리성필름을 덮은 라벤더 특유의 향을 가진 첩부제· A-Type : 무색 내지 미황색의 점착성 물질을 지지체에 도포하고 고체면에 박리성필름을 덮은 쑥향 특유의 향을 가진 첩부제수출용(1 처방) · C-Type : 무색 내지 미황색의 점착성 물질을 지지체에 도포하고 고체면에 박리성필름을 덮은 첩부제",02640,진통.진양.수렴.소염제,신일제약(주),일반의약품,지지체가있는첩부제,D000705,Flurbiprofen,Flurbiprofen(플루르비프로펜),플루르비프로펜,투어펜플라스타(플루르비프로펜),20030819,200301784,[M089049]플루르비프로펜/[M089049]플루르비프로펜/[M089049]플루르비프로펜/[M089049]플루르비프로펜/[M089049]플루르비프로펜/[M089049]플루르비프로펜/[M089049]플루르비프로펜,[M089049]플루르비프로펜/[M089049]플루르비프로펜/[M089049]플루르비프로펜/[M089049]플루르비프로펜/[M089049]플루르비프로펜/[M089049]플루르비프로펜/[M089049]플루르비프로펜,단일,20210715,,,노인주의
20251010,무색 내지 엷은 청색의 액상 내용물이 든 청색의 투명한 타원형 연질캡슐,01140,해열.진통.소염제,한미약품(주),일반의약품,"연질캡슐제, 액상",D000363,Ibuprofen,Ibuprofen(이부프로펜),이부프로펜,스피드펜연질캡슐200밀리그램(이부프로펜),20030314,200301809,[M051259]이부프로펜,[M051259]이부프로펜,단일,20210715,,,노인주의
20240913,"황색 분말이 충전된 상,하부 담녹색의 경질 캡슐",01140,해열.진통.소염제,(주)하원제약,전문의약품,"경질캡슐제, 산제",D000427,Meloxicam,Meloxicam(멜록시캄),멜록시캄,콕시캄캡슐(멜록시캄),20030916,200302052,[M086439]멜록시캄,[M086439]멜록시캄,단일,20210715,,,노인주의
20240522,엷은 황색의 투명 액체가 든 갈색 앰플 주사제                                                           ,01140,해열.진통.소염제,(주)휴온스,전문의약품,용액주사제,D001289,Ketorolac,Ketorolac(케토롤락),케토롤락,"케트로주사(케토롤락트로메타민염)(수출명:HUDORAC Inj., NEWHUDORAC Inj.,CBI antigrain Injection, Huons Ketrolac tromethamine Inj.)   ",20030102,200302143,[M222885]케토롤락트로메타민염,[M222885]케토롤락트로메타민염,단일,20210715,,,노인주의
20230430,흰색의 원형정제,01140,해열.진통.소염제,케이엠에스제약(주),전문의약품,나정,D000525,Loxoprofen,Loxoprofen(록소프로펜),록소프로펜,아소로펜정(록소프로펜나트륨수화물),20030619,200302173,[M222839]록소프로펜나트륨수화물,[M222839]록소프로펜나트륨수화물,단일,20210715,,,노인주의
20230430,흰색의 원형정제,01140,해열.진통.소염제,알보젠코리아(주),전문의약품,나정,D000525,Loxoprofen,Loxoprofen(록소프로펜),록소프로펜,록프라정(록소프로펜나트륨수화물),20031213,200302214,[M222839]록소프로펜나트륨수화물,[M222839]록소프로펜나트륨수화물,단일,20210715,,,노인주의
20240215,"제1형, 제2형) 이 약은 특유한 향기를 가진 무색 또는 엷은 노란색의 투명한 점착성 물질을 지지체 위에 도포하고 부직점착테이프를 고정 시킨 후 피복체를 덮은 카타플라스마제이다.제3형) 이 약은 특유한 향기를 가진 검정색의 점착성 물질을 지지체 위에 도포하고 부직점착테이프를 고정 시킨 후 피복체를 덮은 카타플라스마제이다.",02640,진통.진양.수렴.소염제,(주)티디에스팜,일반의약품,카타플라스마제,D000705,Flurbiprofen,Flurbiprofen(플루르비프로펜),플루르비프로펜,플루펜카타플라스마(플루르비프로펜),20031031,200302065,[M089049]플루르비프로펜/[M089049]플루르비프로펜/[M089049]플루르비프로펜,[M089049]플루르비프로펜/[M089049]플루르비프로펜/[M089049]플루르비프로펜,단일,20210715,,,노인주의
20110729,무색투명한 점착성 물질을 린트포에 도포하여 고체면에 박리지를 덮은 첩부제,02640,진통.진양.수렴.소염제,(주)경보제약,일반의약품,지지체가있는첩부제,D000672,Ketoprofen,Ketoprofen(케토프로펜),케토프로펜,플라톱플라스타(케토프로펜),20031002,200302415,[M051464]케토프로펜,[M051464]케토프로펜,단일,20210715,,,노인주의
20230430,담홍색의 원형 정제,01140,해열.진통.소염제,대한뉴팜(주),전문의약품,나정,D000525,Loxoprofen,Loxoprofen(록소프로펜),록소프로펜,록스파인정(록소프로펜나트륨수화물),20030724,200302574,[M222839]록소프로펜나트륨수화물,[M222839]록소프로펜나트륨수화물,단일,20210715,,,노인주의
20201124,。9cm×13cm : 연한 분홍색 또는 분홍색의 점착성 고체를 부직포 위에 도포하고 뒷면에 밀착포를 부착한 특유한 향기를 가진 카타플라스마제,02640,진통.진양.수렴.소염제,대화제약(주),일반의약품,카타플라스마제,D000672,Ketoprofen,Ketoprofen(케토프로펜),케토프로펜,탑스에프카타플라스마(케토프로펜),20030328,200302791,[M051464]케토프로펜,[M051464]케토프로펜,단일,20210715,,,노인주의
20110924,전질균등한 무색의 겔제,02640,진통.진양.수렴.소염제,주식회사제뉴원사이언스,일반의약품,피부용겔제,D000672,Ketoprofen,Ketoprofen(케토프로펜),케토프로펜,케토에스겔(케토프로펜),20030704,200303260,[M051464]케토프로펜,[M051464]케토프로펜,단일,20210715,,,노인주의
20230430,흰색의 원형 정제,01140,해열.진통.소염제,주식회사제뉴원사이언스,전문의약품,나정,D000525,Loxoprofen,Loxoprofen(록소프로펜),록소프로펜,제뉴원록소프로펜나트륨정(록소프로펜나트륨수화물),20031213,200303281,[M222839]록소프로펜나트륨수화물,[M222839]록소프로펜나트륨수화물,단일,20210715,,,노인주의
20230430,백색의 원형 정제,01140,해열.진통.소염제,삼천당제약(주),전문의약품,나정,D000525,Loxoprofen,Loxoprofen(록소프로펜),록소프로펜,록소펜정60밀리그램(록소프로펜나트륨수화물),20031229,200308838,[M222839]록소프로펜나트륨수화물,[M222839]록소프로펜나트륨수화물,단일,20210715,,,노인주의
20240913,"미황색가루가 든 상부 담녹색, 하부 미황색 경질캡슐제",01140,해열.진통.소염제,(주)종근당,전문의약품,"경질캡슐제, 산제",D000427,Meloxicam,Meloxicam(멜록시캄),멜록시캄,멜락스캡슐15밀리그램(멜록시캄),20040720,200400112,[M086439]멜록시캄,[M086439]멜록시캄,단일,20210715,,,노인주의
20240913,"황색 분말이며, 담녹색(상단)-미황색(하단)의 경질캡슐제이다. ",01140,해열.진통.소염제,동아에스티(주),전문의약품,"경질캡슐제, 산제",D000427,Meloxicam,Meloxicam(멜록시캄),멜록시캄,메로콕스캡슐15밀리그램(멜록시캄),20041013,200400179,[M086439]멜록시캄,[M086439]멜록시캄,단일,20210715,,,노인주의
20240913,"미황색의 가루가 든 상,하 담녹색 캡슐제",01140,해열.진통.소염제,일동제약(주),전문의약품,"경질캡슐제, 산제",D000427,Meloxicam,Meloxicam(멜록시캄),멜록시캄,록시캄캡슐(멜록시캄),20040528,200400320,[M086439]멜록시캄,[M086439]멜록시캄,단일,20210715,,,노인주의
20230430,흰색~미황색의 원형 정제,01140,해열.진통.소염제,한올바이오파마(주),전문의약품,나정,D000525,Loxoprofen,Loxoprofen(록소프로펜),록소프로펜,록스페닌정(록소프로펜나트륨수화물),20040213,200400339,[M222839]록소프로펜나트륨수화물,[M222839]록소프로펜나트륨수화물,단일,20210715,,,노인주의
20240913,연한 노란색 가루가 든 상·하 연한 녹색의 경질 캡슐제,01140,해열.진통.소염제,(주)셀트리온제약,전문의약품,"경질캡슐제, 산제",D000427,Meloxicam,Meloxicam(멜록시캄),멜록시캄,메로빅캡슐(멜록시캄),20040128,200400387,[M086439]멜록시캄,[M086439]멜록시캄,단일,20210715,,,노인주의
20251010,무색 내지 연한 청록색의 투명한 내용물을 함유한 연청록색의 투명한 타원형 연질캡슐,01140,해열.진통.소염제,(주)대웅제약,일반의약품,"연질캡슐제, 액상",D000363,Ibuprofen,Ibuprofen(이부프로펜),이부프로펜,이지엔6애니연질캡슐(이부프로펜),20040924,200400463,[M051259]이부프로펜,[M051259]이부프로펜,단일,20210715,,,노인주의
20240913,미황색 가루가 든 상하부 담녹색의 캡슐제,01140,해열.진통.소염제,대우제약(주),전문의약품,"경질캡슐제, 산제",D000427,Meloxicam,Meloxicam(멜록시캄),멜록시캄,모벡스캡슐(멜록시캄),20041112,200400684,[M086439]멜록시캄,[M086439]멜록시캄,단일,20210715,,,노인주의
20240913,미황색의 분말이 충진된 상.하부 연회녹색의 경질캡슐제,01140,해열.진통.소염제,아주약품(주),전문의약품,"경질캡슐제, 산제",D000427,Meloxicam,Meloxicam(멜록시캄),멜록시캄,보믹캡슐(멜록시캄),20040212,200400685,[M086439]멜록시캄,[M086439]멜록시캄,단일,20210715,,,노인주의
20230430,흰색의 원형 정제,01140,해열.진통.소염제,알리코제약(주),전문의약품,나정,D000525,Loxoprofen,Loxoprofen(록소프로펜),록소프로펜,록사펜정(록소프로펜나트륨수화물),20040923,200400841,[M222839]록소프로펜나트륨수화물,[M222839]록소프로펜나트륨수화물,단일,20210715,,,노인주의
20240913,"미황색의 내용물이 충진된 상,하부 담녹색의 경질캡슐제",01140,해열.진통.소염제,알리코제약(주),전문의약품,"경질캡슐제, 산제",D000427,Meloxicam,Meloxicam(멜록시캄),멜록시캄,캠록스캡슐7.5밀리그램(멜록시캄),20040903,200400892,[M086439]멜록시캄,[M086439]멜록시캄,단일,20210715,,,노인주의
20240913,미황색의 원형정제,01140,해열.진통.소염제,영진약품(주),전문의약품,나정,D000427,Meloxicam,Meloxicam(멜록시캄),멜록시캄,멜브렉스정7.5밀리그람(멜록시캄),20040903,200400913,[M086439]멜록시캄,[M086439]멜록시캄,단일,20210715,,,노인주의
20240913,"미황색의 분말이 충진된 상, 하부 담녹색의 경질캡슐제",01140,해열.진통.소염제,(주)에이프로젠바이오로직스,전문의약품,"경질캡슐제, 산제",D000427,Meloxicam,Meloxicam(멜록시캄),멜록시캄,에이프로젠멜록시캄캡슐,20040823,200400983,[M086439]멜록시캄,[M086439]멜록시캄,단일,20210715,,,노인주의
20230430,흰색의 원형정제,01140,해열.진통.소염제,(주)에이프로젠바이오로직스,전문의약품,나정,D000525,Loxoprofen,Loxoprofen(록소프로펜),록소프로펜,록소프렌정(록소프로펜나트륨수화물),20040930,200400987,[M222839]록소프로펜나트륨수화물,[M222839]록소프로펜나트륨수화물,단일,20210715,,,노인주의
20240913,미황색가루가 든 상.하 담녹색의 캡슐제,01140,해열.진통.소염제,에스에스팜(주),전문의약품,"경질캡슐제, 산제",D000427,Meloxicam,Meloxicam(멜록시캄),멜록시캄,맥캄캡슐(멜록시캄),20040625,200401005,[M086439]멜록시캄,[M086439]멜록시캄,단일,20210715,,,노인주의
20240913,연한 노란색 가루가 든 상·하 연한 녹색의 경질 캡슐제,01140,해열.진통.소염제,진양제약(주),전문의약품,"경질캡슐제, 산제",D000427,Meloxicam,Meloxicam(멜록시캄),멜록시캄,모리캄캡슐(멜록시캄),20040909,200401409,[M086439]멜록시캄,[M086439]멜록시캄,단일,20210715,,,노인주의
20200131,이 약은 미황색(연노랑)의 점착성 물질을 살색 린트포에 도포하고(바르고) 고체 면에 박리지를 덮은 첩부제이다.,02640,진통.진양.수렴.소염제,신신제약(주),일반의약품,지지체가있는첩부제,D000575,Indometacin,Indometacin(인도메타신),인도메타신,인타신첩부제(인도메타신),20040317,200401424,[M040508]인도메타신,[M040508]인도메타신,단일,20210715,,,노인주의
20240913,"미황색가루가 든 상,하 담녹색의 캡슐",01140,해열.진통.소염제,(주)동구바이오제약,전문의약품,"경질캡슐제, 산제",D000427,Meloxicam,Meloxicam(멜록시캄),멜록시캄,멜빅스캡슐(멜록시캄)(수출명:WONCOX Capsule),20040528,200401448,[M086439]멜록시캄,[M086439]멜록시캄,단일,20210715,,,노인주의
20230430,담홍색의 원형정제,01140,해열.진통.소염제,(주)바이넥스,전문의약품,나정,D000525,Loxoprofen,Loxoprofen(록소프로펜),록소프로펜,록소스타정(록소프로펜나트륨수화물),20040213,200401718,[M222839]록소프로펜나트륨수화물,[M222839]록소프로펜나트륨수화물,단일,20210715,,,노인주의
20240913,"미황색의 가루가 든 상,하 담녹색의 캡슐제",01140,해열.진통.소염제,(주)한국파마,전문의약품,"경질캡슐제, 산제",D000427,Meloxicam,Meloxicam(멜록시캄),멜록시캄,씨오엑스캡슐(멜록시캄),20041012,200401721,[M086439]멜록시캄,[M086439]멜록시캄,단일,20210715,,,노인주의
20230430,흰색∼미황색의 원형 정제,01140,해열.진통.소염제,대원제약(주),전문의약품,나정,D000525,Loxoprofen,Loxoprofen(록소프로펜),록소프로펜,록프렌정(록소프로펜나트륨수화물),20040923,200401762,[M222839]록소프로펜나트륨수화물,[M222839]록소프로펜나트륨수화물,단일,20210715,,,노인주의
20230430,흰색의 원형 정제,01140,해열.진통.소염제,(주)셀릭스,전문의약품,나정,D000525,Loxoprofen,Loxoprofen(록소프로펜),록소프로펜,록소젠정(록소프로펜나트륨수화물),20040617,200401882,[M222839]록소프로펜나트륨수화물,[M222839]록소프로펜나트륨수화물,단일,20210715,,,노인주의
20230430,담홍색의 원형 정제,01140,해열.진통.소염제,에이치엘비제약(주),전문의약품,나정,D000525,Loxoprofen,Loxoprofen(록소프로펜),록소프로펜,펜렉스정(록소프로펜나트륨수화물),20040213,200401891,[M222839]록소프로펜나트륨수화물,[M222839]록소프로펜나트륨수화물,단일,20210715,,,노인주의
20240913,연한 노란색 가루가 든 상·하 연한 녹색의 경질캡슐제,01140,해열.진통.소염제,오스틴제약(주),전문의약품,"경질캡슐제, 산제",D000427,Meloxicam,Meloxicam(멜록시캄),멜록시캄,멕시캡슐(멜록시캄)(수출명: Momeloxe Cap.),20040923,200402093,[M086439]멜록시캄,[M086439]멜록시캄,단일,20210715,,,노인주의
20230430,흰색~미황색의 원형 정제,01140,해열.진통.소염제,오스틴제약(주),전문의약품,나정,D000525,Loxoprofen,Loxoprofen(록소프로펜),록소프로펜,옥소펜정(록소프로펜나트륨수화물),20041105,200402096,[M222839]록소프로펜나트륨수화물,[M222839]록소프로펜나트륨수화물,단일,20210715,,,노인주의
20240913,"미황색의 내용물이 충진된 상,하부 담녹색의 경질캡슐제",01140,해열.진통.소염제,영일제약(주),전문의약품,"경질캡슐제, 산제",D000427,Meloxicam,Meloxicam(멜록시캄),멜록시캄,메카론캡슐(멜록시캄),20041228,200402310,[M086439]멜록시캄,[M086439]멜록시캄,단일,20210715,,,노인주의
20230430,흰색의 원형정제,01140,해열.진통.소염제,(주)테라젠이텍스,전문의약품,나정,D000525,Loxoprofen,Loxoprofen(록소프로펜),록소프로펜,로닌정(록소프로펜나트륨수화물),20040930,200402391,[M222839]록소프로펜나트륨수화물,[M222839]록소프로펜나트륨수화물,단일,20210715,,,노인주의
20230430,담홍색의 원형 정제,01140,해열.진통.소염제,(주)팜젠사이언스,전문의약품,나정,D000525,Loxoprofen,Loxoprofen(록소프로펜),록소프로펜,록소론정(록소프로펜나트륨수화물),20040630,200402487,[M222839]록소프로펜나트륨수화물,[M222839]록소프로펜나트륨수화물,단일,20210715,,,노인주의
20230430,백색의 원형정제,01140,해열.진통.소염제,하나제약(주),전문의약품,나정,D000525,Loxoprofen,Loxoprofen(록소프로펜),록소프로펜,러키펜정(록소프로펜나트륨수화물),20040924,200402510,[M222839]록소프로펜나트륨수화물,[M222839]록소프로펜나트륨수화물,단일,20210715,,,노인주의
20240913,"황색분말을 충전한 상,하부 담녹색의 경질캡슐제",01140,해열.진통.소염제,미래바이오제약(주),전문의약품,"경질캡슐제, 산제",D000427,Meloxicam,Meloxicam(멜록시캄),멜록시캄,멜캄캡슐(멜록시캄),20041111,200402564,[M086439]멜록시캄,[M086439]멜록시캄,단일,20210715,,,노인주의
20240913,미황색 분말이 충전된 상하 연녹색의 경질캡슐제,01140,해열.진통.소염제,신일제약(주),전문의약품,"경질캡슐제, 산제",D000427,Meloxicam,Meloxicam(멜록시캄),멜록시캄,엑시캄캡슐7.5밀리그람(멜록시캄),20040917,200402583,[M086439]멜록시캄,[M086439]멜록시캄,단일,20210715,,,노인주의
20230430,흰색의 원형정제,01140,해열.진통.소염제,한미약품(주),전문의약품,나정,D000525,Loxoprofen,Loxoprofen(록소프로펜),록소프로펜,록소드펜정60밀리그램(록소프로펜나트륨수화물),20040529,200402643,[M222839]록소프로펜나트륨수화물,[M222839]록소프로펜나트륨수화물,단일,20210715,,,노인주의
20240913,"연한 노란색의 분말이 들어있는 상부 연한 녹색, 하부 노란색의 경질캡슐제",01140,해열.진통.소염제,한미약품(주),전문의약품,"경질캡슐제, 산제",D000427,Meloxicam,Meloxicam(멜록시캄),멜록시캄,메록스캄캡슐15밀리그램(멜록시캄),20040510,200402675,[M086439]멜록시캄,[M086439]멜록시캄,단일,20210715,,,노인주의
20240913,황색 분말이 충전된 상·하부 담녹색의 경질캡슐,01140,해열.진통.소염제,(주)한국파비스제약,전문의약품,"경질캡슐제, 산제",D000427,Meloxicam,Meloxicam(멜록시캄),멜록시캄,멜로칸캡슐(멜록시캄),20041124,200402696,[M086439]멜록시캄,[M086439]멜록시캄,단일,20210715,,,노인주의
20100621,알콜냄새가 나는 맑은 유백색의 겔,02640,진통.진양.수렴.소염제,(주)한국파비스제약,일반의약품,피부용겔제,D000672,Ketoprofen,Ketoprofen(케토프로펜),케토프로펜,케펜겔(케토프로펜),20040414,200402711,[M051464]케토프로펜,[M051464]케토프로펜,단일,20210715,,,노인주의
20220331,검정색의 점착성의 고체를 부직포 위에 도포하고 부직점착테이프를 고정시킨 후 박리지를 덮은 카타플라스마제,02640,진통.진양.수렴.소염제,광동제약(주),일반의약품,카타플라스마제,D000672,Ketoprofen,Ketoprofen(케토프로펜),케토프로펜,케토플러스카타플라스마(케토프로펜),20040614,200402789,[M051464]케토프로펜,[M051464]케토프로펜,단일,20210715,,,노인주의
20230430,흰색의 원형 정제,01140,해열.진통.소염제,위더스제약(주),전문의약품,나정,D000525,Loxoprofen,Loxoprofen(록소프로펜),록소프로펜,소로펜정(록소프로펜나트륨수화물),20040823,200402845,[M222839]록소프로펜나트륨수화물,[M222839]록소프로펜나트륨수화물,단일,20210715,,,노인주의
20230430,백색의 원형정제,01140,해열.진통.소염제,(주)씨엠지제약,전문의약품,나정,D000525,Loxoprofen,Loxoprofen(록소프로펜),록소프로펜,록소탄정(록소프로펜나트륨),20040909,200402852,[M222839]록소프로펜나트륨수화물,[M222839]록소프로펜나트륨수화물,단일,20210715,,,노인주의
20230430,흰색의 원형정제,01140,해열.진통.소염제,영풍제약(주),전문의약품,나정,D000525,Loxoprofen,Loxoprofen(록소프로펜),록소프로펜,"녹사펜정

(록소프로펜나트륨수화물)",20040930,200402945,[M222839]록소프로펜나트륨수화물,[M222839]록소프로펜나트륨수화물,단일,20210715,,,노인주의
20230430,흰색의 원형 정제,01140,해열.진통.소염제,(주)하원제약,전문의약품,나정,D000525,Loxoprofen,Loxoprofen(록소프로펜),록소프로펜,록소푸로정(록소프로펜나트륨수화물),20040507,200402981,[M222839]록소프로펜나트륨수화물,[M222839]록소프로펜나트륨수화물,단일,20210715,,,노인주의
20220331,제1형: 이 약은 무색 또는 담황색의 점착성의 고체를 부직포 위에 도포한 특유한 향기를 가진 카타플라스마제이다제2형: 이 약은 무색 또는 담황색의 점착성의 고체를 부직포 위에 도포하고 부직점착테이프를 고정시킨 후 박리지를 덮은 카타플라스마제이다,02640,진통.진양.수렴.소염제,(주)티디에스팜,일반의약품,카타플라스마제,D000672,Ketoprofen,Ketoprofen(케토프로펜),케토프로펜,파프케이플러스카타플라스마(케토프로펜),20040219,200403011,[M051464]케토프로펜/[M051464]케토프로펜,[M051464]케토프로펜/[M051464]케토프로펜,단일,20210715,,,노인주의
20240913,미황색 분말이 충진된 상 하부 담녹색의 경질캡슐제,01140,해열.진통.소염제,구주제약(주),전문의약품,"경질캡슐제, 산제",D000427,Meloxicam,Meloxicam(멜록시캄),멜록시캄,모비드캡슐(멜록시캄),20041123,200403085,[M086439]멜록시캄,[M086439]멜록시캄,단일,20210715,,,노인주의
20230430,백색의 원형정제,01140,해열.진통.소염제,구주제약(주),전문의약품,나정,D000525,Loxoprofen,Loxoprofen(록소프로펜),록소프로펜,룩펠정(록소프로펜나트륨수화물),20041123,200403089,[M222839]록소프로펜나트륨수화물,[M222839]록소프로펜나트륨수화물,단일,20210715,,,노인주의
20230430,담홍색의 원형 정제,01140,해열.진통.소염제,(주)휴온스,전문의약품,나정,D000525,Loxoprofen,Loxoprofen(록소프로펜),록소프로펜,휴로펜정(록소프로펜나트륨수화물),20041002,200403111,[M222839]록소프로펜나트륨수화물,[M222839]록소프로펜나트륨수화물,단일,20210715,,,노인주의
20240913,"미황색 분말이 충진된 상,하부 담녹색의 경질 캡슐",01140,해열.진통.소염제,(주)휴온스,전문의약품,"경질캡슐제, 산제",D000427,Meloxicam,Meloxicam(멜록시캄),멜록시캄,모콕스캡슐7.5밀리그람(멜록시캄),20040611,200403184,[M086439]멜록시캄,[M086439]멜록시캄,단일,20210715,,,노인주의
20240913,"미황색 가루가 든 상,하 담녹색 캡슐제",01140,해열.진통.소염제,명문제약(주),전문의약품,"경질캡슐제, 산제",D000427,Meloxicam,Meloxicam(멜록시캄),멜록시캄,메디콕스캡슐(멜록시캄)(수출명:마이멜록캡슐(MYMELOXECapsule)),20040507,200403238,[M086439]멜록시캄,[M086439]멜록시캄,단일,20210715,,,노인주의
20230430,담홍색의 원형 정제,01140,해열.진통.소염제,삼익제약(주),전문의약품,나정,D000525,Loxoprofen,Loxoprofen(록소프로펜),록소프로펜,로페닌정(록소프로펜나트륨)(수출명:Lopenin Tabs.),20041123,200403414,[M085577]록소프로펜나트륨,[M085577]록소프로펜나트륨,단일,20210715,,,노인주의
20240913,"미황색 가루가 든 상,하부 담녹색의 경질캡슐제",01140,해열.진통.소염제,삼익제약(주),전문의약품,"경질캡슐제, 산제",D000427,Meloxicam,Meloxicam(멜록시캄),멜록시캄,"아모리아캡슐(멜록시캄)(수출명 : Amolex Cap., Mepedo Cap.)",20041026,200403461,[M086439]멜록시캄,[M086439]멜록시캄,단일,20210715,,,노인주의
20230430,흰색~미황색의 원형 정제,01140,해열.진통.소염제,한림제약(주),전문의약품,나정,D000525,Loxoprofen,Loxoprofen(록소프로펜),록소프로펜,록페날정(록소프로펜나트륨수화물),20041123,200403512,[M222839]록소프로펜나트륨수화물,[M222839]록소프로펜나트륨수화물,단일,20210715,,,노인주의
20240913,미황색 가루가 든 상하부 담녹색의 경질캡슐제,01140,해열.진통.소염제,한림제약(주),전문의약품,"경질캡슐제, 산제",D000427,Meloxicam,Meloxicam(멜록시캄),멜록시캄,류멜캡슐7.5밀리그램(멜록시캄),20040914,200403532,[M086439]멜록시캄,[M086439]멜록시캄,단일,20210715,,,노인주의
20240913,미황색 가루가 든 상하 담녹색 경질캡슐제,01140,해열.진통.소염제,(주)경보제약,전문의약품,"경질캡슐제, 산제",D000427,Meloxicam,Meloxicam(멜록시캄),멜록시캄,케이빅캡슐7.5밀리그램(멜록시캄),20041105,200403739,[M086439]멜록시캄,[M086439]멜록시캄,단일,20210715,,,노인주의
20240913,연한 노란색 가루가 든 상·하 연한 녹색의 경질 캡슐제,01140,해열.진통.소염제,한국프라임제약(주),전문의약품,"경질캡슐제, 산제",D000427,Meloxicam,Meloxicam(멜록시캄),멜록시캄,모르빅캡슐(멜록시캄),20041007,200404040,[M086439]멜록시캄,[M086439]멜록시캄,단일,20210715,,,노인주의
20230430,흰색의 원형 정제,01140,해열.진통.소염제,한국프라임제약(주),전문의약품,나정,D000525,Loxoprofen,Loxoprofen(록소프로펜),록소프로펜,록소로펜정(록소프로펜나트륨수화물),20040213,200404050,[M222839]록소프로펜나트륨수화물,[M222839]록소프로펜나트륨수화물,단일,20210715,,,노인주의
20200807,담황색의 점착성 물질을 린트포에 도포하고 박리지를 덮은 첩부제,02640,진통.진양.수렴.소염제,대화제약(주),일반의약품,지지체가있는첩부제,D000575,Indometacin,Indometacin(인도메타신),인도메타신,메타플러스첩부제(인도메타신),20040406,200404238,[M040508]인도메타신/[M040508]인도메타신,[M040508]인도메타신/[M040508]인도메타신,단일,20210715,,,노인주의
20240913,미황색의 내용물이 충진된 상하부 녹색의 경질캡슐제,01140,해열.진통.소염제,(주)킵스바이오파마,전문의약품,"경질캡슐제, 산제",D000427,Meloxicam,Meloxicam(멜록시캄),멜록시캄,멜록삼캡슐(멜록시캄),20041222,200404859,[M086439]멜록시캄,[M086439]멜록시캄,단일,20210715,,,노인주의
20230430,흰색의 원형정제,01140,해열.진통.소염제,한국유니온제약(주),전문의약품,나정,D000525,Loxoprofen,Loxoprofen(록소프로펜),록소프로펜,세록펜정(록소프로펜나트륨수화물),20041004,200410901,[M222839]록소프로펜나트륨수화물,[M222839]록소프로펜나트륨수화물,단일,20210715,,,노인주의
20240913,황색분말이 충전된 상하부 담녹색의 경질캡슐,01140,해열.진통.소염제,(주)셀릭스,전문의약품,"경질캡슐제, 산제",D000427,Meloxicam,Meloxicam(멜록시캄),멜록시캄,멜록시젠캡슐(멜록시캄),20041125,200411043,[M086439]멜록시캄,[M086439]멜록시캄,단일,20210715,,,노인주의
20240913,"미황색의 가루가 든 상,하 담녹색 캡슐제",01140,해열.진통.소염제,동광제약(주),전문의약품,"경질캡슐제, 산제",D000427,Meloxicam,Meloxicam(멜록시캄),멜록시캄,멜콕시캡슐(멜록시캄),20050127,200500171,[M086439]멜록시캄,[M086439]멜록시캄,단일,20210715,,,노인주의
20240215,미황색의 점착성물질을 살구색 린트포상에 도포하여 점착면에 박리지를 덮은 첩부제,02640,진통.진양.수렴.소염제,제이더블유중외제약(주),일반의약품,지지체가있는첩부제,D000705,Flurbiprofen,Flurbiprofen(플루르비프로펜),플루르비프로펜,노펜첩부제(플루르비프로펜),20050810,200500298,[M089049]플루르비프로펜,[M089049]플루르비프로펜,단일,20210715,,,노인주의
20240913,"미황색 가루가 든 상부 담녹색, 하부 황색 캡슐제",01140,해열.진통.소염제,국제약품(주),전문의약품,"경질캡슐제, 산제",D000427,Meloxicam,Meloxicam(멜록시캄),멜록시캄,멜록시펜캡슐15밀리그람(멜록시캄),20050331,200500388,[M086439]멜록시캄,[M086439]멜록시캄,단일,20210715,,,노인주의
20240215,무색투명의 점착성물질을 린트포에 도포하여 고체면에 박리지를 덮은 첩부제,02640,진통.진양.수렴.소염제,(주)보령,일반의약품,지지체가있는첩부제,D000705,Flurbiprofen,Flurbiprofen(플루르비프로펜),플루르비프로펜,맨담플루비플라스타(플루르비프로펜),20050607,200501187,[M089049]플루르비프로펜/[M089049]플루르비프로펜,[M089049]플루르비프로펜/[M089049]플루르비프로펜,단일,20210715,,,노인주의
20240215,이 약은 무색투명한 점착성 물질을 지지체에 도포하고 고체면에 박리지를 덮은 첩부제이다,02640,진통.진양.수렴.소염제,일양약품(주),일반의약품,지지체가있는첩부제,D000705,Flurbiprofen,Flurbiprofen(플루르비프로펜),플루르비프로펜,조인업첩부제(플루르비프로펜),20050111,200501213,[M089049]플루르비프로펜,[M089049]플루르비프로펜,단일,20210715,,,노인주의
20240913,"연한 노란색 가루가 든 상부 연한 녹색, 하부 황색의 경질 캡슐제",01140,해열.진통.소염제,진양제약(주),전문의약품,"경질캡슐제, 산제",D000427,Meloxicam,Meloxicam(멜록시캄),멜록시캄,모리캄캡슐15mg(멜록시캄),20050113,200501307,[M086439]멜록시캄,[M086439]멜록시캄,단일,20210715,,,노인주의
20240913,연한 노란색 가루가 든 상.하 연한 녹색의 경질캡슐제,01140,해열.진통.소염제,(주)팜젠사이언스,전문의약품,"경질캡슐제, 산제",D000427,Meloxicam,Meloxicam(멜록시캄),멜록시캄,멜리카캡슐(멜록시캄),20050105,200502058,[M086439]멜록시캄,[M086439]멜록시캄,단일,20210715,,,노인주의
20240913,"미황색의 과립이 충진된 상,하부 담녹색의 경질캡슐제",01140,해열.진통.소염제,하나제약(주),전문의약품,"경질캡슐제, 과립제",D000427,Meloxicam,Meloxicam(멜록시캄),멜록시캄,메모빅캡슐7.5밀리그람(멜록시캄),20051018,200502090,[M086439]멜록시캄,[M086439]멜록시캄,단일,20210715,,,노인주의
20230430,백색의 원형정제,01140,해열.진통.소염제,(주)한국파비스제약,전문의약품,나정,D000525,Loxoprofen,Loxoprofen(록소프로펜),록소프로펜,록소진정(록소프로펜나트륨수화물),20050519,200502228,[M222839]록소프로펜나트륨수화물,[M222839]록소프로펜나트륨수화물,단일,20210715,,,노인주의
20240913,미황색 가루가 든 상하부 담녹색의 경질캡슐,01140,해열.진통.소염제,(주)바스칸바이오제약,전문의약품,"경질캡슐제, 산제",D000427,Meloxicam,Meloxicam(멜록시캄),멜록시캄,하모빅캡슐(멜록시캄),20050118,200502259,[M086439]멜록시캄,[M086439]멜록시캄,단일,20210715,,,노인주의
20230430,흰색의 원형 정제,01140,해열.진통.소염제,(주)바스칸바이오제약,전문의약품,나정,D000525,Loxoprofen,Loxoprofen(록소프로펜),록소프로펜,록소켐정(록소프로펜나트륨수화물),20050119,200502264,[M222839]록소프로펜나트륨수화물,[M222839]록소프로펜나트륨수화물,단일,20210715,,,노인주의
20200925,이 약은 투명 내지 반투명의 점착성 물질을 지지체에 도포하고 고체면에 고체피복물을 덮은 첩부제이다.,02640,진통.진양.수렴.소염제,(주)티디에스팜,일반의약품,카타플라스마제,D000672,Ketoprofen,Ketoprofen(케토프로펜),케토프로펜,케로펜플라스타(케토프로펜),20050901,200502519,[M051464]케토프로펜/[M051464]케토프로펜/[M051464]케토프로펜,[M051464]케토프로펜/[M051464]케토프로펜/[M051464]케토프로펜,단일,20210715,,,노인주의
20240913,미황색가루가 든 상하 담녹색의 경질캡슐,01140,해열.진통.소염제,풍림무약(주),전문의약품,"경질캡슐제, 산제",D000427,Meloxicam,Meloxicam(멜록시캄),멜록시캄,메로캄캡슐(멜록시캄),20050222,200502732,[M086439]멜록시캄,[M086439]멜록시캄,단일,20210715,,,노인주의
20130925,연한 분홍색 또는 분홍색의 점착성 고체를 부직포 위에 도포하고 뒷면에 밀착포를 부착한 특유한 향기를 가진 카타플라스마제,02640,진통.진양.수렴.소염제,대화제약(주),일반의약품,카타플라스마제,D000672,Ketoprofen,Ketoprofen(케토프로펜),케토프로펜,케토엑스투카타플라스마(케토프로펜),20050103,200503336,[M051464]케토프로펜,[M051464]케토프로펜,단일,20210715,,,노인주의
20240215,"(내수용, 8cmⅹ12cm, 9cmⅹ13cm) 연한 분홍색 또는 분홍색의 점착성의 고체를 부직포 위에 도포하고 뒷면에 밀착포를 부착한 특유한 향기를 가진 카타플라스마제  (수출용, 10cmⅹ14cm) 무색 투명한 점착성 고체를 린트포 위에 도포하고 특유한 향기를 가진 카타플라스마제",02640,진통.진양.수렴.소염제,대화제약(주),일반의약품,카타플라스마제,D000705,Flurbiprofen,Flurbiprofen(플루르비프로펜),플루르비프로펜,푸로펜카타플라스마(플루르비프로펜),20050711,200503344,[M089049]플루르비프로펜/[M089049]플루르비프로펜/[M089049]플루르비프로펜,[M089049]플루르비프로펜/[M089049]플루르비프로펜/[M089049]플루르비프로펜,단일,20210715,,,노인주의
20200102,흰색의 부직포에 연한 노란색의 연고체를 도포하고 박리지를 부착한 카타플라스마제,02640,진통.진양.수렴.소염제,(주)오현파마코푸레이션 ,일반의약품,카타플라스마제,D000575,Indometacin,Indometacin(인도메타신),인도메타신,단아팬에프카타플라스마(인도메타신),20050117,200511327,[M040508]인도메타신,[M040508]인도메타신,단일,20210715,,,노인주의
20240215,미황색의 점착성 물질을 살구색 린트포상에 도포하여 점착면에 박리지를 덮은 첩부제,02640,진통.진양.수렴.소염제,일동제약(주),일반의약품,지지체가있는첩부제,D000705,Flurbiprofen,Flurbiprofen(플루르비프로펜),플루르비프로펜,프로디펜첩부제(플루르비프로펜),20060223,200600083,[M089049]플루르비프로펜/[M089049]플루르비프로펜,[M089049]플루르비프로펜/[M089049]플루르비프로펜,단일,20210715,,,노인주의
20240215,이 약은 무색 투명 또는 반투명의 점착성 물질을 지지체에 도포하고(바르고) 고체면에 박리지를 덮은 첩부제이다,02640,진통.진양.수렴.소염제,제일헬스사이언스(주),일반의약품,지지체가있는첩부제,D000705,Flurbiprofen,Flurbiprofen(플루르비프로펜),플루르비프로펜,제일탑첩부제(플루르비프로펜),20060310,200600110,[M089049]플루르비프로펜,[M089049]플루르비프로펜,단일,20210715,,,노인주의
20150413,제1처방: 미황색의 점착성 물질을 살구색 린트포상에 도포하여 점착면에 박리지를 덮은 첩부제제2처방: 미황색의 점착성 물질을 살구색 부직포상에 도포하여 점착면에 박리지를 덮은 첩부제,02640,진통.진양.수렴.소염제,(주)녹십자,일반의약품,지지체가있는첩부제,D000672,Ketoprofen,Ketoprofen(케토프로펜),케토프로펜,"제놀골드플라스타(케토프로펜)(수출, 군납명:케넨서플라스타)",20060217,200600572,[M051464]케토프로펜/[M051464]케토프로펜,[M051464]케토프로펜/[M051464]케토프로펜,단일,20210715,,,노인주의
20120316,미백색의 점착성 고체를 부직포상에 도포한 방향성을 가진 카타플라스마제로서 밀착포가 접합되어 있습니다,02640,진통.진양.수렴.소염제,(주)녹십자,일반의약품,카타플라스마제,D000672,Ketoprofen,Ketoprofen(케토프로펜),케토프로펜,제놀탑에스카타플라스마(케토프로펜),20060227,200600575,[M051464]케토프로펜/[M051464]케토프로펜/[M051464]케토프로펜,[M051464]케토프로펜/[M051464]케토프로펜/[M051464]케토프로펜,단일,20210715,,,노인주의
20230430,흰색의 원형 정제,01140,해열.진통.소염제,주식회사 노바엠헬스케어,전문의약품,나정,D000525,Loxoprofen,Loxoprofen(록소프로펜),록소프로펜,록프로정(록소프로펜나트륨수화물),20060105,200600821,[M222839]록소프로펜나트륨수화물,[M222839]록소프로펜나트륨수화물,단일,20210715,,,노인주의
20251010,오렌지향이 나는 흰색 내지 미황색의 시럽제,01140,해열.진통.소염제,삼아제약(주),일반의약품,액상시럽제,D000363,Ibuprofen,Ibuprofen(이부프로펜),이부프로펜,이브듀오시럽(이부프로펜),20061020,200606413,[M051259]이부프로펜,[M051259]이부프로펜,단일,20210715,,,노인주의
20130619,이 약은 무색의 점착성물질을 살색의 린트포에 도포하여(바르고) 고체면에 박리지를 덮은 첩부제이다,02640,진통.진양.수렴.소염제,신신제약(주),일반의약품,지지체가있는첩부제,D000672,Ketoprofen,Ketoprofen(케토프로펜),케토프로펜,신신케토크린24플라스타(케토프로펜),20060821,200607885,[M051464]케토프로펜,[M051464]케토프로펜,단일,20210715,,,노인주의
20240215,이 약은 백색 또는 미황백색의 점착성 고체를 부직포상에 도포(바르다)한 특유한 향기를  가진 카타플라스마제이다.,02640,진통.진양.수렴.소염제,신신제약(주),일반의약품,카타플라스마제,D000705,Flurbiprofen,Flurbiprofen(플루르비프로펜),플루르비프로펜,페노크린카타플라스마(플루르비프로펜),20060809,200607887,[M089049]플루르비프로펜/[M089049]플루르비프로펜,[M089049]플루르비프로펜/[M089049]플루르비프로펜,단일,20210715,,,노인주의
20240215,무색투명의 점착성물질을 살구색 린트포에 도포하여 고체면에 박리지를 덮은 첩부제,02640,진통.진양.수렴.소염제,일양바이오팜(주),일반의약품,지지체가있는첩부제,D000705,Flurbiprofen,Flurbiprofen(플루르비프로펜),플루르비프로펜,일양바이오펜첩부제(플루르비프로펜),20060831,200607954,[M089049]플루르비프로펜,[M089049]플루르비프로펜,단일,20210715,,,노인주의
20130802,무색투명한 용액이 든 갈색투명한 앰플,01140,해열.진통.소염제,명문제약(주),전문의약품,용액주사제,D000672,Ketoprofen,Ketoprofen(케토프로펜),케토프로펜,명문케토프로펜주사(수출용)(수출명 : Ketofron),20061124,200608036,[M051464]케토프로펜,[M051464]케토프로펜,단일,20210715,,,노인주의
20240913,"황색 또는 미황색 분말이 든 상,하 청록색의 경질캡슐제",01140,해열.진통.소염제,경동제약(주),전문의약품,"경질캡슐제, 산제",D000427,Meloxicam,Meloxicam(멜록시캄),멜록시캄,멜릭스캡슐(멜록시캄),20061121,200608121,[M086439]멜록시캄,[M086439]멜록시캄,단일,20210715,,,노인주의
20240913,미황색분말이 충전된 상하부 담녹색의 경질캡슐제,01140,해열.진통.소염제,(주)유영제약,전문의약품,"경질캡슐제, 산제",D000427,Meloxicam,Meloxicam(멜록시캄),멜록시캄,목시캄캡슐(멜록시캄),20060824,200608275,[M086439]멜록시캄,[M086439]멜록시캄,단일,20210715,,,노인주의
20240215,미황색의 점착성 물질을 살구색 린트포 상에 도포하여 점착면에 박리지를 덮은 첩부제,02640,진통.진양.수렴.소염제,(주)텔콘알에프제약,일반의약품,지지체가있는첩부제,D000705,Flurbiprofen,Flurbiprofen(플루르비프로펜),플루르비프로펜,플로펜첩부제(플루르비프로펜),20060919,200608351,[M089049]플루르비프로펜,[M089049]플루르비프로펜,단일,20210715,,,노인주의
20140917,백색의 부직포에 백색의 점착성 물질이 도포되고 박리지를 부착한 경고제,02640,진통.진양.수렴.소염제,(주)재우스팜,일반의약품,지지체가있는첩부제,D000672,Ketoprofen,Ketoprofen(케토프로펜),케토프로펜,케로팝경고제(케토프로펜),20060913,200610741,[M051464]케토프로펜,[M051464]케토프로펜,단일,20210715,,,노인주의
20171201,흰색의 부직포에 연한 노란색의 연고체를 도포하고 박리지를 부착한 카타플라스마제,02640,진통.진양.수렴.소염제,(주)재우스팜,일반의약품,카타플라스마제,D000575,Indometacin,Indometacin(인도메타신),인도메타신,인도포르테카타플라스마(인도메타신),20061018,200610742,[M040508]인도메타신,[M040508]인도메타신,단일,20210715,,,노인주의
20251010,투명한 무색 또는 연한 녹색의 액이 충전된 타원형의 투명한 녹색 연질캡슐,01140,해열.진통.소염제,헤일리온코리아주식회사,일반의약품,"연질캡슐제, 액상",D000363,Ibuprofen,Ibuprofen(이부프로펜),이부프로펜,애드빌리퀴겔연질캡슐(이부프로펜),20060707,200610785,[M051259]이부프로펜,[M051259]이부프로펜,단일,20210715,,,노인주의
20240215,이 약은 무색투명한 점착성 물질을 지지체에 도포하고 고체면에 박리지를 덮은 첩부제이다.,02640,진통.진양.수렴.소염제,현대약품(주),일반의약품,지지체가있는첩부제,D000705,Flurbiprofen,Flurbiprofen(플루르비프로펜),플루르비프로펜,현대플로스탑플라스타(플루르비프로펜),20061129,200611318,[M089049]플루르비프로펜/[M089049]플루르비프로펜/[M089049]플루르비프로펜,[M089049]플루르비프로펜/[M089049]플루르비프로펜/[M089049]플루르비프로펜,단일,20210715,,,노인주의
20230430,흰색의 원형 정제,01140,해열.진통.소염제,(주)킵스바이오파마,전문의약품,나정,D000525,Loxoprofen,Loxoprofen(록소프로펜),록소프로펜,록소팬정(록소프로펜나트륨수화물),20061122,200611389,[M222839]록소프로펜나트륨수화물,[M222839]록소프로펜나트륨수화물,단일,20210715,,,노인주의
20240215,이 약은 무색 투명 또는 반투명의 점착성 물질을 지지체에 도포하고 고체면에 고체피복물을 덮은 첩부제이다.,02640,진통.진양.수렴.소염제,(주)에이프로젠바이오로직스,일반의약품,지지체가있는첩부제,D000705,Flurbiprofen,Flurbiprofen(플루르비프로펜),플루르비프로펜,팝업플라스타(플루르비프로펜),20061204,200612147,[M089049]플루르비프로펜/[M089049]플루르비프로펜/[M089049]플루르비프로펜/[M089049]플루르비프로펜,[M089049]플루르비프로펜/[M089049]플루르비프로펜/[M089049]플루르비프로펜/[M089049]플루르비프로펜,단일,20210715,,,노인주의
20190904,흰색의크림제,02640,진통.진양.수렴.소염제,태극제약(주),일반의약품,피부크림제,D000575,Indometacin,Indometacin(인도메타신),인도메타신,메타겔크림(인도메타신),20070227,200702486,[M040508]인도메타신,[M040508]인도메타신,단일,20210715,,,노인주의
20251010,이 약은 연분홍색의 장방형 필름코팅정이다.,01140,해열.진통.소염제,일동제약(주),일반의약품,필름코팅정,D000363,Ibuprofen,Ibuprofen(이부프로펜),이부프로펜,캐롤에프정(이부프로펜아르기닌),20070326,200703429,[M209277]이부프로펜아르기닌,[M209277]이부프로펜아르기닌,단일,20210715,,,노인주의
20230430,흰색의 원형 정제,01140,해열.진통.소염제,국제약품(주),전문의약품,나정,D000525,Loxoprofen,Loxoprofen(록소프로펜),록소프로펜,아나록소정(록소프로펜나트륨수화물),20070327,200703461,[M222839]록소프로펜나트륨수화물,[M222839]록소프로펜나트륨수화물,단일,20210715,,,노인주의
20240715,흰색의 원형 필름코팅정,01140,해열.진통.소염제,한국유니온제약(주),일반의약품,필름코팅정,D000363,Ibuprofen,Ibuprofen(이부프로펜),이부프로펜,유니온이부프로펜정200mg(수출용),20070419,200704500,[M051259]이부프로펜,[M051259]이부프로펜,단일,20210715,,,노인주의
20240913,미황색 가루가 든 상하부 담녹색 캡슐제,01140,해열.진통.소염제,유니메드제약(주),전문의약품,"경질캡슐제, 산제",D000427,Meloxicam,Meloxicam(멜록시캄),멜록시캄,유니콕스캡슐7.5밀리그램(멜록시캄),20070430,200704969,[M086439]멜록시캄/[M086439]멜록시캄,[M086439]멜록시캄/[M086439]멜록시캄,단일,20210715,,,노인주의
20120501,무색 반투명의 점착성 물질을 지지체에 도포하고(바르고) 고체면에 박리지를 덮은 첩부제이다.,02640,진통.진양.수렴.소염제,현대약품(주),일반의약품,지지체가있는첩부제,D000672,Ketoprofen,Ketoprofen(케토프로펜),케토프로펜,케프로텍플라스타(케토프로펜),20070515,200705581,[M051464]케토프로펜/[M051464]케토프로펜,[M051464]케토프로펜/[M051464]케토프로펜,단일,20210715,,,노인주의
20180914,이 약은 무색 반투명의 점착성 물질을 지지체에 도포하고 고체면에 고체피복물을 덮은 첩부제이다.,02640,진통.진양.수렴.소염제,아이큐어(주),일반의약품,지지체가있는첩부제,D000672,Ketoprofen,Ketoprofen(케토프로펜),케토프로펜,"케논에스플라스타(케토프로펜) 수출명: 케논에스플라스타(Kenon-S Plaster), 케토플라스트패취(Ketoplast Patch), 케토밴드(Ketoband), 케토티디디에스 플라스타( Keto-TDDS Plaster), 케토덤플라스타(Ketoderm Plaster)",20070201,200701444,[M051464]케토프로펜/[M051464]케토프로펜/[M051464]케토프로펜/[M051464]케토프로펜/[M051464]케토프로펜/[M051464]케토프로펜,[M051464]케토프로펜/[M051464]케토프로펜/[M051464]케토프로펜/[M051464]케토프로펜/[M051464]케토프로펜/[M051464]케토프로펜,단일,20210715,,,노인주의
20240215,무색투명의 점착성물질을 살구색린트포에 도포하여 고체면에 박리지를 덮은 첩부제,02640,진통.진양.수렴.소염제,경남제약(주),일반의약품,지지체가있는첩부제,D000705,Flurbiprofen,Flurbiprofen(플루르비프로펜),플루르비프로펜,파워스탑플라스타(플루르비프로펜),20070528,200706027,[M089049]플루르비프로펜,[M089049]플루르비프로펜,단일,20210715,,,노인주의
20080411,흰색의 원형 필름코팅 정제,01140,해열.진통.소염제,한국유니온제약(주),일반의약품,필름코팅정,D000230,Mefenamic acid,Mefenamic acid(메페남산),메페남산,유니온메페남산정500mg(수출용),20070528,200706037,[M100591]메페남산,[M100591]메페남산,단일,20210715,,,노인주의
20240215,이 약은 무색 투명 또는 반투명의 점착성 물질을 지지체에 도포하고 고체면에 고체피복물을 덮은 첩부제이다,02640,진통.진양.수렴.소염제,아이큐어(주),일반의약품,지지체가있는첩부제,D000705,Flurbiprofen,Flurbiprofen(플루르비프로펜),플루르비프로펜,"플럭스플라스타(플루르비프로펜, 수출명:플럭스(Flux), 플루펜(Flufen), 더마펜(Dermafen),플루르비덤( Flurbiderm), 렉스펜(Rexfen), 아티펜(Artifen))",20070601,200706340,[M089049]플루르비프로펜/[M089049]플루르비프로펜/[M089049]플루르비프로펜/[M089049]플루르비프로펜/[M089049]플루르비프로펜/[M089049]플루르비프로펜/[M089049]플루르비프로펜/[M089049]플루르비프로펜/[M089049]플루르비프로펜/[M089049]플루르비프로펜/[M089049]플루르비프로펜/[M089049]플루르비프로펜/[M089049]플루르비프로펜/[M089049]플루르비프로펜/[M089049]플루르비프로펜/[M089049]플루르비프로펜/[M089049]플루르비프로펜/[M089049]플루르비프로펜/[M089049]플루르비프로펜/[M089049]플루르비프로펜/[M089049]플루르비프로펜/[M089049]플루르비프로펜/[M089049]플루르비프로펜/[M089049]플루르비프로펜/[M089049]플루르비프로펜/[M089049]플루르비프로펜/[M089049]플루르비프로펜/[M089049]플루르비프로펜,[M089049]플루르비프로펜/[M089049]플루르비프로펜/[M089049]플루르비프로펜/[M089049]플루르비프로펜/[M089049]플루르비프로펜/[M089049]플루르비프로펜/[M089049]플루르비프로펜/[M089049]플루르비프로펜/[M089049]플루르비프로펜/[M089049]플루르비프로펜/[M089049]플루르비프로펜/[M089049]플루르비프로펜/[M089049]플루르비프로펜/[M089049]플루르비프로펜/[M089049]플루르비프로펜/[M089049]플루르비프로펜/[M089049]플루르비프로펜/[M089049]플루르비프로펜/[M089049]플루르비프로펜/[M089049]플루르비프로펜/[M089049]플루르비프로펜/[M089049]플루르비프로펜/[M089049]플루르비프로펜/[M089049]플루르비프로펜/[M089049]플루르비프로펜/[M089049]플루르비프로펜/[M089049]플루르비프로펜/[M089049]플루르비프로펜,단일,20210715,,,노인주의
20200109,무색투명의 점착성물질을 린트포에 도포하여 고체면에 박리지를 덮은 첩부제,02640,진통.진양.수렴.소염제,(주)텔콘알에프제약,일반의약품,지지체가있는첩부제,D000672,Ketoprofen,Ketoprofen(케토프로펜),케토프로펜,케토진첩부제(케토프로펜),20070801,200708955,[M051464]케토프로펜,[M051464]케토프로펜,단일,20210715,,,노인주의
20190115,무색 투명 또는 반투명의 점착성 물질을 연주황색 부직포에 도포하여 고체면에 고체피복물을 덮은 첩부제이다. 19.0cm×11.8cm : 무색 투명 또는 반투명의 점착성 물질을 연주황색 부직포에 도포하고 고체면에 고체피복물을 덮은 중앙이 빈 다이아몬드 모양의 첩부제이다.,02640,진통.진양.수렴.소염제,아이큐어(주),일반의약품,지지체가있는첩부제,D000672,Ketoprofen,Ketoprofen(케토프로펜),케토프로펜,"케논엘플라스타(케토프로펜)[수출명:케논-엘(Kenon-L),케토덤-엘(Ketoderm-L),케노덤(Kenoderm),페노덤(Fenoderm),케이트란스(Ketrans),케토플라스트-엘(Ketoplast-L)]",20070810,200709423,[M051464]케토프로펜/[M051464]케토프로펜/[M051464]케토프로펜/[M051464]케토프로펜/[M051464]케토프로펜/[M051464]케토프로펜/[M051464]케토프로펜/[M051464]케토프로펜/[M051464]케토프로펜/[M051464]케토프로펜/[M051464]케토프로펜/[M051464]케토프로펜,[M051464]케토프로펜/[M051464]케토프로펜/[M051464]케토프로펜/[M051464]케토프로펜/[M051464]케토프로펜/[M051464]케토프로펜/[M051464]케토프로펜/[M051464]케토프로펜/[M051464]케토프로펜/[M051464]케토프로펜/[M051464]케토프로펜/[M051464]케토프로펜,단일,20210715,,,노인주의
20220331,흰색 또는 반투명한 흰색의 점착성의 고체를 지지체 위에 도포하고 부직점착테이프를 고정 시킨 후 피복체를 덮은 카타플라스마제,02640,진통.진양.수렴.소염제,일양약품(주),일반의약품,카타플라스마제,D000525,Loxoprofen,Loxoprofen(록소프로펜),록소프로펜,록소케어카타플라스마(록소프로펜나트륨),20070824,200709834,[M222839]록소프로펜나트륨수화물,[M222839]록소프로펜나트륨수화물,단일,20210715,,,노인주의
20200812,무색 투명 또는 반투명의 점착성 물질을 연주황색 부직포에 도포하여 고체면에 고체피복물을 덮은 첩부제,02640,진통.진양.수렴.소염제,(주)종근당,일반의약품,지지체가있는첩부제,D000672,Ketoprofen,Ketoprofen(케토프로펜),케토프로펜,케펨플라스타(케토프로펜),20070829,200709963,[M051464]케토프로펜/[M051464]케토프로펜,[M051464]케토프로펜/[M051464]케토프로펜,단일,20210715,,,노인주의
20200319,· 9cm x 13cm : 연한 분홍색 또는 분홍색의 점착성 고체를 부직포 위에 도포하고 뒷면에 밀착포를 부착한 특유한 향기를 가진 카타플라스마제,02640,진통.진양.수렴.소염제,일동제약(주),일반의약품,카타플라스마제,D000672,Ketoprofen,Ketoprofen(케토프로펜),케토프로펜,"케노펜쿨링카타플라스마
(케토프로펜)",20071005,200711079,[M051464]케토프로펜,[M051464]케토프로펜,단일,20210715,,,노인주의
20200113,"(내수용) 9cm×13cm, 8cm×12cm : 분홍색 및 연한 분홍색의 점착성 고체를 부직포 위에 도포하고 뒷면에 밀착포를 부착한 특유한 향기를 가진 카타플라스마제. (수출용) 10 cm × 14 cm : 무색 투명한 점착성 고체를 린트포 위에 도포하고 특유한 향기를 가진 카타플라스마제.",02640,진통.진양.수렴.소염제,대화제약(주),일반의약품,카타플라스마제,D000525,Loxoprofen,Loxoprofen(록소프로펜),록소프로펜,"록소나카타플라스마(록소프로펜나트륨수화물)
",20070824,200709833,[M222839]록소프로펜나트륨수화물/[M222839]록소프로펜나트륨수화물/[M222839]록소프로펜나트륨수화물,[M222839]록소프로펜나트륨수화물/[M222839]록소프로펜나트륨수화물/[M222839]록소프로펜나트륨수화물,단일,20210715,,,노인주의
20130530,무색 내지 연한 노란색을 띠는 맑은 액이 흰색 불투명한 플라스틱 용기에 든 점안제,01310,안과용제,한미약품(주),전문의약품,점안용액제,D001289,Ketorolac,Ketorolac(케토롤락),케토롤락,키톨락점안액0.5%(케토롤락트로메타민염),20071204,200713001,[M222885]케토롤락트로메타민염,[M222885]케토롤락트로메타민염,단일,20210715,,,노인주의
20191101,무색투명한 용액이 든 갈색투명한 앰플제,01140,해열.진통.소염제,대한약품공업(주),전문의약품,용액주사제,D000672,Ketoprofen,Ketoprofen(케토프로펜),케토프로펜,대한케토프로펜주사액(케토프로펜)(수출용)(수출명:KERONBE Inj.),20071231,200713899,[M051464]케토프로펜,[M051464]케토프로펜,단일,20210715,,,노인주의
20240522,엷은 황색의 투명한 액체가 충전된 갈색 앰플제,01140,해열.진통.소염제,대한약품공업(주),전문의약품,용액주사제,D001289,Ketorolac,Ketorolac(케토롤락),케토롤락,대한케토롤락트로메타민주,20080219,200801933,[M222885]케토롤락트로메타민염,[M222885]케토롤락트로메타민염,단일,20210715,,,노인주의
20180104,연한 분홍색 또는 분홍색의 점착성 고체를 부직포 위에 도포하고 뒷면에 밀착포를 부착한 특유한 향기를 가진 카타플라스마제,02640,진통.진양.수렴.소염제,(주)보령,일반의약품,카타플라스마제,D000672,Ketoprofen,Ketoprofen(케토프로펜),케토프로펜,맨담케토쿨카타플라스마(케토프로펜),20080227,200802243,[M051464]케토프로펜,[M051464]케토프로펜,단일,20210715,,,노인주의
20240215,무색투명의 점착성물질을 살색 린트포에 도포(바르다)하여 고체면에 박리(벗겨내기/벗겨짐)지를 엎은 첩부제,02640,진통.진양.수렴.소염제,(주)경보제약,일반의약품,지지체가있는첩부제,D000705,Flurbiprofen,Flurbiprofen(플루르비프로펜),플루르비프로펜,플라펜플라스타(플루르비프로펜),20080227,200802250,[M089049]플루르비프로펜,[M089049]플루르비프로펜,단일,20210715,,,노인주의
20110620,연한 분홍색 또는 분홍색의 점착성 고체를 부직포 위에 도포하고(바르고) 뒷면에 밀착포를 부착한 특유한 향기를 가진 카타플라스마제,02640,진통.진양.수렴.소염제,제일헬스사이언스(주),일반의약품,카타플라스마제,D000672,Ketoprofen,Ketoprofen(케토프로펜),케토프로펜,제일파프케이카타플라스마(케토프로펜),20080331,200803538,[M051464]케토프로펜,[M051464]케토프로펜,단일,20210715,,,노인주의
20240913,황색 내지 미황색 가루가 들어있는 상.하부 담녹색의 경질캡슐,01140,해열.진통.소염제,한국유니온제약(주),전문의약품,"경질캡슐제, 산제",D000427,Meloxicam,Meloxicam(멜록시캄),멜록시캄,뉴록캄캡슐(멜록시캄)(수출용),20080401,200803581,[M086439]멜록시캄,[M086439]멜록시캄,단일,20210715,,,노인주의
20240215,무색투명의 점착성물질을 살색 린트포에 도포하여 고체면에 박리지를 덮은 첩부제,02640,진통.진양.수렴.소염제,코스맥스파마(주),일반의약품,지지체가있는첩부제,D000705,Flurbiprofen,Flurbiprofen(플루르비프로펜),플루르비프로펜,키페낙에스첩부제(플루르비프로펜),20080507,200805218,[M089049]플루르비프로펜,[M089049]플루르비프로펜,단일,20210715,,,노인주의
20180917,"N, H Type: 무색내지 담황색의 점착성 물질을 지지체에 도포하고 고체면에 고체피복물을 덮은 첩부제이다.C, C&H Type: 무색내지 담황색의 특이한 냄새가 있는 점착성 물질을 지지체에 도포하고 고체면에 고체피복물을 덮은 첩부제이다.19.0 x 11.8 cm: 무색내지 담황색의 특이한 냄새가 있는 점착성 물질을 지지체에 도포하고 고체면에 고체피복물을 덮은 중앙이 빈 다이아몬드 모양의 첩부제이다.",02640,진통.진양.수렴.소염제,아이큐어(주),일반의약품,지지체가있는첩부제,D000525,Loxoprofen,Loxoprofen(록소프로펜),록소프로펜,록센플라스타(록소프로펜나트륨수화물)(수출명: Loxen Plaster),20080609,200806356,,,단일,20210715,,,노인주의
20240715,주황색의 원형필름코팅정제,01140,해열.진통.소염제,한국코러스(주),전문의약품,필름코팅정,D000363,Ibuprofen,Ibuprofen(이부프로펜),이부프로펜,스로펜정400mg(이부프로펜)(수출용),20080618,200806694,[M051259]이부프로펜,[M051259]이부프로펜,단일,20210715,,,노인주의
20100530,무색투명한 겔제,02640,진통.진양.수렴.소염제,(주)씨엠지제약,일반의약품,피부용겔제,D000672,Ketoprofen,Ketoprofen(케토프로펜),케토프로펜,아마프로겔3%(케토프로펜),20080630,200807239,[M051464]케토프로펜,[M051464]케토프로펜,단일,20210715,,,노인주의
20220331,이 약은 무색 또는 담황색의 점착성의 고체를 부직포 위에 도포하고 부직점착테이프를 고정시킨 후 박리지를 덮은 카타플라스마제이다,02640,진통.진양.수렴.소염제,제이더블유중외제약(주),일반의약품,카타플라스마제,D000672,Ketoprofen,Ketoprofen(케토프로펜),케토프로펜,노펜스트롱카타플라스마(케토프로펜),20080801,200808304,[M051464]케토프로펜,[M051464]케토프로펜,단일,20210715,,,노인주의
20240913,"노란색 가루가 든 상,하 밝은 초록색 캡슐",01140,해열.진통.소염제,한국베링거인겔하임(주),전문의약품,"경질캡슐제, 산제",D000427,Meloxicam,Meloxicam(멜록시캄),멜록시캄,모빅캡슐7.5밀리그램(멜록시캄),20090128,200900844,[M086439]멜록시캄,[M086439]멜록시캄,단일,20210715,,,노인주의
20240913,"노란색 가루가 든 상부 밝은 초록색, 하부 노란색 캡슐",01140,해열.진통.소염제,한국베링거인겔하임(주),전문의약품,"경질캡슐제, 산제",D000427,Meloxicam,Meloxicam(멜록시캄),멜록시캄,모빅캡슐15밀리그램(멜록시캄),20090128,200900845,[M086439]멜록시캄,[M086439]멜록시캄,단일,20210715,,,노인주의
20220331,제1형: 흰색 또는 반투명한 흰색의 점착성의 고체를 지지체 위에 도포한 특유한 향기를 가진 카타플라스마제제2형: 검정색의 점착성의 고체를 지지체 위에 도포하고 부직점착테이프를 고정시킨 후 피복체를 덮은 카타플라스마제제3형: 흰색 또는 반투명한 흰색의 점착성의 고체를 지지체 위에 도포하고 부직점착테이프를 고정 시킨 후 피복체를 덮은 카타플라스마제,02640,진통.진양.수렴.소염제,(주)티디에스팜,일반의약품,카타플라스마제,D000525,Loxoprofen,Loxoprofen(록소프로펜),록소프로펜,록펜텍카타플라스마(록소프로펜나트륨수화물),20080910,200809417,[M222839]록소프로펜나트륨수화물/[M222839]록소프로펜나트륨수화물/[M222839]록소프로펜나트륨수화물,[M222839]록소프로펜나트륨수화물/[M222839]록소프로펜나트륨수화물/[M222839]록소프로펜나트륨수화물,단일,20210715,,,노인주의
20200120,(내수용) 7cm×10cm : 엷은 노란색의 점착성물질을 살구색 린트포에 도포하여 고체면에 피복체를 덮은 첩부제10cm×14cm : 엷은 노란색의 점착성물질을 살구색 린트포에 도포하여 고체면에  피복체를 덮은 첩부제 (수출용) 7cm×10cm : 엷은 노란색의 점착성물질을 살구색 린트포에 도포하여 고체면에 피복체를 덮은 첩부제,02640,진통.진양.수렴.소염제,대화제약(주),일반의약품,지지체가있는첩부제,D000525,Loxoprofen,Loxoprofen(록소프로펜),록소프로펜,록소나첩부제(록소프로펜나트륨수화물),20081209,200811495,[M222839]록소프로펜나트륨수화물/[M222839]록소프로펜나트륨수화물/[M222839]록소프로펜나트륨수화물/[M222839]록소프로펜나트륨수화물/[M222839]록소프로펜나트륨수화물,[M222839]록소프로펜나트륨수화물/[M222839]록소프로펜나트륨수화물/[M222839]록소프로펜나트륨수화물/[M222839]록소프로펜나트륨수화물/[M222839]록소프로펜나트륨수화물,단일,20210715,,,노인주의
20251010,주황색의 장방형 필름코팅정,01140,해열.진통.소염제,한솔신약(주),일반의약품,필름코팅정,D000363,Ibuprofen,Ibuprofen(이부프로펜),이부프로펜,아이비에프정(이부프로펜),20090209,200901147,[M051259]이부프로펜,[M051259]이부프로펜,단일,20210715,,,노인주의
20251010,처방1: 흰색 내지 연한 노란색의 오렌지향 액이 플라스틱 병에 든 현탁성 시럽제처방2: 흰색 내지 연한 노란색의 감귤향 액이 알루미늄 호일 파우치에 든 현탁성 시럽제,01140,해열.진통.소염제,맥널티제약(주),일반의약품,액상시럽제,D000363,Ibuprofen,Ibuprofen(이부프로펜),이부프로펜,"맥펜시럽(이부프로펜)(새콤한오렌지맛,감귤향)",20090225,200901517,[M051259]이부프로펜/[M051259]이부프로펜,[M051259]이부프로펜/[M051259]이부프로펜,단일,20210715,,,노인주의
20251010,오렌지향이 있는 흰색내지 미황색의 시럽제,01140,해열.진통.소염제,주식회사제뉴원사이언스,일반의약품,액상시럽제,D000363,Ibuprofen,Ibuprofen(이부프로펜),이부프로펜,제뉴원이부펜시럽(이부프로펜),20090316,200901979,[M051259]이부프로펜/[M051259]이부프로펜,[M051259]이부프로펜/[M051259]이부프로펜,단일,20210715,,,노인주의
20240215,연한 분홍색 또는 분홍색의 점착성 고체를 부직포 위에 도포하고 뒷면에 밀착포를 부착한 특유한 향기를 가진 카타플라스마제,02640,진통.진양.수렴.소염제,경남제약(주),일반의약품,카타플라스마제,D000705,Flurbiprofen,Flurbiprofen(플루르비프로펜),플루르비프로펜,파워스탑플러스카타플라스마(플루르비프로펜),20090529,200903840,[M089049]플루르비프로펜,[M089049]플루르비프로펜,단일,20210715,,,노인주의
20240215,이 약은 무색투명한 점착성 물질을 지지체에 도포하고(바르고) 고체면에 박리지를 덮은 첩부제이다,02640,진통.진양.수렴.소염제,(주)티디에스팜,일반의약품,지지체가있는첩부제,D000705,Flurbiprofen,Flurbiprofen(플루르비프로펜),플루르비프로펜,루페인플라스타(플루르비프로펜),20090709,200905103,[M089049]플루르비프로펜/[M089049]플루르비프로펜/[M089049]플루르비프로펜,[M089049]플루르비프로펜/[M089049]플루르비프로펜/[M089049]플루르비프로펜,단일,20210715,,,노인주의
20171011,이 약은 연한 노란색 또는 무색의 약액을 고체피복물상에 도포하고 부직포를 덮은 카타플라스마제이다.,02640,진통.진양.수렴.소염제,아이큐어(주),일반의약품,카타플라스마제,D000525,Loxoprofen,Loxoprofen(록소프로펜),록소프로펜,록센씬젤카타플라스마(록소프로펜나트륨수화물),20090813,200906275,[M222839]록소프로펜나트륨수화물/[M222839]록소프로펜나트륨수화물/[M222839]록소프로펜나트륨수화물/[M222839]록소프로펜나트륨수화물/[M222839]록소프로펜나트륨수화물/[M222839]록소프로펜나트륨수화물/[M222839]록소프로펜나트륨수화물/[M222839]록소프로펜나트륨수화물/[M222839]록소프로펜나트륨수화물/[M222839]록소프로펜나트륨수화물,[M222839]록소프로펜나트륨수화물/[M222839]록소프로펜나트륨수화물/[M222839]록소프로펜나트륨수화물/[M222839]록소프로펜나트륨수화물/[M222839]록소프로펜나트륨수화물/[M222839]록소프로펜나트륨수화물/[M222839]록소프로펜나트륨수화물/[M222839]록소프로펜나트륨수화물/[M222839]록소프로펜나트륨수화물/[M222839]록소프로펜나트륨수화물,단일,20210715,,,노인주의
20120419,흰색의 원형필름코팅정제,01140,해열.진통.소염제,한국코러스(주),전문의약품,필름코팅정,D001289,Ketorolac,Ketorolac(케토롤락),케토롤락,케롤민정(케토롤락트로메타민)(수출용)(수출명:①Ketorolac-Asteria Tab. ②Kerolmin Tab.),20100507,201003391,[M084703]케토롤락트로메타민,[M084703]케토롤락트로메타민,단일,20210715,,,노인주의
20171011,분홍색 및 연한 분홍색의 점착성 고체를 부직포 위에 도포하고 뒷면에 밀착포를 부착한 특유한 향기를 가진 카타플라스마제,02640,진통.진양.수렴.소염제,일동제약(주),일반의약품,카타플라스마제,D000525,Loxoprofen,Loxoprofen(록소프로펜),록소프로펜,레녹스카타플라스마(록소프로펜나트륨수화물),20100511,201003453,[M222839]록소프로펜나트륨수화물,[M222839]록소프로펜나트륨수화물,단일,20210715,,,노인주의
20240913,"[내수용] 미황색의 내용물이 충진된 상,하부 녹색의 경질캡슐제[수출용] 황색 내지 미황색 가루가 들어있는 상.하부 담녹색의 경질캡슐",01140,해열.진통.소염제,(주)휴온스생명과학,전문의약품,"경질캡슐제, 산제",D000427,Meloxicam,Meloxicam(멜록시캄),멜록시캄,멜록신캡슐(멜록시캄),20100708,201004440,[M086439]멜록시캄/[M086439]멜록시캄,[M086439]멜록시캄/[M086439]멜록시캄,단일,20210715,,,노인주의
20240522,스트렙실허니앤레몬트로키(플루르비프로펜) : 꿀과 레몬 향이 나는 ⓢ가 양면에 음각되어 있는 연한 노란색 또는 황갈색의 원형 트로키스트렙실오렌지트로키(플루르비프로펜) : 오렌지향이 나는 ⓢ가 양면에 음각되어 있는 흰색 또는 옅은 노란색의 원형 트로키,02310,치과구강용약,(유)옥시레킷벤키저,일반의약품,트로키제,D000705,Flurbiprofen,Flurbiprofen(플루르비프로펜),플루르비프로펜,"스트렙실허니앤레몬트로키(플루르비프로펜), 스트렙실오렌지트로키(플루르비프로펜)",20090911,200906877,[M089049]플루르비프로펜/[M089049]플루르비프로펜,[M089049]플루르비프로펜/[M089049]플루르비프로펜,단일,20210715,,,노인주의
20251010,무색 내지 엷은 청색의 액상 내용물이 든 청색의 투명한 타원형 연질캡슐,01140,해열.진통.소염제,(주)알피바이오,일반의약품,"연질캡슐제, 액상",D000363,Ibuprofen,Ibuprofen(이부프로펜),이부프로펜,디큐펜프로연질캡슐(이부프로펜),20100930,201005773,[M051259]이부프로펜,[M051259]이부프로펜,단일,20210715,,,노인주의
20240215,9cm x 13cm : 연한 분홍색 또는 분홍색의 점착성 고체를 부직포 위에 도포하고(바르고) 뒷면에 밀착포를 부착한 특유한 향기를 가진 카타플라스마제,02640,진통.진양.수렴.소염제,(주)유한양행,일반의약품,카타플라스마제,D000705,Flurbiprofen,Flurbiprofen(플루르비프로펜),플루르비프로펜,안티푸라민파프카타플라스마(플루르비프로펜),20101112,201006814,[M089049]플루르비프로펜,[M089049]플루르비프로펜,단일,20210715,,,노인주의
20240715,주황색의 원형 필름코팅정,01140,해열.진통.소염제,(주)다산제약,일반의약품,필름코팅정,D000363,Ibuprofen,Ibuprofen(이부프로펜),이부프로펜,다우펜정(수출용)(수출명 : DAUFEN tablet),20101214,201007481,[M051259]이부프로펜,[M051259]이부프로펜,단일,20210715,,,노인주의
20130806,엷은 황색의 투명한 액이 든 갈색투명한 앰플주사제,01140,해열.진통.소염제,(주)제일제약,전문의약품,용액주사제,D001289,Ketorolac,Ketorolac(케토롤락),케토롤락,케톨락주(케토롤락트로메타민)(수출용),20110113,201100186,[M084703]케토롤락트로메타민,[M084703]케토롤락트로메타민,단일,20210715,,,노인주의
20260210,무색투명한 유리바이알에 들어있는 무색 또는 엷은황색의 투명한 주사액,01140,해열.진통.소염제,(주)한국디비팜,전문의약품,용액주사제,D000363,Ibuprofen,Ibuprofen(이부프로펜),이부프로펜,칼도롤주사액(이부프로펜),20110131,201100501,[M051259]이부프로펜,[M051259]이부프로펜,단일,20210715,,,노인주의
20230430,연한 노란색의 원형 장용성 유핵정,01140,해열.진통.소염제,신풍제약(주),전문의약품,서방성필름코팅정,D000525,Loxoprofen,Loxoprofen(록소프로펜),록소프로펜,록스펜씨알정(록소프로펜나트륨),20110318,201101493,[M222839]록소프로펜나트륨수화물/[M222839]록소프로펜나트륨수화물,[M222839]록소프로펜나트륨수화물/[M222839]록소프로펜나트륨수화물,단일,20210715,,,노인주의
20190314,무색 또는 미황색을 띄는 맑은 액이 투명한 플라스틱 용기에 든 점안액,01310,안과용제,한국애브비(주),전문의약품,점안용액제,D001289,Ketorolac,Ketorolac(케토롤락),케토롤락,아큐베일점안액0.45%(케토롤락트로메타민염)(1회용),20110405,201101934,[M222885]케토롤락트로메타민염,[M222885]케토롤락트로메타민염,단일,20210715,,,노인주의
20251010,무색 내지 엷은 청색의 액상 내용물이 든 청색의 투명한 타원형 연질캡슐,01140,해열.진통.소염제,한솔신약(주),일반의약품,"연질캡슐제, 액상",D000363,Ibuprofen,Ibuprofen(이부프로펜),이부프로펜,한솔이부프로펜연질캡슐,20110523,201103366,[M051259]이부프로펜,[M051259]이부프로펜,단일,20210715,,,노인주의
20251010,[내수용] 무색 내지 엷은 청색의 액상 내용물이 든 청색의 투명한 타원형 연질캡슐[수출용] 무색 내지 엷은 청색의 액상 내용물이 든 청색의 투명한 장방형 연질캡슐,01140,해열.진통.소염제,(주)알피바이오,일반의약품,"연질캡슐제, 액상",D000363,Ibuprofen,Ibuprofen(이부프로펜),이부프로펜,미그펜400연질캡슐(이부프로펜),20110531,201103627,[M051259]이부프로펜/[M051259]이부프로펜,[M051259]이부프로펜/[M051259]이부프로펜,단일,20210715,,,노인주의
20251010,무색 투명한 액이 든 연한 노란색의 투명한 장방형 연질캡슐,01140,해열.진통.소염제,광동제약(주),일반의약품,"연질캡슐제, 액상",D000363,Ibuprofen,Ibuprofen(이부프로펜),이부프로펜,스피딕400연질캡슐(이부프로펜),20110531,201103628,[M051259]이부프로펜,[M051259]이부프로펜,단일,20210715,,,노인주의
20190326,무색 내지 미황색 액이 무색투명한 유리앰플에 든 주사제,02190,기타의 순환계용약,(주)삼오제약,전문의약품,용액주사제,D000363,Ibuprofen,Ibuprofen(이부프로펜),이부프로펜,페데아주(이부프로펜),20110622,201103928,[M051259]이부프로펜,[M051259]이부프로펜,단일,20210715,,,노인주의
20251010,흰색의 가루가 들어있는 상부 암청색 하부 황색의 경질캡슐제,01140,해열.진통.소염제,(주)한국피엠지제약,전문의약품,"경질캡슐제, 산제",D000575,Indometacin,Indometacin(인도메타신),인도메타신,인도메타캡슐(인도메타신),20110802,201104878,[M040508]인도메타신,[M040508]인도메타신,단일,20210715,,,노인주의
20251010,무색 내지 엷은 청색의 액상 내용물이 든 청색의 투명한 타원형 연질캡슐,01140,해열.진통.소염제,제이더블유중외제약(주),일반의약품,"연질캡슐제, 액상",D000363,Ibuprofen,Ibuprofen(이부프로펜),이부프로펜,브레핀에스연질캡슐(이부프로펜),20110804,201105016,[M051259]이부프로펜,[M051259]이부프로펜,단일,20210715,,,노인주의
20251010,무색 내지 미색의 투명한 내용물을 함유한 투명한 타원형 연질캡슐,01140,해열.진통.소염제,동화약품(주),일반의약품,"연질캡슐제, 액상",D000363,Ibuprofen,Ibuprofen(이부프로펜),이부프로펜,트리스펜연질캡슐(이부프로펜),20111118,201110120,[M051259]이부프로펜,[M051259]이부프로펜,단일,20210715,,,노인주의
20240215,무색투명한 점착성 물질을 지지체에 도포하고(바르고) 고체면에 박리(벗겨내기)지를 덮은 라벤더 특유의 향을 가진 첩부제,02640,진통.진양.수렴.소염제,(주)유한양행,일반의약품,지지체가있는첩부제,D000705,Flurbiprofen,Flurbiprofen(플루르비프로펜),플루르비프로펜,안티푸라민허브향플라스타(플루르비프로펜),20111125,201110394,[M089049]플루르비프로펜,[M089049]플루르비프로펜,단일,20210715,,,노인주의
20240913,연한 노란색의 분말이 들어있는 상하부 연한 녹색의 경질캡슐제,01140,해열.진통.소염제,한미약품(주),전문의약품,"경질캡슐제, 산제",D000427,Meloxicam,Meloxicam(멜록시캄),멜록시캄,메록스캄캡슐7.5밀리그램(멜록시캄),20111130,201110513,[M086439]멜록시캄,[M086439]멜록시캄,단일,20210715,,,노인주의
20240215,이 약은 무색 투명 또는 반투명의 점착성 물질을 지지체에 도포하고 고체면에 고체피복물을 덮은 첩부제이다.,02640,진통.진양.수렴.소염제,명문제약(주),일반의약품,지지체가있는첩부제,D000705,Flurbiprofen,Flurbiprofen(플루르비프로펜),플루르비프로펜,케이팜플라스타(플루르비프로펜),20120412,201202810,[M089049]플루르비프로펜,[M089049]플루르비프로펜,단일,20210715,,,노인주의
20240913,"미황색 가루가 든 상부 담녹색, 하부 황색 경질캡슐제",01140,해열.진통.소염제,삼익제약(주),전문의약품,"경질캡슐제, 산제",D000427,Meloxicam,Meloxicam(멜록시캄),멜록시캄,아모리아캡슐15mg(멜록시캄)(수출용),20120430,201203624,[M086439]멜록시캄,[M086439]멜록시캄,단일,20210715,,,노인주의
20230430,흰색 내지 미백색의 원형 정제,01140,해열.진통.소염제,(주)한국파마,전문의약품,나정,D000525,Loxoprofen,Loxoprofen(록소프로펜),록소프로펜,리록스정(록소프로펜나트륨수화물),20120523,201205038,[M222839]록소프로펜나트륨수화물,[M222839]록소프로펜나트륨수화물,단일,20210715,,,노인주의
20230430,흰색의 원형 정제,01140,해열.진통.소염제,한국유나이티드제약(주),전문의약품,나정,D000525,Loxoprofen,Loxoprofen(록소프로펜),록소프로펜,록스핀정(록소프로펜나트륨수화물),20120622,201205832,[M222839]록소프로펜나트륨수화물,[M222839]록소프로펜나트륨수화물,단일,20210715,,,노인주의
20230430,백색의 원형 정제,01140,해열.진통.소염제,환인제약(주),전문의약품,나정,D000525,Loxoprofen,Loxoprofen(록소프로펜),록소프로펜,로펜탁정60밀리그램(록소프로펜나트륨수화물),20120720,201206201,[M222839]록소프로펜나트륨수화물,[M222839]록소프로펜나트륨수화물,단일,20210715,,,노인주의
20230430,흰색의 원형 정제,01140,해열.진통.소염제,아주약품(주),전문의약품,나정,D000525,Loxoprofen,Loxoprofen(록소프로펜),록소프로펜,아주록손정(록소프로펜나트륨수화물),20120817,201206489,[M222839]록소프로펜나트륨수화물,[M222839]록소프로펜나트륨수화물,단일,20210715,,,노인주의
20240913,연한 노란색 가루가 든 상·하 연한 녹색의 경질 캡슐제,01140,해열.진통.소염제,삼일제약(주),전문의약품,"경질캡슐제, 산제",D000427,Meloxicam,Meloxicam(멜록시캄),멜록시캄,멜로덱스캡슐7.5밀리그램(멜록시캄),20120911,201206751,[M086439]멜록시캄,[M086439]멜록시캄,단일,20210715,,,노인주의
20230430,흰색의 원형 정제,01140,해열.진통.소염제,(주)동구바이오제약,전문의약품,나정,D000525,Loxoprofen,Loxoprofen(록소프로펜),록소프로펜,록소리스정(록소프로펜나트륨수화물),20120912,201206759,[M222839]록소프로펜나트륨수화물,[M222839]록소프로펜나트륨수화물,단일,20210715,,,노인주의
20230430,흰색의 원형 정제,01140,해열.진통.소염제,제이더블유신약(주),전문의약품,나정,D000525,Loxoprofen,Loxoprofen(록소프로펜),록소프로펜,록프로펜정(록소프로펜나트륨수화물),20120912,201206760,[M222839]록소프로펜나트륨수화물,[M222839]록소프로펜나트륨수화물,단일,20210715,,,노인주의
20230430,담홍색의 원형 정제,01140,해열.진통.소염제,(주)한국피엠지제약,전문의약품,나정,D000525,Loxoprofen,Loxoprofen(록소프로펜),록소프로펜,피엠지록소프로펜정(록소프로펜나트륨수화물),20120919,201206859,[M222839]록소프로펜나트륨수화물,[M222839]록소프로펜나트륨수화물,단일,20210715,,,노인주의
20240913,"미황색 가루가 든 상부 담녹색, 하부 황색 캡슐제",01140,해열.진통.소염제,동국제약(주),전문의약품,"경질캡슐제, 산제",D000427,Meloxicam,Meloxicam(멜록시캄),멜록시캄,멜시빅캡슐15밀리그램(멜록시캄),20120921,201206870,[M086439]멜록시캄,[M086439]멜록시캄,단일,20210715,,,노인주의
20230430,담홍색의 원형정제,01140,해열.진통.소염제,광동제약(주),전문의약품,나정,D000525,Loxoprofen,Loxoprofen(록소프로펜),록소프로펜,광동록소프로펜나트륨수화물정,20121130,201208997,[M222839]록소프로펜나트륨수화물,[M222839]록소프로펜나트륨수화물,단일,20210715,,,노인주의
20230430,흰색의 원형 정제,01140,해열.진통.소염제,미래바이오제약(주),전문의약품,나정,D000525,Loxoprofen,Loxoprofen(록소프로펜),록소프로펜,무쏘펜정(록소프로펜나트륨수화물),20130102,201300016,[M222839]록소프로펜나트륨수화물,[M222839]록소프로펜나트륨수화물,단일,20210715,,,노인주의
20230430,흰색의 원형 정제,01140,해열.진통.소염제,이연제약(주),전문의약품,나정,D000525,Loxoprofen,Loxoprofen(록소프로펜),록소프로펜,이록펜정(록소프로펜나트륨),20130130,201302680,[M085577]록소프로펜나트륨,[M085577]록소프로펜나트륨,단일,20210715,,,노인주의
20230430,담홍색의 원형 정제,01140,해열.진통.소염제,(주)경보제약,전문의약품,나정,D000525,Loxoprofen,Loxoprofen(록소프로펜),록소프로펜,경보록소프로펜나트륨수화물정,20130221,201305793,[M222839]록소프로펜나트륨수화물,[M222839]록소프로펜나트륨수화물,단일,20210715,,,노인주의
20230430,흰색 내지 미황색의 원형 정제,01140,해열.진통.소염제,(주)일화,전문의약품,나정,D000525,Loxoprofen,Loxoprofen(록소프로펜),록소프로펜,록스로펜정(록소프로펜나트륨수화물),20130322,201306407,[M222839]록소프로펜나트륨수화물,[M222839]록소프로펜나트륨수화물,단일,20210715,,,노인주의
20240215,연한 분홍색 또는 분홍색의 점착성 고체를 부직포 위에 도포하고 뒷면에 밀착포를 부착한 특유한 향기를 가진 카타플라스마제,02640,진통.진양.수렴.소염제,영진약품(주),일반의약품,카타플라스마제,D000705,Flurbiprofen,Flurbiprofen(플루르비프로펜),플루르비프로펜,플러비카타플라스마(플루르비프로펜),20130322,201306423,[M089049]플루르비프로펜,[M089049]플루르비프로펜,단일,20210715,,,노인주의
20230430,흰색의 원형 정제,01140,해열.진통.소염제,삼성제약(주),전문의약품,나정,D000525,Loxoprofen,Loxoprofen(록소프로펜),록소프로펜,"삼성록소프로펜나트륨정(록소프로펜나트륨수화물)
",20130418,201306984,[M222839]록소프로펜나트륨수화물,[M222839]록소프로펜나트륨수화물,단일,20210715,,,노인주의
20230430,담홍색의 원형 정제,01140,해열.진통.소염제,에스피씨(주),전문의약품,나정,D000525,Loxoprofen,Loxoprofen(록소프로펜),록소프로펜,알로펜정(록소프로펜나트륨수화물),20130426,201307082,[M222839]록소프로펜나트륨수화물,[M222839]록소프로펜나트륨수화물,단일,20210715,,,노인주의
20230430,흰색의 원형정제,01140,해열.진통.소염제,(주)휴온스생명과학,전문의약품,나정,D000525,Loxoprofen,Loxoprofen(록소프로펜),록소프로펜,케록시드정(록소프로펜나트륨수화물),20130723,201308352,[M222839]록소프로펜나트륨수화물,[M222839]록소프로펜나트륨수화물,단일,20210715,,,노인주의
20251010,무색 내지 엷은 청색의 액상 내용물이 든 청색의 투명한 타원형 연질캡슐,01140,해열.진통.소염제,에스케이케미칼(주),일반의약품,"연질캡슐제, 액상",D000363,Ibuprofen,Ibuprofen(이부프로펜),이부프로펜,이부로엔연질캡슐(이부프로펜),20130725,201308385,[M051259]이부프로펜,[M051259]이부프로펜,단일,20210715,,,노인주의
20230430,흰색의 원형 정제,01140,해열.진통.소염제,(주)화이트생명과학,전문의약품,나정,D000525,Loxoprofen,Loxoprofen(록소프로펜),록소프로펜,록소쿨정(록소프로펜나트륨수화물),20130821,201308925,[M222839]록소프로펜나트륨수화물,[M222839]록소프로펜나트륨수화물,단일,20210715,,,노인주의
20230430,흰색~미황색의 원형 정제,01140,해열.진통.소염제,한화제약(주),전문의약품,나정,D000525,Loxoprofen,Loxoprofen(록소프로펜),록소프로펜,로소프린정(록소프로펜나트륨수화물),20130829,201309067,[M222839]록소프로펜나트륨수화물,[M222839]록소프로펜나트륨수화물,단일,20210715,,,노인주의
20230430,담홍색의 원형 정제,01140,해열.진통.소염제,(주)알피바이오,전문의약품,나정,D000525,Loxoprofen,Loxoprofen(록소프로펜),록소프로펜,알피록소펜정(록소프로펜나트륨수화물),20130906,201309230,[M222839]록소프로펜나트륨수화물,[M222839]록소프로펜나트륨수화물,단일,20210715,,,노인주의
20210402,엷은 황색의 투명한 액이 든 갈색투명한 앰플주사제,01140,해열.진통.소염제,한국유니온제약(주),전문의약품,용액주사제,D001289,Ketorolac,Ketorolac(케토롤락),케토롤락,유니온케토롤락트로메타민주(수출용),20130911,201309291,[M084703]케토롤락트로메타민,[M084703]케토롤락트로메타민,단일,20210715,,,노인주의
20240715,무색~연한 녹색의 투명한 액상의 내용물을 함유한 청녹색의 타원형 연질캡슐제,01140,해열.진통.소염제,(주)동구바이오제약,일반의약품,"연질캡슐제, 액상",D000363,Ibuprofen,Ibuprofen(이부프로펜),이부프로펜,동구이부프로펜연질캡슐200mg(수출용),20131017,201309779,[M051259]이부프로펜,[M051259]이부프로펜,단일,20210715,,,노인주의
20230430,흰색∼미황색의 원형 정제,01140,해열.진통.소염제,(주)마더스제약,전문의약품,나정,D000525,Loxoprofen,Loxoprofen(록소프로펜),록소프로펜,락소펜엠정(록소프로펜나트륨수화물),20131030,201309970,[M222839]록소프로펜나트륨수화물,[M222839]록소프로펜나트륨수화물,단일,20210715,,,노인주의
20240215,연한 분홍색 또는 분홍색의 점착성의 고체를 부직포 위에 도포하고 뒷면에 밀착포를 부착한 특유한 향기를 가진 카타플라스마제,02640,진통.진양.수렴.소염제,코오롱제약(주),일반의약품,카타플라스마제,D000705,Flurbiprofen,Flurbiprofen(플루르비프로펜),플루르비프로펜,플루비톱카타플라스마(플루르비프로펜),20131220,201310808,[M089049]플루르비프로펜,[M089049]플루르비프로펜,단일,20210715,,,노인주의
20230430,흰색의 원형정제,01140,해열.진통.소염제,(주)유영제약,전문의약품,나정,D000525,Loxoprofen,Loxoprofen(록소프로펜),록소프로펜,류스펜정(록소프로펜나트륨수화물),20131231,201310991,[M222839]록소프로펜나트륨수화물,[M222839]록소프로펜나트륨수화물,단일,20210715,,,노인주의
20230430,흰색의 원형 정제,01140,해열.진통.소염제,(주)비씨월드제약,전문의약품,나정,D000525,Loxoprofen,Loxoprofen(록소프로펜),록소프로펜,비씨록소프로펜나트륨수화물정,20140327,201401405,[M222839]록소프로펜나트륨수화물,[M222839]록소프로펜나트륨수화물,단일,20210715,,,노인주의
20230430,흰색∼미황색의 원형 정제,01140,해열.진통.소염제,동국제약(주),전문의약품,나정,D000525,Loxoprofen,Loxoprofen(록소프로펜),록소프로펜,록페린정(록소프로펜나트륨수화물),20140516,201402272,[M222839]록소프로펜나트륨수화물,[M222839]록소프로펜나트륨수화물,단일,20210715,,,노인주의
20230430,흰색의 원형 정제,01140,해열.진통.소염제,명문제약(주),전문의약품,나정,D000525,Loxoprofen,Loxoprofen(록소프로펜),록소프로펜,명문록소프로펜정(록소프로펜나트륨수화물),20140522,201402349,[M222839]록소프로펜나트륨수화물,[M222839]록소프로펜나트륨수화물,단일,20210715,,,노인주의
20240522,엷은 황색의 투명 액체가 든 갈색 앰플 주사제,01140,해열.진통.소염제,아주약품(주),전문의약품,용액주사제,D001289,Ketorolac,Ketorolac(케토롤락),케토롤락,케트로민주(케토롤락트로메타민염)(수출용),20140624,201402788,[M222885]케토롤락트로메타민염,[M222885]케토롤락트로메타민염,단일,20210715,,,노인주의
20230430,흰색∼미황색의 원형 정제,01140,해열.진통.소염제,대웅바이오(주),전문의약품,나정,D000525,Loxoprofen,Loxoprofen(록소프로펜),록소프로펜,대웅바이오록소프로펜정(록소프로펜나트륨수화물),20140627,201402867,[M222839]록소프로펜나트륨수화물,[M222839]록소프로펜나트륨수화물,단일,20210715,,,노인주의
20230430,흰색의 원형 정제,01140,해열.진통.소염제,진양제약(주),전문의약품,나정,D000525,Loxoprofen,Loxoprofen(록소프로펜),록소프로펜,로펜정60밀리그램(록소프로펜나트륨수화물),20140710,201403088,[M222839]록소프로펜나트륨수화물,[M222839]록소프로펜나트륨수화물,단일,20210715,,,노인주의
20251010,무색 내지 미황색의 액상 내용물이 든 노란색의 투명한 타원형 연질캡슐,01140,해열.진통.소염제,제이더블유중외제약(주),일반의약품,"연질캡슐제, 액상",D000363,Ibuprofen,Ibuprofen(이부프로펜),이부프로펜,페인엔젤이부연질캡슐(이부프로펜),20140725,201403380,[M051259]이부프로펜,[M051259]이부프로펜,단일,20210715,,,노인주의
20251010,오렌지향이 나는 백색~미황색의 시럽제,01140,해열.진통.소염제,부광약품(주),일반의약품,액상시럽제,D000363,Ibuprofen,Ibuprofen(이부프로펜),이부프로펜,코리투살에프시럽(이부프로펜),20140807,201403677,[M051259]이부프로펜,[M051259]이부프로펜,단일,20210715,,,노인주의
20230430,흰색의 원형 정제,01140,해열.진통.소염제,(주)휴비스트제약,전문의약품,나정,D000525,Loxoprofen,Loxoprofen(록소프로펜),록소프로펜,휴록스정(록소프로펜나트륨수화물),20140826,201403983,[M222839]록소프로펜나트륨수화물,[M222839]록소프로펜나트륨수화물,단일,20210715,,,노인주의
20240215,연한 분홍색 또는 분홍색의 점착성 고체를 부직포 위에 도포하고 뒷면에 밀착포를 부착한 특유한 향기를 가진 카타플라스마제,02640,진통.진양.수렴.소염제,알리코제약(주),일반의약품,카타플라스마제,D000705,Flurbiprofen,Flurbiprofen(플루르비프로펜),플루르비프로펜,루비로펜카타플라스마(플루르비프로펜),20141007,201404613,[M089049]플루르비프로펜,[M089049]플루르비프로펜,단일,20210715,,,노인주의
20230430,흰색의 원형정제,01140,해열.진통.소염제,영일제약(주),전문의약품,나정,D000525,Loxoprofen,Loxoprofen(록소프로펜),록소프로펜,시원나정(록소프로펜나트륨수화물),20141008,201404615,[M222839]록소프로펜나트륨수화물,[M222839]록소프로펜나트륨수화물,단일,20210715,,,노인주의
20230430,담홍색의 원형 정제,01140,해열.진통.소염제,조아제약(주),전문의약품,나정,D000525,Loxoprofen,Loxoprofen(록소프로펜),록소프로펜,록소아펜정(록소프로펜나트륨수화물),20141118,201405365,[M222839]록소프로펜나트륨수화물,[M222839]록소프로펜나트륨수화물,단일,20210715,,,노인주의
20251010,오렌지향이 나는 흰색 내지 연한노란색의 시럽제,01140,해열.진통.소염제,(주)보령바이오파마,일반의약품,액상시럽제,D000363,Ibuprofen,Ibuprofen(이부프로펜),이부프로펜,비알이부펜시럽(이부프로펜),20141209,201405818,[M051259]이부프로펜,[M051259]이부프로펜,단일,20210715,,,노인주의
20251010,오렌지향이 있는 흰색 내지 미황색의 현탁성 시럽제가 충진된 스틱파우치,01140,해열.진통.소염제,광동제약(주),일반의약품,액상시럽제,D000363,Ibuprofen,Ibuprofen(이부프로펜),이부프로펜,키즈앤펜시럽(이부프로펜),20150114,201500197,[M051259]이부프로펜,[M051259]이부프로펜,단일,20210715,,,노인주의
20240522,엷은 황색의 투명한 액체가 든 갈색 앰플 주사제,01140,해열.진통.소염제,이연제약(주),전문의약품,용액주사제,D001289,Ketorolac,Ketorolac(케토롤락),케토롤락,케톨민주(케토롤락트로메타민),20150115,201500216,[M084703]케토롤락트로메타민,[M084703]케토롤락트로메타민,단일,20210715,,,노인주의
20251010,무색 내지 엷은 청색의 액상 내용물이 든 청색의 투명한 타원형 연질캡슐,01140,해열.진통.소염제,조아제약(주),일반의약품,"연질캡슐제, 액상",D000363,Ibuprofen,Ibuprofen(이부프로펜),이부프로펜,다펜-큐연질캡슐(이부프로펜),20150210,201500673,[M051259]이부프로펜,[M051259]이부프로펜,단일,20210715,,,노인주의
20230430,흰색∼미황색의 원형 정제,01140,해열.진통.소염제,(주)넥스팜코리아,전문의약품,나정,D000525,Loxoprofen,Loxoprofen(록소프로펜),록소프로펜,록소프린정(록소프로펜나트륨수화물),20150429,201502576,[M222839]록소프로펜나트륨수화물,[M222839]록소프로펜나트륨수화물,단일,20210715,,,노인주의
20230430,흰색의 원형정제,01140,해열.진통.소염제,(주)오스코리아제약,전문의약품,나정,D000525,Loxoprofen,Loxoprofen(록소프로펜),록소프로펜,록스코정(록소프로펜나트륨수화물),20150430,201502705,[M222839]록소프로펜나트륨수화물,[M222839]록소프로펜나트륨수화물,단일,20210715,,,노인주의
20230430,담홍색의 원형 정제,01140,해열.진통.소염제,(주)휴온스메디텍,전문의약품,나정,D000525,Loxoprofen,Loxoprofen(록소프로펜),록소프로펜,휴니즈록소프로펜나트륨수화물정,20150430,201502716,[M222839]록소프로펜나트륨수화물,[M222839]록소프로펜나트륨수화물,단일,20210715,,,노인주의
20230430,흰색의 원형정제,01140,해열.진통.소염제,성원애드콕제약(주),전문의약품,나정,D000525,Loxoprofen,Loxoprofen(록소프로펜),록소프로펜,록소폰정(록소프로펜나트륨수화물),20150501,201502721,[M222839]록소프로펜나트륨수화물,[M222839]록소프로펜나트륨수화물,단일,20210715,,,노인주의
20230430,흰색∼미황색의 원형 정제,01140,해열.진통.소염제,화일약품(주),전문의약품,나정,D000525,Loxoprofen,Loxoprofen(록소프로펜),록소프로펜,화록소정(록소프로펜나트륨수화물),20150515,201502959,[M222839]록소프로펜나트륨수화물,[M222839]록소프로펜나트륨수화물,단일,20210715,,,노인주의
20230430,흰색의 원형 정제,01140,해열.진통.소염제,맥널티제약(주),전문의약품,나정,D000525,Loxoprofen,Loxoprofen(록소프로펜),록소프로펜,록프란정(록소프로펜나트륨수화물),20150623,201504100,[M222839]록소프로펜나트륨수화물,[M222839]록소프로펜나트륨수화물,단일,20210715,,,노인주의
20171011,분홍색 및 연한 분홍색의 점착성 고체를 부직포 위에 도포하고 뒷면에 밀착포를 부착한 특유한 향기를 가진 카타플라스마제,02640,진통.진양.수렴.소염제,알리코제약(주),일반의약품,카타플라스마제,D000525,Loxoprofen,Loxoprofen(록소프로펜),록소프로펜,록소톱카타플라스마(록소프로펜나트륨수화물),20150724,201505060,[M222839]록소프로펜나트륨수화물,[M222839]록소프로펜나트륨수화물,단일,20210715,,,노인주의
20230430,담홍색의 원형 정제,01140,해열.진통.소염제,(주)비보존제약,전문의약품,나정,D000525,Loxoprofen,Loxoprofen(록소프로펜),록소프로펜,록소윈정(록소프로펜나트륨수화물),20150817,201505725,[M222839]록소프로펜나트륨수화물,[M222839]록소프로펜나트륨수화물,단일,20210715,,,노인주의
20230430,담홍색의 원형 정제,01140,해열.진통.소염제,(주)옵투스제약,전문의약품,나정,D000525,Loxoprofen,Loxoprofen(록소프로펜),록소프로펜,오노펜정(록소프로펜나트륨수화물),20151001,201506895,[M222839]록소프로펜나트륨수화물,[M222839]록소프로펜나트륨수화물,단일,20210715,,,노인주의
20171011,분홍색 및 연한 분홍색의 점착성 고체를 부직포 위에 도포하고 뒷면에 밀착포를 부착한 특유한 향기를 가진 카타플라스마제,02640,진통.진양.수렴.소염제,제이더블유중외제약(주),일반의약품,카타플라스마제,D000525,Loxoprofen,Loxoprofen(록소프로펜),록소프로펜,노펜24센카타플라스마(록소프로펜나트륨수화물),20151016,201507215,[M222839]록소프로펜나트륨수화물,[M222839]록소프로펜나트륨수화물,단일,20210715,,,노인주의
20230430,흰색~미황색의 원형 정제,01140,해열.진통.소염제,(주)티디에스팜,전문의약품,나정,D000525,Loxoprofen,Loxoprofen(록소프로펜),록소프로펜,록스로스정(록소프로펜나트륨수화물),20151027,201507397,[M222839]록소프로펜나트륨수화물,[M222839]록소프로펜나트륨수화물,단일,20210715,,,노인주의
20240522,젠스트린트로키(멘톨앤페퍼민트향):멘톨향과 페퍼민트향이 나는 흰색 내지 미백색의 원형 트로키젠스트린트로키(페퍼민트향): 페퍼민트향이 나는 흰색 내지 미백색의 원형 트로키젠스트린트로키(레몬향): 레몬향이 나는 흰색 내지 연한 노랑색의 원형 트로키젠스트린트로키(복숭아향): 복숭아향이 나는 흰색 내지 연한 노랑색의 원형 트로키,02310,치과구강용약,신일제약(주),일반의약품,트로키제,D000705,Flurbiprofen,Flurbiprofen(플루르비프로펜),플루르비프로펜,"젠스트린트로키(멘톨앤페퍼민트향, 페퍼민트향, 레몬향, 복숭아향)(플루르비프로펜)",20151028,201507425,[M089049]플루르비프로펜/[M089049]플루르비프로펜/[M089049]플루르비프로펜/[M089049]플루르비프로펜,[M089049]플루르비프로펜/[M089049]플루르비프로펜/[M089049]플루르비프로펜/[M089049]플루르비프로펜,단일,20210715,,,노인주의
20191121,"흰색의 분말이 충진된 상, 하부 연한 노란색의 경질캡슐제",01140,해열.진통.소염제,한국코러스(주),전문의약품,"경질캡슐제, 산제",D000230,Mefenamic acid,Mefenamic acid(메페남산),메페남산,코러스메페남산캡슐250밀리그램(수출용),20151124,201507851,[M050476]메페남산,[M050476]메페남산,단일,20210715,,,노인주의
20191121,청색의 장방형 필름코팅정제,01140,해열.진통.소염제,한국코러스(주),전문의약품,필름코팅정,D000230,Mefenamic acid,Mefenamic acid(메페남산),메페남산,코러스메페남산정250밀리그램(수출용),20151124,201507854,[M050476]메페남산,[M050476]메페남산,단일,20210715,,,노인주의
20191121,미황색의 분할선이 있는 장방형필름코팅정제,01140,해열.진통.소염제,한국코러스(주),전문의약품,필름코팅정,D000230,Mefenamic acid,Mefenamic acid(메페남산),메페남산,코러스메페남산정500밀리그램(수출용),20151124,201507855,[M050476]메페남산,[M050476]메페남산,단일,20210715,,,노인주의
20230430,흰색의 원형 정제,01140,해열.진통.소염제,(주)다산제약,전문의약품,나정,D000525,Loxoprofen,Loxoprofen(록소프로펜),록소프로펜,록소디엘정60밀리그램(록소프로펜나트륨수화물),20151211,201508215,[M222839]록소프로펜나트륨수화물,[M222839]록소프로펜나트륨수화물,단일,20210715,,,노인주의
20230430,흰색의 원형정제,01140,해열.진통.소염제,한국코러스(주),전문의약품,나정,D000525,Loxoprofen,Loxoprofen(록소프로펜),록소프로펜,로페날정(록소프로펜나트륨수화물),20160125,201600498,[M222839]록소프로펜나트륨수화물,[M222839]록소프로펜나트륨수화물,단일,20210715,,,노인주의
20230430,담홍색의 원형 정제,01140,해열.진통.소염제,익수제약(주),전문의약품,나정,D000525,Loxoprofen,Loxoprofen(록소프로펜),록소프로펜,로프로펜정(록소프로펜나트륨수화물),20160308,201601348,[M222839]록소프로펜나트륨수화물,[M222839]록소프로펜나트륨수화물,단일,20210715,,,노인주의
20230430,백색의 원형정제,01140,해열.진통.소염제,아이큐어(주),전문의약품,나정,D000525,Loxoprofen,Loxoprofen(록소프로펜),록소프로펜,록소프로진정60mg(록소프로펜나트륨수화물),20160317,201601555,[M222839]록소프로펜나트륨수화물,[M222839]록소프로펜나트륨수화물,단일,20210715,,,노인주의
20220331,흰색 또는 반투명한 흰색의 점착성의 고체를 지지체 위에 도포하고 부직점착테이프를 고정 시킨 후 피복체를 덮은 카타플라스마제,02640,진통.진양.수렴.소염제,부광약품(주),일반의약품,카타플라스마제,D000525,Loxoprofen,Loxoprofen(록소프로펜),록소프로펜,에프벡스카타플라스마(록소프로펜나트륨수화물),20160426,201602322,[M222839]록소프로펜나트륨수화물,[M222839]록소프로펜나트륨수화물,단일,20210715,,,노인주의
20230430,흰색의 원형 정제,01140,해열.진통.소염제,태극제약(주),전문의약품,나정,D000525,Loxoprofen,Loxoprofen(록소프로펜),록소프로펜,로소펜정(록소프로펜나트륨수화물),20160428,201602370,[M222839]록소프로펜나트륨수화물,[M222839]록소프로펜나트륨수화물,단일,20210715,,,노인주의
20230430,흰색~미황색의 원형 정제,01140,해열.진통.소염제,안국뉴팜(주),전문의약품,나정,D000525,Loxoprofen,Loxoprofen(록소프로펜),록소프로펜,뉴록소로나정(록소프로펜나트륨수화물),20160517,201602693,[M222839]록소프로펜나트륨수화물,[M222839]록소프로펜나트륨수화물,단일,20210715,,,노인주의
20251010,무색 내지 엷은 청색의 액상 내용물이든 청색의 투명한 타원형 연질캡슐,01140,해열.진통.소염제,(주)녹십자,일반의약품,"연질캡슐제, 액상",D000363,Ibuprofen,Ibuprofen(이부프로펜),이부프로펜,탁센400이부프로펜연질캡슐,20160517,201602703,[M051259]이부프로펜,[M051259]이부프로펜,단일,20210715,,,노인주의
20230430,흰색의 원형 정제,01140,해열.진통.소염제,(주)아이월드제약,전문의약품,나정,D000525,Loxoprofen,Loxoprofen(록소프로펜),록소프로펜,록소필정(록소프로펜나트륨수화물),20160530,201603025,[M222839]록소프로펜나트륨수화물,[M222839]록소프로펜나트륨수화물,단일,20210715,,,노인주의
20230430,흰색의 원형 정제,01140,해열.진통.소염제,동성제약(주),전문의약품,나정,D000525,Loxoprofen,Loxoprofen(록소프로펜),록소프로펜,록소앤정(록소프로펜나트륨수화물),20160617,201603552,[M222839]록소프로펜나트륨수화물,[M222839]록소프로펜나트륨수화물,단일,20210715,,,노인주의
20230430,담홍색의 원형 정제,01140,해열.진통.소염제,(주)서흥,전문의약품,나정,D000525,Loxoprofen,Loxoprofen(록소프로펜),록소프로펜,록세린정(록소프로펜나트륨수화물),20160624,201603923,[M222839]록소프로펜나트륨수화물,[M222839]록소프로펜나트륨수화물,단일,20210715,,,노인주의
20230430,흰색의 원형 정제,01140,해열.진통.소염제,유니메드제약(주),전문의약품,나정,D000525,Loxoprofen,Loxoprofen(록소프로펜),록소프로펜,아스라스정(록소프로펜나트륨수화물),20160629,201604091,[M222839]록소프로펜나트륨수화물,[M222839]록소프로펜나트륨수화물,단일,20210715,,,노인주의
20251010,백색내지 미황색의 체리향 현탁성 시럽제,01140,해열.진통.소염제,동아제약(주),일반의약품,액상시럽제,D000363,Ibuprofen,Ibuprofen(이부프로펜),이부프로펜,챔프이부펜시럽(이부프로펜),20160718,201604402,[M051259]이부프로펜,[M051259]이부프로펜,단일,20210715,,,노인주의
20230430,흰색의 원형정제,01140,해열.진통.소염제,정우신약(주),전문의약품,나정,D000525,Loxoprofen,Loxoprofen(록소프로펜),록소프로펜,록소프정(록소프로펜나트륨수화물),20160725,201604576,[M222839]록소프로펜나트륨수화물,[M222839]록소프로펜나트륨수화물,단일,20210715,,,노인주의
20201224,C-type: 무색내지 담황색의 특이한 냄새가 있는 점착성 물질을 지지체에 도포하고 고체면에 고체피복물을 덮은 첩부제이다.,02640,진통.진양.수렴.소염제,제일헬스사이언스(주),일반의약품,지지체가있는첩부제,D000525,Loxoprofen,Loxoprofen(록소프로펜),록소프로펜,제일롱파프플라스타(록소프로펜나트륨수화물),20160808,201604821,[M222839]록소프로펜나트륨수화물/[M222839]록소프로펜나트륨수화물,[M222839]록소프로펜나트륨수화물/[M222839]록소프로펜나트륨수화물,단일,20210715,,,노인주의
20190326,이 약은 흰색 ~ 연한 노란색의 점착성 고체를 부직포 상에 도포한 방향을 가진 카타플라스마제로서 밀착포가 접합되어있다.,02640,진통.진양.수렴.소염제,(주)녹십자,일반의약품,카타플라스마제,D000525,Loxoprofen,Loxoprofen(록소프로펜),록소프로펜,제놀하이드로24카타플라스마(록소프로펜나트륨수화물),20160829,201605160,[M222839]록소프로펜나트륨수화물,[M222839]록소프로펜나트륨수화물,단일,20210715,,,노인주의
20251010,분홍색의 장방형 필름코팅정제,01140,해열.진통.소염제,(주)마더스제약,일반의약품,필름코팅정,D000363,Ibuprofen,Ibuprofen(이부프로펜),이부프로펜,이부쎈에프정(이부프로펜아르기닌),20161202,201606897,[M209277]이부프로펜아르기닌,[M209277]이부프로펜아르기닌,단일,20210715,,,노인주의
20251010,무색 내지 미황색의 투명한 내용물을 함유한 연청록색의 투명한 타원형 연질캡슐,01140,해열.진통.소염제,동방에프티엘(주),일반의약품,"연질캡슐제, 액상",D000363,Ibuprofen,Ibuprofen(이부프로펜),이부프로펜,이부뉴펜연질캡슐(이부프로펜),20161222,201607229,[M051259]이부프로펜,[M051259]이부프로펜,단일,20210715,,,노인주의
20240522,엷은 황색의 투명한 액체가 든 갈색 앰플 주사제,01140,해열.진통.소염제,삼진제약(주),전문의약품,용액주사제,D001289,Ketorolac,Ketorolac(케토롤락),케토롤락,케라신주(케토롤락트로메타민),20170131,201700525,[M084703]케토롤락트로메타민,[M084703]케토롤락트로메타민,단일,20210715,,,노인주의
20251010,무색의 투명한 액이 든 연한 청록색의 투명한 달걀형 연질캡슐,01140,해열.진통.소염제,코스맥스파마(주),일반의약품,"연질캡슐제, 액상",D000363,Ibuprofen,Ibuprofen(이부프로펜),이부프로펜,이부로엔에스연질캡슐(이부프로펜),20170213,201700729,[M051259]이부프로펜,[M051259]이부프로펜,단일,20210715,,,노인주의
20251010,무색 투명한 액이 든 연한 청록색의 투명한 타원형 연질캡슐,01140,해열.진통.소염제,코스맥스파마(주),일반의약품,"연질캡슐제, 액상",D000363,Ibuprofen,Ibuprofen(이부프로펜),이부프로펜,프리스펜연질캡슐(이부프로펜),20170303,201701140,[M051259]이부프로펜,[M051259]이부프로펜,단일,20210715,,,노인주의
20230430,흰색의 원형 정제,01140,해열.진통.소염제,오스템파마주식회사,전문의약품,나정,D000525,Loxoprofen,Loxoprofen(록소프로펜),록소프로펜,록소리펜정(록소프로펜나트륨수화물),20170530,201702734,[M222839]록소프로펜나트륨수화물,[M222839]록소프로펜나트륨수화물,단일,20210715,,,노인주의
20251010,흰색의 장방형 필름코팅정,01140,해열.진통.소염제,일양약품(주),일반의약품,필름코팅정,D000363,Ibuprofen,Ibuprofen(이부프로펜),이부프로펜,일펜정(이부프로펜리신),20170706,201705259,[M071015]이부프로펜리신,[M071015]이부프로펜리신,단일,20210715,,,노인주의
20260210,무색투명한 유리바이알에 들어있는 무색 또는 엷은 황색의 투명한 주사액,01140,해열.진통.소염제,(주)휴온스,전문의약품,용액주사제,D000363,Ibuprofen,Ibuprofen(이부프로펜),이부프로펜,아모부로펜주(이부프로펜),20170731,201706379,[M051259]이부프로펜,[M051259]이부프로펜,단일,20210715,,,노인주의
20171011,이 약은 연노랑의 점착성물질을 살구색의 린트포에 도포하여(바르고) 점착제면에 박리(벗겨짐)지를 덮은 첩부제이다.,02640,진통.진양.수렴.소염제,신신제약(주),일반의약품,지지체가있는첩부제,D000525,Loxoprofen,Loxoprofen(록소프로펜),록소프로펜,록소크린플라스타(록소프로펜나트륨수화물),20170803,201706432,[M222839]록소프로펜나트륨수화물/[M222839]록소프로펜나트륨수화물/[M222839]록소프로펜나트륨수화물,[M222839]록소프로펜나트륨수화물/[M222839]록소프로펜나트륨수화물/[M222839]록소프로펜나트륨수화물,단일,20210715,,,노인주의
20230430,흰색의 원형 정제,01140,해열.진통.소염제,(주)킴스제약,전문의약품,나정,D000525,Loxoprofen,Loxoprofen(록소프로펜),록소프로펜,프로록소정(록소프로펜나트륨수화물),20171117,201707937,[M222839]록소프로펜나트륨수화물,[M222839]록소프로펜나트륨수화물,단일,20210715,,,노인주의
20200813,무색 반투명의 점착성 물질을 지지체에 도포하고(바르고) 고체면에 박리지를 덮은 첩부제이다.,02640,진통.진양.수렴.소염제,(주)티디에스팜,일반의약품,지지체가있는첩부제,D000672,Ketoprofen,Ketoprofen(케토프로펜),케토프로펜,케로펜디플라스타(케토프로펜),20180205,201800707,[M051464]케토프로펜/[M051464]케토프로펜/[M051464]케토프로펜/[M051464]케토프로펜,[M051464]케토프로펜/[M051464]케토프로펜/[M051464]케토프로펜/[M051464]케토프로펜,단일,20210715,,,노인주의
20230430,흰색~미황색의 원형 정제,01140,해열.진통.소염제,(주)이든파마,전문의약품,나정,D000525,Loxoprofen,Loxoprofen(록소프로펜),록소프로펜,로나펜정(록소프로펜나트륨수화물),20180209,201800787,[M222839]록소프로펜나트륨수화물,[M222839]록소프로펜나트륨수화물,단일,20210715,,,노인주의
20230430,흰색의 원형 정제,01140,해열.진통.소염제,코스맥스파마(주),전문의약품,나정,D000525,Loxoprofen,Loxoprofen(록소프로펜),록소프로펜,엘소펜정60밀리그램(록소프로펜나트륨수화물),20180209,201800791,[M222839]록소프로펜나트륨수화물,[M222839]록소프로펜나트륨수화물,단일,20210715,,,노인주의
20230430,담홍색의 원형 정제,01140,해열.진통.소염제,제일약품(주),전문의약품,나정,D000525,Loxoprofen,Loxoprofen(록소프로펜),록소프로펜,젠스펜정(록소프로펜나트륨수화물),20180309,201801102,[M222839]록소프로펜나트륨수화물,[M222839]록소프로펜나트륨수화물,단일,20210715,,,노인주의
20240215,이 약은 특유한 향기를 가진 무색 또는 엷은 노란색의 투명한 점착성 물질을 지지체 위에 도포하고 부직점착테이프를 고정 시킨 후 피복체를 덮은 카타플라스마제이다.,02640,진통.진양.수렴.소염제,제일헬스사이언스(주),일반의약품,카타플라스마제,D000705,Flurbiprofen,Flurbiprofen(플루르비프로펜),플루르비프로펜,제일빅파프카타플라스마(플루르비프로펜),20180418,201801679,[M089049]플루르비프로펜,[M089049]플루르비프로펜,단일,20210715,,,노인주의
20230430,담홍색의 원형 정제,01140,해열.진통.소염제,주식회사더유제약,전문의약품,나정,D000525,Loxoprofen,Loxoprofen(록소프로펜),록소프로펜,록소포펜정(록소프로펜나트륨수화물),20180611,201802417,[M222839]록소프로펜나트륨수화물,[M222839]록소프로펜나트륨수화물,단일,20210715,,,노인주의
20251010,무색 또는 오렌지색의 내용물을 함유한 오렌지색의 투명한 달걀형 연질캡슐,01140,해열.진통.소염제,구주제약(주),일반의약품,"연질캡슐제, 액상",D000363,Ibuprofen,Ibuprofen(이부프로펜),이부프로펜,엘씨펜연질캡슐400mg(이부프로펜),20180619,201802556,[M051259]이부프로펜,[M051259]이부프로펜,단일,20210715,,,노인주의
20240522,레몬향이 나는 연한 노랑색의 원형 트로키제,02310,치과구강용약,동화약품(주),일반의약품,트로키제,D000705,Flurbiprofen,Flurbiprofen(플루르비프로펜),플루르비프로펜,모가프텐트로키(플루르비프로펜),20180622,201802617,[M089049]플루르비프로펜,[M089049]플루르비프로펜,단일,20210715,,,노인주의
20251010,무색 투명한 액이 든 연한 청록색의 투명한 타원형 연질캡슐,01140,해열.진통.소염제,알리코제약(주),일반의약품,"연질캡슐제, 액상",D000363,Ibuprofen,Ibuprofen(이부프로펜),이부프로펜,알코펜연질캡슐(이부프로펜),20180629,201802728,[M051259]이부프로펜,[M051259]이부프로펜,단일,20210715,,,노인주의
20240522,레몬향이 나는 흰색 내지 미백색의 원형 트로키,02310,치과구강용약,지엘파마(주),일반의약품,트로키제,D000705,Flurbiprofen,Flurbiprofen(플루르비프로펜),플루르비프로펜,스로쿨트로키(레몬향)(플루르비프로펜),20180724,201803063,[M089049]플루르비프로펜,[M089049]플루르비프로펜,단일,20210715,,,노인주의
20251010,무색 내지 엷은 청색의 액상 내용물이 든 청색의 투명한 타원형 연질캡슐,01140,해열.진통.소염제,동아제약(주),일반의약품,"연질캡슐제, 액상",D000363,Ibuprofen,Ibuprofen(이부프로펜),이부프로펜,이브원큐연질캡슐(이부프로펜),20180817,201803371,[M051259]이부프로펜,[M051259]이부프로펜,단일,20210715,,,노인주의
20181016,연한 분홍색 또는 분홍색의 점착성 고체를 부직포 위에 도포하고 뒷면에 밀착포를 부착한 특유한 향기를 가진 카타플라스마제,02640,진통.진양.수렴.소염제,일동제약(주),일반의약품,지지체가있는첩부제,D000672,Ketoprofen,Ketoprofen(케토프로펜),케토프로펜,캐롤쿨링더블파워카타플라스마(케토프로펜) ,20180828,201803486,[M051464]케토프로펜,[M051464]케토프로펜,단일,20210715,,,노인주의
20190826,무색 반투명의 점착성 물질을 지지체에 도포(바르다)하고 고체면에 박리(벗겨내기)지를 덮은 첩부제,02640,진통.진양.수렴.소염제,(주)유한양행,일반의약품,지지체가있는첩부제,D000672,Ketoprofen,Ketoprofen(케토프로펜),케토프로펜,안티푸라민케토플라스타(케토프로펜),20181004,201803902,[M051464]케토프로펜,[M051464]케토프로펜,단일,20210715,,,노인주의
20220331,무색 또는 담황색의 점착성의 고체를 부직포 위에 도포(바르다)하고 부직점착테이프를 고정시킨 후 박리(벗겨내기)지를 덮은 카타플라스마제,02640,진통.진양.수렴.소염제,(주)유한양행,일반의약품,카타플라스마제,D000672,Ketoprofen,Ketoprofen(케토프로펜),케토프로펜,안티푸라민케토카타플라스마(케토프로펜),20181018,201804122,[M051464]케토프로펜,[M051464]케토프로펜,단일,20210715,,,노인주의
20251010,무색-연한 녹색의 투명한 액상의 내용물을 함유한 연청녹색의 타원형 연질캅셀제,01140,해열.진통.소염제,(주)필인터내셔널,일반의약품,"연질캡슐제, 액상",D000363,Ibuprofen,Ibuprofen(이부프로펜),이부프로펜,펜프리연질캡슐(이부프로펜),20181119,201804577,[M051259]이부프로펜,[M051259]이부프로펜,단일,20210715,,,노인주의
20230430,흰색의 원형정제,01140,해열.진통.소염제,풍림무약(주),전문의약품,나정,D000525,Loxoprofen,Loxoprofen(록소프로펜),록소프로펜,로로펜정60밀리그램(록소프로펜나트륨수화물),20181119,201804583,[M222839]록소프로펜나트륨수화물,[M222839]록소프로펜나트륨수화물,단일,20210715,,,노인주의
20250207,일정량씩 분무되는 플라스틱 용기에 든 투명한 액제,02310,치과구강용약,한미약품(주),일반의약품,일반액상분무제,D000705,Flurbiprofen,Flurbiprofen(플루르비프로펜),플루르비프로펜,목앤파워스프레이(플루르비프로펜),20190121,201900290,[M089049]플루르비프로펜,[M089049]플루르비프로펜,단일,20210715,,,노인주의
20230430,흰색의 원형 정제,01140,해열.진통.소염제,(주)시어스제약,전문의약품,나정,D000525,Loxoprofen,Loxoprofen(록소프로펜),록소프로펜,록소쿨펜정(록소프로펜나트륨수화물),20190122,201900298,[M222839]록소프로펜나트륨수화물,[M222839]록소프로펜나트륨수화물,단일,20210715,,,노인주의
20240215,"N-type : 이 약은 무색투명한 점착성 물질을 지지체에 도포하고 고체면에 박리지를 덮은 첩부제이다.C-type, H-type, L-Type : 이 약은 무색투명한 점착성 물질을 지지체에 도포한 특유한 향기를 가진 첩부제이다.",02640,진통.진양.수렴.소염제,(주)티디에스팜,일반의약품,지지체가있는첩부제,D000705,Flurbiprofen,Flurbiprofen(플루르비프로펜),플루르비프로펜,캐롤프로더블파워플라스타(플루르비프로펜),20181115,201804530,[M089049]플루르비프로펜/[M089049]플루르비프로펜/[M089049]플루르비프로펜/[M089049]플루르비프로펜,[M089049]플루르비프로펜/[M089049]플루르비프로펜/[M089049]플루르비프로펜/[M089049]플루르비프로펜,단일,20210715,,,노인주의
20240215,이 약은 무색 투명 또는 반투명의 점착성 물질을 지지체에 도포하고 고체면에 고체피복물을 덮은 첩부제이다.,02640,진통.진양.수렴.소염제,아이큐어(주),일반의약품,지지체가있는첩부제,D000705,Flurbiprofen,Flurbiprofen(플루르비프로펜),플루르비프로펜,제놀파워풀플라스타(플루르비프로펜),20190103,201900024,[M089049]플루르비프로펜/[M089049]플루르비프로펜/[M089049]플루르비프로펜/[M089049]플루르비프로펜/[M089049]플루르비프로펜/[M089049]플루르비프로펜/[M089049]플루르비프로펜/[M089049]플루르비프로펜/[M089049]플루르비프로펜/[M089049]플루르비프로펜/[M089049]플루르비프로펜/[M089049]플루르비프로펜,[M089049]플루르비프로펜/[M089049]플루르비프로펜/[M089049]플루르비프로펜/[M089049]플루르비프로펜/[M089049]플루르비프로펜/[M089049]플루르비프로펜/[M089049]플루르비프로펜/[M089049]플루르비프로펜/[M089049]플루르비프로펜/[M089049]플루르비프로펜/[M089049]플루르비프로펜/[M089049]플루르비프로펜,단일,20210715,,,노인주의
20230430, 담홍색의 원형 정제,01140,해열.진통.소염제,(주)보령바이오파마,전문의약품,나정,D000525,Loxoprofen,Loxoprofen(록소프로펜),록소프로펜,프로록소펜정(록소프로펜나트륨수화물) ,20190219,201901014,[M222839]록소프로펜나트륨수화물,[M222839]록소프로펜나트륨수화물,단일,20210715,,,노인주의
20230430,흰색의 원형 정제,01140,해열.진통.소염제,(주)라이트팜텍,전문의약품,나정,D000525,Loxoprofen,Loxoprofen(록소프로펜),록소프로펜,라이트록소정(록소프로펜나트륨수화물),20190225,201901146,[M222839]록소프로펜나트륨수화물,[M222839]록소프로펜나트륨수화물,단일,20210715,,,노인주의
20230430,흰색의 원형정제,01140,해열.진통.소염제,(주)유앤생명과학,전문의약품,나정,D000525,Loxoprofen,Loxoprofen(록소프로펜),록소프로펜,록소프펜정(록소프로펜나트륨수화물),20190226,201901234,[M222839]록소프로펜나트륨수화물,[M222839]록소프로펜나트륨수화물,단일,20210715,,,노인주의
20230430,흰색∼미황색의 원형 정제,01140,해열.진통.소염제,한국넬슨제약(주),전문의약품,나정,D000525,Loxoprofen,Loxoprofen(록소프로펜),록소프로펜,록펜스정(록소프로펜나트륨수화물),20190330,201901961,[M222839]록소프로펜나트륨수화물,[M222839]록소프로펜나트륨수화물,단일,20210715,,,노인주의
20230430,백색의 원형정제,01140,해열.진통.소염제,(주)중헌제약,전문의약품,나정,D000525,Loxoprofen,Loxoprofen(록소프로펜),록소프로펜,록소정(록소프로펜나트륨수화물),20190412,201902262,[M222839]록소프로펜나트륨수화물,[M222839]록소프로펜나트륨수화물,단일,20210715,,,노인주의
20230430,담홍색의 원형 정제,01140,해열.진통.소염제,지엘파마(주),전문의약품,나정,D000525,Loxoprofen,Loxoprofen(록소프로펜),록소프로펜,록소페닌정(록소프로펜나트륨수화물),20190417,201902374,[M222839]록소프로펜나트륨수화물,[M222839]록소프로펜나트륨수화물,단일,20210715,,,노인주의
20230430,흰색의 원형 정제,01140,해열.진통.소염제,(주)서울제약,전문의약품,나정,D000525,Loxoprofen,Loxoprofen(록소프로펜),록소프로펜,에스록펜정(록소프로펜나트륨수화물),20190423,201902547,[M222839]록소프로펜나트륨수화물,[M222839]록소프로펜나트륨수화물,단일,20210715,,,노인주의
20240215,이 약은 유백색의 점착성물질을 연한 노란 분홍의 린트포에 도포하여 고체 면에 박리지를 덮은 첩부제이다.,02640,진통.진양.수렴.소염제,신신제약(주),일반의약품,지지체가있는첩부제,D000705,Flurbiprofen,Flurbiprofen(플루르비프로펜),플루르비프로펜,페노크린첩부제스트롱(플루르비프로펜),20190502,201902832,[M089049]플루르비프로펜/[M089049]플루르비프로펜/[M089049]플루르비프로펜/[M089049]플루르비프로펜/[M089049]플루르비프로펜,[M089049]플루르비프로펜/[M089049]플루르비프로펜/[M089049]플루르비프로펜/[M089049]플루르비프로펜/[M089049]플루르비프로펜,단일,20210715,,,노인주의
20230430,흰색의 원형 정제,01140,해열.진통.소염제,(주)엘앤씨바이오 ,전문의약품,나정,D000525,Loxoprofen,Loxoprofen(록소프로펜),록소프로펜,메가록소펜정(록소프로펜나트륨수화물),20190521,201903254,[M222839]록소프로펜나트륨수화물,[M222839]록소프로펜나트륨수화물,단일,20210715,,,노인주의
20230430,흰색의 원형정제,01140,해열.진통.소염제,일성아이에스(주),전문의약품,나정,D000525,Loxoprofen,Loxoprofen(록소프로펜),록소프로펜,일성록소프로펜나트륨수화물정60밀리그램,20190531,201903641,[M222839]록소프로펜나트륨수화물,[M222839]록소프로펜나트륨수화물,단일,20210715,,,노인주의
20251010,알루미늄 호일 파우치에 든 레몬향이 나는 흰색 또는 연한 노란색의 현탁성 시럽제,01140,해열.진통.소염제,대원바이오텍주식회사,일반의약품,액상시럽제,D000363,Ibuprofen,Ibuprofen(이부프로펜),이부프로펜,파인큐이부펜시럽(이부프로펜),20190617,201904193,[M051259]이부프로펜,[M051259]이부프로펜,단일,20210715,,,노인주의
20230430,담홍색의 원형정제,01140,해열.진통.소염제,현대약품(주),전문의약품,나정,D000525,Loxoprofen,Loxoprofen(록소프로펜),록소프로펜,현대록소프로펜나트륨수화물정,20190710,201904648,[M222839]록소프로펜나트륨수화물,[M222839]록소프로펜나트륨수화물,단일,20210715,,,노인주의
20260210,무색투명한 유리바이알에 들어있는 무색 또는 옅은 황색의 투명한 주사액,01140,해열.진통.소염제,(주)휴메딕스,전문의약품,용액주사제,D000363,Ibuprofen,Ibuprofen(이부프로펜),이부프로펜,이부펜주(이부프로펜),20190718,201904810,[M051259]이부프로펜,[M051259]이부프로펜,단일,20210715,,,노인주의
20230430,흰색의 원형정제,01140,해열.진통.소염제,(주)한풍제약,전문의약품,나정,D000525,Loxoprofen,Loxoprofen(록소프로펜),록소프로펜,록소핀정(록소프로펜나트륨),20190725,201905300,[M222839]록소프로펜나트륨수화물,[M222839]록소프로펜나트륨수화물,단일,20210715,,,노인주의
20251010,무색의 투명한 액이 든 무색의 투명한 타원형 연질캡슐,01140,해열.진통.소염제,이연제약(주),일반의약품,"연질캡슐제, 액상",D000363,Ibuprofen,Ibuprofen(이부프로펜),이부프로펜,팜페인이부연질캡슐(이부프로펜),20190826,201906059,[M051259]이부프로펜,[M051259]이부프로펜,단일,20210715,,,노인주의
20230430,흰색의 원형 정제,01140,해열.진통.소염제,독립바이오제약(주),전문의약품,나정,D000525,Loxoprofen,Loxoprofen(록소프로펜),록소프로펜,록소나린정(록소프로펜나트륨),20190902,201906222,[M222839]록소프로펜나트륨수화물,[M222839]록소프로펜나트륨수화물,단일,20210715,,,노인주의
20230430,흰색의 원형정제,01140,해열.진통.소염제,주식회사케이에스제약,전문의약품,나정,D000525,Loxoprofen,Loxoprofen(록소프로펜),록소프로펜,록소프로정(록소프로펜나트륨수화물),20190906,201906349,[M085577]록소프로펜나트륨,[M085577]록소프로펜나트륨,단일,20210715,,,노인주의
20230430,담홍색의 원형 정제,01140,해열.진통.소염제,(주)아리제약,전문의약품,나정,D000525,Loxoprofen,Loxoprofen(록소프로펜),록소프로펜,아록핀정60밀리그램(록소프로펜나트륨수화물),20190919,201906576,[M222839]록소프로펜나트륨수화물,[M222839]록소프로펜나트륨수화물,단일,20210715,,,노인주의
20230430,흰색의 원형정제,01140,해열.진통.소염제,(주)셀비온,전문의약품,나정,D000525,Loxoprofen,Loxoprofen(록소프로펜),록소프로펜,록소프론정60밀리그램(록소프로펜나트륨수화물),20190920,201906583,[M222839]록소프로펜나트륨수화물,[M222839]록소프로펜나트륨수화물,단일,20210715,,,노인주의
20200922,"제1형) 무색의 점착성 물질을 지지체에 도포하고 고체면에 고체피복물을 덮은 첩부제제2형) 무색의 특이한 향이 있는 점착성 물질을 지지체에 도포하고 고체면에 고체피복물을 덮은 첩부제제3형), 제4형) 검정색의 특이한 향이 있는 점착성 물질을 지지체에 도포하고 고체면에 고체피복물을 덮은 첩부제",02640,진통.진양.수렴.소염제,(주)티디에스팜,일반의약품,지지체가있는첩부제,D000525,Loxoprofen,Loxoprofen(록소프로펜),록소프로펜,록펜텍플라스타(록소프로펜나트륨수화물),20191021,201907376,[M222839]록소프로펜나트륨수화물/[M222839]록소프로펜나트륨수화물/[M222839]록소프로펜나트륨수화물/[M222839]록소프로펜나트륨수화물,[M222839]록소프로펜나트륨수화물/[M222839]록소프로펜나트륨수화물/[M222839]록소프로펜나트륨수화물/[M222839]록소프로펜나트륨수화물,단일,20210715,,,노인주의
20251010,무색 내지 연한 오렌지색의 내용물을 함유한 오렌지색의 투명한 달걀형 연질캡슐,01140,해열.진통.소염제,삼성제약(주),일반의약품,"연질캡슐제, 액상",D000363,Ibuprofen,Ibuprofen(이부프로펜),이부프로펜,큐센400이부프로펜연질캡슐,20191028,201907485,[M051259]이부프로펜,[M051259]이부프로펜,단일,20210715,,,노인주의
20240522,연한 노란색의 투명한 액체가 든 갈색앰플 주사제,01140,해열.진통.소염제,한국유니온제약(주),전문의약품,용액주사제,D001289,Ketorolac,Ketorolac(케토롤락),케토롤락,유니온케토롤락주(케토롤락트로메타민염),20191030,201907574,[M222885]케토롤락트로메타민염,[M222885]케토롤락트로메타민염,단일,20210715,,,노인주의
20240522,리놀에스트로키(레몬맛) : 백색 내지 미백색의 구멍이 뚫린 원형 트로기제리놀에스트로키(허니&자몽맛) : 엷은 황적색의 구멍이 뚫린 원형 트로키제,02310,치과구강용약,경남제약(주),일반의약품,트로키제,D000705,Flurbiprofen,Flurbiprofen(플루르비프로펜),플루르비프로펜,리놀에스트로키(플루르비프로펜),20200114,202000214,[M089049]플루르비프로펜/[M089049]플루르비프로펜,[M089049]플루르비프로펜/[M089049]플루르비프로펜,단일,20210715,,,노인주의
20230430,백색의 원형 정제,01140,해열.진통.소염제,주식회사큐엘파마,전문의약품,나정,D000525,Loxoprofen,Loxoprofen(록소프로펜),록소프로펜,록소큐정(록소프로펜나트륨),20200123,202000394,[M085577]록소프로펜나트륨,[M085577]록소프로펜나트륨,단일,20210715,,,노인주의
20251010,무색 내지 연한 청록색의 액이 든 연한 청록색의 투명한 연질캡슐,01140,해열.진통.소염제,(주)팜젠사이언스,일반의약품,"연질캡슐제, 액상",D000363,Ibuprofen,Ibuprofen(이부프로펜),이부프로펜,미가펜후레쉬연질캡슐(이부프로펜),20200210,202000773,[M051259]이부프로펜,[M051259]이부프로펜,단일,20210715,,,노인주의
20240215,투명 또는 미황색의 점착성 물질을 살구색 린트포상에 도포하여 점착면에 피복체를 덮은 첩부제이다.,02640,진통.진양.수렴.소염제,(주)녹십자,일반의약품,지지체가있는첩부제,D000705,Flurbiprofen,Flurbiprofen(플루르비프로펜),플루르비프로펜,제놀푸로탑플라스타(플루르비프로펜),20200306,202001573,[M089049]플루르비프로펜,[M089049]플루르비프로펜,단일,20210715,,,노인주의
20230430,흰색의 원형정제,01140,해열.진통.소염제,엔비케이제약(주),전문의약품,나정,D000525,Loxoprofen,Loxoprofen(록소프로펜),록소프로펜,로포닌정(록소프로펜나트륨수화물) ,20200327,202002132,[M222839]록소프로펜나트륨수화물,[M222839]록소프로펜나트륨수화물,단일,20210715,,,노인주의
20230430,흰색의 원형정제,01140,해열.진통.소염제,대원바이오텍주식회사,전문의약품,나정,D000525,Loxoprofen,Loxoprofen(록소프로펜),록소프로펜,록소원정(록소프로펜나트륨),20200406,202002380,[M222839]록소프로펜나트륨수화물,[M222839]록소프로펜나트륨수화물,단일,20210715,,,노인주의
20240522,백색 내지 미백색의 구멍이 뚫린 원형 트로키제,02310,치과구강용약,대원제약(주),일반의약품,트로키제,D000705,Flurbiprofen,Flurbiprofen(플루르비프로펜),플루르비프로펜,요모겐트로키(플루르비프로펜),20200410,202002568,[M089049]플루르비프로펜,[M089049]플루르비프로펜,단일,20210715,,,노인주의
20240715,오렌지향이 나는 백색~미황색의 시럽제,01140,해열.진통.소염제,안국약품(주),일반의약품,액상시럽제,D000363,Ibuprofen,Ibuprofen(이부프로펜),이부프로펜,타타날시럽(이부프로펜)(수출용),20200512,202003414,[M051259]이부프로펜,[M051259]이부프로펜,단일,20210715,,,노인주의
20251010,투명한 무색 내지 연한 파란색의 액이 든 연한 파란색의 장방형 연질캡슐,01140,해열.진통.소염제,동아제약(주),일반의약품,"연질캡슐제, 액상",D000363,Ibuprofen,Ibuprofen(이부프로펜),이부프로펜,이브원큐에스연질캡슐(이부프로펜),20200520,202003662,[M051259]이부프로펜,[M051259]이부프로펜,단일,20210715,,,노인주의
20251010,무색 투명한 액이 든 연한 청록색의 투명한 타원형 연질캡슐,01140,해열.진통.소염제,(주)킵스바이오파마,일반의약품,"연질캡슐제, 액상",D000363,Ibuprofen,Ibuprofen(이부프로펜),이부프로펜,에스빌이부연질캡슐200밀리그램(이부프로펜),20200629,202004710,[M051259]이부프로펜,[M051259]이부프로펜,단일,20210715,,,노인주의
20251010,무색 내지 연한 청록색의 액이 든 연한 청록색의 투명한 연질캡슐,01140,해열.진통.소염제,(주)바스칸바이오제약,일반의약품,"연질캡슐제, 액상",D000363,Ibuprofen,Ibuprofen(이부프로펜),이부프로펜,루피엔연질캡슐(이부프로펜),20200729,202005496,[M051259]이부프로펜,[M051259]이부프로펜,단일,20210715,,,노인주의
20240715,이 약은 연한 노란색의 점착성물질을 연한 노란 분홍의 린트포에 도포하여 점착제면에 박리지를 덮은 첩부제이다.,02640,진통.진양.수렴.소염제,신신제약(주),일반의약품,,D000363,Ibuprofen,Ibuprofen(이부프로펜),이부프로펜,이부스타플라스타(이부프로펜),20201006,202006761,[M051259]이부프로펜,[M051259]이부프로펜,단일,20210715,,,노인주의
20240215,이 약은 무색 내지 미황색의 점착성 물질을 지지체에 도포하고 고체면에 박리성필름을 덮은 첩부제이다.,02640,진통.진양.수렴.소염제,신일제약(주),일반의약품,지지체가있는첩부제,D000705,Flurbiprofen,Flurbiprofen(플루르비프로펜),플루르비프로펜,디펜파워투어펜플라스타(플루르비프로펜),20210326,202102673,[M089049]플루르비프로펜/[M089049]플루르비프로펜,[M089049]플루르비프로펜/[M089049]플루르비프로펜,단일,20210715,,,노인주의
20240715,무색 또는 엷은 노란색의 점착성물질을 린트포에 도포하여 점착면에 피복체를 덮은 첩부제,02640,진통.진양.수렴.소염제,대화제약(주),일반의약품,지지체가있는첩부제,D000363,Ibuprofen,Ibuprofen(이부프로펜),이부프로펜,이프로탑플라스타(이부프로펜),20210609,202104481,[M051259]이부프로펜/[M051259]이부프로펜,[M051259]이부프로펜/[M051259]이부프로펜,단일,20210715,,,노인주의
20230430,백색의 원형 정제,01140,해열.진통.소염제,성이바이오제약주식회사,전문의약품,나정,D000525,Loxoprofen,Loxoprofen(록소프로펜),록소프로펜,와이투록소정60밀리그램(록소프로펜나트륨),20211007,202106813,[M222839]록소프로펜나트륨수화물,[M222839]록소프로펜나트륨수화물,단일,20210715,,,노인주의
20240715,이 약은 연한 노란색의 점착성물질을 연한 노란 분홍의 린트포에 도포하여 점착제면에 박리지를 덮은 첩부제이다.,02640,진통.진양.수렴.소염제,에스케이케미칼(주),일반의약품,지지체가있는첩부제,D000363,Ibuprofen,Ibuprofen(이부프로펜),이부프로펜,트라스트이부플라스타(이부프로펜),20220329,202201233,[M051259]이부프로펜,[M051259]이부프로펜,단일,20210715,,,노인주의
20260210,무색 또는 밝은 노란색의 액이 무색투명한 플라스틱 용기에 충전된 주사제,01140,해열.진통.소염제,주식회사제뉴원사이언스,전문의약품,용액주사제,D000363,Ibuprofen,Ibuprofen(이부프로펜),이부프로펜,이브포프리믹스주(이부프로펜),20220407,202201485,[M051259]이부프로펜,[M051259]이부프로펜,단일,20210715,,,노인주의
20260210,"투명한 무색 내지 미황색의 액을 폴리프로필렌, 다층필름플라스틱 용기에 충전한 주사제",01140,해열.진통.소염제,제이더블유생명과학(주),전문의약품,용액주사제,D000363,Ibuprofen,Ibuprofen(이부프로펜),이부프로펜,프리브로펜주(이부프로펜),20220428,202201730,[M051259]이부프로펜,[M051259]이부프로펜,단일,20210715,,,노인주의
20260210,"투명한 무색 내지 미황색의 액을 폴리프로필렌, 다층필름플라스틱 용기에 충전한 주사제",01140,해열.진통.소염제,제이더블유신약(주),전문의약품,용액주사제,D000363,Ibuprofen,Ibuprofen(이부프로펜),이부프로펜,이부피펜프리믹스주(이부프로펜),20220428,202201731,[M051259]이부프로펜,[M051259]이부프로펜,단일,20210715,,,노인주의
20260210,"투명한 무색 내지 미황색의 액을 폴리프로필렌, 다층필름플라스틱 용기에 충전한 주사제",01140,해열.진통.소염제,(주)휴온스,전문의약품,용액주사제,D000363,Ibuprofen,Ibuprofen(이부프로펜),이부프로펜,아모부로펜프리믹스주(이부프로펜),20220428,202201732,[M051259]이부프로펜,[M051259]이부프로펜,단일,20210715,,,노인주의
20260210,무색 또는 밝은 노란색의 액이 무색투명한 플라스틱 용기에 충전된 주사제,01140,해열.진통.소염제,대우제약(주),전문의약품,용액주사제,D000363,Ibuprofen,Ibuprofen(이부프로펜),이부프로펜,알리펜프리믹스주(이부프로펜),20220602,202202311,[M051259]이부프로펜,[M051259]이부프로펜,단일,20210715,,,노인주의
20260210,무색 또는 밝은 노란색의 액이 무색투명한 플라스틱 용기에 충전된 주사제,01140,해열.진통.소염제,광동제약(주),전문의약품,용액주사제,D000363,Ibuprofen,Ibuprofen(이부프로펜),이부프로펜,이부케이주(이부프로펜),20220607,202202347,[M051259]이부프로펜,[M051259]이부프로펜,단일,20210715,,,노인주의
20260210,무색 또는 밝은 노란색의 액이 무색투명한 플라스틱 용기에 충전된 주사제,01140,해열.진통.소염제,삼성제약(주),전문의약품,용액주사제,D000363,Ibuprofen,Ibuprofen(이부프로펜),이부프로펜,삼성이부프로펜프리믹스주,20220607,202202348,[M051259]이부프로펜,[M051259]이부프로펜,단일,20210715,,,노인주의
20260210,무색 또는 밝은 노란색의 액이 무색투명한 플라스틱 용기에 충전된 주사제,01140,해열.진통.소염제,하나제약(주),전문의약품,용액주사제,D000363,Ibuprofen,Ibuprofen(이부프로펜),이부프로펜,원부펜프리믹스주(이부프로펜),20220607,202202363,[M051259]이부프로펜,[M051259]이부프로펜,단일,20210715,,,노인주의
20260210,무색 또는 밝은 노란색의 액이 무색투명한 플라스틱 용기에 충전된 주사제,01140,해열.진통.소염제,(주)킵스바이오파마,전문의약품,용액주사제,D000363,Ibuprofen,Ibuprofen(이부프로펜),이부프로펜,글로펜주(이부프로펜),20220607,202202367,[M051259]이부프로펜,[M051259]이부프로펜,단일,20210715,,,노인주의
20260210,무색 또는 밝은 노란색의 액이 무색투명한 플라스틱 용기에 충전된 주사제,01140,해열.진통.소염제,영진약품(주),전문의약품,수액제,D000363,Ibuprofen,Ibuprofen(이부프로펜),이부프로펜,부펜솔주(이부프로펜),20220610,202202410,[M051259]이부프로펜,[M051259]이부프로펜,단일,20210715,,,노인주의
20260210,무색 또는 밝은 노란색의 액이 무색투명한 플라스틱 용기에 충전된 주사제,01140,해열.진통.소염제,(주)휴온스생명과학,전문의약품,용액주사제,D000363,Ibuprofen,Ibuprofen(이부프로펜),이부프로펜,크리스탈이부프로펜주,20220613,202202473,[M051259]이부프로펜,[M051259]이부프로펜,단일,20210715,,,노인주의
20240715,이 약은 연한 노란색의 점착성물질을 연한 노란 분홍의 린트포에 도포하여 점착제면에 박리지를 덮은 첩부제이다.,02640,진통.진양.수렴.소염제,(주)보령,일반의약품,카타플라스마제,D000363,Ibuprofen,Ibuprofen(이부프로펜),이부프로펜,맨담이부쿨플라스타(이부프로펜),20220812,202203274,[M051259]이부프로펜,[M051259]이부프로펜,단일,20210715,,,노인주의
20251010,무색 내지 연한 청록색의 액이 든 연한 청록색의 투명한 연질캡슐,01140,해열.진통.소염제,명문제약(주),일반의약품,"연질캡슐제, 액상",D000363,Ibuprofen,Ibuprofen(이부프로펜),이부프로펜,이부콜벤연질캡슐400밀리그램(이부프로펜),20220817,202203304,[M051259]이부프로펜,[M051259]이부프로펜,단일,20210715,,,노인주의
20251010,흰색의 장방형 필름코팅 정제,01140,해열.진통.소염제,명문제약(주),일반의약품,필름코팅정,D000363,Ibuprofen,Ibuprofen(이부프로펜),이부프로펜,이부콜벤정200밀리그램(이부프로펜),20221229,202204696,[M051259]이부프로펜,[M051259]이부프로펜,단일,20210715,,,노인주의
20251010,흰색 내지 연한 노란색의 감귤향 액이 알루미늄 호일 파우치에 든 현탁성 시럽제,01140,해열.진통.소염제,진양제약(주),일반의약품,액상시럽제,D000363,Ibuprofen,Ibuprofen(이부프로펜),이부프로펜,이큐펜키즈아이시럽(이부프로펜),20230111,202300213,[M051259]이부프로펜,[M051259]이부프로펜,단일,20210715,,,노인주의
20251010,무색 내지 엷은 청색의 액상 내용물이 든 청색의 투명한 타원형 연질캡슐,01140,해열.진통.소염제,경방신약(주),일반의약품,"연질캡슐제, 액상",D000363,Ibuprofen,Ibuprofen(이부프로펜),이부프로펜,페인에리퀴드연질캡슐(이부프로펜),20230112,202300232,[M051259]이부프로펜,[M051259]이부프로펜,단일,20210715,,,노인주의
20260210,무색 또는 엷은 황색의 투명한 액이 무색투명한 유리바이알에 들어있는 주사제,01140,해열.진통.소염제,동광제약(주),전문의약품,용액주사제,D000363,Ibuprofen,Ibuprofen(이부프로펜),이부프로펜,동광이부프로펜주,20230307,202300770,[M051259]이부프로펜,[M051259]이부프로펜,단일,20210715,,,노인주의
20251010,무색 내지 엷은 청색의 액상 내용물이 든 청색의 투명한 타원형 연질캡슐,01140,해열.진통.소염제,경방신약(주),일반의약품,"연질캡슐제, 액상",D000363,Ibuprofen,Ibuprofen(이부프로펜),이부프로펜,스트롱샷연질캡슐(이부프로펜),20230316,202300940,[M051259]이부프로펜,[M051259]이부프로펜,단일,20210715,,,노인주의
20251010,무색 내지 엷은 청색의 액상 내용물이 든 청색의 투명한 타원형 연질캡슐,01140,해열.진통.소염제,부광약품(주),일반의약품,"연질캡슐제, 액상",D000363,Ibuprofen,Ibuprofen(이부프로펜),이부프로펜,타세놀이부연질캡슐400밀리그램(이부프로펜),20230511,202301519,[M051259]이부프로펜,[M051259]이부프로펜,단일,20210715,,,노인주의
20251010,무색 내지 엷은 청색의 액상 내용물이 든 청색의 투명한 타원형 연질캡슐,01140,해열.진통.소염제,건일제약(주),일반의약품,"연질캡슐제, 액상",D000363,Ibuprofen,Ibuprofen(이부프로펜),이부프로펜,건일이부프로펜연질캡슐400밀리그램,20230704,202302051,[M051259]이부프로펜,[M051259]이부프로펜,단일,20210715,,,노인주의
20240715,이 약은 연한 노란색의 점착성물질을 연한 노란 분홍의 린트포에 도포하여 점착제면에 박리지를 덮은 첩부제이다.,01140,해열.진통.소염제,(주)씨엠지제약,일반의약품,지지체가없는첩부제,D000363,Ibuprofen,Ibuprofen(이부프로펜),이부프로펜,이부팝플라스타(이부프로펜),20230913,202302745,[M051259]이부프로펜,[M051259]이부프로펜,단일,20210715,,,노인주의
20251010,연한 파란색의 투명한 액이 든 어두운 파란색의 장방형 연질캡슐,01140,해열.진통.소염제,(주)필인터내셔널,일반의약품,"연질캡슐제, 액상",D000363,Ibuprofen,Ibuprofen(이부프로펜),이부프로펜,필이부프로펜연질캡슐400밀리그램,20240219,202400356,[M051259]이부프로펜,[M051259]이부프로펜,단일,20210715,,,노인주의
20251010,무색 내지 엷은 청색의 액상 내용물이 든 청색의 투명한 타원형 연질캡슐,01140,해열.진통.소염제,동아제약(주),일반의약품,"연질캡슐제, 액상",D000363,Ibuprofen,Ibuprofen(이부프로펜),이부프로펜,이브400원큐에스연질캡슐(이부프로펜),20240402,202400730,[M051259]이부프로펜,[M051259]이부프로펜,단일,20210715,,,노인주의
20251010,무색 내지 엷은 청색의 액상 내용물이 든 청색의 투명한 타원형 연질캡슐,01140,해열.진통.소염제,(주)씨엠지제약,일반의약품,"연질캡슐제, 액상",D000363,Ibuprofen,Ibuprofen(이부프로펜),이부프로펜,이부센연질캡슐(이부프로펜),20240528,202401305,[M051259]이부프로펜,[M051259]이부프로펜,단일,20210715,,,노인주의
20251010,무색 내지 엷은 청색의 액상 내용물이 든 청색의 투명한 타원형 연질캡슐,01140,해열.진통.소염제,코오롱제약(주),일반의약품,"연질캡슐제, 액상",D000363,Ibuprofen,Ibuprofen(이부프로펜),이부프로펜,마이펜이부400연질캡슐(이부프로펜),20240620,202401488,[M051259]이부프로펜,[M051259]이부프로펜,단일,20210715,,,노인주의
20251010,주황색의 장방형 필름코팅정,01140,해열.진통.소염제,원광제약(주),일반의약품,필름코팅정,D000363,Ibuprofen,Ibuprofen(이부프로펜),이부프로펜,원광이부프로펜정400밀리그램(이부프로펜),20240813,202401945,[M051259]이부프로펜,[M051259]이부프로펜,단일,20210715,,,노인주의
20251010,흰색 내지 연한 노란색의 감귤향 액이 알루미늄 호일 파우치에 든 현탁성 시럽제,01140,해열.진통.소염제,(주)녹십자,일반의약품,액상시럽제,D000363,Ibuprofen,Ibuprofen(이부프로펜),이부프로펜,콜록키즈이부펜시럽(이부프로펜),20241126,202402790,[M051259]이부프로펜,[M051259]이부프로펜,단일,20210715,,,노인주의
20260210,"투명한 무색 내지 미황색의 액을 폴리프로필렌, 다층필름플라스틱 용기에 충전한 주사제",01140,해열.진통.소염제,제이더블유중외제약(주),전문의약품,용액주사제,D000363,Ibuprofen,Ibuprofen(이부프로펜),이부프로펜,제이더블유이부프로펜프리믹스주,20250407,202500806,[M051259]이부프로펜,[M051259]이부프로펜,단일,20210715,,,노인주의
,이 약은 무색 투명 또는 반투명의 점착성 물질을 지지체에 도포(바르다)하고 고체면에 고체피복물을 덮은 첩부제이다.,02640,진통.진양.수렴.소염제,(주)유한양행,일반의약품,지지체가있는첩부제,D000705,Flurbiprofen,Flurbiprofen(플루르비프로펜),플루르비프로펜,안티푸라민40플라스타(플루르비프로펜),20240214,202400324,[M089049]플루르비프로펜/[M089049]플루르비프로펜/[M089049]플루르비프로펜,[M089049]플루르비프로펜/[M089049]플루르비프로펜/[M089049]플루르비프로펜,단일,20210715,,,노인주의
,이 약은 무색 투명 또는 반투명의 점착성 물질을 지지체에 도포하고 고체면에 고체피복물을 덮은 첩부제이다.,02640,진통.진양.수렴.소염제,삼진제약(주),일반의약품,지지체가있는첩부제,D000705,Flurbiprofen,Flurbiprofen(플루르비프로펜),플루르비프로펜,게보핏맥스플라스타(플루르비프로펜),20240524,202401286,[M089049]플루르비프로펜,[M089049]플루르비프로펜,단일,20210715,,,노인주의
,무색 투명의 점착성 물질을 살구색 린트포에 도포하여 고체면에 박리지를 덮은 모서리가 둥근 사각형의 첩부제,02640,진통.진양.수렴.소염제,(주)한독,일반의약품,지지체가있는첩부제,D000705,Flurbiprofen,Flurbiprofen(플루르비프로펜),플루르비프로펜,케토톱액티브플라스타(플루르비프로펜),20240530,202401344,[M089049]플루르비프로펜,[M089049]플루르비프로펜,단일,20210715,,,노인주의
,이 약은 무색 투명 또는 반투명의 점착성 물질을 지지체에 도포하고 고체면에 고체피복물을 덮은 첩부제이다.,02640,진통.진양.수렴.소염제,주식회사 제이비케이랩,일반의약품,지지체가있는첩부제,D000705,Flurbiprofen,Flurbiprofen(플루르비프로펜),플루르비프로펜,플루콕스펜플라스타(플루르비프로펜),20240806,202401906,[M089049]플루르비프로펜/[M089049]플루르비프로펜/[M089049]플루르비프로펜/[M089049]플루르비프로펜/[M089049]플루르비프로펜/[M089049]플루르비프로펜,[M089049]플루르비프로펜/[M089049]플루르비프로펜/[M089049]플루르비프로펜/[M089049]플루르비프로펜/[M089049]플루르비프로펜/[M089049]플루르비프로펜,단일,20210715,,,노인주의
,무색투명한 점착성 물질을 살구색 린트포에 도포하여 고체면에 피복체를 덮은 첩부제,02640,진통.진양.수렴.소염제,경남제약(주),일반의약품,지지체가있는첩부제,D000705,Flurbiprofen,Flurbiprofen(플루르비프로펜),플루르비프로펜,파워스탑플라스타40밀리그램(플루르비프로펜),20250403,202500784,[M089049]플루르비프로펜,[M089049]플루르비프로펜,단일,20210715,,,노인주의
,무색투명한 점착성 물질을 살구색 린트포에 도포하여 고체면에 피복체를 덮은 첩부제,02640,진통.진양.수렴.소염제,일양약품(주),일반의약품,지지체가있는첩부제,D000705,Flurbiprofen,Flurbiprofen(플루르비프로펜),플루르비프로펜,조인업더블플라스타(플루르비프로펜),20250415,202500910,[M089049]플루르비프로펜,[M089049]플루르비프로펜,단일,20210715,,,노인주의
,무색투명한 점착성 물질을 살구색 린트포에 도포하여 고체면에 피복체를 덮은 첩부제,02640,진통.진양.수렴.소염제,에스케이케미칼(주),일반의약품,지지체가있는첩부제,D000705,Flurbiprofen,Flurbiprofen(플루르비프로펜),플루르비프로펜,트라스트루비플라스타(플루르비프로펜),20250829,202502277,[M089049]플루르비프로펜,[M089049]플루르비프로펜,단일,20210715,,,노인주의
,무색 내지 미황색 액이 무색투명한 유리앰플에 든 주사제,02190,기타의 순환계용약,대한약품공업(주),전문의약품,용액주사제,D000363,Ibuprofen,Ibuprofen(이부프로펜),이부프로펜,대한이부프로펜주사(이부프로펜)(수출용),20150727,201505085,[M051259]이부프로펜,[M051259]이부프로펜,단일,20210715,,,노인주의
,이 약은 연한 노란색의 점착성물질을 연한 노란 분홍의 린트포에 도포하여 점착제면에 박리지를 덮은 첩부제이다.,02640,진통.진양.수렴.소염제,(주)유한양행,일반의약품,지지체가있는첩부제,D000363,Ibuprofen,Ibuprofen(이부프로펜),이부프로펜,안티푸라민빅파워플라스타(이부프로펜),20240614,202401447,[M051259]이부프로펜,[M051259]이부프로펜,단일,20210715,,,노인주의
,무색 내지 엷은 청색의 액상 내용물이 든 청색의 투명한 타원형 연질캡슐,01140,해열.진통.소염제,오스틴제약(주),일반의약품,"연질캡슐제, 액상",D000363,Ibuprofen,Ibuprofen(이부프로펜),이부프로펜,확센이부연질캡슐(이부프로펜),20250929,202502566,[M051259]이부프로펜,[M051259]이부프로펜,단일,20210715,,,노인주의
,투명한 무색 내지 미황색의 액이 든 무색투명한 수액용 플라스틱 용기에 든 주사제,01140,해열.진통.소염제,(주)한국팜비오,전문의약품,수액제,D000363,Ibuprofen,Ibuprofen(이부프로펜),이부프로펜,이부페인프리믹스주(이부프로펜),20260414,202601080,[M051259]이부프로펜,[M051259]이부프로펜,단일,20210715,,,노인주의
,연한 분홍색 또는 분홍색의 점착성 고체를 부직포 위에 도포하고 뒷면에 밀착포를 부착한 특유한 향기를 가진 카타플라스마제,02640,진통.진양.수렴.소염제,제일헬스사이언스(주),일반의약품,카타플라스마제,D000672,Ketoprofen,Ketoprofen(케토프로펜),케토프로펜,제일케토파워카타플라스마(케토프로펜),20170803,201706431,[M051464]케토프로펜,[M051464]케토프로펜,단일,20210715,,,노인주의
,무색 투명 또는 반투명의 점착성 물질을 연주황색 부직포에 도포하여 고체면에 고체피복물을 덮은 첩부제이다. 19.0cm×11.8cm : 무색 투명 또는 반투명의 점착성 물질을 연주황색 부직포에 도포하고 고체면에 고체피복물을 덮은 중앙이 빈 다이아몬드 모양의 첩부제이다.,02640,진통.진양.수렴.소염제,동국제약(주),일반의약품,지지체가있는첩부제,D000672,Ketoprofen,Ketoprofen(케토프로펜),케토프로펜,사라펜플라스타(케토프로펜),20180717,201802978,[M051464]케토프로펜/[M051464]케토프로펜/[M051464]케토프로펜,[M051464]케토프로펜/[M051464]케토프로펜/[M051464]케토프로펜,단일,20210715,,,노인주의
,무색 투명 또는 반투명의 점착성 물질을 연주황색 부직포에 도포하여 고체면에 박리지를 덮은 첩부제이다.,02640,진통.진양.수렴.소염제,경남제약(주),일반의약품,지지체가있는첩부제,D000672,Ketoprofen,Ketoprofen(케토프로펜),케토프로펜,파워스탑스키니플라스타(케토프로펜),20181203,201804892,[M051464]케토프로펜,[M051464]케토프로펜,단일,20210715,,,노인주의
,무색투명한 겔제,02640,진통.진양.수렴.소염제,(주)시어스제약,일반의약품,피부용겔제,D000672,Ketoprofen,Ketoprofen(케토프로펜),케토프로펜,케프겔(케토프로펜),20200102,202000009,[M051464]케토프로펜,[M051464]케토프로펜,단일,20210715,,,노인주의
,제1형: 이 약은 흰색 점착성의 고체를 부직포 위에 도포한 특유한 향기를 가진 카타플라스마제제2형: 이 약은 흰색 점착성의 고체를 부직포 위에 도포하고 뒷면에 밀착포를 고정시킨 특유한 향기를 가진 카타플라스마제,02640,진통.진양.수렴.소염제,아이큐어(주),일반의약품,카타플라스마제,D000672,Ketoprofen,Ketoprofen(케토프로펜),케토프로펜,아이파프케어팝카타플라스마(케토프로펜),20200311,202001662,[M051464]케토프로펜/[M051464]케토프로펜,[M051464]케토프로펜/[M051464]케토프로펜,단일,20210715,,,노인주의
,이 약은 무색 반투명의 점착성 물질을 지지체에 도포하고 고체면에 고체피복물을 덮은 첩부제이다.,02640,진통.진양.수렴.소염제,에스케이케미칼(주),일반의약품,지지체가있는첩부제,D000672,Ketoprofen,Ketoprofen(케토프로펜),케토프로펜,트라스트핑거플라스타(케토프로펜),20200422,202002866,[M051464]케토프로펜/[M051464]케토프로펜/[M051464]케토프로펜/[M051464]케토프로펜/[M051464]케토프로펜/[M051464]케토프로펜,[M051464]케토프로펜/[M051464]케토프로펜/[M051464]케토프로펜/[M051464]케토프로펜/[M051464]케토프로펜/[M051464]케토프로펜,단일,20210715,,,노인주의
,연한 분홍색 또는 분홍색의 점착성 고체를 부직포 위에 도포하고 뒷면에 밀착포를 부착한 특유한 향기를 가진 카타플라스마제,02640,진통.진양.수렴.소염제,현대약품(주),일반의약품,카타플라스마제,D000672,Ketoprofen,Ketoprofen(케토프로펜),케토프로펜,케프로텍카타플라스마(케토프로펜),20200709,202004950,[M051464]케토프로펜,[M051464]케토프로펜,단일,20210715,,,노인주의
,무색투명한 겔제,02640,진통.진양.수렴.소염제,(주)경보제약,일반의약품,피부용겔제,D000672,Ketoprofen,Ketoprofen(케토프로펜),케토프로펜,플라톱겔(케토프로펜),20211019,202107009,[M051464]케토프로펜,[M051464]케토프로펜,단일,20210715,,,노인주의
,무색 투명 겔제,02640,진통.진양.수렴.소염제,(주)종근당,일반의약품,피부용겔제,D000672,Ketoprofen,Ketoprofen(케토프로펜),케토프로펜,케펨겔(케토프로펜),20240111,202400086,[M051464]케토프로펜,[M051464]케토프로펜,단일,20210715,,,노인주의
,흰색의 원형필름코팅정제,01140,해열.진통.소염제,한국코러스(주),전문의약품,필름코팅정,D001289,Ketorolac,Ketorolac(케토롤락),케토롤락,케롤민정20밀리그람(케토롤락트로메타민)(수출용),20110415,201102310,[M084703]케토롤락트로메타민,[M084703]케토롤락트로메타민,단일,20210715,,,노인주의
,엷은 황색의 투명 액체가 든 갈색 앰플 주사,01140,해열.진통.소염제,한국코러스(주),전문의약품,용액주사제,D001289,Ketorolac,Ketorolac(케토롤락),케토롤락,케롤민주(케토롤락트로메타민)(수출용),20120305,201201370,[M084703]케토롤락트로메타민,[M084703]케토롤락트로메타민,단일,20210715,,,노인주의
,분홍색 및 연한 분홍색의 점착성 고체를 부직포 위에 도포하고 뒷면에 밀착포를 부착한 특유한 향기를 가진 카타플라스마제,02640,진통.진양.수렴.소염제,(주)시어스제약,일반의약품,카타플라스마제,D000525,Loxoprofen,Loxoprofen(록소프로펜),록소프로펜,휴펜텍카타플라스마(록소프로펜나트륨수화물),20180413,201801608,[M222839]록소프로펜나트륨수화물,[M222839]록소프로펜나트륨수화물,단일,20210715,,,노인주의
,분홍색 및 연한 분홍색의 점착성 고체를 부직포 위에 도포하고 뒷면에 밀착포를 부착한 특유한 향기를 가진 카타플라스마제,02640,진통.진양.수렴.소염제,(주)보령,일반의약품,카타플라스마제,D000525,Loxoprofen,Loxoprofen(록소프로펜),록소프로펜,맨담록소펜카타플라스마(록소프로펜나트륨수화물),20181030,201804285,[M222839]록소프로펜나트륨수화물,[M222839]록소프로펜나트륨수화물,단일,20210715,,,노인주의
,무색 내지 미황색의 멘톨향이 있는 반투명한 겔,02640,진통.진양.수렴.소염제,동성제약(주),일반의약품,피부용겔제,D000525,Loxoprofen,Loxoprofen(록소프로펜),록소프로펜,록소앤겔(록소프로펜나트륨수화물),20200217,202001082,[M222839]록소프로펜나트륨수화물,[M222839]록소프로펜나트륨수화물,단일,20210715,,,노인주의
,이 약은 연노랑의 점착성물질을 살구색의 린트포에 도포하여(바르고) 점착제면에 박리(벗겨짐)지를 덮은 첩부제이다.,02640,진통.진양.수렴.소염제,(주)넥스팜코리아,일반의약품,지지체가있는첩부제,D000525,Loxoprofen,Loxoprofen(록소프로펜),록소프로펜,록소프린플라스타(록소프로펜나트륨수화물),20240325,202400645,[M222839]록소프로펜나트륨수화물/[M222839]록소프로펜나트륨수화물/[M222839]록소프로펜나트륨수화물,[M222839]록소프로펜나트륨수화물/[M222839]록소프로펜나트륨수화물/[M222839]록소프로펜나트륨수화물,단일,20210715,,,노인주의
,흰색의 원형 정제,01140,해열.진통.소염제,한국프라임제약(주),전문의약품,나정,D000525,Loxoprofen,Loxoprofen(록소프로펜),록소프로펜,록소록스정(록소프로펜나트륨수화물)(수출용),20240403,202400749,[M222839]록소프로펜나트륨수화물,[M222839]록소프로펜나트륨수화물,단일,20210715,,,노인주의
,이 약은 연노랑의 점착성물질을 살구색의 린트포에 도포하여(바르고) 점착제면에 박리(벗겨짐)지를 덮은 첩부제이다.,02640,진통.진양.수렴.소염제,(주)보령,일반의약품,지지체가있는첩부제,D000525,Loxoprofen,Loxoprofen(록소프로펜),록소프로펜,맨담록소탑플라스타(록소프로펜나트륨수화물),20240507,202401099,[M222839]록소프로펜나트륨수화물,[M222839]록소프로펜나트륨수화물,단일,20210715,,,노인주의
,무색 내지 미황색의 멘톨향이 있는 반투명한 겔,02640,진통.진양.수렴.소염제,(주)녹십자,일반의약품,피부용겔제,D000525,Loxoprofen,Loxoprofen(록소프로펜),록소프로펜,제놀록소파워겔(록소프로펜나트륨수화물),20240909,202402194,[M222839]록소프로펜나트륨수화물,[M222839]록소프로펜나트륨수화물,단일,20210715,,,노인주의
,이 약은 연노랑의 점착성물질을 살구색의 린트포에 도포하여(바르고) 점착제면에 박리(벗겨짐)지를 덮은 첩부제이다.,02640,진통.진양.수렴.소염제,(주)씨엠지제약,일반의약품,지지체가있는첩부제,D000525,Loxoprofen,Loxoprofen(록소프로펜),록소프로펜,록소팝플라스타(록소프로펜나트륨수화물),20241211,202402921,[M222839]록소프로펜나트륨수화물,[M222839]록소프로펜나트륨수화물,단일,20210715,,,노인주의
,"흰색~회백색의 분말이 든 상부 연한 파란색, 하부 연한 노란색의 경질캡슐제",01140,해열.진통.소염제,신풍제약(주),전문의약품,"경질캡슐제, 산제",D000230,Mefenamic acid,Mefenamic acid(메페남산),메페남산,폰스텔캡슐(메페남산)(수출용)(수출명:PONSTEL Capsules),20191202,201908188,[M100591]메페남산,[M100591]메페남산,단일,20210715,,,노인주의
20241212,미황색(연노랑의) 장방형 정제,01140,해열.진통.소염제,(주)종근당,일반의약품,나정,D000982,Naproxen,Naproxen(나프록센),나프록센,낙센정(나프록센),19750429,197500016,[M050116]나프록센,[M050116]나프록센,단일,20210715,,,노인주의
20200301,진한 황색의 육각형 필름 코팅정,01140,해열.진통.소염제,건일제약(주),전문의약품,필름코팅정,D000644,Sulindac,Sulindac(설린닥),설린닥,크리돌정100밀리그람(설린닥),19790810,197900123,[M050765]설린닥,[M050765]설린닥,단일,20210715,,,노인주의
20241212,청색의 타원형 필름코팅정제   ,01140,해열.진통.소염제,(주)종근당,일반의약품,필름코팅정,D000982,Naproxen,Naproxen(나프록센),나프록센,아나프록스정(나프록센나트륨),19830607,198300064,[M070724]나프록센나트륨,[M070724]나프록센나트륨,단일,20210715,,,노인주의
20170214,백색-미황색의 내용물이 든 상하 적갈색의 캅셀제이다.,01140,해열.진통.소염제,신풍제약(주),전문의약품,"경질캡슐제, 산제",D000983,Piroxicam,Piroxicam(피록시캄),피록시캄,로시덴캡슐20밀리그램(피록시캄)(수출용),19840921,198400022,[M071634]피록시캄,[M071634]피록시캄,단일,20210715,,,노인주의
20180609,황색의 필름 코팅된 원형정제.,01140,해열.진통.소염제,알보젠코리아(주),전문의약품,필름코팅정,D000280,Talniflumate,Talniflumate(탈니플루메이트),탈니플루메이트,소말겐정(탈니플루메이트),19850319,198500515,[M081412]탈니플루메이트,[M081412]탈니플루메이트,단일,20210715,,,노인주의
20190904,"백색의 분말이 들어있는 상부 담청색불투명, 하부 백색불투명 경질캅셀",01140,해열.진통.소염제,(주)바스칸바이오제약,전문의약품,"경질캡슐제, 산제",D000983,Piroxicam,Piroxicam(피록시캄),피록시캄,네로이판캅셀(피록시캄)(수출용),19860929,198601260,[M071634]피록시캄,[M071634]피록시캄,단일,20210715,,,노인주의
20240522,연청색의 원형정제,01140,해열.진통.소염제,(주)제뉴파마,전문의약품,나정,D000983,Piroxicam,Piroxicam(피록시캄),피록시캄,필로젠정(피록시캄),19870713,198700667,[M071634]피록시캄,[M071634]피록시캄,단일,20210715,,,노인주의
20241212,청색의 장방형 필름코팅정제,01140,해열.진통.소염제,환인제약(주),일반의약품,필름코팅정,D000982,Naproxen,Naproxen(나프록센),나프록센,아낙스정(나프록센나트륨),19871231,198700731,[M070724]나프록센나트륨,[M070724]나프록센나트륨,단일,20210715,,,노인주의
20130712,내수용: 연노랑색의 투명한 겔제수출용: 투명한 노란색의 겔제,02640,진통.진양.수렴.소염제,신풍제약(주),일반의약품,피부용겔제,D000983,Piroxicam,Piroxicam(피록시캄),피록시캄,로시덴겔(피록시캄),19880527,198800043,[M071634]피록시캄/[M071634]피록시캄,[M071634]피록시캄/[M071634]피록시캄,단일,20210715,,,노인주의
20151112,황색의 필름 코팅된 원형정제,01140,해열.진통.소염제,동성제약(주),전문의약품,필름코팅정,D000280,Talniflumate,Talniflumate(탈니플루메이트),탈니플루메이트,앤세이드정(탈니플루메이트),19880603,198800619,[M081412]탈니플루메이트,[M081412]탈니플루메이트,단일,20210715,,,노인주의
20241212,연한 파란색의 장방형 필름코팅정제 ,01140,해열.진통.소염제,지엘파마(주),일반의약품,필름코팅정,D000982,Naproxen,Naproxen(나프록센),나프록센,알삭센정(나프록센나트륨),19881022,198802481,[M070724]나프록센나트륨,[M070724]나프록센나트륨,단일,20210715,,,노인주의
20240522,앰플 : 엷은 노란색 액이 갈색 앰플에 든 주사제,01140,해열.진통.소염제,신풍제약(주),전문의약품,용액주사제,D000983,Piroxicam,Piroxicam(피록시캄),피록시캄,로시덴주(피록시캄)(수출용),19890123,198900082,[M071634]피록시캄,[M071634]피록시캄,단일,20210715,,,노인주의
20230905,미황색을 띤 원형의 정제,01140,해열.진통.소염제,제이더블유중외제약(주),전문의약품,나정,D000083,Nimesulide,Nimesulide(니메술리드),니메술리드,메수리드정(니메술리드),19890918,198900263,[M082649]니메술리드,[M082649]니메술리드,단일,20210715,,,노인주의
20241212,청색의 장방형 필름코팅정제,01140,해열.진통.소염제,명인제약(주),일반의약품,필름코팅정,D000982,Naproxen,Naproxen(나프록센),나프록센,폭센정275밀리그램(나프록센나트륨),19890926,198900920,[M070724]나프록센나트륨,[M070724]나프록센나트륨,단일,20210715,,,노인주의
20241212,청색의 타원형 필름코팅정제,01140,해열.진통.소염제,고려제약(주),일반의약품,필름코팅정,D000982,Naproxen,Naproxen(나프록센),나프록센,자이날정(나프록센나트륨),19890605,198901589,[M070724]나프록센나트륨,[M070724]나프록센나트륨,단일,20210715,,,노인주의
20240522,백색내지 미황색의 내용물이든 상하 백색의 경질캅셀제,01140,해열.진통.소염제,지엘파마(주),전문의약품,"경질캡슐제, 과립제",D000983,Piroxicam,Piroxicam(피록시캄),피록시캄,지엘피록시캄캡슐20밀리그램,19890616,198902261,[M071634]피록시캄,[M071634]피록시캄,단일,20210715,,,노인주의
20241212,연한 파란색의 타원형 필름코팅정,01140,해열.진통.소염제,코오롱제약(주),일반의약품,필름코팅정,D000982,Naproxen,Naproxen(나프록센),나프록센,프로트린정(나프록센나트륨),19900801,199000568,[M070724]나프록센나트륨,[M070724]나프록센나트륨,단일,20210715,,,노인주의
20240522,내수용갈색앰플내에 연황색의 액체가 들어 있는 주사제수출용연황색의 액체가 든 무색 투명한 앰플 주사제,01140,해열.진통.소염제,(주)휴온스,전문의약품,용액주사제,D000983,Piroxicam,Piroxicam(피록시캄),피록시캄,"휴온스피록시캄근육주사(수출명:CAMADOLinj.,CAMROX20mgInj.)",19900507,199002080,[M071634]피록시캄,[M071634]피록시캄,단일,20210715,,,노인주의
20200718,흰색의 타원형필름코팅정제,01140,해열.진통.소염제,한올바이오파마(주),전문의약품,필름코팅정,D000211,Proglumetacin,Proglumetacin(프로글루메타신),프로글루메타신,한올아푸록산정300밀리그램(프로글루메타신말레산염),19910329,199100461,[M256432]프로글루메타신말레산염,[M256432]프로글루메타신말레산염,단일,20210715,,,노인주의
20241212,흰색의 장방형 필름코팅정,01140,해열.진통.소염제,영풍제약(주),일반의약품,필름코팅정,D000982,Naproxen,Naproxen(나프록센),나프록센,세록센정(나프록센나트륨),19910612,199102384,[M070724]나프록센나트륨,[M070724]나프록센나트륨,단일,20210715,,,노인주의
20200903,황색 원형의 필름코팅정제,01140,해열.진통.소염제,동광제약(주),전문의약품,필름코팅정,D000081,Nabumetone,Nabumetone(나부메톤),나부메톤,유니메톤정(나부메톤),19920317,199200248,[M084590]나부메톤,[M084590]나부메톤,단일,20210715,,,노인주의
20240522,황색내지 레몬빛 황색의 육각형 정제이다.,01140,해열.진통.소염제,코오롱제약(주),전문의약품,나정,D000983,Piroxicam,Piroxicam(피록시캄),피록시캄,코오롱브렉신정10밀리그램(피록시캄베타사이클로덱스트린),19920122,199200633,[M256428]피록시캄-베타사이클로덱스트린,[M256428]피록시캄-베타사이클로덱스트린,단일,20210715,,,노인주의
20200121,갈색앰플내에 엷은황갈색-엷은황색의맑은액이든주사제,01140,해열.진통.소염제,(주)제일제약,전문의약품,용액주사제,D000983,Piroxicam,Piroxicam(피록시캄),피록시캄,제일제약피록시캄주사액(수출용),19920108,199200650,[M071634]피록시캄,[M071634]피록시캄,단일,20210715,,,노인주의
20191231,카라멜향을 가진 암적색의 장방형 제피정.,01140,해열.진통.소염제,(주)한독,전문의약품,필름코팅정,D000081,Nabumetone,Nabumetone(나부메톤),나부메톤,한독렐라펜정(나부메톤),19921013,199200885,[M084590]나부메톤,[M084590]나부메톤,단일,20210715,,,노인주의
20120128,백색 내지 황백색의 원형필름코팅정제이다.,01140,해열.진통.소염제,초당약품공업(주),전문의약품,필름코팅정,D000081,Nabumetone,Nabumetone(나부메톤),나부메톤,프로닥정(나부메톤),19920317,199202530,[M084590]나부메톤,[M084590]나부메톤,단일,20210715,,,노인주의
20241212,미황색의 타원형 정제,01140,해열.진통.소염제,(주)종근당,전문의약품,나정,D000982,Naproxen,Naproxen(나프록센),나프록센,낙센에프정(나프록센),19930726,199300208,[M050116]나프록센,[M050116]나프록센,단일,20210715,,,노인주의
20200818,"흰색 또는 연한 노란색의 분말이 충진된 상부 연청색, 하부 흰색의 경질캡슐제",01140,해열.진통.소염제,대화제약(주),전문의약품,"경질캡슐제, 산제",D000983,Piroxicam,Piroxicam(피록시캄),피록시캄,대화피록시캄캡슐20밀리그람(수출용)(수출명:PIC-20CAP.),19930222,199301970,[M071634]피록시캄,[M071634]피록시캄,단일,20210715,,,노인주의
20240522,갈색앰플내에 연황색의 액체가 들어 있는 주사제,01140,해열.진통.소염제,위더스제약(주),전문의약품,용액주사제,D000983,Piroxicam,Piroxicam(피록시캄),피록시캄,위더스피록시캄주사액,19930607,199302453,[M071634]피록시캄,[M071634]피록시캄,단일,20210715,,,노인주의
20151112,황색의 필름 코팅된 원형정제 ,01140,해열.진통.소염제,대우제약(주),전문의약품,필름코팅정,D000280,Talniflumate,Talniflumate(탈니플루메이트),탈니플루메이트,탈멘정(탈니플루메이트),19941007,199400570,[M081412]탈니플루메이트,[M081412]탈니플루메이트,단일,20210715,,,노인주의
20200616,황색의 장방형 필름코팅정제,01140,해열.진통.소염제,동성제약(주),전문의약품,필름코팅정,D000081,Nabumetone,Nabumetone(나부메톤),나부메톤,나부톤정500mg(나부메톤)(수출명: 큐레페인정),19940926,199400696,[M084590]나부메톤,[M084590]나부메톤,단일,20210715,,,노인주의
20181205,주황색의 원형 필름코팅정제,01140,해열.진통.소염제,태극제약(주),전문의약품,필름코팅정,D000280,Talniflumate,Talniflumate(탈니플루메이트),탈니플루메이트,탈루메트정(탈니플루메이트),19941014,199400837,[M081412]탈니플루메이트,[M081412]탈니플루메이트,단일,20210715,,,노인주의
20180609,주황색 원형 필름코팅정제,01140,해열.진통.소염제,삼진제약(주),전문의약품,필름코팅정,D000280,Talniflumate,Talniflumate(탈니플루메이트),탈니플루메이트,크리마인정(탈니플루메이트),19941005,199401132,[M081412]탈니플루메이트,[M081412]탈니플루메이트,단일,20210715,,,노인주의
20241212,백색의 타원형 필름코팅정제(수출용 : 청색의 타원형 필름코팅정제),01140,해열.진통.소염제,대원제약(주),일반의약품,필름코팅정,D000982,Naproxen,Naproxen(나프록센),나프록센,소렌정(나프록센나트륨)(수출용),19941212,199401158,[M070724]나프록센나트륨/[M070724]나프록센나트륨,[M070724]나프록센나트륨/[M070724]나프록센나트륨,단일,20210715,,,노인주의
20241212,청색의 장방형 필름코팅정 ,01140,해열.진통.소염제,오스틴제약(주),일반의약품,필름코팅정,D000982,Naproxen,Naproxen(나프록센),나프록센,나로펜정(나프록센나트륨),19950104,199401319,[M070724]나프록센나트륨,[M070724]나프록센나트륨,단일,20210715,,,노인주의
20200818,백색의 원형정제,01140,해열.진통.소염제,대화제약(주),전문의약품,나정,D000983,Piroxicam,Piroxicam(피록시캄),피록시캄,대화피록시캄정(확산형)(수출용),19940916,199401413,[M071634]피록시캄,[M071634]피록시캄,단일,20210715,,,노인주의
20181029,내수용: 갈색의 사각형점착성 폴리우레탄필름에 무색 투명한 사각형 폴리에스터 필름이 부착된 패취제수출용: 갈색의 타원형점착성 폴리우레탄필름에 무색 투명한 사각형 폴리에스터 필름이 부착된 패취제,02640,진통.진양.수렴.소염제,에스케이케미칼(주),일반의약품,서방성경피흡수제,D000983,Piroxicam,Piroxicam(피록시캄),피록시캄,트라스트패취(피록시캄)(수출명:미포톱),19941001,199401576,[M071634]피록시캄/[M071634]피록시캄,[M071634]피록시캄/[M071634]피록시캄,단일,20210715,,,노인주의
20180609,진한 오렌지색의 원형 필름코팅 정제,01140,해열.진통.소염제,하나제약(주),전문의약품,필름코팅정,D000280,Talniflumate,Talniflumate(탈니플루메이트),탈니플루메이트,후루겐정(탈니플루메이트),19941220,199401625,[M081412]탈니플루메이트,[M081412]탈니플루메이트,단일,20210715,,,노인주의
20151112,미황색의 원형 필름코팅정,01140,해열.진통.소염제,명문제약(주),전문의약품,필름코팅정,D000280,Talniflumate,Talniflumate(탈니플루메이트),탈니플루메이트,후루마정(탈니플루메이트),19940929,199401949,[M081412]탈니플루메이트,[M081412]탈니플루메이트,단일,20210715,,,노인주의
20151112,백색의 원형 필름코팅정제,01140,해열.진통.소염제,(주)유영제약,전문의약품,필름코팅정,D000280,Talniflumate,Talniflumate(탈니플루메이트),탈니플루메이트,타프로스정(탈니플루메이트),19940916,199401998,[M081412]탈니플루메이트/[M081412]탈니플루메이트,[M081412]탈니플루메이트/[M081412]탈니플루메이트,단일,20210715,,,노인주의
20200903,"백색의 분말이 든 상, 하 의 백색 경질캅셀제",01140,해열.진통.소염제,대한뉴팜(주),전문의약품,"경질캡슐제, 산제",D000983,Piroxicam,Piroxicam(피록시캄),피록시캄,헬렌캡슐(피록시캄)(수출용),19941207,199402646,[M071634]피록시캄,[M071634]피록시캄,단일,20210715,,,노인주의
20241212,연한 파란색의 타원형 필름코팅정,01140,해열.진통.소염제,(주)에이프로젠바이오로직스,일반의약품,필름코팅정,D000982,Naproxen,Naproxen(나프록센),나프록센,에이프로젠나프록센나트륨정,19940128,199403378,[M070724]나프록센나트륨,[M070724]나프록센나트륨,단일,20210715,,,노인주의
20151112,황색의 필름 코팅된 원형정제,01140,해열.진통.소염제,아주약품(주),전문의약품,필름코팅정,D000280,Talniflumate,Talniflumate(탈니플루메이트),탈니플루메이트,탈로신정(탈니플루메이트),19950107,199500549,[M081412]탈니플루메이트,[M081412]탈니플루메이트,단일,20210715,,,노인주의
20191001,주황색의 원형 필름코팅정,01140,해열.진통.소염제,알리코제약(주),전문의약품,필름코팅정,D000280,Talniflumate,Talniflumate(탈니플루메이트),탈니플루메이트,메이트정(탈니플루메이트),19951121,199500646,[M081412]탈니플루메이트,[M081412]탈니플루메이트,단일,20210715,,,노인주의
20240522,미황색의 원형 정제.,01140,해열.진통.소염제,(주)제뉴파마,전문의약품,나정,D000983,Piroxicam,Piroxicam(피록시캄),피록시캄,필로젠정10밀리그람(피록시캄),19951115,199500845,[M071634]피록시캄,[M071634]피록시캄,단일,20210715,,,노인주의
20240522,미황색의 액체가 충진된 갈색앰플 주사제,01140,해열.진통.소염제,대화제약(주),전문의약품,용액주사제,D000983,Piroxicam,Piroxicam(피록시캄),피록시캄,대화피록시캄주(피록시캄)(수출용)(수출명:PIC-20INJ.),19950615,199501546,[M071634]피록시캄,[M071634]피록시캄,단일,20210715,,,노인주의
20151112,미황색의 원형 필름코팅정제,01140,해열.진통.소염제,신일제약(주),전문의약품,필름코팅정,D000280,Talniflumate,Talniflumate(탈니플루메이트),탈니플루메이트,신일탈니플루메이트정,19950819,199501941,[M081412]탈니플루메이트,[M081412]탈니플루메이트,단일,20210715,,,노인주의
20151112,미황색의 원형필름코팅정제,01140,해열.진통.소염제,한국코러스(주),전문의약품,필름코팅정,D000280,Talniflumate,Talniflumate(탈니플루메이트),탈니플루메이트,"타니메이트정(탈니플루메이트)(수출명:TamateTab, Tanipain Tab.)(수출용)",19951012,199502847,[M081412]탈니플루메이트,[M081412]탈니플루메이트,단일,20210715,,,노인주의
20230905,미황색의 원형 정제,01140,해열.진통.소염제,한국코러스(주),전문의약품,나정,D000083,Nimesulide,Nimesulide(니메술리드),니메술리드,"코러스니메술리드정(수출명:Pacisulide Tab, Nimed Tab.)",19951222,199502848,[M082649]니메술리드/[M082649]니메술리드,[M082649]니메술리드/[M082649]니메술리드,단일,20210715,,,노인주의
20151112,황색의 원형 필름코팅정,01140,해열.진통.소염제,신풍제약(주),전문의약품,필름코팅정,D000280,Talniflumate,Talniflumate(탈니플루메이트),탈니플루메이트,스토펜정(탈니플루메이트),19960205,199600038,[M081412]탈니플루메이트,[M081412]탈니플루메이트,단일,20210715,,,노인주의
20200311,흰색 장방형 필름코팅정,01140,해열.진통.소염제,진양제약(주),전문의약품,필름코팅정,D000081,Nabumetone,Nabumetone(나부메톤),나부메톤,낙톤정(나부메톤)(수출용),19960702,199601176,[M084590]나부메톤,[M084590]나부메톤,단일,20210715,,,노인주의
20151112,황색의 장방형 필름코팅정,01140,해열.진통.소염제,(주)한국파마,전문의약품,필름코팅정,D000280,Talniflumate,Talniflumate(탈니플루메이트),탈니플루메이트,프루틴정(탈니플루메이트),19960402,199601437,[M081412]탈니플루메이트,[M081412]탈니플루메이트,단일,20210715,,,노인주의
20190315,주황색의 원형 필림코팅정,01140,해열.진통.소염제,미래바이오제약(주),전문의약품,필름코팅정,D000280,Talniflumate,Talniflumate(탈니플루메이트),탈니플루메이트,솔라메트정(탈니플루메이트),19960229,199602149,[M081412]탈니플루메이트,[M081412]탈니플루메이트,단일,20210715,,,노인주의
20230905,황갈색의 원형정제,01140,해열.진통.소염제,대한뉴팜(주),전문의약품,나정,D000083,Nimesulide,Nimesulide(니메술리드),니메술리드,니막스정(니메슬리드)(수출용),19961014,199603356,[M082649]니메술리드,[M082649]니메술리드,단일,20210715,,,노인주의
20241212,이 약은 엷은 분홍색의 장방형 정제이다.,01140,해열.진통.소염제,(주)종근당,전문의약품,서방정,D000982,Naproxen,Naproxen(나프록센),나프록센,낙센에프서방정1000밀리그램(나프록센),19971226,199700166,[M050116]나프록센,[M050116]나프록센,단일,20210715,,,노인주의
20240522,흰색의 필름코팅정,01140,해열.진통.소염제,에이치케이이노엔(주),전문의약품,필름코팅정,D000766,Zaltoprofen,Zaltoprofen(잘토프로펜),잘토프로펜,솔레톤정(잘토프로펜),19970520,199701525,[M086829]잘토프로펜,[M086829]잘토프로펜,단일,20210715,,,노인주의
20160323,주황색의 원형 필름코팅정,01140,해열.진통.소염제,(주)하원제약,전문의약품,필름코팅정,D000280,Talniflumate,Talniflumate(탈니플루메이트),탈니플루메이트,하원탈니플루메이트정,19970203,199702839,[M081412]탈니플루메이트,[M081412]탈니플루메이트,단일,20210715,,,노인주의
20191127,백색의 코팅 정제이다,01140,해열.진통.소염제,한국코러스(주),전문의약품,필름코팅정,D000983,Piroxicam,Piroxicam(피록시캄),피록시캄,코러스피록시캄정20밀리그람(수출용),19970521,199703363,[M071634]피록시캄,[M071634]피록시캄,단일,20210715,,,노인주의
20191127,"백색의 분말이 든 상부적색, 하부적색의 경질캅셀이다.",01140,해열.진통.소염제,한국코러스(주),전문의약품,"경질캡슐제, 산제",D000983,Piroxicam,Piroxicam(피록시캄),피록시캄,코러스피록시캄캡슐20밀리그람(수출용),19970521,199703364,[M071634]피록시캄,[M071634]피록시캄,단일,20210715,,,노인주의
20110620,연황색의 전질균등한 유동성의 겔제,02640,진통.진양.수렴.소염제,에스케이케미칼(주),일반의약품,피부용겔제,D000983,Piroxicam,Piroxicam(피록시캄),피록시캄,트라스트겔(피록시캄),19980422,199802190,[M071634]피록시캄,[M071634]피록시캄,단일,20210715,,,노인주의
20241212,연한 파란색의 장방형 필름코팅정제,01140,해열.진통.소염제,신일제약(주),일반의약품,필름코팅정,D000982,Naproxen,Naproxen(나프록센),나프록센,나프롱정(나프록센나트륨),19981102,199802387,[M070724]나프록센나트륨,[M070724]나프록센나트륨,단일,20210715,,,노인주의
20241212,연한 파란색의 타원형 필름코팅정,01140,해열.진통.소염제,(주)씨엠지제약,일반의약품,필름코팅정,D000982,Naproxen,Naproxen(나프록센),나프록센,프리나정(나프록센나트륨),19980304,199802621,[M070724]나프록센나트륨,[M070724]나프록센나트륨,단일,20210715,,,노인주의
20180723,주황색의 원형 필름코팅정,01140,해열.진통.소염제,(주)휴온스,전문의약품,필름코팅정,D000280,Talniflumate,Talniflumate(탈니플루메이트),탈니플루메이트,휴온스탈니플루메이트정,19981128,199803062,[M081412]탈니플루메이트,[M081412]탈니플루메이트,단일,20210715,,,노인주의
20191121,백색의 원형 정제이다.,01140,해열.진통.소염제,한국코러스(주),전문의약품,필름코팅정,D000983,Piroxicam,Piroxicam(피록시캄),피록시캄,피씨마정(피록시캄)(수출용),19971217,199803649,[M071634]피록시캄,[M071634]피록시캄,단일,20210715,,,노인주의
20191121,"백색의 분말이 충진된 상,하부 백색의 경집캅셀제이다.",01140,해열.진통.소염제,한국코러스(주),전문의약품,"경질캡슐제, 산제",D000983,Piroxicam,Piroxicam(피록시캄),피록시캄,피씨마캅셀(피록시캄)(수출용),19971223,199803650,[M071634]피록시캄,[M071634]피록시캄,단일,20210715,,,노인주의
20230905,미황색의 원형 정제,01140,해열.진통.소염제,대우제약(주),전문의약품,나정,D000083,Nimesulide,Nimesulide(니메술리드),니메술리드,폰술리드정(니메술리드)(수출용),19990629,199900649,[M082649]니메술리드,[M082649]니메술리드,단일,20210715,,,노인주의
20241212,청색 원형의 필름코팅정,01140,해열.진통.소염제,태극제약(주),일반의약품,필름코팅정,D000982,Naproxen,Naproxen(나프록센),나프록센,"태극나렉신정(나프록센나트륨)
(수출명 : NAPRONEW TABLET)",19990511,199901047,[M070724]나프록센나트륨,[M070724]나프록센나트륨,단일,20210715,,,노인주의
20020127,알콜냄새가 나는 황색투명한 겔제,02640,진통.진양.수렴.소염제,태극제약(주),일반의약품,피부용겔제,D000983,Piroxicam,Piroxicam(피록시캄),피록시캄,파인스겔(피록시캄),19990928,199901056,[M071634]피록시캄,[M071634]피록시캄,단일,20210715,,,노인주의
20190905,백색-미황색의 원형정제,01140,해열.진통.소염제,(주)동구바이오제약,일반의약품,나정,D000983,Piroxicam,Piroxicam(피록시캄),피록시캄,동구피록시캄정20mg(확산형)(수출용)(수출명:펠댄코20mg),19990419,199901315,[M071634]피록시캄,[M071634]피록시캄,단일,20210715,,,노인주의
20241212,청색의 타원형 필름코팅정제이다.,01140,해열.진통.소염제,미래바이오제약(주),일반의약품,필름코팅정,D000982,Naproxen,Naproxen(나프록센),나프록센,미래나프록센나트륨정,19991101,199902599,[M070724]나프록센나트륨,[M070724]나프록센나트륨,단일,20210715,,,노인주의
20230905,엷은 황색 원형의 정제이다. ,01140,해열.진통.소염제,영풍제약(주),전문의약품,나정,D000083,Nimesulide,Nimesulide(니메술리드),니메술리드,영풍니메술리드정(니메술리드)(수출용),20001219,200003537,[M082649]니메술리드,[M082649]니메술리드,단일,20210715,,,노인주의
20240522,백색내지 미황색의 내용물이 든 상하 백색의 경질캅셀제 ,01140,해열.진통.소염제,지엘파마(주),전문의약품,"경질캡슐제, 과립제",D000983,Piroxicam,Piroxicam(피록시캄),피록시캄,지엘피록시캄캡슐10밀리그램,20000926,200003825,[M071634]피록시캄,[M071634]피록시캄,단일,20210715,,,노인주의
20250212,분홍색의 원형필름코팅정  ,01170,정신신경용제,알보젠코리아(주),전문의약품,필름코팅정,D000583,Quetiapine,Quetiapine(쿠에티아핀),쿠에티아핀,쎄로켈정25밀리그램(쿠에티아핀푸마르산염),20001108,200009022,[M228429]쿠에티아핀푸마르산염,[M228429]쿠에티아핀푸마르산염,단일,20210715,,,노인주의
20250212,노란색의 원형필름코팅정   ,01170,정신신경용제,알보젠코리아(주),전문의약품,필름코팅정,D000583,Quetiapine,Quetiapine(쿠에티아핀),쿠에티아핀,쎄로켈정100밀리그램(쿠에티아핀푸마르산염),20001108,200009023,[M228429]쿠에티아핀푸마르산염,[M228429]쿠에티아핀푸마르산염,단일,20210715,,,노인주의
20250212,흰색의 원형필름코팅정   ,01170,정신신경용제,알보젠코리아(주),전문의약품,필름코팅정,D000583,Quetiapine,Quetiapine(쿠에티아핀),쿠에티아핀,쎄로켈정200밀리그램(쿠에티아핀푸마르산염),20001108,200009024,[M228429]쿠에티아핀푸마르산염,[M228429]쿠에티아핀푸마르산염,단일,20210715,,,노인주의
20230905,미황색의 원형정제,01140,해열.진통.소염제,(주)동구바이오제약,전문의약품,나정,D000083,Nimesulide,Nimesulide(니메술리드),니메술리드,동구니메술리드정(수출용),20010414,200101224,[M082649]니메술리드,[M082649]니메술리드,단일,20210715,,,노인주의
20190308,원형의 황색 필름코팅정제,01140,해열.진통.소염제,한국유니온제약(주),전문의약품,필름코팅정,D000280,Talniflumate,Talniflumate(탈니플루메이트),탈니플루메이트,유니온탈니플루메이트정,20010926,200101428,[M081412]탈니플루메이트,[M081412]탈니플루메이트,단일,20210715,,,노인주의
20240522,엷은 황색의 액이 들어있는 갈색의 앰플,01140,해열.진통.소염제,한국유니온제약(주),전문의약품,용액주사제,D000983,Piroxicam,Piroxicam(피록시캄),피록시캄,유니온피록시캄주,20010426,200101498,[M071634]피록시캄,[M071634]피록시캄,단일,20210715,,,노인주의
20230905,내수용:미황색 원형 정제수출용:미황색의 장방형정제,01140,해열.진통.소염제,(주)한국파마,전문의약품,나정,D000083,Nimesulide,Nimesulide(니메술리드),니메술리드,"파마니메술리드정(수출명: 니판정, 닌파제정)(수출용)",20010406,200101514,[M082649]니메술리드,[M082649]니메술리드,단일,20210715,,,노인주의
20241212,엷은 청색의 타원형 필름코팅정,01140,해열.진통.소염제,(주)한국파비스제약,일반의약품,필름코팅정,D000982,Naproxen,Naproxen(나프록센),나프록센,스노핀정275밀리그램(나프록센나트륨),20010412,200102657,[M070724]나프록센나트륨,[M070724]나프록센나트륨,단일,20210715,,,노인주의
20200730,무색 투명한 액체가 들어있는 갈색 앰플,01140,해열.진통.소염제,대한뉴팜(주),전문의약품,용액주사제,D000983,Piroxicam,Piroxicam(피록시캄),피록시캄,헬렌주20mg(피록시캄)(수출용),20010806,200103725,[M071634]피록시캄,[M071634]피록시캄,단일,20210715,,,노인주의
20231129,연한 오렌지색의 장방형 필름코팅정제,01170,정신신경용제,환인제약(주),전문의약품,필름코팅정,D000422,Risperidone,Risperidone(리스페리돈),리스페리돈,리페리돈정2밀리그램(리스페리돈)(수출명:Riperidone Tab.2mg),20021031,200201029,[M086310]리스페리돈,[M086310]리스페리돈,단일,20210715,,,노인주의
20210127,알콜냄새가 나는 황색투명한 겔제,02640,진통.진양.수렴.소염제,에이치엘비제약(주),일반의약품,피부용겔제,D000983,Piroxicam,Piroxicam(피록시캄),피록시캄,에이치엘비피록시캄겔(피록시캄),20020408,200201559,[M071634]피록시캄,[M071634]피록시캄,단일,20210715,,,노인주의
20180618,주황색의 원형 필름코팅정,01140,해열.진통.소염제,위더스제약(주),전문의약품,필름코팅정,D000280,Talniflumate,Talniflumate(탈니플루메이트),탈니플루메이트,탈푸린정(탈니플루메이트),20020319,200202362,[M081412]탈니플루메이트,[M081412]탈니플루메이트,단일,20210715,,,노인주의
20191023,청색의 장방형 정제(각인 A-007 5),01170,정신신경용제,한국오츠카제약(주),전문의약품,나정,D000451,Aripiprazole,Aripiprazole(아리피프라졸),아리피프라졸,아빌리파이정5밀리그램(아리피프라졸),20020801,200202888,[M096829]아리피프라졸,[M096829]아리피프라졸,단일,20210715,,,노인주의
20191023,분홍색의 장방형 정제(각인 A-008 10),01170,정신신경용제,한국오츠카제약(주),전문의약품,나정,D000451,Aripiprazole,Aripiprazole(아리피프라졸),아리피프라졸,아빌리파이정10밀리그램(아리피프라졸),20020801,200202889,[M096829]아리피프라졸,[M096829]아리피프라졸,단일,20210715,,,노인주의
20191023,황색의 원형 정제(각인 A-009 15),01170,정신신경용제,한국오츠카제약(주),전문의약품,나정,D000451,Aripiprazole,Aripiprazole(아리피프라졸),아리피프라졸,아빌리파이정15밀리그램(아리피프라졸),20020801,200202890,[M096829]아리피프라졸,[M096829]아리피프라졸,단일,20210715,,,노인주의
20241212,청색의 타원형 필름코팅정제,01140,해열.진통.소염제,화일약품(주),일반의약품,필름코팅정,D000982,Naproxen,Naproxen(나프록센),나프록센,나프록신정(나프록센나트륨),20021218,200204388,[M070724]나프록센나트륨,[M070724]나프록센나트륨,단일,20210715,,,노인주의
20231129,연한 주황색의 장방형 필름코팅정,01170,정신신경용제,명인제약(주),전문의약품,필름코팅정,D000422,Risperidone,Risperidone(리스페리돈),리스페리돈,리스펜정2밀리그램(리스페리돈),20030802,200300918,[M086310]리스페리돈,[M086310]리스페리돈,단일,20210715,,,노인주의
20231129,백색의 장방형 필름코팅정제,01170,정신신경용제,환인제약(주),전문의약품,필름코팅정,D000422,Risperidone,Risperidone(리스페리돈),리스페리돈,리페리돈정1밀리그램(리스페리돈),20030929,200300984,[M086310]리스페리돈,[M086310]리스페리돈,단일,20210715,,,노인주의
20200122,흰색 원형의 필름코팅정제,01140,해열.진통.소염제,(주)메디카코리아,전문의약품,필름코팅정,D000081,Nabumetone,Nabumetone(나부메톤),나부메톤,프록톤정(나부메톤),20030627,200301018,[M084590]나부메톤,[M084590]나부메톤,단일,20210715,,,노인주의
20200302,흰색의 원형 필름코팅정제,01140,해열.진통.소염제,명문제약(주),전문의약품,필름코팅정,D000081,Nabumetone,Nabumetone(나부메톤),나부메톤,오스메톤정(나부메톤)(수출명:오스부톤정OSBUTONEtablet),20030814,200302165,[M084590]나부메톤/[M084590]나부메톤/[M084590]나부메톤,[M084590]나부메톤/[M084590]나부메톤/[M084590]나부메톤,단일,20210715,,,노인주의
20200131,황색의 타원형 필름코팅정제,01140,해열.진통.소염제,한림제약(주),전문의약품,필름코팅정,D000081,Nabumetone,Nabumetone(나부메톤),나부메톤,메부톤정(나부메톤),20030327,200302312,[M084590]나부메톤/[M084590]나부메톤,[M084590]나부메톤/[M084590]나부메톤,단일,20210715,,,노인주의
20250917,황색의 원형 정제,01170,정신신경용제,환인제약(주),전문의약품,나정,D000180,Clozapine,Clozapine(클로자핀),클로자핀,클로자릴정25밀리그램(클로자핀),20030507,200307798,[M081194]클로자핀,[M081194]클로자핀,단일,20210715,,,노인주의
20250917,황색의 원형 정제,01170,정신신경용제,환인제약(주),전문의약품,나정,D000180,Clozapine,Clozapine(클로자핀),클로자핀,클로자릴정100밀리그램(클로자핀),20030507,200307799,[M081194]클로자핀,[M081194]클로자핀,단일,20210715,,,노인주의
20231129,장방형의 연한 오렌지색 필름코팅정제,01170,정신신경용제,일동제약(주),전문의약품,필름코팅정,D000422,Risperidone,Risperidone(리스페리돈),리스페리돈,리스프리정2밀리그램(리스페리돈),20040126,200400317,[M086310]리스페리돈,[M086310]리스페리돈,단일,20210715,,,노인주의
20191101,크림색의 장방형 정제,01140,해열.진통.소염제,코오롱제약(주),전문의약품,나정,D000321,Morniflumate,Morniflumate(모니플루메이트),모니플루메이트,모니플루정350밀리그람(모니플루메이트),20040609,200400514,[M092795]모니플루메이트,[M092795]모니플루메이트,단일,20210715,,,노인주의
20210401,"[수출용1, 수출용2] 주황색의 타원형 필름코팅정제[수출용3] 주황색의 장방형 필름코팅정",01140,해열.진통.소염제,(주)바이넥스,전문의약품,필름코팅정,D000081,Nabumetone,Nabumetone(나부메톤),나부메톤,바이넥스나부메톤정(수출용),20040809,200400579,[M084590]나부메톤/[M084590]나부메톤/[M084590]나부메톤,[M084590]나부메톤/[M084590]나부메톤/[M084590]나부메톤,단일,20210715,,,노인주의
20241212,엷은 청색의 타원형 필름코팅정,01140,해열.진통.소염제,(주)마더스제약,일반의약품,필름코팅정,D000982,Naproxen,Naproxen(나프록센),나프록센,아나탁심정(나프록센나트륨),20041031,200400644,[M070724]나프록센나트륨,[M070724]나프록센나트륨,단일,20210715,,,노인주의
20180801,주황색의 원형 필름코팅정,01140,해열.진통.소염제,(주)일화,전문의약품,필름코팅정,D000280,Talniflumate,Talniflumate(탈니플루메이트),탈니플루메이트,타리마겐정(탈니플루메이트),20040629,200400816,[M081412]탈니플루메이트,[M081412]탈니플루메이트,단일,20210715,,,노인주의
20231129,흰색의 장방형 필름코팅정,01170,정신신경용제,명인제약(주),전문의약품,필름코팅정,D000422,Risperidone,Risperidone(리스페리돈),리스페리돈,리스펜정1밀리그램(리스페리돈),20040720,200401254,[M086310]리스페리돈,[M086310]리스페리돈,단일,20210715,,,노인주의
20231129,적갈색의 장방형 필름코팅정제,01170,정신신경용제,환인제약(주),전문의약품,필름코팅정,D000422,Risperidone,Risperidone(리스페리돈),리스페리돈,리페리돈정0.5밀리그램(리스페리돈),20040423,200401324,[M086310]리스페리돈,[M086310]리스페리돈,단일,20210715,,,노인주의
20191031,내수용) 흰색의 원형 필름코팅정수출용) 흰색의 장방형 필름코팅정,01140,해열.진통.소염제,(주)한국피엠지제약,전문의약품,필름코팅정,D000081,Nabumetone,Nabumetone(나부메톤),나부메톤,세나톤정(나부메톤),20040923,200401454,[M084590]나부메톤/[M084590]나부메톤,[M084590]나부메톤/[M084590]나부메톤,단일,20210715,,,노인주의
20171109,황색의 원형 필름코팅정,01140,해열.진통.소염제,(주)동구바이오제약,전문의약품,필름코팅정,D000280,Talniflumate,Talniflumate(탈니플루메이트),탈니플루메이트,리메이트정(탈니플루메이트),20040511,200401478,[M081412]탈니플루메이트,[M081412]탈니플루메이트,단일,20210715,,,노인주의
20181024,"1.내수용 : 흰색의 원형 필름코팅정제2.수출용1, 수출용4 : 황색의 장방형 필름코팅정제3.수출용2, 수출용3 : 흰색의 타원형 필름코팅정제",01140,해열.진통.소염제,한국유니온제약(주),전문의약품,필름코팅정,D000081,Nabumetone,Nabumetone(나부메톤),나부메톤,나베톤정(나부메톤),20040626,200401686,[M084590]나부메톤/[M084590]나부메톤/[M084590]나부메톤/[M084590]나부메톤/[M084590]나부메톤,[M084590]나부메톤/[M084590]나부메톤/[M084590]나부메톤/[M084590]나부메톤/[M084590]나부메톤,단일,20210715,,,노인주의
20180711,주황색의 원형 필름코팅정,01140,해열.진통.소염제,(주)테라젠이텍스,전문의약품,필름코팅정,D000280,Talniflumate,Talniflumate(탈니플루메이트),탈니플루메이트,타말겐정(탈니플루메이트),20040518,200402408,[M081412]탈니플루메이트,[M081412]탈니플루메이트,단일,20210715,,,노인주의
20130802,- 내수용 : 흰색의 원형 필름코팅정제- 수출용 : 흰색의 타원형 필름 코팅정제,01140,해열.진통.소염제,(주)한국파비스제약,전문의약품,필름코팅정,D000081,Nabumetone,Nabumetone(나부메톤),나부메톤,메바톤정(나부메톤)(수출명:Mebathon Tab.),20041026,200403408,[M084590]나부메톤/[M084590]나부메톤/[M084590]나부메톤,[M084590]나부메톤/[M084590]나부메톤/[M084590]나부메톤,단일,20210715,,,노인주의
20241212,무색 내지 연한 주황색의 투명한 내용물을 함유한 주황색의 투명한 타원형 연질캡슐,01140,해열.진통.소염제,(주)알피바이오,일반의약품,"연질캡슐제, 액상",D000982,Naproxen,Naproxen(나프록센),나프록센,에이스펜연질캡슐(나프록센),20040520,200403671,[M050116]나프록센,[M050116]나프록센,단일,20210715,,,노인주의
20191121,내수용 : 황색의 타원형필름코팅정제 수출용 1 : 주황색의 타원형 필름코팅정제수출용 2 : 갈색의 장방형 필름코팅정제,01140,해열.진통.소염제,한국코러스(주),전문의약품,필름코팅정,D000081,Nabumetone,Nabumetone(나부메톤),나부메톤,"코러스나부메톤정(수출명:TamenbunTablet, KORUME TAB.)",20041104,200403776,[M084590]나부메톤/[M084590]나부메톤/[M084590]나부메톤,[M084590]나부메톤/[M084590]나부메톤/[M084590]나부메톤,단일,20210715,,,노인주의
20231129,연한 오렌지색의 장방형 필름코팅정,01170,정신신경용제,유니메드제약(주),전문의약품,필름코팅정,D000422,Risperidone,Risperidone(리스페리돈),리스페리돈,유니페리돈정(리스페리돈),20040413,200403822,[M086310]리스페리돈,[M086310]리스페리돈,단일,20210715,,,노인주의
20200903,"[수출용1], [수출용4] : 황색의 타원형 필름코팅정제[수출용2], [수출용3], [수출용5] : 주황색의 장방형 필름코팅정",01140,해열.진통.소염제,대한뉴팜(주),전문의약품,필름코팅정,D000081,Nabumetone,Nabumetone(나부메톤),나부메톤,조인정(나부메톤)(수출용)(수출명:DaebumeTab.),20041012,200403938,[M084590]나부메톤/[M084590]나부메톤/[M084590]나부메톤/[M084590]나부메톤/[M084590]나부메톤,[M084590]나부메톤/[M084590]나부메톤/[M084590]나부메톤/[M084590]나부메톤/[M084590]나부메톤,단일,20210715,,,노인주의
20200730,오렌지색의 장방형 필름코팅정제,01140,해열.진통.소염제,한국프라임제약(주),전문의약품,필름코팅정,D000081,Nabumetone,Nabumetone(나부메톤),나부메톤,나부메정500밀리그람(나부메톤)(수출용),20041101,200404045,[M084590]나부메톤,[M084590]나부메톤,단일,20210715,,,노인주의
20151112,주황색의 원형 필름코팅정,01140,해열.진통.소염제,(주)넥스팜코리아,전문의약품,필름코팅정,D000280,Talniflumate,Talniflumate(탈니플루메이트),탈니플루메이트,탈루메이트정(탈니플루메이트),20040611,200404214,[M081412]탈니플루메이트,[M081412]탈니플루메이트,단일,20210715,,,노인주의
20120128,황색의 장방형 필름코팅정제,01140,해열.진통.소염제,주식회사제뉴원사이언스,전문의약품,필름코팅정,D000081,Nabumetone,Nabumetone(나부메톤),나부메톤,나메톤정(나부메톤),20040529,200404646,[M084590]나부메톤,[M084590]나부메톤,단일,20210715,,,노인주의
20210118,황색의 필름 코팅된 원형정제,01140,해열.진통.소염제,주식회사제뉴원사이언스,전문의약품,필름코팅정,D000280,Talniflumate,Talniflumate(탈니플루메이트),탈니플루메이트,제뉴원탈니플루메이트정,20040313,200404684,[M081412]탈니플루메이트,[M081412]탈니플루메이트,단일,20210715,,,노인주의
20151112,주황색의 원형 필름코팅정제,01140,해열.진통.소염제,(주)휴온스생명과학,전문의약품,필름코팅정,D000280,Talniflumate,Talniflumate(탈니플루메이트),탈니플루메이트,탈리겐정(탈니플루메이트),20040516,200404762,[M081412]탈니플루메이트/[M081412]탈니플루메이트,[M081412]탈니플루메이트/[M081412]탈니플루메이트,단일,20210715,,,노인주의
20181107,주황색의 원형 필름코팅정,01140,해열.진통.소염제,(주)킵스바이오파마,전문의약품,필름코팅정,D000280,Talniflumate,Talniflumate(탈니플루메이트),탈니플루메이트,트리메정(탈니플루메이트),20041115,200404864,[M081412]탈니플루메이트,[M081412]탈니플루메이트,단일,20210715,,,노인주의
20250212,흰색의 캅셀모양의 필름코팅정,01170,정신신경용제,알보젠코리아(주),전문의약품,필름코팅정,D000583,Quetiapine,Quetiapine(쿠에티아핀),쿠에티아핀,쎄로켈정300밀리그램(쿠에티아핀푸마르산염),20040812,200410325,[M228429]쿠에티아핀푸마르산염,[M228429]쿠에티아핀푸마르산염,단일,20210715,,,노인주의
20191101,황색의 타원형 필름코팅정제,01140,해열.진통.소염제,(주)휴온스,전문의약품,필름코팅정,D000081,Nabumetone,Nabumetone(나부메톤),나부메톤,휴메톤정(나부메톤),20041002,200410905,[M084590]나부메톤,[M084590]나부메톤,단일,20210715,,,노인주의
20190904,[내수용]황색의 타원형 필름코팅정제,01140,해열.진통.소염제,(주)테라젠이텍스,전문의약품,필름코팅정,D000081,Nabumetone,Nabumetone(나부메톤),나부메톤,이텍스나부메톤정500mg,20040909,200411208,[M084590]나부메톤,[M084590]나부메톤,단일,20210715,,,노인주의
20241212,연한 파란색의 타원형 필름코팅정,01140,해열.진통.소염제,(주)일화,일반의약품,필름코팅정,D000982,Naproxen,Naproxen(나프록센),나프록센,나프노펜정(나프록센나트륨),20050406,200500806,[M070724]나프록센나트륨,[M070724]나프록센나트륨,단일,20210715,,,노인주의
20240522,백색의 원형 필름코팅정제,01140,해열.진통.소염제,삼천당제약(주),전문의약품,필름코팅정,D000766,Zaltoprofen,Zaltoprofen(잘토프로펜),잘토프로펜,라보펜정(잘토프로펜),20050628,200500992,[M086829]잘토프로펜,[M086829]잘토프로펜,단일,20210715,,,노인주의
20231129,노란색의 장방형 필름코팅정,01170,정신신경용제,명인제약(주),전문의약품,필름코팅정,D000422,Risperidone,Risperidone(리스페리돈),리스페리돈,리스펜정3밀리그램(리스페리돈),20050928,200501163,[M086310]리스페리돈,[M086310]리스페리돈,단일,20210715,,,노인주의
20231129,(내수용) 장방형의 연한 오렌지색 필름코팅정제(수출용) 직사각형의 연한 오렌지색 필름코팅정제,01170,정신신경용제,(주)한국파마,전문의약품,필름코팅정,D000422,Risperidone,Risperidone(리스페리돈),리스페리돈,리스돈정(리스페리돈)(수출명:에스씨페르달정),20050216,200501530,[M086310]리스페리돈,[M086310]리스페리돈,단일,20210715,,,노인주의
20181008,주황색의 원형 필름코팅정제,01140,해열.진통.소염제,오스틴제약(주),전문의약품,필름코팅정,D000280,Talniflumate,Talniflumate(탈니플루메이트),탈니플루메이트,플루마겐정(탈니플루메이트),20050316,200501801,[M081412]탈니플루메이트,[M081412]탈니플루메이트,단일,20210715,,,노인주의
20190904,백색의 장방형 필름코팅정 ,01140,해열.진통.소염제,(주)바스칸바이오제약,전문의약품,필름코팅정,D000081,Nabumetone,Nabumetone(나부메톤),나부메톤,나톤정(나부메톤)(수출용),20050216,200502270,[M084590]나부메톤,[M084590]나부메톤,단일,20210715,,,노인주의
20240522,백색의 원형필름코팅정제,01140,해열.진통.소염제,(주)유영제약,전문의약품,필름코팅정,D000766,Zaltoprofen,Zaltoprofen(잘토프로펜),잘토프로펜,자이로펜정(잘토프로펜),20051026,200502711,[M086829]잘토프로펜,[M086829]잘토프로펜,단일,20210715,,,노인주의
20200205,황색의 장방형 필름코팅정제,01140,해열.진통.소염제,일양바이오팜(주),전문의약품,필름코팅정,D000081,Nabumetone,Nabumetone(나부메톤),나부메톤,일양바이오나부메톤정,20051230,200503783,[M084590]나부메톤,[M084590]나부메톤,단일,20210715,,,노인주의
20210325,흰색 또는 연한 회색의 분말이 든 상하부 흰색 경질 캡슐제,01170,정신신경용제,비아트리스코리아(주),전문의약품,"경질캡슐제, 산제",D000173,Ziprasidone,Ziprasidone(지프라시돈),지프라시돈,젤독스캡슐60밀리그램(지프라시돈염산염일수화물),20050412,200511055,[M251493]지프라시돈염산염 일수화물,[M251493]지프라시돈염산염 일수화물,단일,20210715,,,노인주의
20210325,"흰색 또는 연한 회색의 분말이 든 상부 청색, 하부 흰색의 경질 캡슐제",01170,정신신경용제,비아트리스코리아(주),전문의약품,"경질캡슐제, 산제",D000173,Ziprasidone,Ziprasidone(지프라시돈),지프라시돈,젤독스캡슐80밀리그램(지프라시돈염산염일수화물),20050412,200511056,[M251493]지프라시돈염산염 일수화물,[M251493]지프라시돈염산염 일수화물,단일,20210715,,,노인주의
20231129,장방형의 흰색 필름 코팅정제,01170,정신신경용제,일동제약(주),전문의약품,필름코팅정,D000422,Risperidone,Risperidone(리스페리돈),리스페리돈,리스프리정1밀리그램(리스페리돈),20060117,200600079,[M086310]리스페리돈,[M086310]리스페리돈,단일,20210715,,,노인주의
20241212,갈색 투명한 앰플에 무색투명한 액이 든 주사제,01140,해열.진통.소염제,(주)바이넥스,전문의약품,용액주사제,D000982,Naproxen,Naproxen(나프록센),나프록센,바이넥스나프록센나트륨주(수출용),20060308,200600131,[M070724]나프록센나트륨,[M070724]나프록센나트륨,단일,20210715,,,노인주의
20231129,적갈색의 장방형 필름코팅정,01170,정신신경용제,명인제약(주),전문의약품,필름코팅정,D000422,Risperidone,Risperidone(리스페리돈),리스페리돈,리스펜정0.5밀리그램(리스페리돈),20060208,200600248,[M086310]리스페리돈,[M086310]리스페리돈,단일,20210715,,,노인주의
20231129,장방형의 흰색 필름코팅제,01170,정신신경용제,(주)한국파마,전문의약품,필름코팅정,D000422,Risperidone,Risperidone(리스페리돈),리스페리돈,리스돈정1밀리그램(리스페리돈),20060313,200600344,[M086310]리스페리돈,[M086310]리스페리돈,단일,20210715,,,노인주의
20241212,백색-미백색의 장방형 필름코팅정제,01140,해열.진통.소염제,한국유니온제약(주),일반의약품,필름코팅정,D000982,Naproxen,Naproxen(나프록센),나프록센,나록펜정(나프록센나트륨)(수출용),20060727,200607905,[M070724]나프록센나트륨,[M070724]나프록센나트륨,단일,20210715,,,노인주의
20210325,흰색 내지 연한 회색의 가루가 든 상하부 청색캡슐,01170,정신신경용제,비아트리스코리아(주),전문의약품,"경질캡슐제, 산제",D000173,Ziprasidone,Ziprasidone(지프라시돈),지프라시돈,젤독스캡슐40밀리그램(지프라시돈염산염일수화물),20061107,200610661,[M251493]지프라시돈염산염 일수화물,[M251493]지프라시돈염산염 일수화물,단일,20210715,,,노인주의
20190930,황색의 타원형 필름코팅정,01140,해열.진통.소염제,(주)중헌제약,전문의약품,필름코팅정,D000081,Nabumetone,Nabumetone(나부메톤),나부메톤,나메린정(나부메톤),20061212,200611329,[M084590]나부메톤,[M084590]나부메톤,단일,20210715,,,노인주의
20250212,노란색의 원형 필름코팅정제,01170,정신신경용제,환인제약(주),전문의약품,필름코팅정,D000583,Quetiapine,Quetiapine(쿠에티아핀),쿠에티아핀,쿠에타핀정100밀리그램(쿠에티아핀푸마르산염),20070131,200701406,[M228429]쿠에티아핀푸마르산염,[M228429]쿠에티아핀푸마르산염,단일,20210715,,,노인주의
20231129,연한 노란색의 장방형 필름코팅정제,01170,정신신경용제,환인제약(주),전문의약품,필름코팅정,D000422,Risperidone,Risperidone(리스페리돈),리스페리돈,리페리돈정3밀리그램(리스페리돈),20070221,200702255,[M086310]리스페리돈,[M086310]리스페리돈,단일,20210715,,,노인주의
20240522,흰색의 원형 필름코팅정제,01140,해열.진통.소염제,대화제약(주),전문의약품,필름코팅정,D000766,Zaltoprofen,Zaltoprofen(잘토프로펜),잘토프로펜,잘트론정(잘토프로펜),20070228,200702615,[M086829]잘토프로펜,[M086829]잘토프로펜,단일,20210715,,,노인주의
20250212,노란색의 원형 필름코팅정,01170,정신신경용제,영진약품(주),전문의약품,필름코팅정,D000583,Quetiapine,Quetiapine(쿠에티아핀),쿠에티아핀,쿠티아핀정100밀리그램(쿠에티아핀푸마르산염),20070420,200704587,[M228429]쿠에티아핀푸마르산염,[M228429]쿠에티아핀푸마르산염,단일,20210715,,,노인주의
20240522,담황색 원형정제,01140,해열.진통.소염제,대원제약(주),전문의약품,나정,D000206,Pelubiprofen,Pelubiprofen(펠루비프로펜),펠루비프로펜,펠루비정(펠루비프로펜),20070420,200704590,[M210533]펠루비프로펜,[M210533]펠루비프로펜,단일,20210715,,,노인주의
20250212,노란색의 원형필름코팅정,01170,정신신경용제,(주)한국파마,전문의약품,필름코팅정,D000583,Quetiapine,Quetiapine(쿠에티아핀),쿠에티아핀,쿠에티정100밀리그램(쿠에티아핀푸마르산염),20070420,200704617,[M228429]쿠에티아핀푸마르산염,[M228429]쿠에티아핀푸마르산염,단일,20210715,,,노인주의
20250212,노란색의 원형 필름코팅정,01170,정신신경용제,명문제약(주),전문의약품,필름코팅정,D000583,Quetiapine,Quetiapine(쿠에티아핀),쿠에티아핀,명문쿠에티아핀정(쿠에티아핀푸마르산염),20070420,200704618,[M228429]쿠에티아핀푸마르산염,[M228429]쿠에티아핀푸마르산염,단일,20210715,,,노인주의
20250212,노란색의 원형필름코팅정,01170,정신신경용제,한림제약(주),전문의약품,필름코팅정,D000583,Quetiapine,Quetiapine(쿠에티아핀),쿠에티아핀,카세핀정100밀리그램(쿠에티아핀푸마르산염),20070420,200704619,[M228429]쿠에티아핀푸마르산염,[M228429]쿠에티아핀푸마르산염,단일,20210715,,,노인주의
20241212,청색의 타원형 필름코팅정,01140,해열.진통.소염제,한국코러스(주),일반의약품,필름코팅정,D000982,Naproxen,Naproxen(나프록센),나프록센,다나프록센정(나프록센나트륨)(수출용),20070511,200705433,[M070724]나프록센나트륨,[M070724]나프록센나트륨,단일,20210715,,,노인주의
20250212,노란색의 원형 필름코팅정,01170,정신신경용제,명인제약(주),전문의약품,필름코팅정,D000583,Quetiapine,Quetiapine(쿠에티아핀),쿠에티아핀,큐로켈정100밀리그램(쿠에티아핀푸마르산염),20070828,200709901,[M228429]쿠에티아핀푸마르산염,[M228429]쿠에티아핀푸마르산염,단일,20210715,,,노인주의
20241212,무색 내지 연한 청록색의 내용물을 함유한 연청록색의 투명한 타원형 연질캡슐,01140,해열.진통.소염제,(주)녹십자,일반의약품,"연질캡슐제, 액상",D000982,Naproxen,Naproxen(나프록센),나프록센,탁센연질캡슐(나프록센),20070927,200710782,[M050116]나프록센,[M050116]나프록센,단일,20210715,,,노인주의
20231129,이 약은 장방형의 오렌지색 필름코팅정이다.,01170,정신신경용제,제일약품(주),전문의약품,필름코팅정,D000422,Risperidone,Risperidone(리스페리돈),리스페리돈,리소페린정2밀리그램(리스페리돈),20071009,200711206,[M086310]리스페리돈,[M086310]리스페리돈,단일,20210715,,,노인주의
20250212,흰색 캡슐모양의 양면이 볼록한 필름코팅정,01170,정신신경용제,알보젠코리아(주),전문의약품,서방성필름코팅정,D000583,Quetiapine,Quetiapine(쿠에티아핀),쿠에티아핀,"쎄로켈서방정400밀리그램(쿠에티아핀푸마르산염
)",20071130,200712979,[M228429]쿠에티아핀푸마르산염,[M228429]쿠에티아핀푸마르산염,단일,20210715,,,노인주의
20250212,연한 노랑색 캡슐모양의 양면이 볼록한 필름코팅정,01170,정신신경용제,알보젠코리아(주),전문의약품,서방성필름코팅정,D000583,Quetiapine,Quetiapine(쿠에티아핀),쿠에티아핀,"쎄로켈서방정300밀리그램(쿠에티아핀푸마르산염
)",20071130,200712980,[M228429]쿠에티아핀푸마르산염,[M228429]쿠에티아핀푸마르산염,단일,20210715,,,노인주의
20250212,분홍색 캡슐모양의 양면이 볼록한 필름코팅정,01170,정신신경용제,알보젠코리아(주),전문의약품,서방성필름코팅정,D000583,Quetiapine,Quetiapine(쿠에티아핀),쿠에티아핀,쎄로켈서방정50밀리그램(쿠에티아핀푸마르산염),20071130,200712981,[M228429]쿠에티아핀푸마르산염,[M228429]쿠에티아핀푸마르산염,단일,20210715,,,노인주의
20250212,노란색 캡슐모양의 양면이 볼록한 필름코팅정,01170,정신신경용제,알보젠코리아(주),전문의약품,서방성필름코팅정,D000583,Quetiapine,Quetiapine(쿠에티아핀),쿠에티아핀,쎄로켈서방정200밀리그램(쿠에티아핀푸마르산염),20071130,200712982,[M228429]쿠에티아핀푸마르산염,[M228429]쿠에티아핀푸마르산염,단일,20210715,,,노인주의
20240522,엷은 황색의 용액이 든 갈색 앰플,01140,해열.진통.소염제,대한약품공업(주),전문의약품,용액주사제,D000983,Piroxicam,Piroxicam(피록시캄),피록시캄,대한피록시캄주,20071231,200713905,[M071634]피록시캄/[M071634]피록시캄,[M071634]피록시캄/[M071634]피록시캄,단일,20210715,,,노인주의
20250212,흰색의 원형 필름코팅정제,01170,정신신경용제,환인제약(주),전문의약품,필름코팅정,D000583,Quetiapine,Quetiapine(쿠에티아핀),쿠에티아핀,쿠에타핀정200밀리그램(쿠에티아핀푸마르산염),20080220,200802022,[M228429]쿠에티아핀푸마르산염,[M228429]쿠에티아핀푸마르산염,단일,20210715,,,노인주의
20250212,주황색의 원형 필름코팅정제,01170,정신신경용제,환인제약(주),전문의약품,필름코팅정,D000583,Quetiapine,Quetiapine(쿠에티아핀),쿠에티아핀,쿠에타핀정25밀리그램(쿠에티아핀푸마르산염),20080220,200802023,[M228429]쿠에티아핀푸마르산염,[M228429]쿠에티아핀푸마르산염,단일,20210715,,,노인주의
20190130,주황색의 원형 필름코팅정,01140,해열.진통.소염제,대웅바이오(주),전문의약품,필름코팅정,D000280,Talniflumate,Talniflumate(탈니플루메이트),탈니플루메이트,베아겐정(탈니플루메이트),20080226,200802218,[M081412]탈니플루메이트,[M081412]탈니플루메이트,단일,20210715,,,노인주의
20240522,흰색의 원형 필름코팅정제,01140,해열.진통.소염제,(주)한국피엠지제약,전문의약품,필름코팅정,D000766,Zaltoprofen,Zaltoprofen(잘토프로펜),잘토프로펜,유러펜정(잘토프로펜),20080229,200802328,[M086829]잘토프로펜,[M086829]잘토프로펜,단일,20210715,,,노인주의
20250212,흰색의 원형 필름코팅정,01170,정신신경용제,한림제약(주),전문의약품,필름코팅정,D000583,Quetiapine,Quetiapine(쿠에티아핀),쿠에티아핀,카세핀정200밀리그램(쿠에티아핀푸마르산염),20080625,200807036,[M228429]쿠에티아핀푸마르산염,[M228429]쿠에티아핀푸마르산염,단일,20210715,,,노인주의
20250212,분홍색의 원형 필름코팅정,01170,정신신경용제,영진약품(주),전문의약품,필름코팅정,D000583,Quetiapine,Quetiapine(쿠에티아핀),쿠에티아핀,쿠티아핀정25밀리그램(쿠에티아핀푸마르산염),20080625,200807037,[M228429]쿠에티아핀푸마르산염,[M228429]쿠에티아핀푸마르산염,단일,20210715,,,노인주의
20250212,흰색의 원형 필름코팅정,01170,정신신경용제,명문제약(주),전문의약품,필름코팅정,D000583,Quetiapine,Quetiapine(쿠에티아핀),쿠에티아핀,명문쿠에티아핀정200밀리그램(쿠에티아핀푸마르산염),20080625,200807038,[M228429]쿠에티아핀푸마르산염,[M228429]쿠에티아핀푸마르산염,단일,20210715,,,노인주의
20250212,흰색의 원형 필름코팅정,01170,정신신경용제,(주)한국파마,전문의약품,필름코팅정,D000583,Quetiapine,Quetiapine(쿠에티아핀),쿠에티아핀,쿠에티정200밀리그램(쿠에티아핀푸마르산염),20080625,200807040,[M228429]쿠에티아핀푸마르산염,[M228429]쿠에티아핀푸마르산염,단일,20210715,,,노인주의
20250212,분홍색의 원형 필름코팅정,01170,정신신경용제,명문제약(주),전문의약품,필름코팅정,D000583,Quetiapine,Quetiapine(쿠에티아핀),쿠에티아핀,명문쿠에티아핀정25밀리그램(쿠에티아핀푸마르산염),20080625,200807041,[M228429]쿠에티아핀푸마르산염,[M228429]쿠에티아핀푸마르산염,단일,20210715,,,노인주의
20250212,분홍색의 원형 필름코팅정,01170,정신신경용제,(주)한국파마,전문의약품,필름코팅정,D000583,Quetiapine,Quetiapine(쿠에티아핀),쿠에티아핀,쿠에티정25밀리그램(쿠에티아핀푸마르산염),20080625,200807043,[M228429]쿠에티아핀푸마르산염,[M228429]쿠에티아핀푸마르산염,단일,20210715,,,노인주의
20250212,흰색의 원형 필름코팅정,01170,정신신경용제,영진약품(주),전문의약품,필름코팅정,D000583,Quetiapine,Quetiapine(쿠에티아핀),쿠에티아핀,쿠티아핀정200밀리그램(쿠에티아핀푸마르산염),20080625,200807044,[M228429]쿠에티아핀푸마르산염,[M228429]쿠에티아핀푸마르산염,단일,20210715,,,노인주의
20250212,분홍색의 원형 필름코팅정,01170,정신신경용제,한림제약(주),전문의약품,필름코팅정,D000583,Quetiapine,Quetiapine(쿠에티아핀),쿠에티아핀,카세핀정25밀리그램(쿠에티아핀푸마르산염),20080625,200807045,[M228429]쿠에티아핀푸마르산염,[M228429]쿠에티아핀푸마르산염,단일,20210715,,,노인주의
20201221,흰색의 원형 필름코팅정,01170,정신신경용제,(주)종근당,전문의약품,필름코팅정,D000357,Olanzapine,Olanzapine(올란자핀),올란자핀,싸이렉사정10밀리그램(올란자핀)(수출용),20080722,200808004,[M089222]올란자핀,[M089222]올란자핀,단일,20210715,,,노인주의
20191023,녹색의 장방형 정제(각인 A-006 2),01170,정신신경용제,한국오츠카제약(주),전문의약품,나정,D000451,Aripiprazole,Aripiprazole(아리피프라졸),아리피프라졸,아빌리파이정2밀리그램(아리피프라졸),20080806,200808451,[M096829]아리피프라졸,[M096829]아리피프라졸,단일,20210715,,,노인주의
20250212,흰색의 장방형의 필름코팅정제,01170,정신신경용제,환인제약(주),전문의약품,필름코팅정,D000583,Quetiapine,Quetiapine(쿠에티아핀),쿠에티아핀,쿠에타핀정300밀리그램(쿠에티아핀푸마르산염),20080818,200808790,[M228429]쿠에티아핀푸마르산염,[M228429]쿠에티아핀푸마르산염,단일,20210715,,,노인주의
20250212,노란색의 원형 필름코팅정,01170,정신신경용제,일동제약(주),전문의약품,필름코팅정,D000583,Quetiapine,Quetiapine(쿠에티아핀),쿠에티아핀,큐티핀정100밀리그램(쿠에티아핀푸마르산염),20080828,200809073,[M243782]쿠에티아핀푸마르산염,[M243782]쿠에티아핀푸마르산염,단일,20210715,,,노인주의
20250212,흰색의 원형 필름코팅정,01170,정신신경용제,일동제약(주),전문의약품,필름코팅정,D000583,Quetiapine,Quetiapine(쿠에티아핀),쿠에티아핀,큐티핀정200밀리그램(쿠에티아핀푸마르산염),20080828,200809074,[M228429]쿠에티아핀푸마르산염,[M228429]쿠에티아핀푸마르산염,단일,20210715,,,노인주의
20250212,흰색의 장방형 필름코팅정,01170,정신신경용제,(주)한국파마,전문의약품,필름코팅정,D000583,Quetiapine,Quetiapine(쿠에티아핀),쿠에티아핀,쿠에티정300밀리그램(쿠에티아핀푸마르산염),20080828,200809077,[M228429]쿠에티아핀푸마르산염,[M228429]쿠에티아핀푸마르산염,단일,20210715,,,노인주의
20250212,흰색의 장방형 필름코팅정,01170,정신신경용제,명문제약(주),전문의약품,필름코팅정,D000583,Quetiapine,Quetiapine(쿠에티아핀),쿠에티아핀,명문쿠에티아핀정300밀리그램(쿠에티아핀푸마르산염),20080828,200809080,[M228429]쿠에티아핀푸마르산염,[M228429]쿠에티아핀푸마르산염,단일,20210715,,,노인주의
20250212,흰색의 장방형 필름코팅정,01170,정신신경용제,한림제약(주),전문의약품,필름코팅정,D000583,Quetiapine,Quetiapine(쿠에티아핀),쿠에티아핀,카세핀정300밀리그램(쿠에티아핀푸마르산염),20080828,200809081,[M228429]쿠에티아핀푸마르산염,[M228429]쿠에티아핀푸마르산염,단일,20210715,,,노인주의
20191209,흰색의 원형 필름코팅정,01170,정신신경용제,명인제약(주),전문의약품,필름코팅정,D000357,Olanzapine,Olanzapine(올란자핀),올란자핀,뉴로자핀정5밀리그램(올란자핀),20080910,200809388,[M089222]올란자핀,[M089222]올란자핀,단일,20210715,,,노인주의
20200226,흰색 혹은 연한 회색의 원형 필름코팅정제,01170,정신신경용제,환인제약(주),전문의약품,필름코팅정,D000357,Olanzapine,Olanzapine(올란자핀),올란자핀,자이레핀정10밀리그램(올란자핀),20081020,200810513,[M089222]올란자핀,[M089222]올란자핀,단일,20210715,,,노인주의
20250212,분홍색의 원형필름코팅정제,01170,정신신경용제,한미약품(주),전문의약품,필름코팅정,D000583,Quetiapine,Quetiapine(쿠에티아핀),쿠에티아핀,스무디핀정25밀리그램(쿠에티아핀푸마르산염),20081029,200810702,[M228429]쿠에티아핀푸마르산염,[M228429]쿠에티아핀푸마르산염,단일,20210715,,,노인주의
20250212,백색의 원형필름코팅정제,01170,정신신경용제,한미약품(주),전문의약품,필름코팅정,D000583,Quetiapine,Quetiapine(쿠에티아핀),쿠에티아핀,스무디핀정200밀리그램(쿠에티아핀푸마르산염),20081029,200810703,[M243782]쿠에티아핀푸마르산염,[M243782]쿠에티아핀푸마르산염,단일,20210715,,,노인주의
20190911,크림색의 장방형 정제,01140,해열.진통.소염제,맥널티제약(주),전문의약품,나정,D000321,Morniflumate,Morniflumate(모니플루메이트),모니플루메이트,모니맥정(모니플루메이트),20090106,200900193,[M092795]모니플루메이트,[M092795]모니플루메이트,단일,20210715,,,노인주의
20191104,크림색의 장방형 정제,01140,해열.진통.소염제,(주)테라젠이텍스,전문의약품,나정,D000321,Morniflumate,Morniflumate(모니플루메이트),모니플루메이트,모니필정350밀리그램(모니플루메이트),20090106,200900194,[M092795]모니플루메이트,[M092795]모니플루메이트,단일,20210715,,,노인주의
20190927,크림색의 타원형 정제,01140,해열.진통.소염제,알리코제약(주),전문의약품,나정,D000321,Morniflumate,Morniflumate(모니플루메이트),모니플루메이트,모니메르정(모니플루메이트),20090106,200900195,[M092795]모니플루메이트,[M092795]모니플루메이트,단일,20210715,,,노인주의
20200701,크림색의 타원형 정제,01140,해열.진통.소염제,(주)하원제약,전문의약품,나정,D000321,Morniflumate,Morniflumate(모니플루메이트),모니플루메이트,모니트정350밀리그램(모니플루메이트),20090106,200900196,[M092795]모니플루메이트,[M092795]모니플루메이트,단일,20210715,,,노인주의
20241212,연한 파란색의 타원형 필름코팅정,01140,해열.진통.소염제,한솔신약(주),일반의약품,필름코팅정,D000982,Naproxen,Naproxen(나프록센),나프록센,엔에이피정(나프록센나트륨),20090209,200901148,[M070724]나프록센나트륨,[M070724]나프록센나트륨,단일,20210715,,,노인주의
20210131,흰색의 원형 필름코팅 정제,01170,정신신경용제,삼일제약(주),전문의약품,필름코팅정,D000357,Olanzapine,Olanzapine(올란자핀),올란자핀,산도스올란자핀정10밀리그램,20090428,200903065,[M089222]올란자핀,[M089222]올란자핀,단일,20210715,,,노인주의
20210131,흰색의 원형 필름코팅정제,01170,정신신경용제,삼일제약(주),전문의약품,필름코팅정,D000357,Olanzapine,Olanzapine(올란자핀),올란자핀,산도스올란자핀정5밀리그램,20090428,200903067,[M089222]올란자핀,[M089222]올란자핀,단일,20210715,,,노인주의
20210131,흰색의 원형 필름코팅정제,01170,정신신경용제,삼일제약(주),전문의약품,필름코팅정,D000357,Olanzapine,Olanzapine(올란자핀),올란자핀,산도스올란자핀정2.5밀리그램,20090430,200903078,[M089222]올란자핀,[M089222]올란자핀,단일,20210715,,,노인주의
20110415,알콜냄새가 나는 황색투명한 겔제,02640,진통.진양.수렴.소염제,(주)에이프로젠바이오로직스,일반의약품,피부용겔제,D000983,Piroxicam,Piroxicam(피록시캄),피록시캄,멕시캄겔(피록시캄),20090716,200905544,[M071634]피록시캄,[M071634]피록시캄,단일,20210715,,,노인주의
20250212,흰색 캡슐모양의 양면이 볼록한 필름코팅정,01170,정신신경용제,알보젠코리아(주),전문의약품,서방성필름코팅정,D000583,Quetiapine,Quetiapine(쿠에티아핀),쿠에티아핀,쎄로켈서방정150밀리그램(쿠에티아핀푸마르산염),20090904,200906719,[M228429]쿠에티아핀푸마르산염,[M228429]쿠에티아핀푸마르산염,단일,20210715,,,노인주의
20191202,흰색의 원형 필름코팅정,01170,정신신경용제,현대약품(주),전문의약품,필름코팅정,D000357,Olanzapine,Olanzapine(올란자핀),올란자핀,올라핀정5밀리그램(올란자핀),20091030,200907811,[M089222]올란자핀,[M089222]올란자핀,단일,20210715,,,노인주의
20190930,흰색의 원형 필름코팅정,01170,정신신경용제,현대약품(주),전문의약품,필름코팅정,D000357,Olanzapine,Olanzapine(올란자핀),올란자핀,올라핀정10밀리그램(올란자핀),20091030,200907819,[M089222]올란자핀,[M089222]올란자핀,단일,20210715,,,노인주의
20231129, 장방형의 흰색 필름코팅정,01170,정신신경용제,제일약품(주),전문의약품,필름코팅정,D000422,Risperidone,Risperidone(리스페리돈),리스페리돈,리소페린정1mg(리스페리돈),20091224,200909125,[M086310]리스페리돈,[M086310]리스페리돈,단일,20210715,,,노인주의
20191218,흰색의 원형 필름코팅정,01170,정신신경용제,(주)종근당,전문의약품,필름코팅정,D000357,Olanzapine,Olanzapine(올란자핀),올란자핀,싸이렉사정5밀리그램(올란자핀)(수출용),20091224,200909126,[M089222]올란자핀,[M089222]올란자핀,단일,20210715,,,노인주의
20250212,분홍색의 원형 필름코팅정,01170,정신신경용제,명인제약(주),전문의약품,필름코팅정,D000583,Quetiapine,Quetiapine(쿠에티아핀),쿠에티아핀,큐로켈정25밀리그램(쿠에티아핀푸마르산염),20100225,201001699,[M228429]쿠에티아핀푸마르산염,[M228429]쿠에티아핀푸마르산염,단일,20210715,,,노인주의
20190904,엷은 녹황색의 투명한 액이 든 갈색 앰플제,01140,해열.진통.소염제,(주)오스코리아제약,전문의약품,용액주사제,D000983,Piroxicam,Piroxicam(피록시캄),피록시캄,티로캄주(피록시캄칼륨)(수출용),20100226,201001742,[M084084]피록시캄칼륨,[M084084]피록시캄칼륨,단일,20210715,,,노인주의
20191209,흰색의 원형 필름코팅정,01170,정신신경용제,명인제약(주),전문의약품,필름코팅정,D000357,Olanzapine,Olanzapine(올란자핀),올란자핀,뉴로자핀정10밀리그램(올란자핀),20100331,201002395,[M089222]올란자핀,[M089222]올란자핀,단일,20210715,,,노인주의
20191209,흰색의 원형 필름코팅정,01170,정신신경용제,명인제약(주),전문의약품,필름코팅정,D000357,Olanzapine,Olanzapine(올란자핀),올란자핀,뉴로자핀정2.5밀리그램(올란자핀),20100331,201002396,[M089222]올란자핀,[M089222]올란자핀,단일,20210715,,,노인주의
20200317,흰색의 원형 필름코팅정제,01170,정신신경용제,한림제약(주),전문의약품,필름코팅정,D000357,Olanzapine,Olanzapine(올란자핀),올란자핀,자이자핀정10밀리그램(올란자핀),20100421,201002996,[M089222]올란자핀,[M089222]올란자핀,단일,20210715,,,노인주의
20250212,흰색의 원형 필름코팅정,01170,정신신경용제,명인제약(주),전문의약품,필름코팅정,D000583,Quetiapine,Quetiapine(쿠에티아핀),쿠에티아핀,큐로켈정200밀리그램(쿠에티아핀푸마르산염),20100423,201003049,[M228429]쿠에티아핀푸마르산염,[M228429]쿠에티아핀푸마르산염,단일,20210715,,,노인주의
20190904,[제법1] 주황색의 장방형 필름코팅정[제법2] 주황색의 타원형 필름코팅정,01140,해열.진통.소염제,(주)동구바이오제약,전문의약품,필름코팅정,D000081,Nabumetone,Nabumetone(나부메톤),나부메톤,선탭정(나부메톤)(수출용),20100520,201003612,[M084590]나부메톤/[M084590]나부메톤,[M084590]나부메톤/[M084590]나부메톤,단일,20210715,,,노인주의
20191016,분홍색의 장방형 정제,01170,정신신경용제,현대약품(주),전문의약품,나정,D000451,Aripiprazole,Aripiprazole(아리피프라졸),아리피프라졸,아빌라핀정10밀리그램(아리피프라졸(미분화)),20100526,201003710,[M096829]아리피프라졸,[M096829]아리피프라졸,단일,20210715,,,노인주의
20200205,흰색 내지 연한 노란색의 장타원형 정제,01140,해열.진통.소염제,경동제약(주),전문의약품,나정,D000321,Morniflumate,Morniflumate(모니플루메이트),모니플루메이트,모니메이트정(모니플루메이트),20100629,201004230,[M092795]모니플루메이트,[M092795]모니플루메이트,단일,20210715,,,노인주의
20200217,흰색 내지 연한 노란색의 장타원형 정제,01140,해열.진통.소염제,광동제약(주),전문의약품,나정,D000321,Morniflumate,Morniflumate(모니플루메이트),모니플루메이트,모니큐정(모니플루메이트)(수출용),20100630,201004243,[M092795]모니플루메이트,[M092795]모니플루메이트,단일,20210715,,,노인주의
20201015,흰색 내지 미백색의 장방형 정제,01140,해열.진통.소염제,제이더블유신약(주),전문의약품,나정,D000321,Morniflumate,Morniflumate(모니플루메이트),모니플루메이트,모딤정350밀리그램(모니플루메이트),20100630,201004257,[M092795]모니플루메이트,[M092795]모니플루메이트,단일,20210715,,,노인주의
20200327,흰색의 원형 필름코팅정,01170,정신신경용제,에이치케이이노엔(주),전문의약품,필름코팅정,D000357,Olanzapine,Olanzapine(올란자핀),올란자핀,에이프렉사정10밀리그램(올란자핀),20100715,201004538,[M089222]올란자핀,[M089222]올란자핀,단일,20210715,,,노인주의
20201029,흰색 내지 미백색의 현탁액이 투명한 플라스틱 프리필드시린지에 든 서방형 주사제,01170,정신신경용제,(주)한국얀센,전문의약품,서방성현탁액성주사제,D000491,Paliperidone,Paliperidone(팔리페리돈),팔리페리돈,인베가서스티나주사39mg(팔리페리돈팔미테이트),20100726,201004688,[M250479]팔리페리돈팔미테이트,[M250479]팔리페리돈팔미테이트,단일,20210715,,,노인주의
20201029,흰색 내지 미백색의 현탁액이 투명한 플라스틱 프리필드시린지에 든 서방형 주사제,01170,정신신경용제,(주)한국얀센,전문의약품,서방성현탁액성주사제,D000491,Paliperidone,Paliperidone(팔리페리돈),팔리페리돈,인베가서스티나주사78mg(팔리페리돈팔미테이트),20100726,201004689,[M250479]팔리페리돈팔미테이트,[M250479]팔리페리돈팔미테이트,단일,20210715,,,노인주의
20201029,흰색 내지 미백색의 현탁액이 투명한 플라스틱 프리필드시린지에 든 서방형 주사제,01170,정신신경용제,(주)한국얀센,전문의약품,서방성현탁액성주사제,D000491,Paliperidone,Paliperidone(팔리페리돈),팔리페리돈,인베가서스티나주사117mg(팔리페리돈팔미테이트),20100726,201004690,[M250479]팔리페리돈팔미테이트,[M250479]팔리페리돈팔미테이트,단일,20210715,,,노인주의
20201029,흰색 내지 미백색의 현탁액이 투명한 플라스틱 프리필드시린지에 든 서방형 주사제,01170,정신신경용제,(주)한국얀센,전문의약품,서방성현탁액성주사제,D000491,Paliperidone,Paliperidone(팔리페리돈),팔리페리돈,인베가서스티나주사156mg(팔리페리돈팔미테이트),20100726,201004691,[M250479]팔리페리돈팔미테이트,[M250479]팔리페리돈팔미테이트,단일,20210715,,,노인주의
20201029,흰색 내지  미백색의 현탁액이 투명한 플라스틱 프리필드시린지에 든 서방형 주사제,01170,정신신경용제,(주)한국얀센,전문의약품,서방성현탁액성주사제,D000491,Paliperidone,Paliperidone(팔리페리돈),팔리페리돈,인베가서스티나주사234mg(팔리페리돈팔미테이트),20100726,201004692,[M250479]팔리페리돈팔미테이트,[M250479]팔리페리돈팔미테이트,단일,20210715,,,노인주의
20191016,청색의 원형 정제,01170,정신신경용제,현대약품(주),전문의약품,나정,D000451,Aripiprazole,Aripiprazole(아리피프라졸),아리피프라졸,아빌라핀정5밀리그램(아리피프라졸(미분화)),20100824,201005133,[M096829]아리피프라졸,[M096829]아리피프라졸,단일,20210715,,,노인주의
20191016,황색의 원형 정제,01170,정신신경용제,현대약품(주),전문의약품,나정,D000451,Aripiprazole,Aripiprazole(아리피프라졸),아리피프라졸,아빌라핀정15밀리그램(아리피프라졸(미분화)),20100824,201005134,[M096829]아리피프라졸,[M096829]아리피프라졸,단일,20210715,,,노인주의
20250212,흰색의 타원형 필름코팅정,01170,정신신경용제,명인제약(주),전문의약품,필름코팅정,D000583,Quetiapine,Quetiapine(쿠에티아핀),쿠에티아핀,큐로켈정300밀리그램(쿠에티아핀푸마르산염),20100927,201005685,[M228429]쿠에티아핀푸마르산염,[M228429]쿠에티아핀푸마르산염,단일,20210715,,,노인주의
20200327,흰색의 원형 필름코팅정,01170,정신신경용제,에이치케이이노엔(주),전문의약품,필름코팅정,D000357,Olanzapine,Olanzapine(올란자핀),올란자핀,에이프렉사정2.5밀리그램(올란자핀),20101022,201006442,[M089222]올란자핀,[M089222]올란자핀,단일,20210715,,,노인주의
20200327,흰색의 원형 필름코팅정,01170,정신신경용제,에이치케이이노엔(주),전문의약품,필름코팅정,D000357,Olanzapine,Olanzapine(올란자핀),올란자핀,에이프렉사정5밀리그램(올란자핀),20101022,201006443,[M089222]올란자핀,[M089222]올란자핀,단일,20210715,,,노인주의
20190703,황색의 원형 정제,01170,정신신경용제,(주)종근당,전문의약품,나정,D000451,Aripiprazole,Aripiprazole(아리피프라졸),아리피프라졸,싸이파이정15밀리그램(아리피프라졸)(수출용),20101111,201006796,[M096829]아리피프라졸,[M096829]아리피프라졸,단일,20210715,,,노인주의
20190703,청색의 장방형 정제,01170,정신신경용제,(주)종근당,전문의약품,나정,D000451,Aripiprazole,Aripiprazole(아리피프라졸),아리피프라졸,싸이파이정5밀리그램(아리피프라졸)(수출용),20101111,201006797,[M096829]아리피프라졸,[M096829]아리피프라졸,단일,20210715,,,노인주의
20190703,분홍색의 장방형 정제,01170,정신신경용제,(주)종근당,전문의약품,나정,D000451,Aripiprazole,Aripiprazole(아리피프라졸),아리피프라졸,싸이파이정10밀리그램(아리피프라졸)(수출용),20101111,201006798,[M096829]아리피프라졸,[M096829]아리피프라졸,단일,20210715,,,노인주의
20200226,흰색 혹은 연한 회색의 원형필름코팅정제,01170,정신신경용제,환인제약(주),전문의약품,필름코팅정,D000357,Olanzapine,Olanzapine(올란자핀),올란자핀,자이레핀정5밀리그램(올란자핀),20101129,201007233,[M089222]올란자핀,[M089222]올란자핀,단일,20210715,,,노인주의
20200226,흰색 혹은 연한 회색의 원형필름코팅정제,01170,정신신경용제,환인제약(주),전문의약품,필름코팅정,D000357,Olanzapine,Olanzapine(올란자핀),올란자핀,자이레핀정2.5밀리그램(올란자핀),20101129,201007234,[M089222]올란자핀,[M089222]올란자핀,단일,20210715,,,노인주의
20200228,흰색의 원형 필름코팅정,01170,정신신경용제,한림제약(주),전문의약품,필름코팅정,D000357,Olanzapine,Olanzapine(올란자핀),올란자핀,자이자핀정5밀리그램(올란자핀),20101230,201007770,[M089222]올란자핀,[M089222]올란자핀,단일,20210715,,,노인주의
20191028,무색-미황색의 용액을 함유한 갈색 앰플제임,01140,해열.진통.소염제,명인제약(주),전문의약품,용액주사제,D000983,Piroxicam,Piroxicam(피록시캄),피록시캄,일라탐주(피록시캄)(수출용),20110111,201100130,[M071634]피록시캄,[M071634]피록시캄,단일,20210715,,,노인주의
20170901,연한 노란색의 원형 구강붕해정,01170,정신신경용제,고려제약(주),전문의약품,구강붕해정,D000357,Olanzapine,Olanzapine(올란자핀),올란자핀,자이피스오디정 10밀리그램(올란자핀),20110304,201101116,[M089222]올란자핀,[M089222]올란자핀,단일,20210715,,,노인주의
20200131,흰색의 원형 필름코팅정,01170,정신신경용제,동화약품(주),전문의약품,필름코팅정,D000357,Olanzapine,Olanzapine(올란자핀),올란자핀,올자핀정10밀리그램(올란자핀),20110331,201101853,[M089222]올란자핀,[M089222]올란자핀,단일,20210715,,,노인주의
20241212,청색의 장방형 필름코팅정제,01140,해열.진통.소염제,한국코러스(주),전문의약품,필름코팅정,D000982,Naproxen,Naproxen(나프록센),나프록센,코러스나프록센나트륨정550밀리그람(수출용),20110412,201102151,[M070724]나프록센나트륨,[M070724]나프록센나트륨,단일,20210715,,,노인주의
20200108,노랑색의 원형 정제,01170,정신신경용제,환인제약(주),전문의약품,나정,D000451,Aripiprazole,Aripiprazole(아리피프라졸),아리피프라졸,아리피졸정15밀리그램(아리피프라졸),20110422,201102476,[M096829]아리피프라졸,[M096829]아리피프라졸,단일,20210715,,,노인주의
20200108,분홍색의 장방형 정제,01170,정신신경용제,환인제약(주),전문의약품,나정,D000451,Aripiprazole,Aripiprazole(아리피프라졸),아리피프라졸,아리피졸정10밀리그램(아리피프라졸),20110422,201102477,[M096829]아리피프라졸,[M096829]아리피프라졸,단일,20210715,,,노인주의
20200716,흰색의 원형 필름코팅정,01170,정신신경용제,동화약품(주),전문의약품,필름코팅정,D000357,Olanzapine,Olanzapine(올란자핀),올란자핀,올자핀정2.5밀리그램(올란자핀),20110426,201102619,[M089222]올란자핀,[M089222]올란자핀,단일,20210715,,,노인주의
20200716,흰색의 원형 필름코팅정,01170,정신신경용제,동화약품(주),전문의약품,필름코팅정,D000357,Olanzapine,Olanzapine(올란자핀),올란자핀,올자핀정5밀리그램(올란자핀),20110429,201102755,[M089222]올란자핀,[M089222]올란자핀,단일,20210715,,,노인주의
20210107,노란색의 원형 정제,01170,정신신경용제,명인제약(주),전문의약품,나정,D000451,Aripiprazole,Aripiprazole(아리피프라졸),아리피프라졸,레피졸정15밀리그램(아리피프라졸),20110628,201103996,[M096829]아리피프라졸,[M096829]아리피프라졸,단일,20210715,,,노인주의
20210107,분홍색의 장방형 정제,01170,정신신경용제,명인제약(주),전문의약품,나정,D000451,Aripiprazole,Aripiprazole(아리피프라졸),아리피프라졸,레피졸정10밀리그램(아리피프라졸),20110922,201106954,[M096829]아리피프라졸,[M096829]아리피프라졸,단일,20210715,,,노인주의
20200109,청색의 장방형 정제,01170,정신신경용제,명인제약(주),전문의약품,나정,D000451,Aripiprazole,Aripiprazole(아리피프라졸),아리피프라졸,레피졸정5밀리그램(아리피프라졸),20111020,201108885,[M096829]아리피프라졸,[M096829]아리피프라졸,단일,20210715,,,노인주의
20200828,연한 노란색의 타원형 구강붕해정,01170,정신신경용제,고려제약(주),전문의약품,구강붕해정,D000357,Olanzapine,Olanzapine(올란자핀),올란자핀,자이피스오디정 5밀리그램(올란자핀),20111031,201109301,[M089222]올란자핀,[M089222]올란자핀,단일,20210715,,,노인주의
20200903,엷은 녹황색의 투명한 액이 든 갈색 앰플제,01140,해열.진통.소염제,대한뉴팜(주),전문의약품,용액주사제,D000983,Piroxicam,Piroxicam(피록시캄),피록시캄,포타캄주(피록시캄칼륨)(수출용),20111109,201109811,[M084084]피록시캄칼륨,[M084084]피록시캄칼륨,단일,20210715,,,노인주의
20231129,장방형의 노란색 필름코팅 정제,01170,정신신경용제,(주)한국파마,전문의약품,필름코팅정,D000422,Risperidone,Risperidone(리스페리돈),리스페리돈,리스돈정3밀리그램(리스페리돈),20111130,201110509,[M086310]리스페리돈,[M086310]리스페리돈,단일,20210715,,,노인주의
20231129,흰색의 원형 정제,01170,정신신경용제,한미약품(주),전문의약품,구강붕해정,D000422,Risperidone,Risperidone(리스페리돈),리스페리돈,리스피돈오디정2밀리그램(리스페리돈),20120106,201200211,[M086310]리스페리돈,[M086310]리스페리돈,단일,20210715,,,노인주의
20231129,흰색의 정사각형 정제,01170,정신신경용제,한미약품(주),전문의약품,구강붕해정,D000422,Risperidone,Risperidone(리스페리돈),리스페리돈,리스피돈오디정1밀리그램(리스페리돈),20120111,201200277,[M086310]리스페리돈,[M086310]리스페리돈,단일,20210715,,,노인주의
20240522,엷은 녹황색의 투명한 액이 든 갈색 앰플제,01140,해열.진통.소염제,이연제약(주),전문의약품,용액주사제,D000983,Piroxicam,Piroxicam(피록시캄),피록시캄,피로브이주(피록시캄칼륨)(수출용),20120217,201201017,[M084084]피록시캄칼륨,[M084084]피록시캄칼륨,단일,20210715,,,노인주의
20200108,파랑색의 장방형 정제,01170,정신신경용제,환인제약(주),전문의약품,나정,D000451,Aripiprazole,Aripiprazole(아리피프라졸),아리피프라졸,아리피졸정5밀리그램(아리피프라졸),20120531,201205266,[M096829]아리피프라졸,[M096829]아리피프라졸,단일,20210715,,,노인주의
20240913,"미황색 가루가 든 상, 하부 담녹색 캡슐제",01140,해열.진통.소염제,동국제약(주),전문의약품,"경질캡슐제, 산제",D000427,Meloxicam,Meloxicam(멜록시캄),멜록시캄,멜시빅캡슐7.5밀리그램(멜록시캄),20120921,201206871,[M086439]멜록시캄,[M086439]멜록시캄,단일,20210715,,,노인주의
20240913,"연한 노란색 가루가 든 상부 연한 녹색, 하부 황색의 경질 캡슐제",01140,해열.진통.소염제,삼일제약(주),전문의약품,"경질캡슐제, 산제",D000427,Meloxicam,Meloxicam(멜록시캄),멜록시캄,멜로덱스캡슐15밀리그램(멜록시캄),20120921,201206872,[M086439]멜록시캄,[M086439]멜록시캄,단일,20210715,,,노인주의
20240913,"미황색 가루가 충전된 상부 담녹색, 하부 노란색의 경질캡슐제",01140,해열.진통.소염제,한림제약(주),전문의약품,"경질캡슐제, 산제",D000427,Meloxicam,Meloxicam(멜록시캄),멜록시캄,류멜캡슐15밀리그램(멜록시캄),20121008,201207083,[M086439]멜록시캄,[M086439]멜록시캄,단일,20210715,,,노인주의
20241212,연한 노란색의 타원형 정제,01140,해열.진통.소염제,(주)한국피엠지제약,전문의약품,나정,D000982,Naproxen,Naproxen(나프록센),나프록센,신플랙스정(나프록센)(수출용),20121024,201207414,[M050116]나프록센,[M050116]나프록센,단일,20210715,,,노인주의
20240913,미황색분말이 충전된 상하 연녹색의 경질캡슐제,01140,해열.진통.소염제,(주)새한제약,전문의약품,"경질캡슐제, 산제",D000427,Meloxicam,Meloxicam(멜록시캄),멜록시캄,트록시캄캡슐7.5밀리그램(멜록시캄),20121029,201207487,[M086439]멜록시캄,[M086439]멜록시캄,단일,20210715,,,노인주의
20180609,황색의 필름 코팅된 원형정제,01140,해열.진통.소염제,한국휴텍스제약(주),전문의약품,필름코팅정,D000280,Talniflumate,Talniflumate(탈니플루메이트),탈니플루메이트,휴말겐정(탈니플루메이트),20121227,201211056,[M081412]탈니플루메이트,[M081412]탈니플루메이트,단일,20210715,,,노인주의
20240913,"미황색가루가 든 상,하 담녹색의 캡슐제",01140,해열.진통.소염제,대웅바이오(주),전문의약품,"경질캡슐제, 산제",D000427,Meloxicam,Meloxicam(멜록시캄),멜록시캄,대웅바이오멜록시캄캡슐7.5밀리그램,20130103,201300020,[M086439]멜록시캄,[M086439]멜록시캄,단일,20210715,,,노인주의
20240913,"미황색가루가 든 상부 담녹색, 하부 황색 캡슐제",01140,해열.진통.소염제,대웅바이오(주),전문의약품,"경질캡슐제, 산제",D000427,Meloxicam,Meloxicam(멜록시캄),멜록시캄,대웅바이오멜록시캄캡슐15밀리그램,20130108,201300144,[M086439]멜록시캄,[M086439]멜록시캄,단일,20210715,,,노인주의
20241212,무색 내지 미황색의 투명한 내용물을 함유하는 투명의 타원형 연질캡슐제,01140,해열.진통.소염제,(주)서흥,일반의약품,"연질캡슐제, 액상",D000982,Naproxen,Naproxen(나프록센),나프록센,에이프록센연질캡슐(나프록센),20130116,201301493,[M050116]나프록센,[M050116]나프록센,단일,20210715,,,노인주의
20241212,연한 노란색의 타원형 정제,01140,해열.진통.소염제,(주)한국피엠지제약,일반의약품,나정,D000982,Naproxen,Naproxen(나프록센),나프록센,신플랙스세미정(나프록센)(수출용),20130121,201301659,[M050116]나프록센,[M050116]나프록센,단일,20210715,,,노인주의
20240913,"미황색가루가 든 상,하 담녹색의 캡슐제",01140,해열.진통.소염제,에스피씨(주),전문의약품,"경질캡슐제, 산제",D000427,Meloxicam,Meloxicam(멜록시캄),멜록시캄,이노시캄캡슐(멜록시캄),20130205,201303831,[M086439]멜록시캄,[M086439]멜록시캄,단일,20210715,,,노인주의
20240913,연한 노란색 가루가 든 상·하 연한 녹색의 경질 캡슐제,01140,해열.진통.소염제,한국휴텍스제약(주),전문의약품,"경질캡슐제, 산제",D000427,Meloxicam,Meloxicam(멜록시캄),멜록시캄,모빅시캄캡슐(멜록시캄),20130321,201306346,[M086439]멜록시캄,[M086439]멜록시캄,단일,20210715,,,노인주의
20241212,미황 내지 연한 녹색의 내용물을 함유한 녹색 투명의 장방형 연질캡슐제,01140,해열.진통.소염제,신일제약(주),일반의약품,"연질캡슐제, 액상",D000982,Naproxen,Naproxen(나프록센),나프록센,나쎈연질캡슐(나프록센),20130328,201306491,[M050116]나프록센,[M050116]나프록센,단일,20210715,,,노인주의
20241212,무색 내지 연분홍색의 투명한 내용물을 함유하는 분홍색 투명의 장방형 연질캡슐제,01140,해열.진통.소염제,일동제약(주),일반의약품,"연질캡슐제, 액상",D000982,Naproxen,Naproxen(나프록센),나프록센,캐롤엔연질캡슐(나프록센),20130328,201306492,[M050116]나프록센,[M050116]나프록센,단일,20210715,,,노인주의
20240913,"미황색 가루가 든 상부 담녹색, 하부 황색 캡슐제",01140,해열.진통.소염제,(주)제뉴파마,전문의약품,"경질캡슐제, 산제",D000427,Meloxicam,Meloxicam(멜록시캄),멜록시캄,파마빅캡슐15밀리그램(멜록시캄),20130419,201306990,[M086439]멜록시캄,[M086439]멜록시캄,단일,20210715,,,노인주의
20240913,연한 노랑색의 내용물이 충전된 상·하부 담녹색의 경질캡슐,01140,해열.진통.소염제,알리코제약(주),전문의약품,"경질캡슐제, 산제",D000427,Meloxicam,Meloxicam(멜록시캄),멜록시캄,캠록스캡슐15mg(멜록시캄)(수출용),20130514,201307313,[M086439]멜록시캄,[M086439]멜록시캄,단일,20210715,,,노인주의
20240913,"미황색 가루가 든 상부 담녹색, 하부 황색의 경질캡슐제",01140,해열.진통.소염제,제일약품(주),전문의약품,"경질캡슐제, 산제",D000427,Meloxicam,Meloxicam(멜록시캄),멜록시캄,멜로시드캡슐15밀리그램(멜록시캄),20130703,201307991,[M086439]멜록시캄,[M086439]멜록시캄,단일,20210715,,,노인주의
20240913,"미황색 가루가 든 상, 하 담녹색의 경질캡슐제",01140,해열.진통.소염제,제일약품(주),전문의약품,"경질캡슐제, 산제",D000427,Meloxicam,Meloxicam(멜록시캄),멜록시캄,멜로시드캡슐7.5밀리그램(멜록시캄),20130704,201308010,[M086439]멜록시캄,[M086439]멜록시캄,단일,20210715,,,노인주의
20240913,엷은 노란색의 편평한 원형 구강붕해정,01140,해열.진통.소염제,(주)엔엠제약,전문의약품,구강붕해정,D000427,Meloxicam,Meloxicam(멜록시캄),멜록시캄,멜로디구강붕해정7.5밀리그램(멜로시캄),20130731,201308618,[M086439]멜록시캄,[M086439]멜록시캄,단일,20210715,,,노인주의
20240913,엷은 노란색의 편평한 원형 구강붕해정,01140,해열.진통.소염제,(주)엔엠제약,전문의약품,구강붕해정,D000427,Meloxicam,Meloxicam(멜록시캄),멜록시캄,멜로디구강붕해정15밀리그램(멜로시캄),20130731,201308619,[M086439]멜록시캄,[M086439]멜록시캄,단일,20210715,,,노인주의
20241212,엷은 청색의 원형 필름코팅정,01140,해열.진통.소염제,하이플생명과학(주),일반의약품,필름코팅정,D000982,Naproxen,Naproxen(나프록센),나프록센,하이플나프록센정(나프록센나트륨),20130805,201308676,[M070724]나프록센나트륨,[M070724]나프록센나트륨,단일,20210715,,,노인주의
20190904,갈색의 앰플에 충진되어 있는 옅은 녹황색의 투명한 주사제,01140,해열.진통.소염제,(주)동구바이오제약,전문의약품,용액주사제,D000983,Piroxicam,Piroxicam(피록시캄),피록시캄,동구피록시캄칼륨주20mg(수출용),20130807,201308711,[M084084]피록시캄칼륨,[M084084]피록시캄칼륨,단일,20210715,,,노인주의
20240913,"노란색 가루가 든 상부 연녹색, 하부 연녹색의 경질 캡슐제",01140,해열.진통.소염제,(주)화이트생명과학,전문의약품,"경질캡슐제, 산제",D000427,Meloxicam,Meloxicam(멜록시캄),멜록시캄,이콕스캡슐7.5밀리그램(멜록시캄),20130913,201309344,[M086439]멜록시캄,[M086439]멜록시캄,단일,20210715,,,노인주의
20131002,연황색의 전질균등한 유동성의 겔제,02640,진통.진양.수렴.소염제,현대약품(주),일반의약품,피부용겔제,D000983,Piroxicam,Piroxicam(피록시캄),피록시캄,통에존에스겔(피록시캄),20130913,201309356,[M071634]피록시캄,[M071634]피록시캄,단일,20210715,,,노인주의
20191023,"분홍색의 반점이 있는 원형정제(각인 A640, 10)",01170,정신신경용제,한국오츠카제약(주),전문의약품,구강붕해정,D000451,Aripiprazole,Aripiprazole(아리피프라졸),아리피프라졸,아빌리파이오디정10밀리그램(아리피프라졸),20130930,201309520,[M096829]아리피프라졸,[M096829]아리피프라졸,단일,20210715,,,노인주의
20191023,"노란색의 반점이 있는 원형정제(각인 A641, 15)",01170,정신신경용제,한국오츠카제약(주),전문의약품,구강붕해정,D000451,Aripiprazole,Aripiprazole(아리피프라졸),아리피프라졸,아빌리파이오디정15밀리그램(아리피프라졸),20130930,201309521,[M096829]아리피프라졸,[M096829]아리피프라졸,단일,20210715,,,노인주의
20191029,담황색 액체가 든 갈색앰플 주사제,01140,해열.진통.소염제,(주)비씨월드제약,전문의약품,용액주사제,D000983,Piroxicam,Piroxicam(피록시캄),피록시캄,비씨피록시캄주사(수출용),20131004,201309565,[M071634]피록시캄/[M071634]피록시캄,[M071634]피록시캄/[M071634]피록시캄,단일,20210715,,,노인주의
20250917,황색의 원형정제,01170,정신신경용제,동화약품(주),전문의약품,나정,D000180,Clozapine,Clozapine(클로자핀),클로자핀,클자핀정100밀리그램(클로자핀),20131017,201309789,[M081194]클로자핀,[M081194]클로자핀,단일,20210715,,,노인주의
20250917,황색의 원형정제,01170,정신신경용제,동화약품(주),전문의약품,나정,D000180,Clozapine,Clozapine(클로자핀),클로자핀,클자핀정25밀리그램(클로자핀),20131017,201309790,[M081194]클로자핀,[M081194]클로자핀,단일,20210715,,,노인주의
20241212,무색 내지 미황색의 투명한 내용물을 함유하는 투명의 타원형 연질캡슐제,01140,해열.진통.소염제,광동제약(주),일반의약품,"연질캡슐제, 액상",D000982,Naproxen,Naproxen(나프록센),나프록센,스피록센연질캡슐(나프록센),20131125,201310281,[M050116]나프록센,[M050116]나프록센,단일,20210715,,,노인주의
20241212,미황색 내지 연한 청색의 투명한 내용물을 함유하는 청색 투명의 타원형 연질캡슐제,01140,해열.진통.소염제,고려제약(주),일반의약품,"연질캡슐제, 액상",D000982,Naproxen,Naproxen(나프록센),나프록센,자이날큐연질캡슐(나프록센),20131204,201310498,[M050116]나프록센,[M050116]나프록센,단일,20210715,,,노인주의
20191023,무색 또는 연한 노란색의 투명한 용액,01170,정신신경용제,한국오츠카제약(주),전문의약품,경구용액제,D000451,Aripiprazole,Aripiprazole(아리피프라졸),아리피프라졸,아빌리파이액(아리피프라졸)(수출용),20131206,201310577,[M096829]아리피프라졸,[M096829]아리피프라졸,단일,20210715,,,노인주의
20240913,미황색 가루가 든 상·하부 담녹색의 캡슐제,01140,해열.진통.소염제,(주)테라젠이텍스,전문의약품,"경질캡슐제, 산제",D000427,Meloxicam,Meloxicam(멜록시캄),멜록시캄,멜로텍스캡슐 7.5mg(멜록시캄),20131209,201310587,[M086439]멜록시캄,[M086439]멜록시캄,단일,20210715,,,노인주의
20190703,분홍색의 원형 구강붕해정제,01170,정신신경용제,신풍제약(주),전문의약품,구강붕해정,D000451,Aripiprazole,Aripiprazole(아리피프라졸),아리피프라졸,아리파이큐오디정10밀리그램(아리피프라졸)(수출용),20131227,201310914,[M096829]아리피프라졸,[M096829]아리피프라졸,단일,20210715,,,노인주의
20190703,노란색의 원형 구강붕해정제,01170,정신신경용제,신풍제약(주),전문의약품,구강붕해정,D000451,Aripiprazole,Aripiprazole(아리피프라졸),아리피프라졸,아리파이큐오디정15밀리그램(아리피프라졸)(수출용),20131227,201310915,[M096829]아리피프라졸,[M096829]아리피프라졸,단일,20210715,,,노인주의
20191117,분홍색의 장방형 정제,01170,정신신경용제,동화약품(주),전문의약품,나정,D000451,Aripiprazole,Aripiprazole(아리피프라졸),아리피프라졸,아리피코정10밀리그램(아리피프라졸),20131230,201310937,[M096829]아리피프라졸,[M096829]아리피프라졸,단일,20210715,,,노인주의
20240913,"미황색가루가 든 상,하 담녹색의 캡슐제",01140,해열.진통.소염제,대한뉴팜(주),전문의약품,"경질캡슐제, 산제",D000427,Meloxicam,Meloxicam(멜록시캄),멜록시캄,메록캄캡슐(멜록시캄),20131231,201310962,[M086439]멜록시캄,[M086439]멜록시캄,단일,20210715,,,노인주의
20191117,황색의 원형 정제,01170,정신신경용제,동화약품(주),전문의약품,나정,D000451,Aripiprazole,Aripiprazole(아리피프라졸),아리피프라졸,아리피코정15밀리그램(아리피프라졸),20131231,201310992,[M096829]아리피프라졸,[M096829]아리피프라졸,단일,20210715,,,노인주의
20241212,미황색의 투명한 유상 내용물이 든 주황색의 투명한 장방형 연질캡슐,01140,해열.진통.소염제,(주)마더스제약,일반의약품,"연질캡슐제, 액상",D000982,Naproxen,Naproxen(나프록센),나프록센,나에겐연질캡슐(나프록센),20140311,201401095,[M050116]나프록센,[M050116]나프록센,단일,20210715,,,노인주의
20240913,황색 내지 미황색 가루가 들어있는 상.하부 담녹색의 경질캡슐,01140,해열.진통.소염제,위더스제약(주),전문의약품,"경질캡슐제, 산제",D000427,Meloxicam,Meloxicam(멜록시캄),멜록시캄,모비록캄캡슐7.5mg(멜록시캄),20140513,201402206,[M086439]멜록시캄,[M086439]멜록시캄,단일,20210715,,,노인주의
20240913,미황색 가루가 든 상하부 담녹색의 캡슐제,01140,해열.진통.소염제,영풍제약(주),전문의약품,"경질캡슐제, 산제",D000427,Meloxicam,Meloxicam(멜록시캄),멜록시캄,모빅스캄캡슐(멜록시캄),20140528,201402414,[M086439]멜록시캄,[M086439]멜록시캄,단일,20210715,,,노인주의
20240913,미황색 가루가 든 상하부 담녹색의 경질캡슐제,01140,해열.진통.소염제,화일약품(주),전문의약품,"경질캡슐제, 산제",D000427,Meloxicam,Meloxicam(멜록시캄),멜록시캄,록시칼캡슐(멜록시캄),20140528,201402419,[M086439]멜록시캄,[M086439]멜록시캄,단일,20210715,,,노인주의
20231129,장방형의 연한 오렌지색 필름코팅정제,01170,정신신경용제,영풍제약(주),전문의약품,필름코팅정,D000422,Risperidone,Risperidone(리스페리돈),리스페리돈,리스펠돈정2mg(리스페리돈),20140619,201402734,[M086310]리스페리돈,[M086310]리스페리돈,단일,20210715,,,노인주의
20240913,"미황색가루가 든 상,하 담녹색의 캡슐제",01140,해열.진통.소염제,성원애드콕제약(주),전문의약품,"경질캡슐제, 산제",D000427,Meloxicam,Meloxicam(멜록시캄),멜록시캄,모빅캄캡슐(멜록시캄),20140704,201402969,[M086439]멜록시캄,[M086439]멜록시캄,단일,20210715,,,노인주의
20150113,알콜냄새가 나는 황색투명한 겔제,02640,진통.진양.수렴.소염제,아이큐어(주),일반의약품,피부용겔제,D000983,Piroxicam,Piroxicam(피록시캄),피록시캄,트라제트겔(피록시캄),20140714,201403117,[M071634]피록시캄,[M071634]피록시캄,단일,20210715,,,노인주의
20241212,청색의 타원형 필름코팅정제,01140,해열.진통.소염제,일양약품(주),일반의약품,필름코팅정,D000982,Naproxen,Naproxen(나프록센),나프록센,일양나프록센나트륨정,20140723,201403321,[M070724]나프록센나트륨,[M070724]나프록센나트륨,단일,20210715,,,노인주의
20241212,미황색 내지 연한 청록색의 투명한 내용물을 함유하는 청록색 투명의 장방형 연질캡슐제,01140,해열.진통.소염제,코오롱제약(주),일반의약품,"연질캡슐제, 액상",D000982,Naproxen,Naproxen(나프록센),나프록센,여우엔연질캡슐(나프록센),20140725,201403389,[M050116]나프록센,[M050116]나프록센,단일,20210715,,,노인주의
20241212,무색의 투명한 액이 든 청록색의 투명한 타원형 연질캡슐,01140,해열.진통.소염제,한솔신약(주),일반의약품,"연질캡슐제, 액상",D000982,Naproxen,Naproxen(나프록센),나프록센,한솔나프록센연질캡슐,20140725,201403390,[M050116]나프록센,[M050116]나프록센,단일,20210715,,,노인주의
20241212,무색 내지 연청록색의 투명한 내용물을 함유하는 연청록색 투명의 타원형 연질캡슐제,01140,해열.진통.소염제,(주)유한양행,일반의약품,"연질캡슐제, 액상",D000982,Naproxen,Naproxen(나프록센),나프록센,확펜연질캡슐(나프록센),20140725,201403391,[M050116]나프록센,[M050116]나프록센,단일,20210715,,,노인주의
20241212,미황색 내지 연한 청록색의 투명한 내용물을 함유하는 청록색 투명의 장방형 연질캡슐제,01140,해열.진통.소염제,명문제약(주),일반의약품,"연질캡슐제, 액상",D000982,Naproxen,Naproxen(나프록센),나프록센,프로센골드연질캡슐(나프록센),20140728,201403431,[M050116]나프록센,[M050116]나프록센,단일,20210715,,,노인주의
20231129,흰색 또는 거의 흰색의 가루가 충진된 무색투명한 바이알과 무색투명한 용액이 충진된 무색투명한 앰플,01170,정신신경용제,동국제약(주),전문의약품,서방성현탁액용동결건조분말주사제,D000422,Risperidone,Risperidone(리스페리돈),리스페리돈,동국리스페리돈데포주사25밀리그램(리스페리돈)(수출용),20140728,201403450,[M086310]리스페리돈,[M086310]리스페리돈,단일,20210715,,,노인주의
20241212,무색의 투명한 액이 든 청록색의 투명한 타원형 연질캡슐,01140,해열.진통.소염제,경남제약(주),일반의약품,"연질캡슐제, 액상",D000982,Naproxen,Naproxen(나프록센),나프록센,경남나프록센연질캡슐,20140729,201403474,[M050116]나프록센,[M050116]나프록센,단일,20210715,,,노인주의
20190724,엷은 황색의 투명한 겔제,02640,진통.진양.수렴.소염제,(주)제뉴파마,일반의약품,피부용겔제,D000983,Piroxicam,Piroxicam(피록시캄),피록시캄,필로젠겔(피록시캄),20140731,201403531,[M071634]피록시캄,[M071634]피록시캄,단일,20210715,,,노인주의
20241212,미황색의 투명한 유상 내용물이 든 연청록색의 투명한 장방형 연질캡슐,01140,해열.진통.소염제,주식회사제뉴원사이언스,일반의약품,"연질캡슐제, 액상",D000982,Naproxen,Naproxen(나프록센),나프록센,나리센연질캡슐(나프록센),20140820,201403877,[M050116]나프록센,[M050116]나프록센,단일,20210715,,,노인주의
20190911,노란색의 원형 필름코팅정,01140,해열.진통.소염제,(주)휴비스트제약,전문의약품,필름코팅정,D000280,Talniflumate,Talniflumate(탈니플루메이트),탈니플루메이트,휴리트정(탈니플루메이트),20140822,201403939,[M081412]탈니플루메이트,[M081412]탈니플루메이트,단일,20210715,,,노인주의
20241212,미황색의 투명한 유상 내용물이 든 주황색의 투명한 장방형 연질캡슐,01140,해열.진통.소염제,(주)씨엠지제약,일반의약품,"연질캡슐제, 액상",D000982,Naproxen,Naproxen(나프록센),나프록센,프리센연질캡슐(나프록센),20140827,201403991,[M050116]나프록센,[M050116]나프록센,단일,20210715,,,노인주의
20241212,무색의 투명한 액이 든 청록색의 투명한 타원형 연질캡슐,01140,해열.진통.소염제,(주)에이프로젠바이오로직스,일반의약품,"연질캡슐제, 액상",D000982,Naproxen,Naproxen(나프록센),나프록센,다나센연질캡슐(나프록센),20140904,201404125,[M050116]나프록센,[M050116]나프록센,단일,20210715,,,노인주의
20231129,흰색의 장방형 필름코팅정,01170,정신신경용제,파마사이언스코리아(주),전문의약품,필름코팅정,D000422,Risperidone,Risperidone(리스페리돈),리스페리돈,피엠에스리스페리돈정1밀리그램(리스페리돈),20140918,201404258,[M086310]리스페리돈,[M086310]리스페리돈,단일,20210715,,,노인주의
20241212,무색 내지 연한 주황색의 투명한 내용물을 함유한 주황색의 투명한 타원형 연질캡슐,01140,해열.진통.소염제,제이더블유중외제약(주),일반의약품,"연질캡슐제, 액상",D000982,Naproxen,Naproxen(나프록센),나프록센,페인엔젤센연질캡슐(나프록센),20140926,201404406,[M050116]나프록센,[M050116]나프록센,단일,20210715,,,노인주의
20240913,"미황색의 내용물이 충진된 상,하부 담녹색의 경질캡슐제",01140,해열.진통.소염제,(주)씨엠지제약,전문의약품,"경질캡슐제, 산제",D000427,Meloxicam,Meloxicam(멜록시캄),멜록시캄,씨엠지멜록시캄캡슐7.5mg,20140929,201404438,[M086439]멜록시캄,[M086439]멜록시캄,단일,20210715,,,노인주의
20231129,연한 오렌지색의 장방형 필름코팅정,01170,정신신경용제,파마사이언스코리아(주),전문의약품,필름코팅정,D000422,Risperidone,Risperidone(리스페리돈),리스페리돈,피엠에스리스페리돈정2밀리그램(리스페리돈),20140930,201404520,[M086310]리스페리돈,[M086310]리스페리돈,단일,20210715,,,노인주의
20231129,황색의 장방형 필름코팅정,01170,정신신경용제,파마사이언스코리아(주),전문의약품,필름코팅정,D000422,Risperidone,Risperidone(리스페리돈),리스페리돈,피엠에스리스페리돈정3밀리그램(리스페리돈),20140930,201404526,[M086310]리스페리돈,[M086310]리스페리돈,단일,20210715,,,노인주의
20240522,흰색의 원형 필름코팅정제,01140,해열.진통.소염제,일양바이오팜(주),전문의약품,필름코팅정,D000766,Zaltoprofen,Zaltoprofen(잘토프로펜),잘토프로펜,잘트로펜정(잘토프로펜),20140930,201404541,[M086829]잘토프로펜,[M086829]잘토프로펜,단일,20210715,,,노인주의
20241212,무색의 투명한 액이 든 청록색의 투명한 타원형 연질캡슐,01140,해열.진통.소염제,코스맥스파마(주),일반의약품,"연질캡슐제, 액상",D000982,Naproxen,Naproxen(나프록센),나프록센,맥쎈연질캡슐(나프록센),20141023,201404850,[M050116]나프록센,[M050116]나프록센,단일,20210715,,,노인주의
20200918,크림색의 타원형 정제,01140,해열.진통.소염제,(주)일화,전문의약품,나정,D000321,Morniflumate,Morniflumate(모니플루메이트),모니플루메이트,모니마겐정350밀리그램(모니플루메이트),20141031,201405103,[M092795]모니플루메이트,[M092795]모니플루메이트,단일,20210715,,,노인주의
20231129,적갈색의 장방형 필름코팅정,01170,정신신경용제,파마사이언스코리아(주),전문의약품,필름코팅정,D000422,Risperidone,Risperidone(리스페리돈),리스페리돈,피엠에스리스페리돈정0.5밀리그램(리스페리돈),20141031,201405106,[M086310]리스페리돈,[M086310]리스페리돈,단일,20210715,,,노인주의
20241212,무색의 내용물을 함유한 청록색의 투명한 타원형 연질캡슐,01140,해열.진통.소염제,(주)경보제약,일반의약품,"연질캡슐제, 액상",D000982,Naproxen,Naproxen(나프록센),나프록센,올나펜연질캡슐(나프록센),20141103,201405135,[M050116]나프록센,[M050116]나프록센,단일,20210715,,,노인주의
20170227,황색 투명한 겔제,02640,진통.진양.수렴.소염제,신일제약(주),일반의약품,피부용겔제,D000983,Piroxicam,Piroxicam(피록시캄),피록시캄,쿨스펜겔(피록시캄),20141107,201405228,[M071634]피록시캄,[M071634]피록시캄,단일,20210715,,,노인주의
20231129,장방형의 흰색 필름코팅정제,01170,정신신경용제,명문제약(주),전문의약품,필름코팅정,D000422,Risperidone,Risperidone(리스페리돈),리스페리돈,명문리스페리돈정1mg,20150112,201500111,[M086310]리스페리돈,[M086310]리스페리돈,단일,20210715,,,노인주의
20200903,크림색의 타원형 정제,01140,해열.진통.소염제,대한뉴팜(주),전문의약품,나정,D000321,Morniflumate,Morniflumate(모니플루메이트),모니플루메이트,모루밍정(모니플루메이트),20150123,201500346,[M092795]모니플루메이트,[M092795]모니플루메이트,단일,20210715,,,노인주의
20200612,흰색의 원형 필름코팅정제,01170,정신신경용제,(주)한국파마,전문의약품,필름코팅정,D000357,Olanzapine,Olanzapine(올란자핀),올란자핀,올자펙스정10밀리그램(올란자핀),20150128,201500444,[M089222]올란자핀,[M089222]올란자핀,단일,20210715,,,노인주의
20200612,흰색의 원형 필름코팅정제,01170,정신신경용제,(주)한국파마,전문의약품,필름코팅정,D000357,Olanzapine,Olanzapine(올란자핀),올란자핀,올자펙스정5밀리그램(올란자핀),20150128,201500445,[M089222]올란자핀,[M089222]올란자핀,단일,20210715,,,노인주의
20240913,"미황색의 내용물이 충진된 상,하부 담녹색의 경질캡슐제",01140,해열.진통.소염제,에이치엘비제약(주),전문의약품,"경질캡슐제, 산제",D000427,Meloxicam,Meloxicam(멜록시캄),멜록시캄,씨빅캡슐7.5밀리그램(멜록시캄),20150129,201500480,[M086439]멜록시캄,[M086439]멜록시캄,단일,20210715,,,노인주의
20220826,흰색에서 연한 노란색 가루가 든 상하부 흰색의 경질캡슐제,01140,해열.진통.소염제,씨지인바이츠주식회사,전문의약품,"경질캡슐제, 산제",D001004,Polmacoxib,Polmacoxib(폴마콕시브),폴마콕시브,아셀렉스캡슐2밀리그램(폴마콕시브),20150205,201500622,[M260872]폴마콕시브,[M260872]폴마콕시브,단일,20210715,,,노인주의
20200324,크림색의 타원형 정제,01140,해열.진통.소염제,동성제약(주),전문의약품,나정,D000321,Morniflumate,Morniflumate(모니플루메이트),모니플루메이트,플로맥스정(모니플루메이트),20150212,201500722,[M092795]모니플루메이트,[M092795]모니플루메이트,단일,20210715,,,노인주의
20201224,크림색의 장방형 정제,01140,해열.진통.소염제,(주)바이넥스,전문의약품,나정,D000321,Morniflumate,Morniflumate(모니플루메이트),모니플루메이트,바이넥스모니플루메이트정,20150225,201500963,[M092795]모니플루메이트,[M092795]모니플루메이트,단일,20210715,,,노인주의
20260130,연한 황색의 원형 서방성 필름코팅정,01140,해열.진통.소염제,대원제약(주),전문의약품,서방성필름코팅정,D000206,Pelubiprofen,Pelubiprofen(펠루비프로펜),펠루비프로펜,펠루비서방정(펠루비프로펜),20150313,201501350,[M210533]펠루비프로펜,[M210533]펠루비프로펜,단일,20210715,,,노인주의
20240522,흰색의 원형 필름코팅정제,01140,해열.진통.소염제,이연제약(주),전문의약품,필름코팅정,D000766,Zaltoprofen,Zaltoprofen(잘토프로펜),잘토프로펜,잘토프정(잘토프로펜),20150318,201501437,[M086829]잘토프로펜,[M086829]잘토프로펜,단일,20210715,,,노인주의
20241212,미황색 내지 연분홍색의 투명한 내용물을 함유하는 분홍색 투명의 타원형 연질캡슐제,01140,해열.진통.소염제,(주)종근당,일반의약품,"연질캡슐제, 액상",D000982,Naproxen,Naproxen(나프록센),나프록센,낙센연질캡슐(나프록센),20150325,201501592,[M050116]나프록센,[M050116]나프록센,단일,20210715,,,노인주의
20191010,크림색의 장방형 정제,01140,해열.진통.소염제,(주)넥스팜코리아,전문의약품,나정,D000321,Morniflumate,Morniflumate(모니플루메이트),모니플루메이트,모니플라정(모니플루메이트),20150409,201501927,[M092795]모니플루메이트,[M092795]모니플루메이트,단일,20210715,,,노인주의
20200108,녹색의 장방형 정제,01170,정신신경용제,환인제약(주),전문의약품,나정,D000451,Aripiprazole,Aripiprazole(아리피프라졸),아리피프라졸,아리피졸정2밀리그램(아리피프라졸),20150427,201502454,[M096829]아리피프라졸,[M096829]아리피프라졸,단일,20210715,,,노인주의
20240913,"미황색 분말이 충진된 상,하부 담녹색의 경질 캡슐",01140,해열.진통.소염제,(주)휴온스메디텍,전문의약품,"경질캡슐제, 산제",D000427,Meloxicam,Meloxicam(멜록시캄),멜록시캄,휴니즈멜록시캄캡슐7.5mg,20150514,201502925,[M086439]멜록시캄,[M086439]멜록시캄,단일,20210715,,,노인주의
20240913,"연한 노란색 가루가 든 상,하 연한 녹색의 경질캡슐",01140,해열.진통.소염제,조아제약(주),전문의약품,"경질캡슐제, 산제",D000427,Meloxicam,Meloxicam(멜록시캄),멜록시캄,멜록캡슐7.5mg(멜록시캄),20150608,201503642,[M086439]멜록시캄,[M086439]멜록시캄,단일,20210715,,,노인주의
20241212,미황 내지 연한 청록색의 투명한 내용물을 함유하는 청록색 투명의 장방형 연질캡슐제,01140,해열.진통.소염제,부광약품(주),일반의약품,"연질캡슐제, 액상",D000982,Naproxen,Naproxen(나프록센),나프록센,엔프렌드연질캡슐(나프록센),20150611,201503810,[M050116]나프록센,[M050116]나프록센,단일,20210715,,,노인주의
20190904,크림색의 타원형 정제,01140,해열.진통.소염제,삼성제약(주),전문의약품,나정,D000321,Morniflumate,Morniflumate(모니플루메이트),모니플루메이트,삼성모니플루메이트정350밀리그램,20150618,201503958,[M092795]모니플루메이트,[M092795]모니플루메이트,단일,20210715,,,노인주의
20231129,장방형의 연한 오렌지색 필름코팅정제,01170,정신신경용제,명문제약(주),전문의약품,필름코팅정,D000422,Risperidone,Risperidone(리스페리돈),리스페리돈,명문리스페리돈정2mg,20150629,201504182,[M086310]리스페리돈,[M086310]리스페리돈,단일,20210715,,,노인주의
20201221,분홍색의 원형 정제,01170,정신신경용제,환인제약(주),전문의약품,나정,D000451,Aripiprazole,Aripiprazole(아리피프라졸),아리피프라졸,아리피졸정30밀리그램(아리피프라졸),20150731,201505192,[M096829]아리피프라졸,[M096829]아리피프라졸,단일,20210715,,,노인주의
20201209,흰색의 양면이 볼록한 원형 필름코팅정제,01170,정신신경용제,(주)한독테바,전문의약품,필름코팅정,D000357,Olanzapine,Olanzapine(올란자핀),올란자핀,테바올란자핀정10밀리그램,20151113,201507717,[M089222]올란자핀,[M089222]올란자핀,단일,20210715,,,노인주의
20201209,흰색의 양면이 볼록한 원형 필름코팅정제,01170,정신신경용제,(주)한독테바,전문의약품,필름코팅정,D000357,Olanzapine,Olanzapine(올란자핀),올란자핀,테바올란자핀정5밀리그램,20151113,201507718,[M089222]올란자핀,[M089222]올란자핀,단일,20210715,,,노인주의
20201209,흰색의 양면이 볼록한 원형 필름코팅정제,01170,정신신경용제,(주)한독테바,전문의약품,필름코팅정,D000357,Olanzapine,Olanzapine(올란자핀),올란자핀,테바올란자핀정2.5밀리그램,20151113,201507719,[M089222]올란자핀,[M089222]올란자핀,단일,20210715,,,노인주의
20240913,"미황색가루가 든 상,하 담녹색의 캡슐제",01140,해열.진통.소염제,(주)씨티씨바이오,전문의약품,"경질캡슐제, 산제",D000427,Meloxicam,Meloxicam(멜록시캄),멜록시캄,멜로빅캡슐7.5mg(멜록시캄),20151120,201507776,[M086439]멜록시캄,[M086439]멜록시캄,단일,20210715,,,노인주의
20250212,흰색~회백색의 양면이 볼록한 원형 서방성 필름코팅정,01170,정신신경용제,(주)한국파마,전문의약품,서방성필름코팅정,D000583,Quetiapine,Quetiapine(쿠에티아핀),쿠에티아핀,쿠에티서방정50밀리그램(쿠에티아핀푸마르산염),20151125,201507923,[M228429]쿠에티아핀푸마르산염,[M228429]쿠에티아핀푸마르산염,단일,20210715,,,노인주의
20250212,흰색~회백색의 양면이 볼록한 장방형 서방성 필름코팅정,01170,정신신경용제,(주)한국파마,전문의약품,서방성필름코팅정,D000583,Quetiapine,Quetiapine(쿠에티아핀),쿠에티아핀,쿠에티서방정150밀리그램(쿠에티아핀푸마르산염),20151125,201507924,[M228429]쿠에티아핀푸마르산염,[M228429]쿠에티아핀푸마르산염,단일,20210715,,,노인주의
20250212,흰색~회백색의 양면이 볼록한 장방형 서방성 필름코팅정,01170,정신신경용제,(주)한국파마,전문의약품,서방성필름코팅정,D000583,Quetiapine,Quetiapine(쿠에티아핀),쿠에티아핀,쿠에티서방정300밀리그램(쿠에티아핀푸마르산염),20151125,201507925,[M228429]쿠에티아핀푸마르산염,[M228429]쿠에티아핀푸마르산염,단일,20210715,,,노인주의
20250212,흰색~회백색의 양면이 볼록한 타원형 서방성 필름코팅정,01170,정신신경용제,(주)한국파마,전문의약품,서방성필름코팅정,D000583,Quetiapine,Quetiapine(쿠에티아핀),쿠에티아핀,쿠에티서방정400밀리그램(쿠에티아핀푸마르산염),20151125,201507926,[M228429]쿠에티아핀푸마르산염,[M228429]쿠에티아핀푸마르산염,단일,20210715,,,노인주의
20250212,흰색~회백색의 양면이 볼록한 장방형 서방성 필름코팅정,01170,정신신경용제,(주)한국파마,전문의약품,서방성필름코팅정,D000583,Quetiapine,Quetiapine(쿠에티아핀),쿠에티아핀,쿠에티서방정200밀리그램(쿠에티아핀푸마르산염),20151125,201507927,[M228429]쿠에티아핀푸마르산염,[M228429]쿠에티아핀푸마르산염,단일,20210715,,,노인주의
20250212,흰색~회백색의 양면이 볼록한 원형 서방성 필름코팅정제,01170,정신신경용제,환인제약(주),전문의약품,서방성필름코팅정,D000583,Quetiapine,Quetiapine(쿠에티아핀),쿠에티아핀,쿠에타핀서방정50밀리그램(쿠에티아핀푸마르산염),20151127,201507964,[M228429]쿠에티아핀푸마르산염,[M228429]쿠에티아핀푸마르산염,단일,20210715,,,노인주의
20250212,흰색~회백색의 양면이 볼록한 장방형 서방성 필름코팅정제,01170,정신신경용제,환인제약(주),전문의약품,서방성필름코팅정,D000583,Quetiapine,Quetiapine(쿠에티아핀),쿠에티아핀,쿠에타핀서방정150밀리그램(쿠에티아핀푸마르산염),20151127,201507965,[M228429]쿠에티아핀푸마르산염,[M228429]쿠에티아핀푸마르산염,단일,20210715,,,노인주의
20250212,흰색~회백색의 양면이 볼록한 장방형 서방성 필름코팅정제,01170,정신신경용제,환인제약(주),전문의약품,서방성필름코팅정,D000583,Quetiapine,Quetiapine(쿠에티아핀),쿠에티아핀,쿠에타핀서방정200밀리그램(쿠에티아핀푸마르산염),20151127,201507966,[M228429]쿠에티아핀푸마르산염,[M228429]쿠에티아핀푸마르산염,단일,20210715,,,노인주의
20250212,흰색~회백색의 양면이 볼록한 장방형 서방성 필름코팅정제,01170,정신신경용제,환인제약(주),전문의약품,서방성필름코팅정,D000583,Quetiapine,Quetiapine(쿠에티아핀),쿠에티아핀,쿠에타핀서방정300밀리그램(쿠에티아핀푸마르산염),20151127,201507967,[M228429]쿠에티아핀푸마르산염,[M228429]쿠에티아핀푸마르산염,단일,20210715,,,노인주의
20250212,흰색~회백색의 양면이 볼록한 타원형 서방성 필름코팅정제,01170,정신신경용제,환인제약(주),전문의약품,서방성필름코팅정,D000583,Quetiapine,Quetiapine(쿠에티아핀),쿠에티아핀,쿠에타핀서방정400밀리그램(쿠에티아핀푸마르산염),20151127,201507968,[M228429]쿠에티아핀푸마르산염,[M228429]쿠에티아핀푸마르산염,단일,20210715,,,노인주의
20201210,연한 파란색의 양면이 볼록한 타원형 필름코팅정제,01170,정신신경용제,(주)한독테바,전문의약품,필름코팅정,D000357,Olanzapine,Olanzapine(올란자핀),올란자핀,테바올란자핀정15밀리그램,20151127,201507969,[M089222]올란자핀,[M089222]올란자핀,단일,20210715,,,노인주의
20250212,흰색~회백색의 양면이 볼록한 장방형 서방성 필름코팅정,01170,정신신경용제,명인제약(주),전문의약품,서방성필름코팅정,D000583,Quetiapine,Quetiapine(쿠에티아핀),쿠에티아핀,큐로켈서방정150밀리그램(쿠에티아핀푸마르산염),20151127,201507970,[M228429]쿠에티아핀푸마르산염,[M228429]쿠에티아핀푸마르산염,단일,20210715,,,노인주의
20250212,흰색~회백색의 양면이 볼록한 원형 서방성 필름코팅정,01170,정신신경용제,명인제약(주),전문의약품,서방성필름코팅정,D000583,Quetiapine,Quetiapine(쿠에티아핀),쿠에티아핀,큐로켈서방정50밀리그램(쿠에티아핀푸마르산염),20151127,201507971,[M228429]쿠에티아핀푸마르산염,[M228429]쿠에티아핀푸마르산염,단일,20210715,,,노인주의
20250212,흰색~회백색의 양면이 볼록한 장방형 서방성 필름코팅정제,01170,정신신경용제,명인제약(주),전문의약품,서방성필름코팅정,D000583,Quetiapine,Quetiapine(쿠에티아핀),쿠에티아핀,큐로켈서방정200밀리그램(쿠에티아핀푸마르산염),20151127,201507972,[M228429]쿠에티아핀푸마르산염,[M228429]쿠에티아핀푸마르산염,단일,20210715,,,노인주의
20250212,흰색~회백색의 양면이 볼록한 장방형 서방성 필름코팅정제,01170,정신신경용제,명인제약(주),전문의약품,서방성필름코팅정,D000583,Quetiapine,Quetiapine(쿠에티아핀),쿠에티아핀,큐로켈서방정300밀리그램(쿠에티아핀푸마르산염),20151127,201507973,[M228429]쿠에티아핀푸마르산염,[M228429]쿠에티아핀푸마르산염,단일,20210715,,,노인주의
20250212,흰색~회백색의 양면이 볼록한 타원형 서방성 필름코팅정제,01170,정신신경용제,명인제약(주),전문의약품,서방성필름코팅정,D000583,Quetiapine,Quetiapine(쿠에티아핀),쿠에티아핀,큐로켈서방정400밀리그램(쿠에티아핀푸마르산염),20151127,201507974,[M228429]쿠에티아핀푸마르산염,[M228429]쿠에티아핀푸마르산염,단일,20210715,,,노인주의
20201117,흰색의 원형 필름코팅정,01170,정신신경용제,(주)제뉴파마,전문의약품,필름코팅정,D000357,Olanzapine,Olanzapine(올란자핀),올란자핀,피엠에스올란자핀정2.5밀리그램(올란자핀),20151127,201507984,[M089222]올란자핀,[M089222]올란자핀,단일,20210715,,,노인주의
20201117,흰색의 원형 필름코팅정,01170,정신신경용제,(주)제뉴파마,전문의약품,필름코팅정,D000357,Olanzapine,Olanzapine(올란자핀),올란자핀,피엠에스올란자핀정5밀리그램(올란자핀),20151127,201507985,[M089222]올란자핀,[M089222]올란자핀,단일,20210715,,,노인주의
20201117,흰색의 원형 필름코팅정,01170,정신신경용제,(주)제뉴파마,전문의약품,필름코팅정,D000357,Olanzapine,Olanzapine(올란자핀),올란자핀,피엠에스올란자핀정10밀리그램(올란자핀),20151127,201507986,[M089222]올란자핀,[M089222]올란자핀,단일,20210715,,,노인주의
20230416,백색∼엷은 미백색의 동결건조물이 무색투명한 유리용기에 든 프리필드실린지,01170,정신신경용제,한국오츠카제약(주),전문의약품,서방성현탁액용동결건조분말주사제,D000451,Aripiprazole,Aripiprazole(아리피프라졸),아리피프라졸,아빌리파이메인테나주사300밀리그램(아리피프라졸일수화물),20151223,201508422,[M263313]아리피프라졸일수화물,[M263313]아리피프라졸일수화물,단일,20210715,,,노인주의
20230416,백색∼엷은 미백색의 동결건조물이 무색투명한 유리용기에 든 프리필드실린지,01170,정신신경용제,한국오츠카제약(주),전문의약품,서방성현탁액용동결건조분말주사제,D000451,Aripiprazole,Aripiprazole(아리피프라졸),아리피프라졸,아빌리파이메인테나주사400밀리그램(아리피프라졸일수화물),20151223,201508423,[M263313]아리피프라졸일수화물,[M263313]아리피프라졸일수화물,단일,20210715,,,노인주의
20250212,분홍색의 원형 필름코팅정,01170,정신신경용제,위더스제약(주),전문의약품,필름코팅정,D000583,Quetiapine,Quetiapine(쿠에티아핀),쿠에티아핀,세로아핀정25mg(쿠에티아핀푸마르산염),20160115,201600274,[M228429]쿠에티아핀푸마르산염,[M228429]쿠에티아핀푸마르산염,단일,20210715,,,노인주의
20250212,노란색의 원형 필름코팅정,01170,정신신경용제,위더스제약(주),전문의약품,필름코팅정,D000583,Quetiapine,Quetiapine(쿠에티아핀),쿠에티아핀,세로아핀정100mg(쿠에티아핀푸마르산염),20160115,201600275,[M228429]쿠에티아핀푸마르산염,[M228429]쿠에티아핀푸마르산염,단일,20210715,,,노인주의
20191001,흰색의 원형 필름코팅정,01170,정신신경용제,제이더블유중외제약(주),전문의약품,필름코팅정,D000357,Olanzapine,Olanzapine(올란자핀),올란자핀,"제이더블유올란자핀정2.5mg(수출명:Olanzapine Tablet 2.5mg SANWA)(수출용)
",20160212,201600803,[M089222]올란자핀,[M089222]올란자핀,단일,20210715,,,노인주의
20191001,흰색의 원형 필름코팅정,01170,정신신경용제,제이더블유중외제약(주),전문의약품,필름코팅정,D000357,Olanzapine,Olanzapine(올란자핀),올란자핀,"제이더블유올란자핀정5mg(수출명:Olanzapine Tablet 5mg SANWA)(수출용)
",20160212,201600804,[M089222]올란자핀,[M089222]올란자핀,단일,20210715,,,노인주의
20191001,할선이 있는 흰색의 원형 필름코팅정,01170,정신신경용제,제이더블유중외제약(주),전문의약품,필름코팅정,D000357,Olanzapine,Olanzapine(올란자핀),올란자핀,"제이더블유올란자핀정10mg(수출명:Olanzapine Tablet 10mg SANWA)(수출용)
",20160212,201600805,[M089222]올란자핀,[M089222]올란자핀,단일,20210715,,,노인주의
20191001,할선이 있는 흰색의 타원형 필름코팅정,01170,정신신경용제,제이더블유중외제약(주),전문의약품,필름코팅정,D000357,Olanzapine,Olanzapine(올란자핀),올란자핀,"제이더블유올란자핀정20mg(수출명:Olanzapine Tablet 20mg SANWA)(수출용)
",20160212,201600806,[M089222]올란자핀,[M089222]올란자핀,단일,20210715,,,노인주의
20240913,연한 노란색 가루가 든 상·하 연한 녹색의 경질 캡슐제,01140,해열.진통.소염제,한국코러스(주),전문의약품,"경질캡슐제, 산제",D000427,Meloxicam,Meloxicam(멜록시캄),멜록시캄,멜록캄캡슐7.5밀리그램(멜록시캄),20160216,201600894,[M086439]멜록시캄,[M086439]멜록시캄,단일,20210715,,,노인주의
20240913,"연한 노란색 가루가 든 상부 연한 녹색, 하부 황색의 경질 캡슐제",01140,해열.진통.소염제,(주)셀트리온제약,전문의약품,"경질캡슐제, 산제",D000427,Meloxicam,Meloxicam(멜록시캄),멜록시캄,메로빅캡슐15밀리그램(멜록시캄),20160224,201601027,[M086439]멜록시캄,[M086439]멜록시캄,단일,20210715,,,노인주의
20250212,흰색의 원형 필름코팅정,01170,정신신경용제,(주)제뉴파마,전문의약품,필름코팅정,D000583,Quetiapine,Quetiapine(쿠에티아핀),쿠에티아핀,피엠에스쿠에티아핀정200mg(쿠에티아핀푸마르산염),20160225,201601046,[M228429]쿠에티아핀푸마르산염,[M228429]쿠에티아핀푸마르산염,단일,20210715,,,노인주의
20241212,무색 내지 연한 청록색의 투명한 내용물을 함유한 청록색의 투명한 타원형 연질캡슐,01140,해열.진통.소염제,(주)대웅제약,일반의약품,"연질캡슐제, 액상",D000982,Naproxen,Naproxen(나프록센),나프록센,이지엔6스트롱연질캡슐(나프록센),20160226,201601056,[M050116]나프록센,[M050116]나프록센,단일,20210715,,,노인주의
20240913,"노란색 가루가 든 상부 연록색, 하부 연황색의 캡슐제",01140,해열.진통.소염제,(주)화이트생명과학,전문의약품,"경질캡슐제, 산제",D000427,Meloxicam,Meloxicam(멜록시캄),멜록시캄,이콕스캡슐15밀리그램(멜록시캄),20160226,201601085,[M086439]멜록시캄,[M086439]멜록시캄,단일,20210715,,,노인주의
20250212,노란색의 원형필름코팅정,01170,정신신경용제,(주)제뉴파마,전문의약품,필름코팅정,D000583,Quetiapine,Quetiapine(쿠에티아핀),쿠에티아핀,피엠에스쿠에티아핀정100mg(쿠에티아핀푸마르산염),20160226,201601117,[M228429]쿠에티아핀푸마르산염,[M228429]쿠에티아핀푸마르산염,단일,20210715,,,노인주의
20240913,미황색 가루가 든 상·하부 담녹색의 캡슐제,01140,해열.진통.소염제,(주)비보존제약,전문의약품,"경질캡슐제, 산제",D000427,Meloxicam,Meloxicam(멜록시캄),멜록시캄,멜빅캄캡슐7.5밀리그램(멜록시캄),20160314,201601481,[M086439]멜록시캄,[M086439]멜록시캄,단일,20210715,,,노인주의
20240522,흰색의 원형 필름코팅정,01140,해열.진통.소염제,(주)셀트리온제약,전문의약품,필름코팅정,D000766,Zaltoprofen,Zaltoprofen(잘토프로펜),잘토프로펜,잘레톤정(잘토프로펜),20160422,201602274,[M086829]잘토프로펜,[M086829]잘토프로펜,단일,20210715,,,노인주의
20200626,분홍색의 장방형 정제,01170,정신신경용제,하나제약(주),전문의약품,나정,D000451,Aripiprazole,Aripiprazole(아리피프라졸),아리피프라졸,아리피원정10밀리그램(아리피프라졸),20160530,201603078,[M096829]아리피프라졸,[M096829]아리피프라졸,단일,20210715,,,노인주의
20200626,황색의 원형 정제,01170,정신신경용제,하나제약(주),전문의약품,나정,D000451,Aripiprazole,Aripiprazole(아리피프라졸),아리피프라졸,아리피원정15밀리그램(아리피프라졸),20160530,201603079,[M096829]아리피프라졸,[M096829]아리피프라졸,단일,20210715,,,노인주의
20250212,흰색의 원형 필름코팅정,01170,정신신경용제,명인제약(주),전문의약품,필름코팅정,D000583,Quetiapine,Quetiapine(쿠에티아핀),쿠에티아핀,큐로켈정50밀리그램(쿠에티아핀푸마르산염),20160531,201603147,[M228429]쿠에티아핀푸마르산염,[M228429]쿠에티아핀푸마르산염,단일,20210715,,,노인주의
20240913,"미황색의 내용물이 충진된 상,하부 녹색의 경질캡슐제",01140,해열.진통.소염제,아이큐어(주),전문의약품,"경질캡슐제, 산제",D000427,Meloxicam,Meloxicam(멜록시캄),멜록시캄,메로시캡슐7.5밀리그램(멜록시캄),20160615,201603488,[M086439]멜록시캄,[M086439]멜록시캄,단일,20210715,,,노인주의
20201029,흰색 내지 미백색의 현탁액이 투명한 플라스틱 프리필드시린지에 든 서방형 주사제,01170,정신신경용제,(주)한국얀센,전문의약품,서방성현탁액성주사제,D000491,Paliperidone,Paliperidone(팔리페리돈),팔리페리돈,인베가트린자주사(팔리페리돈팔미테이트),20160622,201603750,[M250479]팔리페리돈팔미테이트/[M250479]팔리페리돈팔미테이트/[M250479]팔리페리돈팔미테이트/[M250479]팔리페리돈팔미테이트,[M250479]팔리페리돈팔미테이트/[M250479]팔리페리돈팔미테이트/[M250479]팔리페리돈팔미테이트/[M250479]팔리페리돈팔미테이트,단일,20210715,,,노인주의
20250212,노란색의 원형 필름코팅정,01170,정신신경용제,현대약품(주),전문의약품,필름코팅정,D000583,Quetiapine,Quetiapine(쿠에티아핀),쿠에티아핀,쎄로티핀정100밀리그램(쿠에티아핀푸마르산염),20160623,201603841,[M228429]쿠에티아핀푸마르산염,[M228429]쿠에티아핀푸마르산염,단일,20210715,,,노인주의
20250212,흰색의 장방형 필름코팅정,01170,정신신경용제,현대약품(주),전문의약품,필름코팅정,D000583,Quetiapine,Quetiapine(쿠에티아핀),쿠에티아핀,쎄로티핀정300밀리그램(쿠에티아핀푸마르산염),20160623,201603842,[M228429]쿠에티아핀푸마르산염,[M228429]쿠에티아핀푸마르산염,단일,20210715,,,노인주의
20250212,분홍색의 원형 필름코팅정,01170,정신신경용제,현대약품(주),전문의약품,필름코팅정,D000583,Quetiapine,Quetiapine(쿠에티아핀),쿠에티아핀,쎄로티핀정25밀리그램(쿠에티아핀푸마르산염),20160623,201603843,[M228429]쿠에티아핀푸마르산염,[M228429]쿠에티아핀푸마르산염,단일,20210715,,,노인주의
20250212,흰색의 원형 필름코팅정,01170,정신신경용제,현대약품(주),전문의약품,필름코팅정,D000583,Quetiapine,Quetiapine(쿠에티아핀),쿠에티아핀,쎄로티핀정200밀리그램(쿠에티아핀푸마르산염),20160623,201603844,[M228429]쿠에티아핀푸마르산염,[M228429]쿠에티아핀푸마르산염,단일,20210715,,,노인주의
20200109,분홍색의 원형 정제,01170,정신신경용제,명인제약(주),전문의약품,나정,D000451,Aripiprazole,Aripiprazole(아리피프라졸),아리피프라졸,레피졸정30밀리그램(아리피프라졸),20160707,201604198,[M096829]아리피프라졸,[M096829]아리피프라졸,단일,20210715,,,노인주의
20240913,연한 노란색 가루가 든 상˙하 연한 녹색의 경질 캡슐제,01140,해열.진통.소염제,정우신약(주),전문의약품,"경질캡슐제, 산제",D000427,Meloxicam,Meloxicam(멜록시캄),멜록시캄,모아캄시캡슐7.5mg(멜록시캄),20160725,201604574,[M086439]멜록시캄,[M086439]멜록시캄,단일,20210715,,,노인주의
20241212,무색의 투명한 액이 든 청록색의 투명한 타원형 연질캡슐,01140,해열.진통.소염제,정우신약(주),일반의약품,"연질캡슐제, 액상",D000982,Naproxen,Naproxen(나프록센),나프록센,로젠연질캡슐(나프록센),20170123,201700401,[M050116]나프록센,[M050116]나프록센,단일,20210715,,,노인주의
20241212,흰색의 장방형 필름코팅정제,01140,해열.진통.소염제,오스템파마주식회사,일반의약품,필름코팅정,D000982,Naproxen,Naproxen(나프록센),나프록센,나프록소정(나프록센나트륨),20170313,201701248,[M070724]나프록센나트륨,[M070724]나프록센나트륨,단일,20210715,,,노인주의
20231129,흰색의 원형 구강붕해정,01170,정신신경용제,명인제약(주),전문의약품,구강붕해정,D000422,Risperidone,Risperidone(리스페리돈),리스페리돈,리스펜오디정1밀리그램(리스페리돈),20170328,201701456,[M086310]리스페리돈,[M086310]리스페리돈,단일,20210715,,,노인주의
20231129,청색의 원형 구강붕해정,01170,정신신경용제,명인제약(주),전문의약품,구강붕해정,D000422,Risperidone,Risperidone(리스페리돈),리스페리돈,리스펜오디정2밀리그램(리스페리돈),20170328,201701458,[M086310]리스페리돈,[M086310]리스페리돈,단일,20210715,,,노인주의
20240913,미황색의 분말이 든 상·하부 담녹색의 경질캡슐,01140,해열.진통.소염제,(주)한국피엠지제약,전문의약품,"경질캡슐제, 산제",D000427,Meloxicam,Meloxicam(멜록시캄),멜록시캄,모릭스캡슐7.5밀리그램(멜록시캄),20170329,201701501,[M086439]멜록시캄,[M086439]멜록시캄,단일,20210715,,,노인주의
20241212,무색의 투명한 액이 든 청록색의 투명한 타원형 연질캡슐,01140,해열.진통.소염제,지엘파마(주),일반의약품,"연질캡슐제, 액상",D000982,Naproxen,Naproxen(나프록센),나프록센,킥센연질캡슐(나프록센),20170529,201702682,[M050116]나프록센,[M050116]나프록센,단일,20210715,,,노인주의
20250212,흰색의 원형 필름코팅정제,01170,정신신경용제,환인제약(주),전문의약품,필름코팅정,D000583,Quetiapine,Quetiapine(쿠에티아핀),쿠에티아핀,쿠에타핀정12.5밀리그램(쿠에티아핀푸마르산염),20170531,201702795,[M243782]쿠에티아핀푸마르산염,[M243782]쿠에티아핀푸마르산염,단일,20210715,,,노인주의
20240913,노란색 가루가 든 상.하부 담녹색의 경질캡슐  ,01140,해열.진통.소염제,(주)중헌제약,전문의약품,"경질캡슐제, 산제",D000427,Meloxicam,Meloxicam(멜록시캄),멜록시캄,록캄캡슐(멜록시캄),20170829,201706872,[M086439]멜록시캄,[M086439]멜록시캄,단일,20210715,,,노인주의
20241212,무색 내지 미황색의 투명한 내용물을 함유하는 노란색 투명의 달걀형 연질캡슐제,01140,해열.진통.소염제,동국제약(주),일반의약품,"연질캡슐제, 액상",D000982,Naproxen,Naproxen(나프록센),나프록센,프리엔에프연질캡슐(나프록센),20170928,201707302,[M050116]나프록센,[M050116]나프록센,단일,20210715,,,노인주의
20240913,미황색분말이 충전된 상하부 담녹색의 경질캡슐제,01140,해열.진통.소염제,(주)인트로바이오파마,전문의약품,"경질캡슐제, 산제",D000427,Meloxicam,Meloxicam(멜록시캄),멜록시캄,아멜록스캡슐7.5밀리그램(멜록시캄),20170929,201707312,[M086439]멜록시캄,[M086439]멜록시캄,단일,20210715,,,노인주의
20231129,장방형의 노란색 필름코팅정제,01170,정신신경용제,한림제약(주),전문의약품,필름코팅정,D000422,Risperidone,Risperidone(리스페리돈),리스페리돈,리스달정3밀리그램(리스페리돈),20171027,201707616,[M086310]리스페리돈,[M086310]리스페리돈,단일,20210715,,,노인주의
20231129,장방형의 흰색 필름코팅정제,01170,정신신경용제,한림제약(주),전문의약품,필름코팅정,D000422,Risperidone,Risperidone(리스페리돈),리스페리돈,리스달정1밀리그램(리스페리돈),20171027,201707617,[M086310]리스페리돈,[M086310]리스페리돈,단일,20210715,,,노인주의
20231129,장방형의 연한 오렌지색 필름코팅정제,01170,정신신경용제,한림제약(주),전문의약품,필름코팅정,D000422,Risperidone,Risperidone(리스페리돈),리스페리돈,리스달정2밀리그램(리스페리돈),20171027,201707618,[M086310]리스페리돈,[M086310]리스페리돈,단일,20210715,,,노인주의
20200504,분홍색 원형의 서방성 필름코팅정제,01170,정신신경용제,명인제약(주),전문의약품,서방성필름코팅정,D000491,Paliperidone,Paliperidone(팔리페리돈),팔리페리돈,팔리스펜서방정9밀리그램(팔리페리돈),20171030,201707658,[M220478]팔리페리돈,[M220478]팔리페리돈,단일,20210715,,,노인주의
20200504,흰색 원형의 서방성 필름코팅정제,01170,정신신경용제,명인제약(주),전문의약품,서방성필름코팅정,D000491,Paliperidone,Paliperidone(팔리페리돈),팔리페리돈,팔리스펜서방정3밀리그램(팔리페리돈),20171030,201707659,[M220478]팔리페리돈,[M220478]팔리페리돈,단일,20210715,,,노인주의
20200504,밝은 노란색 원형의 서방성 필름코팅정제,01170,정신신경용제,명인제약(주),전문의약품,서방성필름코팅정,D000491,Paliperidone,Paliperidone(팔리페리돈),팔리페리돈,팔리스펜서방정6밀리그램(팔리페리돈),20171030,201707660,[M220478]팔리페리돈,[M220478]팔리페리돈,단일,20210715,,,노인주의
20241212,무색의 투명한 액이 든 무색의 투명한 타원형 연질캡슐,01140,해열.진통.소염제,제일헬스사이언스(주),일반의약품,"연질캡슐제, 액상",D000982,Naproxen,Naproxen(나프록센),나프록센,푸로싹연질캡슐(나프록센),20171229,201708634,[M050116]나프록센,[M050116]나프록센,단일,20210715,,,노인주의
20240522,흰색의 원형 필름코팅정제,01140,해열.진통.소염제,맥널티제약(주),전문의약품,필름코팅정,D000766,Zaltoprofen,Zaltoprofen(잘토프로펜),잘토프로펜,잘토맥정(잘토프로펜),20180111,201800173,[M086829]잘토프로펜,[M086829]잘토프로펜,단일,20210715,,,노인주의
20250212,흰색의 원형 필름코팅정,01170,정신신경용제,환인제약(주),전문의약품,필름코팅정,D000583,Quetiapine,Quetiapine(쿠에티아핀),쿠에티아핀,쿠에타핀정50밀리그램(쿠에티아핀푸마르산염),20180328,201801388,[M243782]쿠에티아핀푸마르산염,[M243782]쿠에티아핀푸마르산염,단일,20210715,,,노인주의
20231129,장방형의 적갈색 필름코팅 정제,01170,정신신경용제,(주)한국파마,전문의약품,필름코팅정,D000422,Risperidone,Risperidone(리스페리돈),리스페리돈,리스돈정0.5밀리그램(리스페리돈),20180417,201801664,[M086310]리스페리돈,[M086310]리스페리돈,단일,20210715,,,노인주의
20250212,흰색~회백색의 양면이 볼록한 장방형 서방성 필름코팅정,01170,정신신경용제,한림제약(주),전문의약품,서방성필름코팅정,D000583,Quetiapine,Quetiapine(쿠에티아핀),쿠에티아핀,카세핀서방정300밀리그램(쿠에티아핀푸마르산염),20180420,201801703,[M243782]쿠에티아핀푸마르산염,[M243782]쿠에티아핀푸마르산염,단일,20210715,,,노인주의
20250212,흰색~회백색의 양면이 볼록한 타원형 서방성 필름코팅정,01170,정신신경용제,한림제약(주),전문의약품,서방성필름코팅정,D000583,Quetiapine,Quetiapine(쿠에티아핀),쿠에티아핀,카세핀서방정400밀리그램(쿠에티아핀푸마르산염),20180420,201801704,[M243782]쿠에티아핀푸마르산염,[M243782]쿠에티아핀푸마르산염,단일,20210715,,,노인주의
20250212,흰색~회백색의 양면이 볼록한 원형 서방성 필름코팅정,01170,정신신경용제,한림제약(주),전문의약품,서방성필름코팅정,D000583,Quetiapine,Quetiapine(쿠에티아핀),쿠에티아핀,카세핀서방정50밀리그램(쿠에티아핀푸마르산염),20180420,201801705,[M243782]쿠에티아핀푸마르산염,[M243782]쿠에티아핀푸마르산염,단일,20210715,,,노인주의
20250212,흰색~회백색의 양면이 볼록한 장방형 서방성 필름코팅정,01170,정신신경용제,한림제약(주),전문의약품,서방성필름코팅정,D000583,Quetiapine,Quetiapine(쿠에티아핀),쿠에티아핀,카세핀서방정150밀리그램(쿠에티아핀푸마르산염),20180420,201801706,[M243782]쿠에티아핀푸마르산염,[M243782]쿠에티아핀푸마르산염,단일,20210715,,,노인주의
20250212,흰색~회백색의 양면이 볼록한 장방형 서방성 필름코팅정,01170,정신신경용제,한림제약(주),전문의약품,서방성필름코팅정,D000583,Quetiapine,Quetiapine(쿠에티아핀),쿠에티아핀,카세핀서방정200밀리그램(쿠에티아핀푸마르산염),20180420,201801707,[M243782]쿠에티아핀푸마르산염,[M243782]쿠에티아핀푸마르산염,단일,20210715,,,노인주의
20250212,분홍색의 원형 필름코팅정,01170,정신신경용제,삼성제약(주),전문의약품,필름코팅정,D000583,Quetiapine,Quetiapine(쿠에티아핀),쿠에티아핀,삼성쿠에티아핀정25밀리그램(쿠에티아핀푸마르산염),20180423,201801717,[M243782]쿠에티아핀푸마르산염,[M243782]쿠에티아핀푸마르산염,단일,20210715,,,노인주의
20250212,분홍색의 원형 필름코팅정 ,01170,정신신경용제,유니메드제약(주),전문의약품,필름코팅정,D000583,Quetiapine,Quetiapine(쿠에티아핀),쿠에티아핀,콰이치정25밀리그램(쿠에티아핀푸마르산염),20180427,201801806,[M243782]쿠에티아핀푸마르산염,[M243782]쿠에티아핀푸마르산염,단일,20210715,,,노인주의
20250212,노란색의 원형 필름코팅정,01170,정신신경용제,유니메드제약(주),전문의약품,필름코팅정,D000583,Quetiapine,Quetiapine(쿠에티아핀),쿠에티아핀,콰이치정100밀리그램(쿠에티아핀푸마르산염),20180427,201801807,[M243782]쿠에티아핀푸마르산염,[M243782]쿠에티아핀푸마르산염,단일,20210715,,,노인주의
20231129,장방형의 흰색 필름코팅정제,01170,정신신경용제,(주)다산제약,전문의약품,필름코팅정,D000422,Risperidone,Risperidone(리스페리돈),리스페리돈,리페딘정1밀리그램(리스페리돈),20180430,201801838,[M086310]리스페리돈,[M086310]리스페리돈,단일,20210715,,,노인주의
20250212,분홍색의 원형 필름코팅정,01170,정신신경용제,(주)다산제약,전문의약품,필름코팅정,D000583,Quetiapine,Quetiapine(쿠에티아핀),쿠에티아핀,쿠아핀정25밀리그램(쿠에티아핀푸마르산염),20180605,201802356,[M243782]쿠에티아핀푸마르산염,[M243782]쿠에티아핀푸마르산염,단일,20210715,,,노인주의
20250212,노란색의 원형필름코팅정,01170,정신신경용제,(주)다산제약,전문의약품,필름코팅정,D000583,Quetiapine,Quetiapine(쿠에티아핀),쿠에티아핀,쿠아핀정100밀리그램(쿠에티아핀푸마르산염),20180607,201802363,[M243782]쿠에티아핀푸마르산염,[M243782]쿠에티아핀푸마르산염,단일,20210715,,,노인주의
20240913,"황색 분말이 충전된 상,하부 담녹색의 경질 캡슐",01140,해열.진통.소염제,(주)이든파마,전문의약품,"경질캡슐제, 산제",D000427,Meloxicam,Meloxicam(멜록시캄),멜록시캄,모비든캡슐(멜록시캄),20180611,201802418,[M086439]멜록시캄,[M086439]멜록시캄,단일,20210715,,,노인주의
20250212,흰색의 원형 필름코팅정,01170,정신신경용제,(주)휴온스,전문의약품,필름코팅정,D000583,Quetiapine,Quetiapine(쿠에티아핀),쿠에티아핀,이지타핀정200밀리그램(쿠에티아핀푸마르산염),20180614,201802465,[M243782]쿠에티아핀푸마르산염,[M243782]쿠에티아핀푸마르산염,단일,20210715,,,노인주의
20250212,분홍색의 원형 필름코팅정,01170,정신신경용제,(주)휴온스,전문의약품,필름코팅정,D000583,Quetiapine,Quetiapine(쿠에티아핀),쿠에티아핀,이지타핀정25밀리그램(쿠에티아핀푸마르산염),20180619,201802537,[M243782]쿠에티아핀푸마르산염,[M243782]쿠에티아핀푸마르산염,단일,20210715,,,노인주의
20250212,흰색의 장방형 필름코팅정,01170,정신신경용제,(주)휴온스,전문의약품,필름코팅정,D000583,Quetiapine,Quetiapine(쿠에티아핀),쿠에티아핀,이지타핀정300밀리그램(쿠에티아핀푸마르산염),20180620,201802582,[M243782]쿠에티아핀푸마르산염,[M243782]쿠에티아핀푸마르산염,단일,20210715,,,노인주의
20250212,분홍색의 원형 필름코팅정,01170,정신신경용제,영풍제약(주),전문의약품,필름코팅정,D000583,Quetiapine,Quetiapine(쿠에티아핀),쿠에티아핀,쿠아틴정25밀리그램(쿠에티아핀푸마르산염),20180629,201802733,[M243782]쿠에티아핀푸마르산염,[M243782]쿠에티아핀푸마르산염,단일,20210715,,,노인주의
20250212,노란색의 원형필름코팅정,01170,정신신경용제,영풍제약(주),전문의약품,필름코팅정,D000583,Quetiapine,Quetiapine(쿠에티아핀),쿠에티아핀,쿠아틴정100밀리그램(쿠에티아핀푸마르산염),20180629,201802734,[M243782]쿠에티아핀푸마르산염,[M243782]쿠에티아핀푸마르산염,단일,20210715,,,노인주의
20250212,흰색의 원형 필름코팅정,01170,정신신경용제,영풍제약(주),전문의약품,필름코팅정,D000583,Quetiapine,Quetiapine(쿠에티아핀),쿠에티아핀,쿠아틴정200밀리그램(쿠에티아핀푸마르산염),20180629,201802736,[M243782]쿠에티아핀푸마르산염,[M243782]쿠에티아핀푸마르산염,단일,20210715,,,노인주의
20250212,분홍색의 원형 필름코팅정,01170,정신신경용제,한국휴텍스제약(주),전문의약품,필름코팅정,D000583,Quetiapine,Quetiapine(쿠에티아핀),쿠에티아핀,쿠에핀정25mg(쿠에티아핀푸마르산염),20180830,201803540,[M243782]쿠에티아핀푸마르산염,[M243782]쿠에티아핀푸마르산염,단일,20210715,,,노인주의
20240913,연한 노란색 가루가 든 상·하 연한 녹색의 경질캡슐제,01140,해열.진통.소염제,일양바이오팜(주),전문의약품,"경질캡슐제, 산제",D000427,Meloxicam,Meloxicam(멜록시캄),멜록시캄,멜로캅캡슐7.5밀리그램(멜록시캄),20180928,201803847,[M086439]멜록시캄,[M086439]멜록시캄,단일,20210715,,,노인주의
20241212,무색의 투명한 액이 든 청색의 투명한 타원형 연질캡슐,01140,해열.진통.소염제,이연제약(주),일반의약품,"연질캡슐제, 액상",D000982,Naproxen,Naproxen(나프록센),나프록센,팜페인파워연질캡슐(나프록센),20181010,201803970,[M050116]나프록센,[M050116]나프록센,단일,20210715,,,노인주의
20250917,황색의 원형 정제,01170,정신신경용제,동화약품(주),전문의약품,나정,D000180,Clozapine,Clozapine(클로자핀),클로자핀,클자핀정50밀리그램(클로자핀),20181024,201804185,[M081194]클로자핀,[M081194]클로자핀,단일,20210715,,,노인주의
20240522,흰색의 원형필름코팅정제,01140,해열.진통.소염제,삼성제약(주),전문의약품,필름코팅정,D000766,Zaltoprofen,Zaltoprofen(잘토프로펜),잘토프로펜,삼성잘토프로펜정,20181030,201804287,[M086829]잘토프로펜,[M086829]잘토프로펜,단일,20210715,,,노인주의
20240913,"미황색의 내용물이 충진 된 상,하부 담녹색의 경질캡슐제",01140,해열.진통.소염제,(주)오스코리아제약,전문의약품,"경질캡슐제, 산제",D000427,Meloxicam,Meloxicam(멜록시캄),멜록시캄,모스캄캡슐(멜록시캄),20181031,201804310,[M086439]멜록시캄,[M086439]멜록시캄,단일,20210715,,,노인주의
20250917,황색의 장방형 정제,01170,정신신경용제,동화약품(주),전문의약품,나정,D000180,Clozapine,Clozapine(클로자핀),클로자핀,클자핀정200밀리그램(클로자핀),20181112,201804474,[M081194]클로자핀,[M081194]클로자핀,단일,20210715,,,노인주의
20240913,황색 내지 미황색 가루가 들어있는 상.하부 담녹색의 경질캡슐,01140,해열.진통.소염제,코스맥스파마(주),전문의약품,"경질캡슐제, 산제",D000427,Meloxicam,Meloxicam(멜록시캄),멜록시캄,메로윈캡슐7.5밀리그램(멜록시캄),20181228,201805357,[M086439]멜록시캄,[M086439]멜록시캄,단일,20210715,,,노인주의
20250212,흰색의 원형 필름코팅정,01170,정신신경용제,명인제약(주),전문의약품,필름코팅정,D000583,Quetiapine,Quetiapine(쿠에티아핀),쿠에티아핀,큐로켈정12.5밀리그램(쿠에티아핀푸마르산염),20190117,201900219,[M243782]쿠에티아핀푸마르산염,[M243782]쿠에티아핀푸마르산염,단일,20210715,,,노인주의
20241212,무색의 투명한 액이 든 청록색의 투명한 타원형 연질캡슐,01140,해열.진통.소염제,삼성제약(주),일반의약품,"연질캡슐제, 액상",D000982,Naproxen,Naproxen(나프록센),나프록센,큐센연질캡슐(나프록센),20190125,201900682,[M050116]나프록센,[M050116]나프록센,단일,20210715,,,노인주의
20241212,무색의 투명한 액이 든 청록색의 투명한 타원형 연질캡슐,01140,해열.진통.소염제,현대약품(주),일반의약품,"연질캡슐제, 액상",D000982,Naproxen,Naproxen(나프록센),나프록센,솔루록센연질캡슐(나프록센),20190130,201900727,[M050116]나프록센,[M050116]나프록센,단일,20210715,,,노인주의
20191004,황색의 필름 코팅된 원형정제,01140,해열.진통.소염제,(주)보령바이오파마,전문의약품,필름코팅정,D000280,Talniflumate,Talniflumate(탈니플루메이트),탈니플루메이트,탈니메이트정(탈니플루메이트),20190201,201900806,[M081412]탈니플루메이트,[M081412]탈니플루메이트,단일,20210715,,,노인주의
20231129,장방형의 연한 오렌지색 필름코팅정제,01170,정신신경용제,에이치엘비제약(주),전문의약품,필름코팅정,D000422,Risperidone,Risperidone(리스페리돈),리스페리돈,엘페리돈정2밀리그램(리스페리돈),20190226,201901240,[M086310]리스페리돈,[M086310]리스페리돈,단일,20210715,,,노인주의
20231129,장방형의 흰색 필름코팅제,01170,정신신경용제,에이치엘비제약(주),전문의약품,필름코팅정,D000422,Risperidone,Risperidone(리스페리돈),리스페리돈,엘페리돈정1밀리그램(리스페리돈),20190226,201901241,[M086310]리스페리돈,[M086310]리스페리돈,단일,20210715,,,노인주의
20250212,분홍색의 원형 필름코팅정,01170,정신신경용제,(주)메디카코리아,전문의약품,필름코팅정,D000583,Quetiapine,Quetiapine(쿠에티아핀),쿠에티아핀,퀘티아핀정25밀리그램(쿠에티아핀푸마르산염),20190321,201901713,[M243782]쿠에티아핀푸마르산염,[M243782]쿠에티아핀푸마르산염,단일,20210715,,,노인주의
20250212,노란색의 원형 필름코팅정,01170,정신신경용제,(주)메디카코리아,전문의약품,필름코팅정,D000583,Quetiapine,Quetiapine(쿠에티아핀),쿠에티아핀,퀘티아핀정100밀리그램(쿠에티아핀푸마르산염),20190321,201901714,[M243782]쿠에티아핀푸마르산염,[M243782]쿠에티아핀푸마르산염,단일,20210715,,,노인주의
20240522,백색의 원형필름코팅정제,01140,해열.진통.소염제,코스맥스파마(주),전문의약품,필름코팅정,D000766,Zaltoprofen,Zaltoprofen(잘토프로펜),잘토프로펜,잘토맥스정(잘토프로펜),20190328,201901893,[M086829]잘토프로펜,[M086829]잘토프로펜,단일,20210715,,,노인주의
20240913,"미황색의 내용물이 충진된 상,하부 담녹색의 경질캡슐제",01140,해열.진통.소염제,하이플생명과학(주),전문의약품,"경질캡슐제, 산제",D000427,Meloxicam,Meloxicam(멜록시캄),멜록시캄,모록시캄캡슐(멜록시캄),20190416,201902343,[M086439]멜록시캄,[M086439]멜록시캄,단일,20210715,,,노인주의
20240913,"미황색의 내용물이 충진된 상,하부 녹색의 경질캡슐제",01140,해열.진통.소염제,(주)보령바이오파마,전문의약품,"경질캡슐제, 산제",D000427,Meloxicam,Meloxicam(멜록시캄),멜록시캄,멜록시카캡슐7.5밀리그램(멜록시캄),20190418,201902411,[M086439]멜록시캄,[M086439]멜록시캄,단일,20210715,,,노인주의
20250212,노란색의 원형필름코팅정,01170,정신신경용제,한화제약(주),전문의약품,필름코팅정,D000583,Quetiapine,Quetiapine(쿠에티아핀),쿠에티아핀,한화쿼테아핀정100밀리그램(쿠에티아핀푸마르산염),20190425,201902622,[M243782]쿠에티아핀푸마르산염,[M243782]쿠에티아핀푸마르산염,단일,20210715,,,노인주의
20250212,분홍색의 원형 필름코팅정,01170,정신신경용제,한화제약(주),전문의약품,필름코팅정,D000583,Quetiapine,Quetiapine(쿠에티아핀),쿠에티아핀,한화쿼테아핀정25밀리그램(쿠에티아핀푸마르산염),20190425,201902623,[M243782]쿠에티아핀푸마르산염,[M243782]쿠에티아핀푸마르산염,단일,20210715,,,노인주의
20240522,백색의 원형필름코팅정제,01140,해열.진통.소염제,(주)옵투스제약,전문의약품,필름코팅정,D000766,Zaltoprofen,Zaltoprofen(잘토프로펜),잘토프로펜,와이잘토프로펜정,20190430,201902799,[M086829]잘토프로펜,[M086829]잘토프로펜,단일,20210715,,,노인주의
20240913,"미황색의 분말이 충진된 상, 하부 담녹색의 경질캡슐제",01140,해열.진통.소염제,지엘파마(주),전문의약품,"경질캡슐제, 산제",D000427,Meloxicam,Meloxicam(멜록시캄),멜록시캄,멜로딘캡슐(멜록시캄),20190503,201902872,[M086439]멜록시캄,[M086439]멜록시캄,단일,20210715,,,노인주의
20241212,무색 내지 연한 주황색의 투명한 내용물을 함유한 주황색의 투명한 타원형 연질캡슐,01140,해열.진통.소염제,동아제약(주),일반의약품,"연질캡슐제, 액상",D000982,Naproxen,Naproxen(나프록센),나프록센,나프원큐연질캡슐(나프록센),20190503,201902876,[M050116]나프록센,[M050116]나프록센,단일,20210715,,,노인주의
20240913,"미황색의 분말이 충진된 상, 하부 담녹색의 경질캡슐제",01140,해열.진통.소염제,(주)시어스제약,전문의약품,"경질캡슐제, 산제",D000427,Meloxicam,Meloxicam(멜록시캄),멜록시캄,멜로그린캡슐7.5밀리그램(멜록시캄),20190520,201903234,[M086439]멜록시캄,[M086439]멜록시캄,단일,20210715,,,노인주의
20250212,분홍색의 원형 필름코팅정,01170,정신신경용제,신신제약(주),전문의약품,필름코팅정,D000583,Quetiapine,Quetiapine(쿠에티아핀),쿠에티아핀,신신쿠에티아핀정25밀리그램(쿠에티아핀푸마르산염),20190521,201903265,[M228429]쿠에티아핀푸마르산염,[M228429]쿠에티아핀푸마르산염,단일,20210715,,,노인주의
20250212,노란색의 원형 필름코팅정,01170,정신신경용제,신신제약(주),전문의약품,필름코팅정,D000583,Quetiapine,Quetiapine(쿠에티아핀),쿠에티아핀,신신쿠에티아핀정100밀리그램(쿠에티아핀푸마르산염),20190521,201903266,[M228429]쿠에티아핀푸마르산염,[M228429]쿠에티아핀푸마르산염,단일,20210715,,,노인주의
20250212,흰색의 원형 필름코팅정,01170,정신신경용제,신신제약(주),전문의약품,필름코팅정,D000583,Quetiapine,Quetiapine(쿠에티아핀),쿠에티아핀,신신쿠에티아핀정200밀리그램(쿠에티아핀푸마르산염),20190529,201903551,[M228429]쿠에티아핀푸마르산염,[M228429]쿠에티아핀푸마르산염,단일,20210715,,,노인주의
20240913,"미황색의 내용물이 충진된 상,하부 녹색의 경질캡슐제",01140,해열.진통.소염제,(주)다산제약,전문의약품,"경질캡슐제, 산제",D000427,Meloxicam,Meloxicam(멜록시캄),멜록시캄,뉴록시캄캡슐7.5밀리그램(멜록시캄),20190604,201903721,[M086439]멜록시캄,[M086439]멜록시캄,단일,20210715,,,노인주의
20250212,노란색의 원형 필름코팅정,01170,정신신경용제,(주)라이트팜텍,전문의약품,필름코팅정,D000583,Quetiapine,Quetiapine(쿠에티아핀),쿠에티아핀,비엘쿠에티정100밀리그램(쿠에티아핀푸마르산염),20190621,201904286,[M228429]쿠에티아핀푸마르산염,[M228429]쿠에티아핀푸마르산염,단일,20210715,,,노인주의
20250212,분홍색의 원형 필름코팅정,01170,정신신경용제,(주)라이트팜텍,전문의약품,필름코팅정,D000583,Quetiapine,Quetiapine(쿠에티아핀),쿠에티아핀,제이씨쿠에티아핀정25mg(쿠에티아핀푸마르산염),20190621,201904287,[M228429]쿠에티아핀푸마르산염,[M228429]쿠에티아핀푸마르산염,단일,20210715,,,노인주의
20250212,흰색의 원형 필름코팅정,01170,정신신경용제,건일바이오팜주식회사,전문의약품,필름코팅정,D000583,Quetiapine,Quetiapine(쿠에티아핀),쿠에티아핀,티아펜정200밀리그램(쿠에티아핀푸마르산염),20190621,201904288,[M228429]쿠에티아핀푸마르산염,[M228429]쿠에티아핀푸마르산염,단일,20210715,,,노인주의
20250212,흰색의 장방형 필름코팅정,01170,정신신경용제,건일바이오팜주식회사,전문의약품,필름코팅정,D000583,Quetiapine,Quetiapine(쿠에티아핀),쿠에티아핀,티아펜정300밀리그램(쿠에티아핀푸마르산염),20190621,201904289,[M228429]쿠에티아핀푸마르산염,[M228429]쿠에티아핀푸마르산염,단일,20210715,,,노인주의
20240522,백색의 원형필름코팅정제,01140,해열.진통.소염제,(주)새한제약,전문의약품,필름코팅정,D000766,Zaltoprofen,Zaltoprofen(잘토프로펜),잘토프로펜,잘토젠정(잘토프로펜),20190627,201904396,[M086829]잘토프로펜,[M086829]잘토프로펜,단일,20210715,,,노인주의
20240913,연한 노란색 가루가 든 상·하 연한 녹색의 경질 캡슐제,01140,해열.진통.소염제,(주)한풍제약,전문의약품,"경질캡슐제, 산제",D000427,Meloxicam,Meloxicam(멜록시캄),멜록시캄,멜록트캡슐7.5밀리그램(멜록시캄),20190708,201904589,[M086439]멜록시캄,[M086439]멜록시캄,단일,20210715,,,노인주의
20240522,흰색의 원형 필름코팅정제,01140,해열.진통.소염제,익수제약(주),전문의약품,필름코팅정,D000766,Zaltoprofen,Zaltoprofen(잘토프로펜),잘토프로펜,잘프로펜정(잘토프로펜),20190710,201904651,[M086829]잘토프로펜,[M086829]잘토프로펜,단일,20210715,,,노인주의
20240913,"연한 노란색 가루가 든 상,하 연한 녹색의 경질캡슐",01140,해열.진통.소염제,한국유니온제약(주),전문의약품,"경질캡슐제, 산제",D000427,Meloxicam,Meloxicam(멜록시캄),멜록시캄,유니캄캡슐7.5밀리그램(멜록시캄),20190716,201904762,[M086439]멜록시캄,[M086439]멜록시캄,단일,20210715,,,노인주의
20240913,"미황색의 내용물이 충진된 상,하부 녹색의 경질캡슐제",01140,해열.진통.소염제,(주)셀비온,전문의약품,"경질캡슐제, 산제",D000427,Meloxicam,Meloxicam(멜록시캄),멜록시캄,엔티시캄캡슐7.5밀리그램(멜록시캄),20190805,201905522,[M086439]멜록시캄,[M086439]멜록시캄,단일,20210715,,,노인주의
20231129,장방형의 흰색 필름코팅정,01170,정신신경용제,하나제약(주),전문의약품,필름코팅정,D000422,Risperidone,Risperidone(리스페리돈),리스페리돈,뉴리페돈정1밀리그램(리스페리돈),20190911,201906426,[M086310]리스페리돈,[M086310]리스페리돈,단일,20210715,,,노인주의
20231129,장방형의 오렌지색 필름코팅정,01170,정신신경용제,하나제약(주),전문의약품,필름코팅정,D000422,Risperidone,Risperidone(리스페리돈),리스페리돈,뉴리페돈정2밀리그램(리스페리돈),20190911,201906427,[M086310]리스페리돈,[M086310]리스페리돈,단일,20210715,,,노인주의
20250212,노란색의 장방형 서방성 필름코팅정,01170,정신신경용제,환인제약(주),전문의약품,서방성필름코팅정,D000583,Quetiapine,Quetiapine(쿠에티아핀),쿠에티아핀,환인쿠에타핀서방정200밀리그램(쿠에티아핀푸마르산염),20190926,201906877,[M228429]쿠에티아핀푸마르산염,[M228429]쿠에티아핀푸마르산염,단일,20210715,,,노인주의
20240913,"미황색가루가 든 상,하 담녹색의 캡슐제",01140,해열.진통.소염제,(주)아리제약,전문의약품,"경질캡슐제, 산제",D000427,Meloxicam,Meloxicam(멜록시캄),멜록시캄,아록시캄캡슐7.5밀리그램(멜록시캄),20191010,201907166,[M086439]멜록시캄,[M086439]멜록시캄,단일,20210715,,,노인주의
20200504,황색 투명한 겔제,02640,진통.진양.수렴.소염제,(주)시어스제약,일반의약품,피부용겔제,D000983,Piroxicam,Piroxicam(피록시캄),피록시캄,시어스피록시캄겔,20191010,201907167,[M071634]피록시캄,[M071634]피록시캄,단일,20210715,,,노인주의
20220826,파란색의 모서리가 둥근 삼각형 필름코팅정,01140,해열.진통.소염제,씨지인바이츠주식회사,전문의약품,필름코팅정,D001004,Polmacoxib,Polmacoxib(폴마콕시브),폴마콕시브,아셀렉스정2밀리그램(폴마콕시브),20191030,201907587,[M260872]폴마콕시브,[M260872]폴마콕시브,단일,20210715,,,노인주의
20241212,미황 내지 연한 적색의 투명한 내용물을 함유한 적색투명의 타원형 연질캡슐제,01140,해열.진통.소염제,(주)팜젠사이언스,일반의약품,"연질캡슐제, 액상",D000982,Naproxen,Naproxen(나프록센),나프록센,미가펜에스연질캡슐(나프록센),20191108,201907830,[M050116]나프록센,[M050116]나프록센,단일,20210715,,,노인주의
20240913,"미황색의 내용물이 충진된 상,하부 녹색의 경질캡슐제 ",01140,해열.진통.소염제,(주)라이트팜텍,전문의약품,"경질캡슐제, 산제",D000427,Meloxicam,Meloxicam(멜록시캄),멜록시캄,멜록시엠캡슐7.5밀리그램(멜록시캄),20191127,201908115,[M086439]멜록시캄,[M086439]멜록시캄,단일,20210715,,,노인주의
20231129,장방형의 흰색 필름코팅제,01170,정신신경용제,(주)제뉴파마,전문의약품,필름코팅정,D000422,Risperidone,Risperidone(리스페리돈),리스페리돈,리페넥스정1밀리그램(리스페리돈),20191212,201908361,[M086310]리스페리돈,[M086310]리스페리돈,단일,20210715,,,노인주의
20231129,장방형의 연한 오렌지색 필름코팅정제 ,01170,정신신경용제,(주)제뉴파마,전문의약품,필름코팅정,D000422,Risperidone,Risperidone(리스페리돈),리스페리돈,리페넥스정2밀리그램(리스페리돈),20191213,201908408,[M086310]리스페리돈,[M086310]리스페리돈,단일,20210715,,,노인주의
20210222,1. 주황색의 장방형 필름코팅정2. 흰색의 장방형 필름코팅정,,,(주)넥스팜코리아,전문의약품,필름코팅정,D000081,Nabumetone,Nabumetone(나부메톤),나부메톤,나부민정(나부메톤)(수출명: NABUMIN Tab.)(수출용),20191216,201908446,[M084590]나부메톤/[M084590]나부메톤,[M084590]나부메톤/[M084590]나부메톤,단일,20210715,,,노인주의
20201028,분홍색의 캡슐모양 서방성 필름코팅정제,01170,정신신경용제,(주)한국얀센,전문의약품,서방성필름코팅정,D000491,Paliperidone,Paliperidone(팔리페리돈),팔리페리돈,인베가서방정9밀리그램(팔리페리돈),20200128,202000409,[M220478]팔리페리돈/[M220478]팔리페리돈,[M220478]팔리페리돈/[M220478]팔리페리돈,단일,20210715,,,노인주의
20201028,흰색의 캡슐모양 서방성 필름코팅정제,01170,정신신경용제,(주)한국얀센,전문의약품,서방성필름코팅정,D000491,Paliperidone,Paliperidone(팔리페리돈),팔리페리돈,인베가서방정3밀리그램(팔리페리돈),20200128,202000410,[M220478]팔리페리돈/[M220478]팔리페리돈,[M220478]팔리페리돈/[M220478]팔리페리돈,단일,20210715,,,노인주의
20201028,흐린 노란색의 캡슐모양 서방성 필름코팅정제,01170,정신신경용제,(주)한국얀센,전문의약품,서방성필름코팅정,D000491,Paliperidone,Paliperidone(팔리페리돈),팔리페리돈,인베가서방정6밀리그램(팔리페리돈),20200128,202000411,[M220478]팔리페리돈/[M220478]팔리페리돈,[M220478]팔리페리돈/[M220478]팔리페리돈,단일,20210715,,,노인주의
20240522,백색의 원형 필름코팅정제,01140,해열.진통.소염제,건일바이오팜주식회사,전문의약품,필름코팅정,D000766,Zaltoprofen,Zaltoprofen(잘토프로펜),잘토프로펜,잘프펜정(잘토프로펜),20200204,202000620,[M086829]잘토프로펜,[M086829]잘토프로펜,단일,20210715,,,노인주의
20240913,"연한 노란색 가루가 든 상,하 연한 녹색의 경질 캡슐제",01140,해열.진통.소염제,(주)엘앤씨바이오 ,전문의약품,"경질캡슐제, 산제",D000427,Meloxicam,Meloxicam(멜록시캄),멜록시캄,메가록시캄캡슐7.5밀리그램(멜록시캄),20200213,202000927,[M086439]멜록시캄,[M086439]멜록시캄,단일,20210715,,,노인주의
20240522,백색의 원형필름코팅정제,01140,해열.진통.소염제,일성아이에스(주),전문의약품,필름코팅정,D000766,Zaltoprofen,Zaltoprofen(잘토프로펜),잘토프로펜,일성잘토프로펜정80밀리그램,20200316,202001798,[M086829]잘토프로펜,[M086829]잘토프로펜,단일,20210715,,,노인주의
20240913,"연한 노란색 가루가 든 상부 연한 녹색, 하부 황색의 경질캡슐",01140,해열.진통.소염제,(주)한국피엠지제약,전문의약품,"경질캡슐제, 산제",D000427,Meloxicam,Meloxicam(멜록시캄),멜록시캄,모릭스캡슐15밀리그램(멜록시캄),20200317,202001860,[M086439]멜록시캄,[M086439]멜록시캄,단일,20210715,,,노인주의
20231129,흰색의 장방형 필름코팅정제 ,01170,정신신경용제,풍림무약(주),전문의약품,필름코팅정,D000422,Risperidone,Risperidone(리스페리돈),리스페리돈,리페돈정1밀리그램(리스페리돈),20200403,202002352,[M086310]리스페리돈,[M086310]리스페리돈,단일,20210715,,,노인주의
20231129,연한 오렌지색의 장방형 필름코팅정제,01170,정신신경용제,풍림무약(주),전문의약품,필름코팅정,D000422,Risperidone,Risperidone(리스페리돈),리스페리돈,리페돈정2밀리그램(리스페리돈),20200403,202002353,[M086310]리스페리돈,[M086310]리스페리돈,단일,20210715,,,노인주의
20231129,장방형의 적갈색 필름코팅 정제,01170,정신신경용제,한림제약(주),전문의약품,필름코팅정,D000422,Risperidone,Risperidone(리스페리돈),리스페리돈,리스달정0.5밀리그램(리스페리돈),20200427,202003053,[M086310]리스페리돈,[M086310]리스페리돈,단일,20210715,,,노인주의
20241212,투명한 무색 내지 파란색 액이 든 진한 파란색의 장방형 연질캡슐,01140,해열.진통.소염제,동아제약(주),일반의약품,"연질캡슐제, 액상",D000982,Naproxen,Naproxen(나프록센),나프록센,나프원큐에스연질캡슐(나프록센),20200526,202003877,[M050116]나프록센,[M050116]나프록센,단일,20210715,,,노인주의
20240913,"미황색의 내용물이 충진된 상,하부 녹색의 경질캡슐제",01140,해열.진통.소염제,엔비케이제약(주),전문의약품,"경질캡슐제, 산제",D000427,Meloxicam,Meloxicam(멜록시캄),멜록시캄,멜로틴캡슐7.5mg(멜록시캄),20200528,202003989,[M086439]멜록시캄,[M086439]멜록시캄,단일,20210715,,,노인주의
20240913,"연한 노란색 가루가 든 상부 연한 녹색, 하부 황색의 경질 캡슐제",01140,해열.진통.소염제,엔비케이제약(주),전문의약품,"경질캡슐제, 산제",D000427,Meloxicam,Meloxicam(멜록시캄),멜록시캄,멜로틴캡슐15mg(멜록시캄),20200528,202004002,[M086439]멜록시캄,[M086439]멜록시캄,단일,20210715,,,노인주의
20231129,장방형의 적갈색 필름코팅 정제,01170,정신신경용제,(주)제뉴파마,전문의약품,필름코팅정,D000422,Risperidone,Risperidone(리스페리돈),리스페리돈,리페넥스정0.5밀리그램(리스페리돈),20200618,202004471,[M086310]리스페리돈,[M086310]리스페리돈,단일,20210715,,,노인주의
20231129,장방형의 노란색 필름코팅 정제,01170,정신신경용제,(주)제뉴파마,전문의약품,필름코팅정,D000422,Risperidone,Risperidone(리스페리돈),리스페리돈,리페넥스정3밀리그램(리스페리돈),20200618,202004474,[M086310]리스페리돈,[M086310]리스페리돈,단일,20210715,,,노인주의
20241212,무색의 투명한 액이 든 청록색의 투명한 타원형 연질캡슐,01140,해열.진통.소염제,(주)테라젠이텍스,일반의약품,"연질캡슐제, 액상",D000982,Naproxen,Naproxen(나프록센),나프록센,테라록센연질캡슐(나프록센),20200729,202005491,[M050116]나프록센,[M050116]나프록센,단일,20210715,,,노인주의
20210309,이 약은 특이한 향을 가진 엷은 노란색의 점착성물질을 지지체에 도포하고 고체면에 고체피복물을 덮은 첩부제이다.,02640,진통.진양.수렴.소염제,(주)티디에스팜,일반의약품,지지체가있는첩부제,D000983,Piroxicam,Piroxicam(피록시캄),피록시캄,피록센플라스타(피록시캄),20210210,202101271,[M071634]피록시캄,[M071634]피록시캄,단일,20210715,,,노인주의
20231129,노란색의 장방형 필름코팅정제,01170,정신신경용제,(주)한국얀센,전문의약품,필름코팅정,D000422,Risperidone,Risperidone(리스페리돈),리스페리돈,리스페달정3밀리그램(리스페리돈),20210326,202102655,[M086310]리스페리돈,[M086310]리스페리돈,단일,20210715,,,노인주의
20231129,연한 주황색의 장방형 필름코팅정제,01170,정신신경용제,(주)한국얀센,전문의약품,필름코팅정,D000422,Risperidone,Risperidone(리스페리돈),리스페리돈,리스페달정2밀리그램(리스페리돈),20210326,202102656,[M086310]리스페리돈,[M086310]리스페리돈,단일,20210715,,,노인주의
20231129,흰색의 장방형 필름코팅 정제,01170,정신신경용제,(주)한국얀센,전문의약품,필름코팅정,D000422,Risperidone,Risperidone(리스페리돈),리스페리돈,리스페달정1밀리그램(리스페리돈),20210326,202102657,[M086310]리스페리돈,[M086310]리스페리돈,단일,20210715,,,노인주의
20231129,갈적색의 장방형 필름코팅정제,01170,정신신경용제,(주)한국얀센,전문의약품,필름코팅정,D000422,Risperidone,Risperidone(리스페리돈),리스페리돈,리스페달정0.5밀리그램(리스페리돈),20210326,202102658,[M086310]리스페리돈,[M086310]리스페리돈,단일,20210715,,,노인주의
20240522,연한 노란색의 원형 정제,01140,해열.진통.소염제,영진약품(주),전문의약품,나정,D000206,Pelubiprofen,Pelubiprofen(펠루비프로펜),펠루비프로펜,펠프스정(펠루비프로펜),20210524,202104053,[M210533]펠루비프로펜,[M210533]펠루비프로펜,단일,20210715,,,노인주의
20240522,연한 노란색 원형정제,01140,해열.진통.소염제,(주)종근당,전문의약품,나정,D000206,Pelubiprofen,Pelubiprofen(펠루비프로펜),펠루비프로펜,벨루펜정(펠루비프로펜),20210610,202104498,[M210533]펠루비프로펜,[M210533]펠루비프로펜,단일,20210715,,,노인주의
20241212,청색의 타원형 필름코팅정,01140,해열.진통.소염제,(주)테라젠이텍스,일반의약품,필름코팅정,D000982,Naproxen,Naproxen(나프록센),나프록센,이텍스나프록센나트륨정,20210708,202105152,[M070724]나프록센나트륨,[M070724]나프록센나트륨,단일,20210715,,,노인주의
20241212,연한 파란색의 타원형 필름코팅정,01140,해열.진통.소염제,주식회사 노바엠헬스케어,일반의약품,필름코팅정,D000982,Naproxen,Naproxen(나프록센),나프록센,노바프록센정(나프록센나트륨),20210831,202106248,[M070724]나프록센나트륨,[M070724]나프록센나트륨,단일,20210715,,,노인주의
20241212,무색의 투명한 액이 든 청록색의 투명한 타원형 연질캡슐,01140,해열.진통.소염제,맥널티제약(주),일반의약품,"연질캡슐제, 액상",D000982,Naproxen,Naproxen(나프록센),나프록센,엠프록센연질캡슐(나프록센),20220524,202202195,[M050116]나프록센,[M050116]나프록센,단일,20210715,,,노인주의
20241212,무색 내지 연한 청록색의 투명한 내용물을 함유한 청록색의 투명한 타원형 연질캡슐,01140,해열.진통.소염제,경방신약(주),일반의약품,"연질캡슐제, 액상",D000982,Naproxen,Naproxen(나프록센),나프록센,이지페인록센연질캡슐(나프록센),20220831,202203437,[M050116]나프록센,[M050116]나프록센,단일,20210715,,,노인주의
20241212,하늘색의 장방형 필름코팅정,01140,해열.진통.소염제,(주)시어스제약,일반의약품,필름코팅정,D000982,Naproxen,Naproxen(나프록센),나프록센,시어스나프록센정(나프록센나트륨),20240717,202401759,[M070724]나프록센나트륨,[M070724]나프록센나트륨,단일,20210715,,,노인주의
,연한 파란색의 타원형 필름코팅정,01140,해열.진통.소염제,(주)한국피엠지제약,일반의약품,필름코팅정,D000982,Naproxen,Naproxen(나프록센),나프록센,플라낙스정(나프록센나트륨),20250422,202500965,[M070724]나프록센나트륨,[M070724]나프록센나트륨,단일,20210715,,,노인주의
,연한 파란색의 타원형 필름코팅정,01140,해열.진통.소염제,진양제약(주),일반의약품,필름코팅정,D000982,Naproxen,Naproxen(나프록센),나프록센,제이프록센정(나프록센나트륨),20250527,202501303,[M070724]나프록센나트륨,[M070724]나프록센나트륨,단일,20210715,,,노인주의
,무색의 투명한 액이 든 청록색의 투명한 타원형 연질캡슐,01140,해열.진통.소염제,주식회사 제이비케이랩,일반의약품,"연질캡슐제, 액상",D000982,Naproxen,Naproxen(나프록센),나프록센,나콕스펜연질캡슐(나프록센),20250813,202502112,[M050116]나프록센,[M050116]나프록센,단일,20210715,,,노인주의
,무색 내지 연한 주황색의 투명한 내용물을 함유한 주황색의 투명한 타원형 연질캡슐,01140,해열.진통.소염제,오스틴제약(주),일반의약품,"연질캡슐제, 액상",D000982,Naproxen,Naproxen(나프록센),나프록센,확센연질캡슐(나프록센),20251001,202502599,[M050116]나프록센,[M050116]나프록센,단일,20210715,,,노인주의
,무색 내지 연청록색의 투명한 내용물을 함유하는 연청록색 투명의 타원형 연질캡슐제,01140,해열.진통.소염제,씨에이치디제약주식회사,일반의약품,"연질캡슐제, 액상",D000982,Naproxen,Naproxen(나프록센),나프록센,뇌신롱연질캡슐(나프록센),20260401,202600925,[M050116]나프록센,[M050116]나프록센,단일,20210715,,,노인주의
,에탄올 냄새가 나는 황색투명한 겔제,02640,진통.진양.수렴.소염제,오스틴제약(주),일반의약품,피부용겔제,D000983,Piroxicam,Piroxicam(피록시캄),피록시캄,메가케토겔(피록시캄),20020307,200201705,[M071634]피록시캄,[M071634]피록시캄,단일,20210715,,,노인주의
,알콜냄새가 나는 황색투명한 겔제,02640,진통.진양.수렴.소염제,(주)퍼슨,일반의약품,피부용겔제,D000983,Piroxicam,Piroxicam(피록시캄),피록시캄,로시파인겔(피록시캄),20130524,201307464,[M071634]피록시캄,[M071634]피록시캄,단일,20210715,,,노인주의
,황색 투명한 겔제,02640,진통.진양.수렴.소염제,제이더블유중외제약(주),일반의약품,피부용겔제,D000983,Piroxicam,Piroxicam(피록시캄),피록시캄,노펜피록시캄겔(피록시캄),20151218,201508320,[M071634]피록시캄,[M071634]피록시캄,단일,20210715,,,노인주의
,알콜냄새가 나는 황색투명한 겔제,02640,진통.진양.수렴.소염제,한국코러스(주),일반의약품,피부용겔제,D000983,Piroxicam,Piroxicam(피록시캄),피록시캄,피록스겔(피록시캄),20181226,201805282,[M071634]피록시캄,[M071634]피록시캄,단일,20210715,,,노인주의
,연노랑색의 투명한 겔제,02640,진통.진양.수렴.소염제,시믹씨엠오코리아주식회사,일반의약품,피부용겔제,D000983,Piroxicam,Piroxicam(피록시캄),피록시캄,피캄스겔(피록시캄),20190104,201900026,[M071634]피록시캄,[M071634]피록시캄,단일,20210715,,,노인주의
,황색의 투명한 겔제,02640,진통.진양.수렴.소염제,일양바이오팜(주),일반의약품,피부용겔제,D000983,Piroxicam,Piroxicam(피록시캄),피록시캄,액티브피록시캄겔(피록시캄),20190226,201901187,[M071634]피록시캄,[M071634]피록시캄,단일,20210715,,,노인주의
,연노랑색의 투명한 겔제,02640,진통.진양.수렴.소염제,일양약품(주),일반의약품,피부용겔제,D000983,Piroxicam,Piroxicam(피록시캄),피록시캄,일양피록시겔(피록시캄),20190516,201903189,[M071634]피록시캄,[M071634]피록시캄,단일,20210715,,,노인주의
,이 약은 연노랑의 점착성물질을 연한 노랑 분홍의 린트포에 도포하여 점착제면에 박리지를 덮은 첩부제이다.,02640,진통.진양.수렴.소염제,신신제약(주),일반의약품,지지체가있는첩부제,D000983,Piroxicam,Piroxicam(피록시캄),피록시캄,피록스타플라스타(피록시캄),20190829,201906177,[M071634]피록시캄,[M071634]피록시캄,단일,20210715,,,노인주의
,무색 또는 엷은 노란색의 점착성 물질을 린트포에 도포하여 고체면에 피복체를 덮은첩부제,02640,진통.진양.수렴.소염제,대화제약(주),일반의약품,지지체가있는첩부제,D000983,Piroxicam,Piroxicam(피록시캄),피록시캄,피알탑플라스타(피록시캄),20201022,202007234,[M071634]피록시캄,[M071634]피록시캄,단일,20210715,,,노인주의
,이 약은 연노랑의 점착성물질을 연한 노랑 분홍의 린트포에 도포하여 점착제면에 박리지를 덮은 첩부제이다. ,02640,진통.진양.수렴.소염제,에스케이케미칼(주),일반의약품,지지체가있는첩부제,D000983,Piroxicam,Piroxicam(피록시캄),피록시캄,트라스트플라스타(피록시캄),20201201,202008405,[M071634]피록시캄/[M071634]피록시캄/[M071634]피록시캄,[M071634]피록시캄/[M071634]피록시캄/[M071634]피록시캄,단일,20210715,,,노인주의
,연노랑색의 투명한 겔제,02640,진통.진양.수렴.소염제,경동제약(주),일반의약품,피부용겔제,D000983,Piroxicam,Piroxicam(피록시캄),피록시캄,피록시카겔(피록시캄),20221102,202203980,[M071634]피록시캄,[M071634]피록시캄,단일,20210715,,,노인주의
,알콜냄새가 나는 황색 투명한 겔제,02640,진통.진양.수렴.소염제,진양제약(주),일반의약품,피부용겔제,D000983,Piroxicam,Piroxicam(피록시캄),피록시캄,피록하이겔(피록시캄),20230322,202300999,[M071634]피록시캄,[M071634]피록시캄,단일,20210715,,,노인주의
,연노랑색의 투명한 겔제,02640,진통.진양.수렴.소염제,(주)녹십자,일반의약품,피부용겔제,D000983,Piroxicam,Piroxicam(피록시캄),피록시캄,제놀파워겔(피록시캄),20230530,202301700,[M071634]피록시캄,[M071634]피록시캄,단일,20210715,,,노인주의
,알콜냄새가 나는 황색투명한 겔제,01140,해열.진통.소염제,대원제약(주),일반의약품,피부용겔제,D000983,Piroxicam,Piroxicam(피록시캄),피록시캄,삭시네쿨겔(피록시캄),20240813,202401954,[M071634]피록시캄,[M071634]피록시캄,단일,20210715,,,노인주의
,연노랑색의 투명한 겔제,02640,진통.진양.수렴.소염제,코오롱제약(주),일반의약품,피부용겔제,D000983,Piroxicam,Piroxicam(피록시캄),피록시캄,마이캄피록시겔(피록시캄),20250227,202500438,[M071634]피록시캄,[M071634]피록시캄,단일,20210715,,,노인주의
,흰색에서 연한 노란색 가루가 든 상하부 흰색의 경질캡슐제,01140,해열.진통.소염제,(주)휴온스생명과학,전문의약품,"경질캡슐제, 산제",D001004,Polmacoxib,Polmacoxib(폴마콕시브),폴마콕시브,폴마렉스캡슐2밀리그램(폴마콕시브),20220603,202202342,[M260872]폴마콕시브,[M260872]폴마콕시브,단일,20210715,,,노인주의
,흰색에서 연한 노란색 가루가 든 상하부 흰색의 경질캡슐제,01140,해열.진통.소염제,(주)넥스팜코리아,전문의약품,"경질캡슐제, 산제",D001004,Polmacoxib,Polmacoxib(폴마콕시브),폴마콕시브,폴콕스캡슐2밀리그램(폴마콕시브),20220603,202202344,[M260872]폴마콕시브,[M260872]폴마콕시브,단일,20210715,,,노인주의
,흰색에서 연한 노란색 가루가 든 상하부 흰색의 경질캡슐제,01140,해열.진통.소염제,하나제약(주),전문의약품,"경질캡슐제, 산제",D001004,Polmacoxib,Polmacoxib(폴마콕시브),폴마콕시브,폴비트캡슐2밀리그램(폴마콕시브),20220607,202202358,[M260872]폴마콕시브,[M260872]폴마콕시브,단일,20210715,,,노인주의
,흰색에서 연한 노란색 가루가 든 상하부 흰색의 경질캡슐제,01140,해열.진통.소염제,건일바이오팜주식회사,전문의약품,"경질캡슐제, 산제",D001004,Polmacoxib,Polmacoxib(폴마콕시브),폴마콕시브,건폴렉스캡슐2밀리그램(폴마콕시브),20220607,202202359,[M260872]폴마콕시브,[M260872]폴마콕시브,단일,20210715,,,노인주의
,흰색에서 연한 노란색 가루가 든 상하부 흰색의 경질캡슐제,01140,해열.진통.소염제,(주)일화,전문의약품,"경질캡슐제, 산제",D001004,Polmacoxib,Polmacoxib(폴마콕시브),폴마콕시브,페콕시브캡슐2밀리그램(폴마콕시브) ,20220607,202202360,[M260872]폴마콕시브,[M260872]폴마콕시브,단일,20210715,,,노인주의
,흰색에서 연한 노란색 가루가 든 상하부 흰색의 경질캡슐제,01140,해열.진통.소염제,(주)씨엠지제약,전문의약품,"경질캡슐제, 산제",D001004,Polmacoxib,Polmacoxib(폴마콕시브),폴마콕시브,폴마콕스캡슐2밀리그램(폴마콕시브),20220607,202202361,[M260872]폴마콕시브,[M260872]폴마콕시브,단일,20210715,,,노인주의
,흰색에서 연한 노란색 가루가 든 상하부 흰색의 경질캡슐제,01140,해열.진통.소염제,(주)대웅제약,전문의약품,"경질캡슐제, 산제",D001004,Polmacoxib,Polmacoxib(폴마콕시브),폴마콕시브,아셀콕스캡슐2밀리그램(폴마콕시브),20220608,202202394,[M260872]폴마콕시브,[M260872]폴마콕시브,단일,20210715,,,노인주의
,"흰색의 장방형 정제 (각인 A-005, 1)",01170,정신신경용제,한국오츠카제약(주),전문의약품,나정,D000451,Aripiprazole,Aripiprazole(아리피프라졸),아리피프라졸,아빌리파이정1밀리그램(아리피프라졸),20211203,202107807,[M096829]아리피프라졸,[M096829]아리피프라졸,단일,20210715,,,노인주의
,초록색의 장방형 정제,01170,정신신경용제,명인제약(주),전문의약품,나정,D000451,Aripiprazole,Aripiprazole(아리피프라졸),아리피프라졸,레피졸정2밀리그램(아리피프라졸),20220829,202203419,[M096829]아리피프라졸,[M096829]아리피프라졸,단일,20210715,,,노인주의
,흰색의 장방형 정제,01170,정신신경용제,명인제약(주),전문의약품,나정,D000451,Aripiprazole,Aripiprazole(아리피프라졸),아리피프라졸,레피졸정1밀리그램(아리피프라졸),20220829,202203420,[M096829]아리피프라졸,[M096829]아리피프라졸,단일,20210715,,,노인주의
,흰색의 장방형 정제,01170,정신신경용제,환인제약(주),전문의약품,나정,D000451,Aripiprazole,Aripiprazole(아리피프라졸),아리피프라졸,아리피졸정1밀리그램(아리피프라졸),20221109,202204039,[M096829]아리피프라졸,[M096829]아리피프라졸,단일,20210715,,,노인주의
,흰색의 타원형 정제,01170,정신신경용제,현대약품(주),전문의약품,나정,D000451,Aripiprazole,Aripiprazole(아리피프라졸),아리피프라졸,아빌라핀정1밀리그램(아리피프라졸),20240105,202400040,[M096829]아리피프라졸,[M096829]아리피프라졸,단일,20210715,,,노인주의
,녹색의 타원형 정제,01170,정신신경용제,현대약품(주),전문의약품,나정,D000451,Aripiprazole,Aripiprazole(아리피프라졸),아리피프라졸,아빌라핀정2밀리그램(아리피프라졸),20240105,202400041,[M096829]아리피프라졸,[M096829]아리피프라졸,단일,20210715,,,노인주의
,흰색의 현탁액이 무색 반투명한 플라스틱 프리필드시린지에 든 서방형 주사제이다.,01170,정신신경용제,한국오츠카제약(주),전문의약품,서방성현탁액성주사제,D000451,Aripiprazole,Aripiprazole(아리피프라졸),아리피프라졸,아빌리파이아심투파이주사960밀리그램(아리피프라졸일수화물),20250226,202500429,[M263313]아리피프라졸일수화물,[M263313]아리피프라졸일수화물,단일,20210715,,,노인주의
,흰색의 현탁액이 무색 반투명한 플라스틱 프리필드시린지에 든 서방형 주사제이다.,01170,정신신경용제,한국오츠카제약(주),전문의약품,서방성현탁액성주사제,D000451,Aripiprazole,Aripiprazole(아리피프라졸),아리피프라졸,아빌리파이아심투파이주사720밀리그램(아리피프라졸일수화물),20250226,202500430,[M263313]아리피프라졸일수화물,[M263313]아리피프라졸일수화물,단일,20210715,,,노인주의
,적갈색의 원형 정제,01170,정신신경용제,명인제약(주),전문의약품,나정,D000451,Aripiprazole,Aripiprazole(아리피프라졸),아리피프라졸,레피졸정20밀리그램(아리피프라졸),20260123,202600202,[M096829]아리피프라졸,[M096829]아리피프라졸,단일,20210715,,,노인주의
,필름코팅된 백색의 원형정제,01170,정신신경용제,(주)보령,전문의약품,필름코팅정,D000357,Olanzapine,Olanzapine(올란자핀),올란자핀,자이프렉사정2.5밀리그램(올란자핀),20240327,202400667,[M089222]올란자핀,[M089222]올란자핀,단일,20210715,,,노인주의
,필름코팅된 백색의 원형정제,01170,정신신경용제,(주)보령,전문의약품,필름코팅정,D000357,Olanzapine,Olanzapine(올란자핀),올란자핀,자이프렉사정5밀리그램(올란자핀),20240327,202400668,[M089222]올란자핀,[M089222]올란자핀,단일,20210715,,,노인주의
,필름코팅된 백색의 원형정제,01170,정신신경용제,(주)보령,전문의약품,필름코팅정,D000357,Olanzapine,Olanzapine(올란자핀),올란자핀,자이프렉사정10밀리그램(올란자핀),20240327,202400669,[M089222]올란자핀,[M089222]올란자핀,단일,20210715,,,노인주의
,황색의 둥근 동결건조된 정제,01170,정신신경용제,한국릴리(유),전문의약품,구강붕해정,D000357,Olanzapine,Olanzapine(올란자핀),올란자핀,자이프렉사자이디스확산정5밀리그램(미세올란자핀),20240401,202400728,[M233301]미세올란자핀,[M233301]미세올란자핀,단일,20210715,,,노인주의
,황색의 둥근 동결건조된 정제,01170,정신신경용제,한국릴리(유),전문의약품,구강붕해정,D000357,Olanzapine,Olanzapine(올란자핀),올란자핀,자이프렉사자이디스확산정10밀리그램(미세올란자핀),20240401,202400729,[M233301]미세올란자핀,[M233301]미세올란자핀,단일,20210715,,,노인주의
,흰색의 원형 필름코팅정,01170,정신신경용제,한림제약(주),전문의약품,필름코팅정,D000357,Olanzapine,Olanzapine(올란자핀),올란자핀,자이자핀정2.5밀리그램(올란자핀),20241104,202402585,[M089222]올란자핀,[M089222]올란자핀,단일,20210715,,,노인주의
,흰색의 원형 필름코팅정,01170,정신신경용제,(주)한국파마,전문의약품,필름코팅정,D000357,Olanzapine,Olanzapine(올란자핀),올란자핀,올자펙스정2.5밀리그램(올란자핀),20250730,202501982,[M089222]올란자핀,[M089222]올란자핀,단일,20210715,,,노인주의
,흰색 내지 미백색의 현탁액이 투명한 플라스틱 프리필드시린지에 든 서방형 주사제,01170,정신신경용제,(주)한국얀센,전문의약품,서방성현탁액성주사제,D000491,Paliperidone,Paliperidone(팔리페리돈),팔리페리돈,인베가하피에라주사(팔리페리돈팔미테이트),20220922,202203639,[M250479]팔리페리돈팔미테이트/[M250479]팔리페리돈팔미테이트,[M250479]팔리페리돈팔미테이트/[M250479]팔리페리돈팔미테이트,단일,20210715,,,노인주의
,"냉장 조건에서 흰색 내지 밝은 회색의 불투명한 고체이며, 실온에서 흰색 내지 밝은 회색의 불투명한 현탁액이 무색투명한 프리필드 시린지에 든 서방형 주사제",01170,정신신경용제,(주)한독테바,전문의약품,서방성현탁액성주사제,D000422,Risperidone,Risperidone(리스페리돈),리스페리돈,유제디원엠주50밀리그램(리스페리돈),20250905,202502344,[M086310]리스페리돈,[M086310]리스페리돈,단일,20210715,,,노인주의
,"냉장 조건에서 흰색 내지 밝은 회색의 불투명한 고체이며, 실온에서 흰색 내지 밝은 회색의 불투명한 현탁액이 무색투명한 프리필드 시린지에 든 서방형 주사제",01170,정신신경용제,(주)한독테바,전문의약품,서방성현탁액성주사제,D000422,Risperidone,Risperidone(리스페리돈),리스페리돈,유제디원엠주75밀리그램(리스페리돈),20250905,202502345,[M086310]리스페리돈,[M086310]리스페리돈,단일,20210715,,,노인주의
,"냉장 조건에서 흰색 내지 밝은 회색의 불투명한 고체이며, 실온에서 흰색 내지 밝은 회색의 불투명한 현탁액이 무색투명한 프리필드 시린지에 든 서방형 주사제",01170,정신신경용제,(주)한독테바,전문의약품,서방성현탁액성주사제,D000422,Risperidone,Risperidone(리스페리돈),리스페리돈,유제디원엠주100밀리그램(리스페리돈),20250905,202502346,[M086310]리스페리돈,[M086310]리스페리돈,단일,20210715,,,노인주의
,"냉장 조건에서 흰색 내지 밝은 회색의 불투명한 고체이며, 실온에서 흰색 내지 밝은 회색의 불투명한 현탁액이 무색투명한 프리필드 시린지에 든 서방형 주사제",01170,정신신경용제,(주)한독테바,전문의약품,서방성현탁액성주사제,D000422,Risperidone,Risperidone(리스페리돈),리스페리돈,유제디원엠주125밀리그램(리스페리돈),20250905,202502347,[M086310]리스페리돈,[M086310]리스페리돈,단일,20210715,,,노인주의
,"냉장 조건에서 흰색 내지 밝은 회색의 불투명한 고체이며, 실온에서 흰색 내지 밝은 회색의 불투명한 현탁액이 무색투명한 프리필드 시린지에 든 서방형 주사제",01170,정신신경용제,(주)한독테바,전문의약품,서방성현탁액성주사제,D000422,Risperidone,Risperidone(리스페리돈),리스페리돈,유제디투엠주150밀리그램(리스페리돈),20250905,202502348,[M086310]리스페리돈,[M086310]리스페리돈,단일,20210715,,,노인주의
,"냉장 조건에서 흰색 내지 밝은 회색의 불투명한 고체이며, 실온에서 흰색 내지 밝은 회색의 불투명한 현탁액이 무색투명한 프리필드 시린지에 든 서방형 주사제",01170,정신신경용제,(주)한독테바,전문의약품,서방성현탁액성주사제,D000422,Risperidone,Risperidone(리스페리돈),리스페리돈,유제디투엠주200밀리그램(리스페리돈),20250905,202502349,[M086310]리스페리돈,[M086310]리스페리돈,단일,20210715,,,노인주의
,"냉장 조건에서 흰색 내지 밝은 회색의 불투명한 고체이며, 실온에서 흰색 내지 밝은 회색의 불투명한 현탁액이 무색투명한 프리필드 시린지에 든 서방형 주사제",01170,정신신경용제,(주)한독테바,전문의약품,서방성현탁액성주사제,D000422,Risperidone,Risperidone(리스페리돈),리스페리돈,유제디투엠주250밀리그램(리스페리돈),20250905,202502350,[M086310]리스페리돈,[M086310]리스페리돈,단일,20210715,,,노인주의
20190703,이 약은 연보라색의 당의정이다.,01170,정신신경용제,영진약품(주),전문의약품,당의정,D000369,Zotepine,Zotepine(죠테핀),죠테핀,로도핀정25mg(죠테핀),19970926,199701063,[M086840]죠테핀,[M086840]죠테핀,단일,20220527,,,노인주의
20190703,이 약은 연보라색의 당의정이다.,01170,정신신경용제,영진약품(주),전문의약품,당의정,D000369,Zotepine,Zotepine(죠테핀),죠테핀,로도핀정50mg(죠테핀),19970926,199701064,[M086840]죠테핀,[M086840]죠테핀,단일,20220527,,,노인주의
20190703,이 약은 연보라색의 당의정이다.,01170,정신신경용제,영진약품(주),전문의약품,당의정,D000369,Zotepine,Zotepine(죠테핀),죠테핀,로도핀정100mg(죠테핀),19970926,199701065,[M086840]죠테핀,[M086840]죠테핀,단일,20220527,,,노인주의
20190703,연한 분홍색의 원형 정제,01170,정신신경용제,명인제약(주),전문의약품,나정,D000728,Sulpiride,Sulpiride(설피리드),설피리드,설피딘정200밀리그램(설피리드),19980922,199801193,[M050794]설피리드,[M050794]설피리드,단일,20220527,,,노인주의
20080906,백색의 결정성 분말이 충진된 상하부 백색의 경질캅셀제 ,02320,소화성궤양용제,(주)셀릭스,전문의약품,"경질캡슐제, 산제",D000728,Sulpiride,Sulpiride(설피리드),설피리드,스토가드캡슐(설피리드)(수출용),20000316,200001965,[M050794]설피리드,[M050794]설피리드,단일,20220527,,,노인주의
20200330,"상, 하 유백색 캡슐",02320,소화성궤양용제,알파제약(주),전문의약품,"경질캡슐제, 산제",D000728,Sulpiride,Sulpiride(설피리드),설피리드,알파설피리드캡슐50밀리그람[수출명:GAMOTIL CAP](수출용),20040203,200402886,[M050794]설피리드,[M050794]설피리드,단일,20220527,,,노인주의
20210104,흰색 또는 거의 흰색의 원형 정제,01170,정신신경용제,(주)한독,전문의약품,나정,D000030,Amisulpride,Amisulpride(아미설프리드),아미설프리드,솔리안정200밀리그램(아미설프리드),20070122,200700906,[M089148]아미설프리드,[M089148]아미설프리드,단일,20220527,,,노인주의
20201222,흰색의 장방형 필름코팅정,01170,정신신경용제,(주)한독,전문의약품,필름코팅정,D000030,Amisulpride,Amisulpride(아미설프리드),아미설프리드,솔리안정400밀리그램(아미설프리드),20070124,200701022,[M089148]아미설프리드,[M089148]아미설프리드,단일,20220527,,,노인주의
20201222,흰색 또는 거의 흰색의 원형정제,01170,정신신경용제,(주)한독,전문의약품,나정,D000030,Amisulpride,Amisulpride(아미설프리드),아미설프리드,솔리안정100밀리그램(아미설프리드),20070124,200701030,[M089148]아미설프리드,[M089148]아미설프리드,단일,20220527,,,노인주의
20190703,흰색의 장방형 필름코팅정제,01170,정신신경용제,유니메드제약(주),전문의약품,필름코팅정,D000030,Amisulpride,Amisulpride(아미설프리드),아미설프리드,폴라리스정400밀리그램(아미설프리드),20070209,200702164,[M089148]아미설프리드,[M089148]아미설프리드,단일,20220527,,,노인주의
20210325,"흰색 내지 연한 회색의 가루가 든 상부 청색, 하부 흰색의 캡슐",01170,정신신경용제,비아트리스코리아(주),전문의약품,"경질캡슐제, 산제",D000173,Ziprasidone,Ziprasidone(지프라시돈),지프라시돈,젤독스캡슐20밀리그램(지프라시돈염산염일수화물),20070724,200708534,[M251493]지프라시돈염산염 일수화물,[M251493]지프라시돈염산염 일수화물,단일,20210715,,,노인주의
20220323,흰색의 원형 정제,01170,정신신경용제,부광약품(주),전문의약품,나정,D000020,Blonanserin,Blonanserin(블로난세린),블로난세린,로나센정2밀리그램(블로난세린)/ 로나센정4밀리그램(블로난세린),20090826,200906540,[M247117]블로난세린/[M247117]블로난세린,[M247117]블로난세린/[M247117]블로난세린,단일,20220527,,,노인주의
20190703,흰색의 원형 정제,01170,정신신경용제,유니메드제약(주),전문의약품,나정,D000030,Amisulpride,Amisulpride(아미설프리드),아미설프리드,폴라리스정100mg(아미설프리드),20111031,201109313,[M089148]아미설프리드,[M089148]아미설프리드,단일,20220527,,,노인주의
20190703,흰색의 장방형 필름코팅정제,01170,정신신경용제,명인제약(주),전문의약품,필름코팅정,D000030,Amisulpride,Amisulpride(아미설프리드),아미설프리드,아미썰정400밀리그램(아미설프리드),20111129,201110472,[M089148]아미설프리드,[M089148]아미설프리드,단일,20220527,,,노인주의
20190703,흰색의 원형 필름코팅정,01170,정신신경용제,명인제약(주),전문의약품,필름코팅정,D000030,Amisulpride,Amisulpride(아미설프리드),아미설프리드,아미썰정100밀리그램(아미설프리드),20130118,201301615,[M089148]아미설프리드,[M089148]아미설프리드,단일,20220527,,,노인주의
20190703,흰색의 원형 필름코팅정,01170,정신신경용제,명인제약(주),전문의약품,필름코팅정,D000030,Amisulpride,Amisulpride(아미설프리드),아미설프리드,아미썰정200밀리그램(아미설프리드),20130118,201301616,[M089148]아미설프리드,[M089148]아미설프리드,단일,20220527,,,노인주의
20190703,흰색의 원형 정제,01170,정신신경용제,(주)한국파마,전문의약품,나정,D000030,Amisulpride,Amisulpride(아미설프리드),아미설프리드,아칸솔정100mg(아미설프리드),20150528,201503279,[M089148]아미설프리드,[M089148]아미설프리드,단일,20220527,,,노인주의
20190703,흰색의 장방형 필름코팅정제,01170,정신신경용제,(주)한국파마,전문의약품,필름코팅정,D000030,Amisulpride,Amisulpride(아미설프리드),아미설프리드,아칸솔정400mg(아미설프리드),20150528,201503280,[M089148]아미설프리드,[M089148]아미설프리드,단일,20220527,,,노인주의
20220323,흰색의 원형 정제,01170,정신신경용제,부광약품(주),전문의약품,나정,D000020,Blonanserin,Blonanserin(블로난세린),블로난세린,로나센정8밀리그램(블로난세린),20150629,201504175,[M247117]블로난세린,[M247117]블로난세린,단일,20220527,,,노인주의
20220323,흰색의 원형 정제,01170,정신신경용제,(주)한국파마,전문의약품,나정,D000020,Blonanserin,Blonanserin(블로난세린),블로난세린,파마블로난세린정8밀리그램,20170929,201707313,[M247117]블로난세린,[M247117]블로난세린,단일,20220527,,,노인주의
20220323,흰색의 원형 정제,01170,정신신경용제,(주)한국파마,전문의약품,나정,D000020,Blonanserin,Blonanserin(블로난세린),블로난세린,파마블로난세린정2밀리그램,20171227,201708581,[M247117]블로난세린,[M247117]블로난세린,단일,20220527,,,노인주의
20220323,흰색의 원형 정제,01170,정신신경용제,(주)한국파마,전문의약품,나정,D000020,Blonanserin,Blonanserin(블로난세린),블로난세린,파마블로난세린정4밀리그램,20171227,201708582,[M247117]블로난세린,[M247117]블로난세린,단일,20220527,,,노인주의
20220323,흰색의 원형 정제,01170,정신신경용제,환인제약(주),전문의약품,나정,D000020,Blonanserin,Blonanserin(블로난세린),블로난세린,로나큐정8밀리그램(블로난세린),20190131,201900776,[M247117]블로난세린,[M247117]블로난세린,단일,20220527,,,노인주의
20220323,흰색의 원형 정제,01170,정신신경용제,환인제약(주),전문의약품,나정,D000020,Blonanserin,Blonanserin(블로난세린),블로난세린,로나큐정4밀리그램(블로난세린),20190227,201901253,[M247117]블로난세린,[M247117]블로난세린,단일,20220527,,,노인주의
20220323,흰색의 원형 정제,01170,정신신경용제,환인제약(주),전문의약품,나정,D000020,Blonanserin,Blonanserin(블로난세린),블로난세린,로나큐정2밀리그램(블로난세린),20190227,201901254,[M247117]블로난세린,[M247117]블로난세린,단일,20220527,,,노인주의
,"백색-미백색의 분말이 충진된 상,하 유백색의 경질캡슐",02320,소화성궤양용제,(주)씨엠지제약,전문의약품,"경질캡슐제, 산제",D000728,Sulpiride,Sulpiride(설피리드),설피리드,쎌라트설피리드캡슐(설피리드)(수출용),20060927,200608201,[M050794]설피리드,[M050794]설피리드,단일,20220527,,,노인주의
,흰색 내지 회백색의 타원형 필름코팅정,01170,정신신경용제,부광약품(주),전문의약품,필름코팅정,D001763,Lurasidone,Lurasidone(루라시돈),루라시돈,라투다정120밀리그램(루라시돈염산염),20231123,202303204,[M266616]루라시돈염산염,[M266616]루라시돈염산염,단일,20250530,,,노인주의
,담녹색의 타원형 필름코팅정,01170,정신신경용제,부광약품(주),전문의약품,필름코팅정,D001763,Lurasidone,Lurasidone(루라시돈),루라시돈,라투다정80밀리그램(루라시돈염산염),20231123,202303205,[M266616]루라시돈염산염,[M266616]루라시돈염산염,단일,20250530,,,노인주의
,흰색 내지 회백색의 장방형 필름코팅정,01170,정신신경용제,부광약품(주),전문의약품,필름코팅정,D001763,Lurasidone,Lurasidone(루라시돈),루라시돈,라투다정60밀리그램(루라시돈염산염),20231123,202303206,[M266616]루라시돈염산염,[M266616]루라시돈염산염,단일,20250530,,,노인주의
,흰색 내지 회백색의 원형 필름코팅정,01170,정신신경용제,부광약품(주),전문의약품,필름코팅정,D001763,Lurasidone,Lurasidone(루라시돈),루라시돈,라투다정20밀리그램(루라시돈염산염),20231123,202303207,[M266616]루라시돈염산염,[M266616]루라시돈염산염,단일,20250530,,,노인주의
,흰색 내지 회백색의 원형 필름코팅정,01170,정신신경용제,부광약품(주),전문의약품,필름코팅정,D001763,Lurasidone,Lurasidone(루라시돈),루라시돈,라투다정40밀리그램(루라시돈염산염),20231123,202303208,[M266616]루라시돈염산염,[M266616]루라시돈염산염,단일,20250530,,,노인주의
